{"type": "block", "layer": 6, "block": 0, "features": [{"geom": {"lines": [[[-800.4815550682833, 1986.491073829151, 1175.3809814453125], [-770.5200123908144, 1991.1879613297351, 1173.6317138671875], [-760.2841308757197, 1997.130250208109, 1172.05029296875], [-754.5759513130179, 2005.3402939699881, 1170.5010986328125], [-751.7600334213203, 2014.0481817443215, 1168.9613037109375], [-751.2462859208317, 2022.7052712673612, 1167.69091796875], [-752.7857288626838, 2031.3924847422459, 1165.5980224609375], [-761.455613952523, 2043.9385508233972, 1161.5936279296875], [-763.6198715135542, 2048.6484719543078, 1159.702392578125], [-763.0994482144888, 2054.3257052377157, 1157.939208984375], [-755.7687460006855, 2062.4113270491653, 1155.2823486328125], [-747.3465284199774, 2066.1629041368433, 1153.7581787109375], [-734.6156066610856, 2078.5741999121674, 1151.4630126953125], [-726.5312225271773, 2082.6885480955534, 1150.087158203125], [-700.9774556909688, 2087.8870584946417, 1146.5758056640625], [-676.0712655607203, 2094.6009652149223, 1143.642822265625], [-620.5371916906734, 2101.706679268769, 1136.3958740234375], [-609.990275519318, 2103.9281777190336, 1135.114501953125], [-591.5972708277404, 2111.7512387223833, 1132.6934814453125], [-579.3105369535333, 2114.7727676099457, 1130.80517578125], [-570.5230423402099, 2115.938374255813, 1129.564208984375], [-544.086401896624, 2115.2998596225225, 1125.9412841796875], [-534.0054378967761, 2116.003488767921, 1124.6326904296875], [-523.0466973942675, 2120.4318665340834, 1123.139404296875], [-510.13393727023504, 2126.70813332501, 1121.31982421875], [-498.9340220307786, 2131.8400673838623, 1119.6387939453125], [-497.4563808984676, 2134.8384047560685, 1119.169921875], [-497.2167086818663, 2138.0993098542385, 1118.7166748046875], [-498.83175285083416, 2141.270409612014, 1118.2685546875], [-502.23265556478873, 2144.296966748341, 1117.6138916015625], [-524.9871090240631, 2149.139689694188, 1114.1636962890625], [-551.8879900123429, 2160.9248809814744, 1110.1981201171875], [-575.8538236265595, 2173.6473469389894, 1106.2923583984375], [-588.088906618068, 2178.6656185733445, 1104.5068359375], [-594.9772461257671, 2180.1144174812653, 1103.524658203125], [-678.8465204050735, 2232.0662533184804, 1089.4404296875], [-694.6608307473798, 2238.6414526123845, 1086.94775390625], [-710.3313462766382, 2245.229597697995, 1084.0340576171875], [-714.1432414132869, 2247.8175233835645, 1083.2371826171875], [-717.0397201593878, 2251.106203327916, 1082.47216796875], [-718.4938112873933, 2255.357918375201, 1081.61279296875], [-718.1650020110392, 2261.2106873458542, 1080.54541015625], [-715.7133902976202, 2266.3003449989774, 1079.644775390625], [-704.1313340440829, 2276.6404128177383, 1077.2406005859375], [-689.4216328562034, 2287.642015684425, 1074.4610595703125], [-680.8906583190546, 2293.585526135779, 1072.96337890625], [-675.9751172265533, 2299.1060924893536, 1071.986572265625], [-672.7279744543775, 2305.395402358874, 1070.9251708984375], [-671.4921546578698, 2310.1808806238987, 1070.26318359375], [-672.1113187202718, 2316.1219519321166, 1069.543212890625], [-673.8923493822949, 2321.081223600573, 1068.82568359375], [-677.649190566488, 2325.337686240702, 1067.980712890625], [-709.2893444054207, 2336.4086807705753, 1063.1124267578125], [-751.8734074412059, 2350.435178773507, 1056.0894775390625], [-763.5176381757192, 2354.271381906263, 1054.318359375], [-775.8442309217353, 2355.1080853930034, 1052.3172607421875], [-799.40169562964, 2353.3259723568626, 1048.8485107421875], [-813.7357469792478, 2351.1245674332895, 1046.6231689453125], [-823.2662186019734, 2349.427504169784, 1045.2393798828125], [-832.3034849447577, 2350.7165078232356, 1043.826416015625], [-842.268565206643, 2353.5284736538597, 1042.420654296875], [-856.4892100928264, 2362.347679214581, 1040.28955078125], [-867.4568338320241, 2364.7692138115235, 1038.7611083984375], [-885.343341397238, 2361.3453439176374, 1035.993896484375], [-898.4233998894051, 2355.134534897312, 1033.572265625], [-904.0661234174186, 2353.8860339932435, 1032.650390625], [-910.3257278983074, 2354.130989308498, 1031.68896484375], [-914.1571562283789, 2356.47417716778, 1031.020751953125], [-915.1528216360311, 2361.031830369524, 1030.112060546875], [-915.0139838718169, 2367.560502715438, 1028.7740478515625], [-913.6452317270887, 2374.4713340960734, 1027.3712158203125], [-901.2342233465461, 2394.9508431945287, 1023.0722045898438], [-887.8591590154974, 2409.137749059155, 1019.6190185546875], [-870.705224054298, 2423.3826157879375, 1016.013916015625], [-858.9645688435412, 2427.030605159729, 1013.9723510742188], [-853.7414943632757, 2430.353237181931, 1013.2958984375], [-851.0385599493602, 2437.780979895062, 1012.5430908203125], [-851.30463457726, 2446.417282337352, 1011.5818481445312], [-847.9588002900127, 2452.0850440943905, 1010.5714721679688], [-842.3462204942625, 2456.368762678496, 1009.3824462890625], [-826.0561997014156, 2460.8515414763533, 1006.4785766601562], [-816.0420754510415, 2465.067534529633, 1004.740966796875], [-801.5474866612349, 2478.1232490549155, 1001.7218017578125], [-786.4408603644843, 2488.2400088692375, 998.7072143554688], [-781.2838865625527, 2494.441755089938, 997.4970703125], [-773.1449471013184, 2504.494373369991, 995.6610107421875], [-768.1617590897513, 2510.049063690036, 994.7302856445312], [-763.0185530316521, 2514.304799539066, 993.9351806640625], [-756.0169902959315, 2516.5154292946972, 992.9786376953125], [-750.5802644648211, 2516.0380469449155, 992.12646484375], [-739.9581645693106, 2517.6375896726095, 990.68017578125], [-734.6959907563141, 2520.8496241215908, 989.802978515625], [-730.6562759429216, 2524.3022317802825, 989.072021484375], [-716.4693155754067, 2545.6381370257877, 985.6327514648438], [-685.9631846038683, 2561.7505679624446, 980.1024169921875], [-669.2499027879821, 2574.2003824999847, 976.9698486328125], [-664.0281457615638, 2577.000570230215, 976.1307983398438], [-637.3489484395541, 2587.150310789264, 972.154052734375], [-612.2504825879296, 2595.890623685933, 967.9639282226562], [-598.0174828871386, 2606.775363644614, 965.6427001953125], [-591.1513894703967, 2610.7302212147333, 964.579345703125], [-561.4365031957277, 2620.984777760721, 960.4778442382812], [-555.2268147122377, 2624.7313665785186, 959.4669189453125], [-550.4103658286185, 2629.661499281443, 958.5737915039062], [-546.4379258131812, 2638.5062087364786, 957.3452758789062], [-543.6169081716071, 2647.970387122623, 955.9929809570312], [-541.0665064390923, 2651.1822132962116, 955.3275756835938], [-537.3138642503473, 2653.341559683933, 954.5521850585938], [-527.5602381100034, 2657.7549585150846, 952.8989868164062], [-520.4732349387341, 2659.1663551330857, 951.8779296875], [-512.8454473477468, 2661.551862408436, 950.4808349609375], [-503.88590529412613, 2661.6078105252527, 949.0637817382812], [-498.1844516074343, 2662.368189359113, 948.2344970703125], [-492.91146065063367, 2664.6910448288836, 947.516845703125], [-489.3581229984411, 2669.4720705608197, 946.8110961914062], [-488.7958816097671, 2674.8051667362743, 946.07568359375], [-489.05424937464704, 2679.7388720121526, 945.42919921875], [-490.98135474573064, 2683.6510690758296, 944.8899536132812], [-491.47876117777196, 2684.6678409809538, 944.7819213867188], [-492.4768357840512, 2700.3445972223126, 943.9189453125], [-492.1821816265001, 2706.486062481097, 943.322265625], [-487.8530416821741, 2714.045430735714, 942.3327026367188], [-480.50100351883157, 2722.131517007976, 941.6187744140625], [-465.55507000478974, 2727.204160167894, 942.58544921875], [-458.34639447942027, 2732.4483017912426, 942.3784790039062], [-451.8997663047194, 2745.1266720528074, 943.045654296875], [-442.7635479185992, 2754.091395225405, 942.05517578125], [-431.52084931165155, 2761.1587647982233, 939.8042602539062], [-417.72799428646977, 2772.661148154206, 937.5046997070312], [-404.01887299501686, 2785.4078716747754, 935.1084594726562], [-393.1254964222171, 2791.3256839812093, 933.7092895507812], 