{"type": "block", "layer": 7, "block": 0, "features": [{"geom": {"lines": [[-1769.952858017903, -1209.0801470437727, 1900.1654052734375, -1795.1894281772547, -1235.8963799168996, 1903.526611328125, -1859.1368353089929, -1302.7467686431191, 1932.5997314453125, -1926.1708655607072, -1373.2922379038937, 1973.3209228515625, -1989.4014689680043, -1439.4986104722775, 2008.5941162109375, -2042.692123077446, -1496.7547378102026, 2039.7235107421875, -2081.6876787366928, -1537.9139588847465, 2054.5811767578125, -2134.359884706326, -1593.1936154905416, 2064.156005859375, -2189.233649669477, -1652.6358077590994, 2071.67041015625, -2271.1497095345985, -1737.9461094513244, 2098.369140625, -2331.1662819985795, -1802.3083327663771, 2117.565673828125, -2360.343439622782, -1833.3727862797386, 2128.3837890625]]}, "mtl": 0}, {"geom": {"lines": [[-782.7600613088143, -1233.05889236831, 1596.4205322265625, -705.9682067829417, -1223.8900601621426, 1610.1810302734375, -564.5302054045897, -1211.3821860030002, 1661.04296875, -545.9796956698556, -1209.9063234161295, 1668.78515625, -472.6810906676983, -1202.668114695669, 1713.7838134765625, -342.70447669460555, -1191.298215473973, 1795.750732421875, -199.3484795778786, -1176.5004909392155, 1860.612548828125, -97.97134632569214, -1168.5511278900958, 1918.878173828125, 61.8208135462919, -1152.9966695131443, 1992.408447265625, 176.25336944145965, -1143.6225134208507, 2054.8060302734375, 199.88071152733755, -1142.0805849982135, 2057.996337890625]]}, "mtl": 0}, {"geom": {"lines": [[3929.723399663635, 1981.323172705277, 974.9375, 3908.651941824064, 1970.7708078502037, 974.3223876953125, 3901.90910660848, 1967.390509591467, 975.347412109375, 3844.331223629939, 1938.5325024957128, 1001.6243896484375, 3665.7087495773303, 1849.0379212228872, 1053.44482421875, 3636.1848706837627, 1834.2501037745096, 1061.0689697265625, 3480.6551965816325, 1755.0612296508916, 1111.5517578125, 3364.7353649576107, 1696.0321206478693, 1147.0118408203125, 3342.241873553954, 1684.5847696503915, 1154.7056884765625, 3178.0470813719294, 1601.7991117062338, 1199.578369140625, 3056.890593212971, 1540.717401791393, 1225.126708984375, 2942.041669896309, 1485.5024653571018, 1256.5794677734375, 2916.1128999664215, 1473.03352148275, 1262.5191650390625, 2891.889847435523, 1459.886385133519, 1261.832763671875, 2884.3746575165715, 1455.8078238861926, 1261.8785400390625, 2813.4199221582385, 1417.301205078169, 1287.6634521484375, 2641.312597231459, 1330.1469990229525, 1335.6878662109375, 2442.3445813890576, 1229.4071262060024, 1385.5186767578125, 2431.694194592448, 1224.0098584704392, 1387.0462646484375, 2250.1744797395513, 1132.1087892921933, 1431.0950927734375, 2053.519300128115, 1032.557490611478, 1487.4962158203125, 1883.076046719143, 946.2813082170032, 1540.7099609375, 1541.3169265345787, 773.2881366061338, 1618.1392822265625, 1478.6237311336445, 741.5640647542023, 1627.2919921875]]}, "mtl": 0}, {"geom": {"lines": [[3.3871090217726305, 2979.984048722341, 912.5323486328125, 13.3063441823615, 2955.4126271531277, 912.9188842773438, 36.427653950449894, 2898.171735770098, 933.520751953125, 95.5386472926184, 2751.8061248744198, 984.5056762695312, 151.27558803431748, 2613.782582309126, 1039.7389526367188, 204.85703730666137, 2481.1252640430175, 1063.345703125, 288.8303070694965, 2273.206685799203, 1137.898193359375, 360.63547692258726, 2095.4247299917333, 1213.9327392578125, 437.9416763261979, 1904.0363020301156, 1285.5771484375, 448.02847853272397, 1879.0673891073384, 1295.260986328125, 461.4856232321472, 1845.745981020882, 1295.9993896484375, 497.55706003039086, 1756.435488981224, 1342.853515625, 586.1954770692828, 1537.004642955988, 1420.068115234375, 592.1543988711928, 1522.257987103454, 1427.43603515625, 648.7663513640146, 1382.1039109267585, 1488.5762939453125, 830.6316163844604, 931.9197930572846, 1608.517822265625, 933.1944677880674, 678.0561424643092, 1673.490234375, 1078.277053081838, 318.9683644986071, 1804.4171142578125, 1083.2436625613627, 303.7870335486077, 1814.572509765625]]}, "mtl": 0}, {"geom": {"lines": [[1623.3846911419387, 780.0202026013576, 1604.125732421875, 1615.119328582965, 772.2643419960805, 1603.482666015625, 1575.559095637058, 735.1423535747745, 1612.4503173828125, 1487.8196460944455, 652.8054420473345, 1627.1751708984375, 1412.7012024768337, 582.3173335381143, 1661.03125, 1327.7030644045008, 502.71989496800234, 1690.427734375, 1243.5128948643396, 423.75670990909566, 1737.472900390625, 1186.7632735337247, 370.5402794247784, 1776.424072265625, 1121.2375811086386, 309.0290700411715, 1817.9998779296875, 1106.1001339678041, 295.1710769068741, 1820.6480712890625]]}, "mtl": 0}, {"geom": {"lines": [[-940.3097884559393, 3054.5348175876134, 896.0736694335938, -891.890565428941, 3016.550789146713, 900.26708984375, -795.1575092148996, 2940.6826517712616, 912.4654541015625, -638.0068277661776, 2817.4316664487415, 938.735107421875, -552.4114769556909, 2750.3132010661357, 953.1177978515625, -496.2390598772763, 2706.2576377913647, 963.1106567382812]]}, "mtl": 0}, {"geom": {"lines": [[239.54599119008344, -818.4151763394184, 1959.15673828125, 239.009030632762, -824.5374620305083, 1959.113037109375, 210.5148038680927, -1151.1870886683173, 2061.027099609375, 203.66785142310255, -1234.8557498948358, 2056.424072265625]]}, "mtl": 0}, {"geom": {"lines": [[-796.9822020203428, -1295.1796277453832, 1602.5091552734375, -790.9914142364869, -1296.6621013786353, 1602.4361572265625, -558.4165696583223, -1347.7934295925952, 1659.4500732421875, -518.6530872776493, -1356.5280819460459, 1671.698974609375]]}, "mtl": 0}, {"geom": {"lines": [[-3114.924604365995, 2477.5557551672973, 936.3629760742188, -3144.396562584516, 2385.458415772795, 948.3709106445312, -3177.0817564532917, 2283.3155412972264, 965.7162475585938, -3215.543289867739, 2163.124092217564, 989.6403198242188, -3247.172178846129, 2064.274485969945, 1013.2802734375, -3265.1922730865917, 2007.973990744009, 1027.3790283203125]]}, "mtl": 0}, {"geom": {"lines": [[-1656.4506340650696, -997.7970854527957, 1826.770263671875, -1738.667743136859, -1030.4589737029455, 1855.2301025390625, -1875.4392816023028, -1084.789659098693, 1918.398681640625, -1981.2742048930377, -1126.8205757215328, 1962.4232177734375, -2099.812098540453, -1173.9076231233485, 2023.6768798828125, -2186.4238126979035, -1208.3067300496332, 2082.16455078125, -2258.1396564922325, -1236.7863167663745, 2121.82080078125, -2349.904958109735, -1273.2247322126932, 2169.634521484375, -2401.9203429352056, -1293.8804895775102, 2192.570556640625, -2458.635278722548, -1316.405072650843, 2209.002197265625, -2564.5536826567986, -1358.459726301924, 2225.274658203125]]}, "mtl": 0}, {"geom": {"lines": [[1583.037447359049, 925.7886810964264, 1588.4989013671875, 1550.388190540747, 899.8967633471184, 1593.1060791015625, 1448.4107751770061, 819.0350370975502, 1616.7061767578125, 1382.0970086283633, 766.4505174346559, 1629.3392333984375, 1330.5139114896883, 725.5407906314649, 1645.45654296875, 1235.9567007412552, 650.5595261333801, 1692.7554931640625, 1212.5527183908998, 632.0481767710589, 1702.3204345703125, 1175.6319802169746, 602.7793804165267, 1701.28271484375, 1169.6009980298259, 597.9991962584027, 1701.0030517578125]]}, "mtl": 0}, {"geom": {"lines": [[-4971.330730385031, 2549.81127249173, 959.8976440429688, -4970.7288784847915, 2511.9469821658276, 965.0144653320312, -4968.863618376665, 2393.8961029015773, 991.8582153320312, -4967.8870658184605, 2360.2614239836403, 995.5661010742188, -4967.5086646188865, 2347.334450655646, 998.3695678710938]]},