{"type": "block", "layer": 3, "block": 1, "features": [{"geom": {"lines": [[[-1.124715162673965, -95.7976089422882, 625.5686889648438], [-15.990743990943884, -93.59657069342211, 624.9877563476563], [-28.83614754160226, -94.39038776679081, 624.4876953125], [-43.86454804397363, -101.78731958661228, 623.268701171875], [-52.438595392595744, -108.98043380584568, 622.2130981445313]]], "w": 2, "h": 0.5}, "mtl": 0, "prop": ["166", "NULL", "Trail", "NULL", "NULL", "1", "0", "56", "625", "-6", "NULL", "622", "NULL", "2 070", "6,2", "11", "1"]}, {"geom": {"lines": [[[-4.59535738111299, -112.71134444730706, 615.9553466796875], [-7.258274664884084, -109.03613664460136, 617.011865234375], [-9.558655093584093, -106.62621429073624, 617.8479858398438], [-13.860985432271264, -104.83357664963114, 618.6062866210938], [-18.781657240149798, -103.60340869764332, 619.25625], [-23.259628966989112, -103.60340869764332, 619.5990844726563], [-27.335533183970256, -103.72328823345015, 619.9715209960938], [-33.412699055086705, -106.82388306566281, 619.8483520507813], [-33.42287529575697, -106.82902299900888, 619.8484130859375], [-40.345843550690915, -110.29050712648313, 619.8616577148438], [-43.509248628048226, -112.44162257906282, 619.78798828125], [-47.64015569903131, -115.28162119037006, 619.6751953125], [-51.85362865147181, -118.379763067147, 619.4621826171875], [-53.669887368465425, -120.92252527095843, 619.1676879882813], [-53.80338250452769, -121.08274019698729, 619.1518188476563], [-53.95916152828431, -121.22138603945496, 619.1463256835938], [-56.16501652696752, -122.9082163325802, 619.071923828125], [-56.4249391889025, -123.06554565930855, 619.0725952148438], [-56.71264790928399, -123.16319810139248, 619.0859619140625], [-60.52026940669748, -122.57281385321403, 619.6477294921875]]], "w": 2, "h": 0.5}, "mtl": 2, "prop": ["167", "NULL", "Verbindung", "NULL", "NULL", "1", "0", "66", "616", "5", "NULL", "620", "NULL", "217", "16,7", "30", "1"]}, {"geom": {"lines": [[[-60.52026940669748, -122.57281385321403, 619.6477294921875], [-60.77978175948374, -119.84793414894375, 620.0633178710938], [-57.6686357196013, -115.42231274527148, 620.8167358398438], [-53.84177694373648, -111.65923494895105, 621.538720703125], [-52.438595392595744, -108.98043380584568, 622.2130981445313], [-53.650434004943236, -105.21735600958345, 623.0203491210938]]], "w": 2, "h": 0.5}, "mtl": 2, "prop": ["168", "NULL", "Verbindung", "NULL", "NULL", "1", "0", "20", "620", "16", "NULL", "623", "NULL", "217", "13,7", "24", "0"]}, {"geom": {"lines": [[[27.096286165775382, -110.9576441734389, 616.0097290039063], [14.722776123817312, -109.87336752025294, 616.8285766601563], [12.809346735884901, -107.95993813232053, 617.9389282226563]]], "w": 2, "h": 0.5}, "mtl": 1, "prop": ["169", "NULL", "UH", "NULL", "NULL", "1", "0", "15", "616", "12", "NULL", "618", "NULL", "1 290", "27", "51", "1"]}, {"geom": {"lines": [[[65.27834360675479, -109.7918304783525, 616.834130859375], [67.484198605438, -112.64646635903046, 615.5591064453125], [75.39932536544802, -112.25719782980741, 615.3557373046875], [83.83347683103057, -109.53231812556623, 615.4765869140625], [88.76421153398405, -109.01329341999372, 614.6654296875], [93.43543388415128, -109.01329341999372, 613.6435180664063], [100.57202358578797, -107.845487832441, 612.9934936523438], [105.89202681792085, -106.41816989210201, 612.915185546875], [110.30373681530182, -106.41816989210201, 612.3462158203125], [116.40227710579347, -106.41816989210201, 612.1944213867188], [121.85203651431948, -105.50987665736466, 612.2796264648438], [126.9125273936661, -104.73133959900588, 612.4170166015625], [131.06472503824625, -104.34207106981194, 612.3893676757813], [134.30862944808905, -106.15865753931575, 611.1567016601563]]], "w": 2, "h": 0.5}, "mtl": 0, "prop": ["170", "NULL", "Trail", "NULL", "NULL", "1", "0", "72", "617", "-8", "NULL", "611", "NULL", "2 070", "23,3", "43", "1"]}, {"geom": {"lines": [[[134.30862944808905, -106.15865753931575, 611.1567016601563], [132.55692106678907, -109.66207430197392, 609.87099609375], [123.13238630381238, -113.39114658415201, 608.7891479492188], [114.43872248545813, -114.42919599529705, 608.99990234375], [106.47592961169721, -115.17671179867466, 609.6109252929688], [101.76555664911575, -119.0657608434849, 609.0169311523438], [96.22519167661085, -119.4586656196625, 609.8052001953125], [89.47787050410989, -123.3513509115146, 609.6900268554688], [88.89357946722885, -125.38031568744918, 609.1245361328125], [85.8172578765807, -127.24229980810196, 608.9757934570313], [79.34079136997752, -130.88531221807352, 608.0346313476563], [77.73493654053891, -133.6669669347757, 607.0041137695313]]], "w": 2, "h": 0.5}, "mtl": 0, "prop": ["171", "NULL", "Trail", "NULL", "NULL", "1", "0", "67", "611", "-6", "NULL", "607", "NULL", "2 070", "21,7", "40", "1"]}, {"geom": {"lines": [[[77.73493654053891, -133.6669669347757, 607.0041137695313], [80.97884095038171, -135.15916296327487, 606.3850952148438], [87.72616212283901, -134.18599164034822, 606.1530395507813], [94.92762991267955, -132.82355178819853, 605.4138427734375], [101.61007299693301, -130.16355017214664, 605.1145874023438], [106.73544196448347, -129.839159731142, 604.3877807617188], [114.9749591654545, -127.1791581150901, 604.3257080078125], [119.97057195661182, -125.9464744393772, 604.3192993164063], [124.05789151301724, -126.46549914494972, 603.6806884765625]]], "w": 2, "h": 0.5}, "mtl": 0, "prop": ["172", "NULL", "Trail", "NULL", "NULL", "1", "0", "48", "607", "-7", "NULL", "604", "NULL", "2 070", "22,4", "41", "1"]}, {"geom": {"lines": [[[65.84261387382867, -79.73077386594377, 629.956689453125], [74.56054436798149, -78.22400642148568, 629.7258544921875], [82.27640271424025, -75.93010258881259, 629.837060546875], [86.86421037957189, -75.72156587676727, 629.6752563476563], [92.91177502933715, -76.55571272500674, 629.44619140625], [98.33372954292281, -78.22400642148568, 628.874169921875], [101.67031693589524, -78.4325431335601, 628.381982421875], [108.42227225759416, -80.40205652525765, 627.0824829101563], [115.03983725365833, -80.14254417247139, 625.7994018554688], [118.41349783987971, -78.84498240854009, 625.6472412109375], [121.59252416146046, -78.68278718803776, 625.4170776367188], [124.57691621850245, -80.49937365754158, 624.1050659179688], [126.46869284320564, -83.17077859939309, 623.3822265625], [127.90368536543974, -83.74558875171351, 623.1184326171875], [132.57490771559242, -83.61583257533493, 622.650048828125], [134.80416715313913, -86.46764530407381, 621.9289184570313]]], "w": 2, "h": 0.5}, "mtl": 0, "prop": ["173", "NULL", "Trail", "NULL", "NULL", "1", "0", "74", "630", "-11", "NULL", "622", "NULL", "2 070", "27,5", "56", "1"]}, {"geom": {"lines": [[[134.80416715313913, -86.46764530407381, 621.9289184570313], [132.5025809630897, -89.57789691226208, 619.6051879882813], [122.63057357267826, -90.58791637211107, 619.3589721679688], [114.06666593070258, -92.79377137080883, 619.0334716796875], [103.03739093725744, -94.61035784031264, 618.91982421875], [94.99250800086884, -95.77816342783626, 619.1571899414063], [89.54274859234283, -98.1137746029126, 619.1962524414063], [86.42860035889316, -100.44938577801804, 618.8413940429688], [81.10859712676029, -102.78499695309438, 618.5689331054688], [76.95639948216558, -104.99085195179214, 618.0661865234375], [72.41493330840603, -106.5479260685097, 617.9358154296875], [67.87346713463194, -107.32646312686848, 617.8821655273438], [65.27834360675479, -109.7918304783525, 616.834130859375]]], "w": 2, "h": 0.5}, "mtl": 0, "prop": ["174", "NULL", "Trail", "NULL", "NULL", "1", "0", "75", "622", "-7", "NULL", "617", "NULL", "2 070", "24,7", "46", "1"]}, {"geom": {"lines": [[[-53.84177694373648, -92.26981715124566, 627.16005859375], [-51.099194821043056, -93.6729987023864, 626.3461547851563], [-46.82586918800371, -95.96911396790529, 625.7629638671875]]], "w": 2, "h": 0.5}, "mtl": 0,