<?xml version="1.0" encoding="UTF-8"?>
<gpx xmlns="http://www.topografix.com/GPX/1/1" xmlns:xsi="http://www.w3.org/2001/XMLSchema-instance" xsi:schemaLocation="http://www.topografix.com/GPX/1/1 http://www.topografix.com/GPX/1/1/gpx.xsd" version="1.1" creator="Trailforks.com">
  <metadata>
    <name>Midgard Trailforks Trail</name>
    <link href="https://www.trailforks.com/">
      <text>Trailforks</text>
    </link>
  </metadata>
  <trk>
    <name>
Midgard
</name>
    <trkseg>
      <trkpt lat="50.07678" lon="-122.96185">
        <ele>1443.0</ele>
      </trkpt>
      <trkpt lat="50.07676" lon="-122.96216">
        <ele>1440.9</ele>
      </trkpt>
      <trkpt lat="50.07676" lon="-122.96232">
        <ele>1441.0</ele>
      </trkpt>
      <trkpt lat="50.07674667520117" lon="-122.96272988008651">
        <ele>1438.2</ele>
      </trkpt>
      <trkpt lat="50.07674771496907" lon="-122.96272993070104">
        <ele>1438.2</ele>
      </trkpt>
      <trkpt lat="50.076748755043404" lon="-122.96272996255026">
        <ele>1438.2</ele>
      </trkpt>
      <trkpt lat="50.076749795284684" lon="-122.96272997562987">
        <ele>1438.2</ele>
      </trkpt>
      <trkpt lat="50.076750835553426" lon="-122.96272996993815">
        <ele>1438.2</ele>
      </trkpt>
      <trkpt lat="50.07675187571011" lon="-122.96272994547586">
        <ele>1438.2</ele>
      </trkpt>
      <trkpt lat="50.07675291561526" lon="-122.96272990224627">
        <ele>1438.2</ele>
      </trkpt>
      <trkpt lat="50.076753955129405" lon="-122.96272984025518">
        <ele>1438.2</ele>
      </trkpt>
      <trkpt lat="50.07675499411315" lon="-122.9627297595109">
        <ele>1438.2</ele>
      </trkpt>
      <trkpt lat="50.07675603242717" lon="-122.96272966002427">
        <ele>1438.2</ele>
      </trkpt>
      <trkpt lat="50.07675706993221" lon="-122.96272954180863">
        <ele>1438.2</ele>
      </trkpt>
      <trkpt lat="50.076787069932216" lon="-122.96310954189593">
        <ele>1433.3</ele>
      </trkpt>
      <trkpt lat="50.07678924345743" lon="-122.96310923307325">
        <ele>1433.3</ele>
      </trkpt>
      <trkpt lat="50.07679141152625" lon="-122.9631088420615">
        <ele>1433.3</ele>
      </trkpt>
      <trkpt lat="50.07679357285886" lon="-122.96310836909146">
        <ele>1433.3</ele>
      </trkpt>
      <trkpt lat="50.07679572617943" lon="-122.96310781444234">
        <ele>1433.3</ele>
      </trkpt>
      <trkpt lat="50.07679787021686" lon="-122.96310717844155">
        <ele>1433.3</ele>
      </trkpt>
      <trkpt lat="50.07680000370552" lon="-122.96310646146452">
        <ele>1433.3</ele>
      </trkpt>
      <trkpt lat="50.076802125386024" lon="-122.96310566393446">
        <ele>1433.3</ele>
      </trkpt>
      <trkpt lat="50.07680423400594" lon="-122.96310478632218">
        <ele>1433.3</ele>
      </trkpt>
      <trkpt lat="50.07680632832056" lon="-122.96310382914572">
        <ele>1433.3</ele>
      </trkpt>
      <trkpt lat="50.07680840709361" lon="-122.96310279297009">
        <ele>1433.3</ele>
      </trkpt>
      <trkpt lat="50.07683840709361" lon="-122.96319279305318">
        <ele>1429.9</ele>
      </trkpt>
      <trkpt lat="50.076847159526096" lon="-122.96318743871436">
        <ele>1429.9</ele>
      </trkpt>
      <trkpt lat="50.076855504831045" lon="-122.9631806881303">
        <ele>1429.9</ele>
      </trkpt>
      <trkpt lat="50.07686335157554" lon="-122.96317261526183">
        <ele>1429.9</ele>
      </trkpt>
      <trkpt lat="50.076870613789005" lon="-122.96316330855699">
        <ele>1429.9</ele>
      </trkpt>
      <trkpt lat="50.07687721190512" lon="-122.96315286998197">
        <ele>1429.9</ele>
      </trkpt>
      <trkpt lat="50.07688307363353" lon="-122.96314141390401">
        <ele>1429.9</ele>
      </trkpt>
      <trkpt lat="50.076888134751925" lon="-122.96312906583827">
        <ele>1429.9</ele>
      </trkpt>
      <trkpt lat="50.07689233980963" lon="-122.96311596107276">
        <ele>1429.9</ele>
      </trkpt>
      <trkpt lat="50.076895642735145" lon="-122.96310224318601">
        <ele>1429.9</ele>
      </trkpt>
      <trkpt lat="50.07689800734094" lon="-122.9630880624741">
        <ele>1429.9</ele>
      </trkpt>
      <trkpt lat="50.07689940771988" lon="-122.96307357430383">
        <ele>1429.9</ele>
      </trkpt>
      <trkpt lat="50.076899828529136" lon="-122.96305893741066">
        <ele>1429.9</ele>
      </trkpt>
      <trkpt lat="50.076899265158225" lon="-122.96304431215944">
        <ele>1429.9</ele>
      </trkpt>
      <trkpt lat="50.07689772377957" lon="-122.96302985878748">
        <ele>1429.9</ele>
      </trkpt>
      <trkpt lat="50.07689522128082" lon="-122.96301573564895">
        <ele>1429.9</ele>
      </trkpt>
      <trkpt lat="50.07695522128082" lon="-122.96299573559357">
        <ele>1433.3</ele>
      </trkpt>
      <trkpt lat="50.07695194844758" lon="-122.96298266098043">
        <ele>1433.3</ele>
      </trkpt>
      <trkpt lat="50.076947851865725" lon="-122.9629701627411">
        <ele>1433.3</ele>
      </trkpt>
      <trkpt lat="50.076942972714235" lon="-122.96295836650829">
        <ele>1433.3</ele>
      </trkpt>
      <trkpt lat="50.07693736003851" lon="-122.96294739085816">
        <ele>1433.3</ele>
      </trkpt>
      <trkpt lat="50.07693107025736" lon="-122.96293734611831">
        <ele>1433.3</ele>
      </trkpt>
      <trkpt lat="50.07692416659587" lon="-122.96292833325882">
        <ele>1433.3</ele>
      </trkpt>
      <trkpt lat="50.07691671844991" lon="-122.96292044287723">
        <ele>1433.3</ele>
      </trkpt>
      <trkpt lat="50.07690880068847" lon="-122.96291375428798">
        <ele>1433.3</ele>
      </trkpt>
      <trkpt lat="50.07690049290118" lon="-122.96290833472496">
        <ele>1433.3</ele>
      </trkpt>
      <trkpt lat="50.0768918785982" lon="-122.96290423866583">
        <ele>1433.3</ele>
      </trkpt>
      <trkpt lat="50.076883044370796" lon="-122.96290150728429">
        <ele>1433.3</ele>
      </trkpt>
      <trkpt lat="50.076874079020925" lon="-122.9629001680363">
        <ele>1433.3</ele>
      </trkpt>
      <trkpt lat="50.07688407902093" lon="-122.96268016800713">
        <ele>1433.3</ele>
      </trkpt>
      <trkpt lat="50.07688782744085" lon="-122.96268055602637">
        <ele>1433.3</ele>
      </trkpt>
      <trkpt lat="50.07689156217166" lon="-122.96268118791373">
        <ele>1433.3</ele>
      </trkpt>
      <trkpt lat="50.076895276681846" lon="-122.96268206256413">
        <ele>1433.3</ele>
      </trkpt>
      <trkpt lat="50.076898964475234" lon="-122.96268317844793">
        <ele>1433.3</ele>
      </trkpt>
      <trkpt lat="50.0769026191024" lon="-122.9626845336136">
        <ele>1433.3</ele>
      </trkpt>
      <trkpt lat="50.076906234171894" lon="-122.96268612569115">
        <ele>1433.3</ele>
      </trkpt>
      <trkpt lat="50.07690980336147" lon="-122.96268795189624">
        <ele>1433.3</ele>
      </trkpt>
      <trkpt lat="50.07691332042911" lon="-122.96269000903511">
        <ele>1433.3</ele>
      </trkpt>
      <trkpt lat="50.07691677922395" lon="-122.96269229351012">
        <ele>1433.3</ele>
      </trkpt>
      <trkpt lat="50.07692017369705" lon="-122.96269480132601">
        <ele>1433.3</ele>
      </trkpt>
      <trkpt lat="50.07693017369704" lon="-122.9626748012999">
        <ele>1433.3</ele>
      </trkpt>
      <trkpt lat="50.07693807671118" lon="-122.96268175748983">
        <ele>1433.3</ele>
      </trkpt>
      <trkpt lat="50.076945488887276" lon="-122.96268992087386">
        <ele>1433.3</ele>
      </trkpt>
      <trkpt lat="50.076952334550896" lon="-122.9626992081081">
        <ele>1433.3</ele>
      </trkpt>
      <trkpt lat="50.0769585438114" lon="-122.96270952437479">
        <ele>1433.3</ele>
      </trkpt>
      <trkpt lat="50.07696405327549" lon="-122.96272076435021">
        <ele>1433.3</ele>
      </trkpt>
      <trkpt lat="50.07696880669442" lon="-122.96273281328011">
        <ele>1433.3</ele>
      </trkpt>
      <trkpt lat="50.07697275553828" lon="-122.96274554815125">
        <ele>1433.3</ele>
      </trkpt>
      <trkpt lat="50.076975859491434" lon="-122.96275883894722">
        <ele>1433.3</ele>
      </trkpt>
      <trkpt lat="50.076978086864145" lon="-122.96277254997601">
        <ele>1433.3</ele>
      </trkpt>
      <trkpt lat="50.07697941491612" lon="-122.96278654125514">
        <ele>1433.3</ele>
      </trkpt>
      <trkpt lat="50.076979830088625" lon="-122.96280066994103">
        <ele>1433.3</ele>
      </trkpt>
      <trkpt lat="50.076979328142976" lon="-122.96281479178717">
        <ele>1433.3</ele>
      </trkpt>
      <trkpt lat="50.076977914203766" lon="-122.9628287626169">
        <ele>1433.3</ele>
      </trkpt>
      <trkpt lat="50.07697560270659" lon="-122.96284243979538">
        <ele>1433.3</ele>
      </trkpt>
      <trkpt lat="50.07697241725061" lon="-122.96285568368577">
        <ele>1433.3</ele>
      </trkpt>
      <trkpt lat="50.07696839035767" lon="-122.9628683590749">
        <ele>1433.3</ele>
      </trkpt>
      <trkpt lat="50.07696356314023" lon="-122.96288033655368">
        <ele>1433.3</ele>
      </trkpt>
      <trkpt lat="50.076957984881666" lon="-122.96289149383831">
        <ele>1433.3</ele>
      </trkpt>
      <trkpt lat="50.07695171253307" lon="-122.9629017170188">
        <ele>1433.3</ele>
      </trkpt>
      <trkpt lat="50.07694481013182" lon="-122.96291090172177">
        <ele>1433.3</ele>
      </trkpt>
      <trkpt lat="50.07693734814784" lon="-122.96291895417626">
        <ele>1433.3</ele>
      </trkpt>
      <trkpt lat="50.076929402764065" lon="-122.96292579217092">
        <ele>1433.3</ele>
      </trkpt>
      <trkpt lat="50.07692105509871" lon="-122.9629313458934">
        <ele>1433.3</ele>
      </trkpt>
      <trkpt lat="50.07699105509871" lon="-122.96312134608516">
        <ele>1427.0</ele>
      </trkpt>
      <trkpt lat="50.07698699759313" lon="-122.96312350550072">
        <ele>1427.0</ele>
      </trkpt>
      <trkpt lat="50.07698287858289" lon="-122.96312536077025">
        <ele>1427.0</ele>
      </trkpt>
      <trkpt lat="50.07697870745172" lon="-122.96312690766717">
        <ele>1427.0</ele>
      </trkpt>
      <trkpt lat="50.07697449370212" lon="-122.9631281426674">
        <ele>1427.0</ele>
      </trkpt>
      <trkpt lat="50.07697024693363" lon="-122.96312906295744">
        <ele>1427.0</ele>
      </trkpt>
      <trkpt lat="50.07696597682105" lon="-122.96312966644071">
        <ele>1427.0</ele>
      </trkpt>
      <trkpt lat="50.07696169309236" lon="-122.96312995174239">
        <ele>1427.0</ele>
      </trkpt>
      <trkpt lat="50.07695740550654" lon="-122.96312991821252">
        <ele>1427.0</ele>
      </trkpt>
      <trkpt lat="50.07695312383137" lon="-122.96312956592747">
        <ele>1427.0</ele>
      </trkpt>
      <trkpt lat="50.07694885782118" lon="-122.96312889568982">
        <ele>1427.0</ele>
      </trkpt>
      <trkpt lat="50.076938857821176" lon="-122.96320889566084">
        <ele>1425.3</ele>
      </trkpt>
      <trkpt lat="50.07693554162489" lon="-122.96320815162677">
        <ele>1425.3</ele>
      </trkpt>
      <trkpt lat="50.07693224554074" lon="-122.96320721541866">
        <ele>1425.3</ele>
      </trkpt>
      <trkpt lat="50.0769289741537" lon="-122.96320608833881">
        <ele>1425.3</ele>
      </trkpt>
      <trkpt lat="50.0769257320144" lon="-122.96320477195502">
        <ele>1425.3</ele>
      </trkpt>
      <trkpt lat="50.07692252363277" lon="-122.96320326809844">
        <ele>1425.3</ele>
      </trkpt>
      <trkpt lat="50.07691935347178" lon="-122.96320157886099">
        <ele>1425.3</ele>
      </trkpt>
      <trkpt lat="50.07691622594125" lon="-122.96319970659246">
        <ele>1425.3</ele>
      </trkpt>
      <trkpt lat="50.07691314539169" lon="-122.96319765389724">
        <ele>1425.3</ele>
      </trkpt>
      <trkpt lat="50.07691011610826" lon="-122.96319542363071">
        <ele>1425.3</ele>
      </trkpt>
      <trkpt lat="50.076907142304805" lon="-122.96319301889525">
        <ele>1425.3</ele>
      </trkpt>
      <trkpt lat="50.07671714230481" lon="-122.96354301840775">
        <ele>1428.3</ele>
      </trkpt>
      <trkpt lat="50.07671206504263" lon="-122.96353838184365">
        <ele>1428.3</ele>
      </trkpt>
      <trkpt lat="50.076707193503786" lon="-122.963533237218">
        <ele>1428.3</ele>
      </trkpt>
      <trkpt lat="50.07670254859555" lon="-122.96352760661013">
        <ele>1428.3</ele>
      </trkpt>
      <trkpt lat="50.07669815025256" lon="-122.96352151418499">
        <ele>1428.3</ele>
      </trkpt>
      <trkpt lat="50.076694017351265" lon="-122.96351498608956">
        <ele>1428.3</ele>
      </trkpt>
      <trkpt lat="50.07669016762891" lon="-122.9635080503406">
        <ele>1428.3</ele>
      </trkpt>
      <trkpt lat="50.07668661760742" lon="-122.96350073670436">
        <ele>1428.3</ele>
      </trkpt>
      <trkpt lat="50.076683382522496" lon="-122.96349307656894">
        <ele>1428.3</ele>
      </trkpt>
      <trkpt lat="50.0766804762582" lon="-122.96348510280947">
        <ele>1428.3</ele>
      </trkpt>
      <trkpt lat="50.076677911287405" lon="-122.96347684964708">
        <ele>1428.3</ele>
      </trkpt>
      <trkpt lat="50.076587911287405" lon="-122.96351684954035">
        <ele>1428.3</ele>
      </trkpt>
      <trkpt lat="50.076586457668746" lon="-122.96351145182005">
        <ele>1428.3</ele>
      </trkpt>
      <trkpt lat="50.07658515015402" lon="-122.96350596411766">
        <ele>1428.3</ele>
      </trkpt>
      <trkpt lat="50.076583991029864" lon="-122.96350039603043">
        <ele>1428.3</ele>
      </trkpt>
      <trkpt lat="50.076582982323444" lon="-122.96349475729615">
        <ele>1428.3</ele>
      </trkpt>
      <trkpt lat="50.07658212579884" lon="-122.96348905777619">
        <ele>1428.3</ele>
      </trkpt>
      <trkpt lat="50.076581422954" lon="-122.96348330743822">
        <ele>1428.3</ele>
      </trkpt>
      <trkpt lat="50.076580875018095" lon="-122.96347751633878">
        <ele>1428.3</ele>
      </trkpt>
      <trkpt lat="50.076580482949396" lon="-122.9634716946057">
        <ele>1428.3</ele>
      </trkpt>
      <trkpt lat="50.07658024743357" lon="-122.96346585242038">
        <ele>1428.3</ele>
      </trkpt>
      <trkpt lat="50.0765801688825" lon="-122.96346">
        <ele>1428.3</ele>
      </trkpt>
      <trkpt lat="50.0765401688825" lon="-122.96346">
        <ele>1434.4</ele>
      </trkpt>
      <trkpt lat="50.07654032413199" lon="-122.96346822586223">
        <ele>1434.4</ele>
      </trkpt>
      <trkpt lat="50.07654078934383" lon="-122.96347642329197">
        <ele>1434.4</ele>
      </trkpt>
      <trkpt lat="50.07654156291004" lon="-122.96348456395502">
        <ele>1434.4</ele>
      </trkpt>
      <trkpt lat="50.076542642156795" lon="-122.96349261971338">
        <ele>1434.4</ele>
      </trkpt>
      <trkpt lat="50.07654402335371" lon="-122.96350056272254">
        <ele>1434.4</ele>
      </trkpt>
      <trkpt lat="50.07654570172672" lon="-122.96350836552767">
        <ele>1434.4</ele>
      </trkpt>
      <trkpt lat="50.076547671474565" lon="-122.9635160011586">
        <ele>1434.4</ele>
      </trkpt>
      <trkpt lat="50.07654992578887" lon="-122.96352344322294">
        <ele>1434.4</ele>
      </trkpt>
      <trkpt lat="50.07655245687764" lon="-122.9635306659974">
        <ele>1434.4</ele>
      </trkpt>
      <trkpt lat="50.07655525599224" lon="-122.96353764451663">
        <ele>1434.4</ele>
      </trkpt>
      <trkpt lat="50.076495255992235" lon="-122.96357764441947">
        <ele>1434.4</ele>
      </trkpt>
      <trkpt lat="50.076496826218026" lon="-122.96358119480094">
        <ele>1434.4</ele>
      </trkpt>
      <trkpt lat="50.0764984658777" lon="-122.96358466813747">
        <ele>1434.4</ele>
      </trkpt>
      <trkpt lat="50.07650017341538" lon="-122.96358806113324">
        <ele>1434.4</ele>
      </trkpt>
      <trkpt lat="50.07650194721083" lon="-122.96359137056866">
        <ele>1434.4</ele>
      </trkpt>
      <trkpt lat="50.0765037855809" lon="-122.96359459330347">
        <ele>1434.4</ele>
      </trkpt>
      <trkpt lat="50.07650568678117" lon="-122.96359772627962">
        <ele>1434.4</ele>
      </trkpt>
      <trkpt lat="50.07650764900762" lon="-122.96360076652427">
        <ele>1434.4</ele>
      </trkpt>
      <trkpt lat="50.07650967039831" lon="-122.96360371115256">
        <ele>1434.4</ele>
      </trkpt>
      <trkpt lat="50.07651174903516" lon="-122.96360655737035">
        <ele>1434.4</ele>
      </trkpt>
      <trkpt lat="50.07651388294578" lon="-122.96360930247693">
        <ele>1434.4</ele>
      </trkpt>
      <trkpt lat="50.076473882945784" lon="-122.96365930238574">
        <ele>1434.4</ele>
      </trkpt>
      <trkpt lat="50.07647787972984" lon="-122.9636640060056">
        <ele>1434.4</ele>
      </trkpt>
      <trkpt lat="50.0764820385418" lon="-122.96366835521145">
        <ele>1434.4</ele>
      </trkpt>
      <trkpt lat="50.07648634645303" lon="-122.9636723364828">
        <ele>1434.4</ele>
      </trkpt>
      <trkpt lat="50.0764907900714" lon="-122.96367593744293">
        <ele>1434.4</ele>
      </trkpt>
      <trkpt lat="50.07649535558288" lon="-122.96367914689743">
        <ele>1434.4</ele>
      </trkpt>
      <trkpt lat="50.076500028794534" lon="-122.96368195486896">
        <ele>1434.4</ele>
      </trkpt>
      <trkpt lat="50.07650479517861" lon="-122.9636843526283">
        <ele>1434.4</ele>
      </trkpt>
      <trkpt lat="50.076509639917695" lon="-122.96368633272147">
        <ele>1434.4</ele>
      </trkpt>
      <trkpt lat="50.076514547950794" lon="-122.96368788899288">
        <ele>1434.4</ele>
      </trkpt>
      <trkpt lat="50.07651950402016" lon="-122.9636890166045">
        <ele>1434.4</ele>
      </trkpt>
      <trkpt lat="50.07649950402016" lon="-122.96385901654651">
        <ele>1430.2</ele>
      </trkpt>
      <trkpt lat="50.076501440332265" lon="-122.96385933839339">
        <ele>1430.2</ele>
      </trkpt>
      <trkpt lat="50.07650338066661" lon="-122.96385959476432">
        <ele>1430.2</ele>
      </trkpt>
      <trkpt lat="50.076505324111416" lon="-122.96385978553884">
        <ele>1430.2</ele>
      </trkpt>
      <trkpt lat="50.07650726975345" lon="-122.96385991062729">
        <ele>1430.2</ele>
      </trkpt>
      <trkpt lat="50.076509216678446" lon="-122.9638599699709">
        <ele>1430.2</ele>
      </trkpt>
      <trkpt lat="50.07651116397153" lon="-122.96385996354178">
        <ele>1430.2</ele>
      </trkpt>
      <trkpt lat="50.076513110717656" lon="-122.96385989134296">
        <ele>1430.2</ele>
      </trkpt>
      <trkpt lat="50.07651505600204" lon="-122.96385975340836">
        <ele>1430.2</ele>
      </trkpt>
      <trkpt lat="50.07651699891057" lon="-122.96385954980278">
        <ele>1430.2</ele>
      </trkpt>
      <trkpt lat="50.07651893853028" lon="-122.96385928062192">
        <ele>1430.2</ele>
      </trkpt>
      <trkpt lat="50.07652893853028" lon="-122.96395928065097">
        <ele>1430.2</ele>
      </trkpt>
      <trkpt lat="50.07652693401274" lon="-122.96395955769782">
        <ele>1430.2</ele>
      </trkpt>
      <trkpt lat="50.076524926015395" lon="-122.96395976470835">
        <ele>1430.2</ele>
      </trkpt>
      <trkpt lat="50.07652291554596" lon="-122.96395990157866">
        <ele>1430.2</ele>
      </trkpt>
      <trkpt lat="50.07652090361337" lon="-122.96395996824006">
        <ele>1430.2</ele>
      </trkpt>
      <trkpt lat="50.07651889122731" lon="-122.96395996465911">
        <ele>1430.2</ele>
      </trkpt>
      <trkpt lat="50.07651687939768" lon="-122.96395989083761">
        <ele>1430.2</ele>
      </trkpt>
      <trkpt lat="50.07651486913411" lon="-122.96395974681259">
        <ele>1430.2</ele>
      </trkpt>
      <trkpt lat="50.07651286144544" lon="-122.96395953265635">
        <ele>1430.2</ele>
      </trkpt>
      <trkpt lat="50.07651085733921" lon="-122.96395924847633">
        <ele>1430.2</ele>
      </trkpt>
      <trkpt lat="50.07650885782118" lon="-122.96395889441517">
        <ele>1430.2</ele>
      </trkpt>
      <trkpt lat="50.07649885782118" lon="-122.9640388943862">
        <ele>1425.2</ele>
      </trkpt>
      <trkpt lat="50.076497418019976" lon="-122.96403859550725">
        <ele>1425.2</ele>
      </trkpt>
      <trkpt lat="50.07649598150835" lon="-122.96403826039224">
        <ele>1425.2</ele>
      </trkpt>
      <trkpt lat="50.076494548661884" lon="-122.96403788912883">
        <ele>1425.2</ele>
      </trkpt>
      <trkpt lat="50.07649311985519" lon="-122.96403748181407">
        <ele>1425.2</ele>
      </trkpt>
      <trkpt lat="50.076491695461854" lon="-122.96403703855445">
        <ele>1425.2</ele>
      </trkpt>
      <trkpt lat="50.07649027585426" lon="-122.96403655946587">
        <ele>1425.2</ele>
      </trkpt>
      <trkpt lat="50.07648886140358" lon="-122.96403604467358">
        <ele>1425.2</ele>
      </trkpt>
      <trkpt lat="50.076487452479626" lon="-122.96403549431217">
        <ele>1425.2</ele>
      </trkpt>
      <trkpt lat="50.07648604945075" lon="-122.96403490852555">
        <ele>1425.2</ele>
      </trkpt>
      <trkpt lat="50.076484652683796" lon="-122.96403428746686">
        <ele>1425.2</ele>
      </trkpt>
      <trkpt lat="50.076434652683794" lon="-122.96420428732684">
        <ele>1425.2</ele>
      </trkpt>
      <trkpt lat="50.07644117880399" lon="-122.96420686838233">
        <ele>1425.2</ele>
      </trkpt>
      <trkpt lat="50.07644781065893" lon="-122.96420868053116">
        <ele>1425.2</ele>
      </trkpt>
      <trkpt lat="50.07645451099181" lon="-122.96420971359292">
        <ele>1425.2</ele>
      </trkpt>
      <trkpt lat="50.076461242161145" lon="-122.96420996176401">
        <ele>1425.2</ele>
      </trkpt>
      <trkpt lat="50.0764679663522" lon="-122.96420942365025">
        <ele>1425.2</ele>
      </trkpt>
      <trkpt lat="50.07647464578944" lon="-122.9642081022747">
        <ele>1425.2</ele>
      </trkpt>
      <trkpt lat="50.07648124294877" lon="-122.96420600506062">
        <ele>1425.2</ele>
      </trkpt>
      <trkpt lat="50.0764877207683" lon="-122.96420314378989">
        <ele>1425.2</ele>
      </trkpt>
      <trkpt lat="50.07649404285658" lon="-122.96419953453669">
        <ele>1425.2</ele>
      </trkpt>
      <trkpt lat="50.07650017369704" lon="-122.96419519757728">
        <ele>1425.2</ele>
      </trkpt>
      <trkpt lat="50.07652017369704" lon="-122.9642351976295">
        <ele>1425.2</ele>
      </trkpt>
      <trkpt lat="50.07652817454571" lon="-122.96422814477714">
        <ele>1425.2</ele>
      </trkpt>
      <trkpt lat="50.07653567093715" lon="-122.96421985477797">
        <ele>1425.2</ele>
      </trkpt>
      <trkpt lat="50.076542584373314" lon="-122.96421041444027">
        <ele>1425.2</ele>
      </trkpt>
      <trkpt lat="50.076548842460504" lon="-122.96419992261806">
        <ele>1425.2</ele>
      </trkpt>
      <trkpt lat="50.0765543796675" lon="-122.9641884891759">
        <ele>1425.2</ele>
      </trkpt>
      <trkpt lat="50.076559138011724" lon="-122.96417623383846">
        <ele>1425.2</ele>
      </trkpt>
      <trkpt lat="50.076563067666434" lon="-122.96416328493687">
        <ele>1425.2</ele>
      </trkpt>
      <trkpt lat="50.07656612748245" lon="-122.96414977806486">
        <ele>1425.2</ele>
      </trkpt>
      <trkpt lat="50.07656828541907" lon="-122.96413585465896">
        <ele>1425.2</ele>
      </trkpt>
      <trkpt lat="50.07656951887957" lon="-122.96412166051736">
        <ele>1425.2</ele>
      </trkpt>
      <trkpt lat="50.07656981494785" lon="-122.96410734427326">
        <ele>1425.2</ele>
      </trkpt>
      <trkpt lat="50.07656917052363" lon="-122.96409305583846">
        <ele>1425.2</ele>
      </trkpt>
      <trkpt lat="50.07656759235498" lon="-122.96407894483356">
        <ele>1425.2</ele>
      </trkpt>
      <trkpt lat="50.07656509696759" lon="-122.9640651590212">
        <ele>1425.2</ele>
      </trkpt>
      <trkpt lat="50.07656171049179" lon="-122.96405184275878">
        <ele>1425.2</ele>
      </trkpt>
      <trkpt lat="50.076557468388884" lon="-122.96403913548686">
        <ele>1425.2</ele>
      </trkpt>
      <trkpt lat="50.076552415079824" lon="-122.96402717026893">
        <ele>1425.2</ele>
      </trkpt>
      <trkpt lat="50.07654660348007" lon="-122.9640160723982">
        <ele>1425.2</ele>
      </trkpt>
      <trkpt lat="50.076540094445484" lon="-122.96400595808537">
        <ele>1425.2</ele>
      </trkpt>
      <trkpt lat="50.076532956135075" lon="-122.96399693324199">
        <ele>1425.2</ele>
      </trkpt>
      <trkpt lat="50.07652526329729" lon="-122.9639890923712">
        <ele>1425.2</ele>
      </trkpt>
      <trkpt lat="50.07666526329729" lon="-122.96374909201815">
        <ele>1430.2</ele>
      </trkpt>
      <trkpt lat="50.07666176721604" lon="-122.96374607461311">
        <ele>1430.2</ele>
      </trkpt>
      <trkpt lat="50.07665818846372" lon="-122.96374330249719">
        <ele>1430.2</ele>
      </trkpt>
      <trkpt lat="50.07665453412386" lon="-122.96374078115733">
        <ele>1430.2</ele>
      </trkpt>
      <trkpt lat="50.0766508114296" lon="-122.96373851558408">
        <ele>1430.2</ele>
      </trkpt>
      <trkpt lat="50.07664702774939" lon="-122.96373651026178">
        <ele>1430.2</ele>
      </trkpt>
      <trkpt lat="50.07664319057236" lon="-122.96373476915959">
        <ele>1430.2</ele>
      </trkpt>
      <trkpt lat="50.07663930749356" lon="-122.96373329572374">
        <ele>1430.2</ele>
      </trkpt>
      <trkpt lat="50.07663538619887" lon="-122.96373209287064">
        <ele>1430.2</ele>
      </trkpt>
      <trkpt lat="50.07663143444984" lon="-122.96373116298115">
        <ele>1430.2</ele>
      </trkpt>
      <trkpt lat="50.07662746006826" lon="-122.9637305078958">
        <ele>1430.2</ele>
      </trkpt>
      <trkpt lat="50.07663746006826" lon="-122.9636105078667">
        <ele>1430.2</ele>
      </trkpt>
      <trkpt lat="50.076646512864045" lon="-122.9636124095844">
        <ele>1430.2</ele>
      </trkpt>
      <trkpt lat="50.07665539491141" lon="-122.96361573403202">
        <ele>1430.2</ele>
      </trkpt>
      <trkpt lat="50.076664014367076" lon="-122.96362044683372">
        <ele>1430.2</ele>
      </trkpt>
      <trkpt lat="50.076672282103054" lon="-122.96362649925754">
        <ele>1430.2</ele>
      </trkpt>
      <trkpt lat="50.076680112628246" lon="-122.96363382871948">
        <ele>1430.2</ele>
      </trkpt>
      <trkpt lat="50.076687424972455" lon="-122.9636423594305">
        <ele>1430.2</ele>
      </trkpt>
      <trkpt lat="50.07669414352365" lon="-122.96365200318021">
        <ele>1430.2</ele>
      </trkpt>
      <trkpt lat="50.07670019880982" lon="-122.96366266024914">
        <ele>1430.2</ele>
      </trkpt>
      <trkpt lat="50.07670552821731" lon="-122.96367422043969">
        <ele>1430.2</ele>
      </trkpt>
      <trkpt lat="50.076710076638314" lon="-122.96368656421569">
        <ele>1430.2</ele>
      </trkpt>
      <trkpt lat="50.07671379704067" lon="-122.96369956393846">
        <ele>1430.2</ele>
      </trkpt>
      <trkpt lat="50.07671665095418" lon="-122.96371308518663">
        <ele>1430.2</ele>
      </trkpt>
      <trkpt lat="50.076718608868475" lon="-122.96372698814604">
        <ele>1430.2</ele>
      </trkpt>
      <trkpt lat="50.07677860886847" lon="-122.96371698811724">
        <ele>1421.2</ele>
      </trkpt>
      <trkpt lat="50.07677922263207" lon="-122.96372373541396">
        <ele>1421.2</ele>
      </trkpt>
      <trkpt lat="50.07677962491659" lon="-122.96373052126168">
        <ele>1421.2</ele>
      </trkpt>
      <trkpt lat="50.07677981476852" lon="-122.96373732957628">
        <ele>1421.2</ele>
      </trkpt>
      <trkpt lat="50.07677979173786" lon="-122.96374414422041">
        <ele>1421.2</ele>
      </trkpt>
      <trkpt lat="50.07677955587921" lon="-122.96375094904177">
        <ele>1421.2</ele>
      </trkpt>
      <trkpt lat="50.07677910775161" lon="-122.96375772791124">
        <ele>1421.2</ele>
      </trkpt>
      <trkpt lat="50.07677844841722" lon="-122.96376446476131">
        <ele>1421.2</ele>
      </trkpt>
      <trkpt lat="50.07677757943883" lon="-122.96377114362403">
        <ele>1421.2</ele>
      </trkpt>
      <trkpt lat="50.07677650287612" lon="-122.96377774866886">
        <ele>1421.2</ele>
      </trkpt>
      <trkpt lat="50.07677522128081" lon="-122.96378426424029">
        <ele>1421.2</ele>
      </trkpt>
      <trkpt lat="50.076805221280814" lon="-122.96379426426799">
        <ele>1421.2</ele>
      </trkpt>
      <trkpt lat="50.0768065805464" lon="-122.96378731384189">
        <ele>1421.2</ele>
      </trkpt>
      <trkpt lat="50.076807706518835" lon="-122.96378026287283">
        <ele>1421.2</ele>
      </trkpt>
      <trkpt lat="50.076808596164156" lon="-122.96377313035983">
        <ele>1421.2</ele>
      </trkpt>
      <trkpt lat="50.0768092470852" lon="-122.96376593552155">
        <ele>1421.2</ele>
      </trkpt>
      <trkpt lat="50.07680965752804" lon="-122.96375869774467">
        <ele>1421.2</ele>
      </trkpt>
      <trkpt lat="50.07680982638673" lon="-122.96375143653152">
        <ele>1421.2</ele>
      </trkpt>
      <trkpt lat="50.07680975320628" lon="-122.96374417144762">
        <ele>1421.2</ele>
      </trkpt>
      <trkpt lat="50.07680943818387" lon="-122.96373692206888">
        <ele>1421.2</ele>
      </trkpt>
      <trkpt lat="50.07680888216834" lon="-122.9637297079289">
        <ele>1421.2</ele>
      </trkpt>
      <trkpt lat="50.0768080866579" lon="-122.96372254846635">
        <ele>1421.2</ele>
      </trkpt>
      <trkpt lat="50.076958086657896" lon="-122.96369254838045">
        <ele>1421.2</ele>
      </trkpt>
      <trkpt lat="50.07695758642771" lon="-122.96368890401692">
        <ele>1421.2</ele>
      </trkpt>
      <trkpt lat="50.07695702411104" lon="-122.96368528169607">
        <ele>1421.2</ele>
      </trkpt>
      <trkpt lat="50.07695640010649" lon="-122.96368168398564">
        <ele>1421.2</ele>
      </trkpt>
      <trkpt lat="50.07695571485639" lon="-122.96367811343588">
        <ele>1421.2</ele>
      </trkpt>
      <trkpt lat="50.076954968846486" lon="-122.9636745725778">
        <ele>1421.2</ele>
      </trkpt>
      <trkpt lat="50.076954162605595" lon="-122.96367106392141">
        <ele>1421.2</ele>
      </trkpt>
      <trkpt lat="50.07695329670523" lon="-122.96366758995381">
        <ele>1421.2</ele>
      </trkpt>
      <trkpt lat="50.076952371759184" lon="-122.9636641531376">
        <ele>1421.2</ele>
      </trkpt>
      <trkpt lat="50.076951388423126" lon="-122.96366075590896">
        <ele>1421.2</ele>
      </trkpt>
      <trkpt lat="50.076950347394096" lon="-122.96365740067607">
        <ele>1421.2</ele>
      </trkpt>
      <trkpt lat="50.076990347394094" lon="-122.96363740062385">
        <ele>1421.2</ele>
      </trkpt>
      <trkpt lat="50.076988272277895" lon="-122.9636313131553">
        <ele>1421.2</ele>
      </trkpt>
      <trkpt lat="50.07698600735674" lon="-122.96362539224768">
        <ele>1421.2</ele>
      </trkpt>
      <trkpt lat="50.0769835581229" lon="-122.96361965225879">
        <ele>1421.2</ele>
      </trkpt>
      <trkpt lat="50.0769809305156" lon="-122.96361410710772">
        <ele>1421.2</ele>
      </trkpt>
      <trkpt lat="50.076978130906625" lon="-122.96360877024108">
        <ele>1421.2</ele>
      </trkpt>
      <trkpt lat="50.07697516608482" lon="-122.9636036546004">
        <ele>1421.2</ele>
      </trkpt>
      <trkpt lat="50.076972043239685" lon="-122.9635987725908">
        <ele>1421.2</ele>
      </trkpt>
      <trkpt lat="50.07696876994391" lon="-122.96359413605079">
        <ele>1421.2</ele>
      </trkpt>
      <trkpt lat="50.076965354135005" lon="-122.96358975622366">
        <ele>1421.2</ele>
      </trkpt>
      <trkpt lat="50.07696180409608" lon="-122.9635856437302">
        <ele>1421.2</ele>
      </trkpt>
      <trkpt lat="50.07708180409608" lon="-122.963415643444">
        <ele>1423.8</ele>
      </trkpt>
      <trkpt lat="50.077088049174506" lon="-122.96342317456649">
        <ele>1423.8</ele>
      </trkpt>
      <trkpt lat="50.077093845661416" lon="-122.96343153121292">
        <ele>1423.8</ele>
      </trkpt>
      <trkpt lat="50.07709914876282" lon="-122.9634406488049">
        <ele>1423.8</ele>
      </trkpt>
      <trkpt lat="50.077103917497475" lon="-122.96345045688368">
        <ele>1423.8</ele>
      </trkpt>
      <trkpt lat="50.077108115013644" lon="-122.96346087965452">
        <ele>1423.8</ele>
      </trkpt>
      <trkpt lat="50.07711170887382" lon="-122.96347183657248">
        <ele>1423.8</ele>
      </trkpt>
      <trkpt lat="50.07711467130544" lon="-122.96348324296488">
        <ele>1423.8</ele>
      </trkpt>
      <trkpt lat="50.07711697941544" lon="-122.96349501068558">
        <ele>1423.8</ele>
      </trkpt>
      <trkpt lat="50.077118615367276" lon="-122.96350704879616">
        <ele>1423.8</ele>
      </trkpt>
      <trkpt lat="50.07711956651864" lon="-122.96351926426868">
        <ele>1423.8</ele>
      </trkpt>
      <trkpt lat="50.07724956651864" lon="-122.96350926423958">
        <ele>1423.8</ele>
      </trkpt>
      <trkpt lat="50.077249346011456" lon="-122.96350547252625">
        <ele>1423.8</ele>
      </trkpt>
      <trkpt lat="50.07724905940702" lon="-122.96350169156021">
        <ele>1423.8</ele>
      </trkpt>
      <trkpt lat="50.07724870691737" lon="-122.96349792413855">
        <ele>1423.8</ele>
      </trkpt>
      <trkpt lat="50.07724828880327" lon="-122.96349417304839">
        <ele>1423.8</ele>
      </trkpt>
      <trkpt lat="50.07724780537403" lon="-122.96349044106472">
        <ele>1423.8</ele>
      </trkpt>
      <trkpt lat="50.07724725698729" lon="-122.96348673094846">
        <ele>1423.8</ele>
      </trkpt>
      <trkpt lat="50.07724664404875" lon="-122.96348304544429">
        <ele>1423.8</ele>
      </trkpt>
      <trkpt lat="50.07724596701184" lon="-122.96347938727872">
        <ele>1423.8</ele>
      </trkpt>
      <trkpt lat="50.077245226377435" lon="-122.96347575915802">
        <ele>1423.8</ele>
      </trkpt>
      <trkpt lat="50.07724442269345" lon="-122.96347216376623">
        <ele>1423.8</ele>
      </trkpt>
      <trkpt lat="50.077354422693446" lon="-122.96343216365648">
        <ele>1415.3</ele>
      </trkpt>
      <trkpt lat="50.07735300225024" lon="-122.9634264672446">
        <ele>1415.3</ele>
      </trkpt>
      <trkpt lat="50.07735142359396" lon="-122.96342087287313">
        <ele>1415.3</ele>
      </trkpt>
      <trkpt lat="50.07734968973373" lon="-122.96341539120563">
        <ele>1415.3</ele>
      </trkpt>
      <trkpt lat="50.07734780397451" lon="-122.96341003269089">
        <ele>1415.3</ele>
      </trkpt>
      <trkpt lat="50.07734576991081" lon="-122.96340480754293">
        <ele>1415.3</ele>
      </trkpt>
      <trkpt lat="50.07734359141982" lon="-122.96339972572156">
        <ele>1415.3</ele>
      </trkpt>
      <trkpt lat="50.077341272654024" lon="-122.96339479691339">
        <ele>1415.3</ele>
      </trkpt>
      <trkpt lat="50.07733881803329" lon="-122.96339003051338">
        <ele>1415.3</ele>
      </trkpt>
      <trkpt lat="50.07733623223644" lon="-122.9633854356069">
        <ele>1415.3</ele>
      </trkpt>
      <trkpt lat="50.07733352019235" lon="-122.96338102095243">
        <ele>1415.3</ele>
      </trkpt>
      <trkpt lat="50.07742352019235" lon="-122.96329102076663">
        <ele>1415.3</ele>
      </trkpt>
      <trkpt lat="50.07742830811764" lon="-122.96329909170773">
        <ele>1415.3</ele>
      </trkpt>
      <trkpt lat="50.07743267490068" lon="-122.96330772312866">
        <ele>1415.3</ele>
      </trkpt>
      <trkpt lat="50.077436593618785" lon="-122.96331686181388">
        <ele>1415.3</ele>
      </trkpt>
      <trkpt lat="50.07744004011177" lon="-122.96332645142033">
        <ele>1415.3</ele>
      </trkpt>
      <trkpt lat="50.07744299313084" lon="-122.9633364328249">
        <ele>1415.3</ele>
      </trkpt>
      <trkpt lat="50.07744543446966" lon="-122.96334674448893">
        <ele>1415.3</ele>
      </trkpt>
      <trkpt lat="50.07744734907657" lon="-122.96335732283757">
        <ele>1415.3</ele>
      </trkpt>
      <trkpt lat="50.07744872514738" lon="-122.96336810265177">
        <ele>1415.3</ele>
      </trkpt>
      <trkpt lat="50.07744955419814" lon="-122.96337901747042">
        <ele>1415.3</ele>
      </trkpt>
      <trkpt lat="50.0774498311175" lon="-122.96339">
        <ele>1415.3</ele>
      </trkpt>
      <trkpt lat="50.0774898311175" lon="-122.96339">
        <ele>1415.3</ele>
      </trkpt>
      <trkpt lat="50.077489329378274" lon="-122.96340477381985">
        <ele>1415.3</ele>
      </trkpt>
      <trkpt lat="50.07748782976539" lon="-122.96341938260545">
        <ele>1415.3</ele>
      </trkpt>
      <trkpt lat="50.077485349030596" lon="-122.96343366316613">
        <ele>1415.3</ele>
      </trkpt>
      <trkpt lat="50.07748191488551" lon="-122.96344745597771">
        <ele>1415.3</ele>
      </trkpt>
      <trkpt lat="50.07747756569199" lon="-122.96346060696455">
        <ele>1415.3</ele>
      </trkpt>
      <trkpt lat="50.077472350033695" lon="-122.96347296922059">
        <ele>1415.3</ele>
      </trkpt>
      <trkpt lat="50.077466326173266" lon="-122.96348440465053">
        <ele>1415.3</ele>
      </trkpt>
      <trkpt lat="50.0774595614016" lon="-122.96349478551237">
        <ele>1415.3</ele>
      </trkpt>
      <trkpt lat="50.07745213128605" lon="-122.96350399584435">
        <ele>1415.3</ele>
      </trkpt>
      <trkpt lat="50.077444118826406" lon="-122.96351193276043">
        <ele>1415.3</ele>
      </trkpt>
      <trkpt lat="50.077435613527605" lon="-122.96351850759953">
        <ele>1415.3</ele>
      </trkpt>
      <trkpt lat="50.07742671039999" lon="-122.96352364691596">
        <ele>1415.3</ele>
      </trkpt>
      <trkpt lat="50.07741750889791" lon="-122.96352729329982">
        <ele>1415.3</ele>
      </trkpt>
      <trkpt lat="50.07740811180881" lon="-122.96352940601838">
        <ele>1415.3</ele>
      </trkpt>
      <trkpt lat="50.07739862410494" lon="-122.96352996147105">
        <ele>1415.3</ele>
      </trkpt>
      <trkpt lat="50.07738915177081" lon="-122.96352895345304">
        <ele>1415.3</ele>
      </trkpt>
      <trkpt lat="50.077379800619234" lon="-122.9635263932246">
        <ele>1415.3</ele>
      </trkpt>
      <trkpt lat="50.07734980061924" lon="-122.96365639313925">
        <ele>1415.3</ele>
      </trkpt>
      <trkpt lat="50.07734773332585" lon="-122.96365560946475">
        <ele>1415.3</ele>
      </trkpt>
      <trkpt lat="50.077345678522896" lon="-122.96365474972052">
        <ele>1415.3</ele>
      </trkpt>
      <trkpt lat="50.07734363736301" lon="-122.9636538143888">
        <ele>1415.3</ele>
      </trkpt>
      <trkpt lat="50.077341610991155" lon="-122.96365280399431">
        <ele>1415.3</ele>
      </trkpt>
      <trkpt lat="50.07733960054404" lon="-122.96365171910378">
        <ele>1415.3</ele>
      </trkpt>
      <trkpt lat="50.07733760714942" lon="-122.9636505603258">
        <ele>1415.3</ele>
      </trkpt>
      <trkpt lat="50.077335631925465" lon="-122.9636493283104">
        <ele>1415.3</ele>
      </trkpt>
      <trkpt lat="50.077333675980185" lon="-122.96364802374863">
        <ele>1415.3</ele>
      </trkpt>
      <trkpt lat="50.07733174041076" lon="-122.96364664737231">
        <ele>1415.3</ele>
      </trkpt>
      <trkpt lat="50.07732982630295" lon="-122.96364519995352">
        <ele>1415.3</ele>
      </trkpt>
      <trkpt lat="50.07729982630295" lon="-122.96370519987516">
        <ele>1415.3</ele>
      </trkpt>
      <trkpt lat="50.07729800744972" lon="-122.96370374221267">
        <ele>1415.3</ele>
      </trkpt>
      <trkpt lat="50.07729621036552" lon="-122.96370222040198">
        <ele>1415.3</ele>
      </trkpt>
      <trkpt lat="50.07729443598193" lon="-122.96370063523202">
        <ele>1415.3</ele>
      </trkpt>
      <trkpt lat="50.07729268521883" lon="-122.96369898752451">
        <ele>1415.3</ele>
      </trkpt>
      <trkpt lat="50.07729095898379" lon="-122.96369727813365">
        <ele>1415.3</ele>
      </trkpt>
      <trkpt lat="50.07728925817171" lon="-122.9636955079456">
        <ele>1415.3</ele>
      </trkpt>
      <trkpt lat="50.07728758366429" lon="-122.963693677878">
        <ele>1415.3</ele>
      </trkpt>
      <trkpt lat="50.07728593632959" lon="-122.96369178887959">
        <ele>1415.3</ele>
      </trkpt>
      <trkpt lat="50.0772843170216" lon="-122.96368984192961">
        <ele>1415.3</ele>
      </trkpt>
      <trkpt lat="50.07728272657977" lon="-122.96368783803736">
        <ele>1415.3</ele>
      </trkpt>
      <trkpt lat="50.07704272657977" lon="-122.96397783749757">
        <ele>1416.0</ele>
      </trkpt>
      <trkpt lat="50.077040952148394" lon="-122.9639754882164">
        <ele>1416.0</ele>
      </trkpt>
      <trkpt lat="50.077039217388915" lon="-122.96397306806192">
        <ele>1416.0</ele>
      </trkpt>
      <trkpt lat="50.07703752346685" lon="-122.96397057866011">
        <ele>1416.0</ele>
      </trkpt>
      <trkpt lat="50.07703587152028" lon="-122.9639680216835">
        <ele>1416.0</ele>
      </trkpt>
      <trkpt lat="50.07703426265908" lon="-122.96396539885004">
        <ele>1416.0</ele>
      </trkpt>
      <trkpt lat="50.077032697964185" lon="-122.96396271192188">
        <ele>1416.0</ele>
      </trkpt>
      <trkpt lat="50.07703117848685" lon="-122.96395996270428">
        <ele>1416.0</ele>
      </trkpt>
      <trkpt lat="50.07702970524794" lon="-122.9639571530443">
        <ele>1416.0</ele>
      </trkpt>
      <trkpt lat="50.077028279237275" lon="-122.9639542848297">
        <ele>1416.0</ele>
      </trkpt>
      <trkpt lat="50.077026901412935" lon="-122.96395135998745">
        <ele>1416.0</ele>
      </trkpt>
      <trkpt lat="50.076956901412935" lon="-122.96400135986866">
        <ele>1407.0</ele>
      </trkpt>
      <trkpt lat="50.07695933087232" lon="-122.9640064146638">
        <ele>1407.0</ele>
      </trkpt>
      <trkpt lat="50.0769619041766" lon="-122.96401129356447">
        <ele>1407.0</ele>
      </trkpt>
      <trkpt lat="50.07696461608789" lon="-122.96401598663982">
        <ele>1407.0</ele>
      </trkpt>
      <trkpt lat="50.076967461086184" lon="-122.96402048433723">
        <ele>1407.0</ele>
      </trkpt>
      <trkpt lat="50.076970433380566" lon="-122.96402477750178">
        <ele>1407.0</ele>
      </trkpt>
      <trkpt lat="50.07697352692102" lon="-122.96402885739484">
        <ele>1407.0</ele>
      </trkpt>
      <trkpt lat="50.076976735410746" lon="-122.96403271571194">
        <ele>1407.0</ele>
      </trkpt>
      <trkpt lat="50.07698005231895" lon="-122.96403634459956">
        <ele>1407.0</ele>
      </trkpt>
      <trkpt lat="50.07698347089416" lon="-122.96403973667124">
        <ele>1407.0</ele>
      </trkpt>
      <trkpt lat="50.076986984177985" lon="-122.96404288502251">
        <ele>1407.0</ele>
      </trkpt>
      <trkpt lat="50.07692698417799" lon="-122.96415288486871">
        <ele>1407.0</ele>
      </trkpt>
      <trkpt lat="50.076933348575444" lon="-122.96415779590976">
        <ele>1407.0</ele>
      </trkpt>
      <trkpt lat="50.07693994206057" lon="-122.96416190816967">
        <ele>1407.0</ele>
      </trkpt>
      <trkpt lat="50.076946723421145" lon="-122.964165195945">
        <ele>1407.0</ele>
      </trkpt>
      <trkpt lat="50.076953650270674" lon="-122.96416763868571">
        <ele>1407.0</ele>
      </trkpt>
      <trkpt lat="50.07696067931325" lon="-122.96416922112357">
        <ele>1407.0</ele>
      </trkpt>
      <trkpt lat="50.07696776661427" lon="-122.96416993336764">
        <ele>1407.0</ele>
      </trkpt>
      <trkpt lat="50.07697486787493" lon="-122.96416977096608">
        <ele>1407.0</ele>
      </trkpt>
      <trkpt lat="50.07698193870922" lon="-122.96416873493399">
        <ele>1407.0</ele>
      </trkpt>
      <trkpt lat="50.076988934921275" lon="-122.96416683174701">
        <ele>1407.0</ele>
      </trkpt>
      <trkpt lat="50.07699581278167" lon="-122.9641640733009">
        <ele>1407.0</ele>
      </trkpt>
      <trkpt lat="50.07702581278166" lon="-122.9642640733848">
        <ele>1407.0</ele>
      </trkpt>
      <trkpt lat="50.07703482200107" lon="-122.96425903214858">
        <ele>1407.0</ele>
      </trkpt>
      <trkpt lat="50.07704343580698" lon="-122.96425252571649">
        <ele>1407.0</ele>
      </trkpt>
      <trkpt lat="50.07705155638725" lon="-122.96424462797086">
        <ele>1407.0</ele>
      </trkpt>
      <trkpt lat="50.077059091530415" lon="-122.96423542859279">
        <ele>1407.0</ele>
      </trkpt>
      <trkpt lat="50.07706595567285" lon="-122.96422503204377">
        <ele>1407.0</ele>
      </trkpt>
      <trkpt lat="50.07707207087031" lon="-122.96421355637952">
        <ele>1407.0</ele>
      </trkpt>
      <trkpt lat="50.07707736768302" lon="-122.96420113190938">
        <ele>1407.0</ele>
      </trkpt>
      <trkpt lat="50.07708178596421" lon="-122.96418789971665">
        <ele>1407.0</ele>
      </trkpt>
      <trkpt lat="50.07708527554306" lon="-122.96417401005655">
        <ele>1407.0</ele>
      </trkpt>
      <trkpt lat="50.07708779679445" lon="-122.96415962065005">
        <ele>1407.0</ele>
      </trkpt>
      <trkpt lat="50.077089321088856" lon="-122.96414489489285">
        <ele>1407.0</ele>
      </trkpt>
      <trkpt lat="50.0770898311175" lon="-122.96413">
        <ele>1407.0</ele>
      </trkpt>
      <trkpt lat="50.0771698311175" lon="-122.96413">
        <ele>1407.0</ele>
      </trkpt>
      <trkpt lat="50.07716977331002" lon="-122.96412497911462">
        <ele>1407.0</ele>
      </trkpt>
      <trkpt lat="50.077169599961955" lon="-122.96411996469125">
        <ele>1407.0</ele>
      </trkpt>
      <trkpt lat="50.07716931129642" lon="-122.96411496318358">
        <ele>1407.0</ele>
      </trkpt>
      <trkpt lat="50.07716890768495" lon="-122.96410998102868">
        <ele>1407.0</ele>
      </trkpt>
      <trkpt lat="50.07716838964698" lon="-122.96410502463871">
        <ele>1407.0</ele>
      </trkpt>
      <trkpt lat="50.077167757849246" lon="-122.96410010039268">
        <ele>1407.0</ele>
      </trkpt>
      <trkpt lat="50.07716701310489" lon="-122.96409521462823">
        <ele>1407.0</ele>
      </trkpt>
      <trkpt lat="50.077166156372414" lon="-122.96409037363345">
        <ele>1407.0</ele>
      </trkpt>
      <trkpt lat="50.077165188754456" lon="-122.96408558363882">
        <ele>1407.0</ele>
      </trkpt>
      <trkpt lat="50.07716411149637" lon="-122.9640808508092">
        <ele>1407.0</ele>
      </trkpt>
      <trkpt lat="50.077324111496374" lon="-122.9640208506452">
        <ele>1405.2</ele>
      </trkpt>
      <trkpt lat="50.077323024483704" lon="-122.96401655105767">
        <ele>1405.2</ele>
      </trkpt>
      <trkpt lat="50.077321846981334" lon="-122.96401230972498">
        <ele>1405.2</ele>
      </trkpt>
      <trkpt lat="50.077320580272655" lon="-122.96400813126984">
        <ele>1405.2</ele>
      </trkpt>
      <trkpt lat="50.077319225738265" lon="-122.96400402024639">
        <ele>1405.2</ele>
      </trkpt>
      <trkpt lat="50.07731778485449" lon="-122.96399998113532">
        <ele>1405.2</ele>
      </trkpt>
      <trkpt lat="50.07731625919178" lon="-122.96399601833892">
        <ele>1405.2</ele>
      </trkpt>
      <trkpt lat="50.07731465041297" lon="-122.96399213617629">
        <ele>1405.2</ele>
      </trkpt>
      <trkpt lat="50.077312960271506" lon="-122.96398833887868">
        <ele>1405.2</ele>
      </trkpt>
      <trkpt lat="50.077311190609485" lon="-122.9639846305848">
        <ele>1405.2</ele>
      </trkpt>
      <trkpt lat="50.0773093433557" lon="-122.9639810153364">
        <ele>1405.2</ele>
      </trkpt>
      <trkpt lat="50.0774793433557" lon="-122.96384101502089">
        <ele>1405.2</ele>
      </trkpt>
      <trkpt lat="50.07748483322129" lon="-122.96385256314912">
        <ele>1405.2</ele>
      </trkpt>
      <trkpt lat="50.077489534269" lon="-122.96386492754013">
        <ele>1405.2</ele>
      </trkpt>
      <trkpt lat="50.077493396945016" lon="-122.96387797786072">
        <ele>1405.2</ele>
      </trkpt>
      <trkpt lat="50.077496380532835" lon="-122.96389157654731">
        <ele>1405.2</ele>
      </trkpt>
      <trkpt lat="50.07749845358241" lon="-122.96390558025598">
        <ele>1405.2</ele>
      </trkpt>
      <trkpt lat="50.0774995942417" lon="-122.96391984137347">
        <ele>1405.2</ele>
      </trkpt>
      <trkpt lat="50.07749979048701" lon="-122.96393420957317">
        <ele>1405.2</ele>
      </trkpt>
      <trkpt lat="50.077499040249705" lon="-122.9639485333997">
        <ele>1405.2</ele>
      </trkpt>
      <trkpt lat="50.07749735143806" lon="-122.96396266186544">
        <ele>1405.2</ele>
      </trkpt>
      <trkpt lat="50.077494741853855" lon="-122.96397644604205">
        <ele>1405.2</ele>
      </trkpt>
      <trkpt lat="50.077491239004736" lon="-122.9639897406304">
        <ele>1405.2</ele>
      </trkpt>
      <trkpt lat="50.077486879814295" lon="-122.96400240549202">
        <ele>1405.2</ele>
      </trkpt>
      <trkpt lat="50.077481710232796" lon="-122.96401430712648">
        <ele>1405.2</ele>
      </trkpt>
      <trkpt lat="50.07747578475287" lon="-122.9640253200785">
        <ele>1405.2</ele>
      </trkpt>
      <trkpt lat="50.07746916583507" lon="-122.96403532826042">
        <ele>1405.2</ele>
      </trkpt>
      <trkpt lat="50.07746192324949" lon="-122.96404422617589">
        <ele>1405.2</ele>
      </trkpt>
      <trkpt lat="50.077454133340304" lon="-122.96405192003185">
        <ele>1405.2</ele>
      </trkpt>
      <trkpt lat="50.07744587822105" lon="-122.96405832872728">
        <ele>1405.2</ele>
      </trkpt>
      <trkpt lat="50.07743724490903" lon="-122.96406338470804">
        <ele>1405.2</ele>
      </trkpt>
      <trkpt lat="50.077428324408096" lon="-122.96406703467899">
        <ele>1405.2</ele>
      </trkpt>
      <trkpt lat="50.07741921074936" lon="-122.96406924016573">
        <ele>1405.2</ele>
      </trkpt>
      <trkpt lat="50.07741" lon="-122.9640699779202">
        <ele>1405.2</ele>
      </trkpt>
      <trkpt lat="50.07741" lon="-122.9641399779202">
        <ele>1405.2</ele>
      </trkpt>
      <trkpt lat="50.077406168720024" lon="-122.9641398505519">
        <ele>1405.2</ele>
      </trkpt>
      <trkpt lat="50.07740234441235" lon="-122.9641394686788">
        <ele>1405.2</ele>
      </trkpt>
      <trkpt lat="50.07739853403657" lon="-122.96413883299583">
        <ele>1405.2</ele>
      </trkpt>
      <trkpt lat="50.077394744526934" lon="-122.96413794465984">
        <ele>1405.2</ele>
      </trkpt>
      <trkpt lat="50.07739098277974" lon="-122.96413680528745">
        <ele>1405.2</ele>
      </trkpt>
      <trkpt lat="50.07738725564073" lon="-122.96413541695213">
        <ele>1405.2</ele>
      </trkpt>
      <trkpt lat="50.077383569892675" lon="-122.96413378218041">
        <ele>1405.2</ele>
      </trkpt>
      <trkpt lat="50.07737993224304" lon="-122.96413190394732">
        <ele>1405.2</ele>
      </trkpt>
      <trkpt lat="50.07737634931173" lon="-122.96412978567092">
        <ele>1405.2</ele>
      </trkpt>
      <trkpt lat="50.077372827619094" lon="-122.96412743120614">
        <ele>1405.2</ele>
      </trkpt>
      <trkpt lat="50.07732282761909" lon="-122.96423743107326">
        <ele>1405.2</ele>
      </trkpt>
      <trkpt lat="50.077321370475694" lon="-122.9642363743871">
        <ele>1405.2</ele>
      </trkpt>
      <trkpt lat="50.07731992569781" lon="-122.96423527724788">
        <ele>1405.2</ele>
      </trkpt>
      <trkpt lat="50.0773184937479" lon="-122.9642341400068">
        <ele>1405.2</ele>
      </trkpt>
      <trkpt lat="50.07731707508436" lon="-122.96423296302785">
        <ele>1405.2</ele>
      </trkpt>
      <trkpt lat="50.0773156701613" lon="-122.96423174668784">
        <ele>1405.2</ele>
      </trkpt>
      <trkpt lat="50.077314279428435" lon="-122.96423049137611">
        <ele>1405.2</ele>
      </trkpt>
      <trkpt lat="50.077312903330956" lon="-122.96422919749449">
        <ele>1405.2</ele>
      </trkpt>
      <trkpt lat="50.07731154230935" lon="-122.96422786545715">
        <ele>1405.2</ele>
      </trkpt>
      <trkpt lat="50.0773101967993" lon="-122.9642264956905">
        <ele>1405.2</ele>
      </trkpt>
      <trkpt lat="50.07730886723151" lon="-122.96422508863297">
        <ele>1405.2</ele>
      </trkpt>
      <trkpt lat="50.07721886723151" lon="-122.96435508841694">
        <ele>1401.9</ele>
      </trkpt>
      <trkpt lat="50.07722532632664" lon="-122.96436144091183">
        <ele>1401.9</ele>
      </trkpt>
      <trkpt lat="50.07723210839186" lon="-122.96436691544486">
        <ele>1401.9</ele>
      </trkpt>
      <trkpt lat="50.07723916439596" lon="-122.96437147243765">
        <ele>1401.9</ele>
      </trkpt>
      <trkpt lat="50.07724644332728" lon="-122.96437507894524">
        <ele>1401.9</ele>
      </trkpt>
      <trkpt lat="50.077253892562496" lon="-122.96437770889426">
        <ele>1401.9</ele>
      </trkpt>
      <trkpt lat="50.07726145824707" lon="-122.96437934327137">
        <ele>1401.9</ele>
      </trkpt>
      <trkpt lat="50.07726908568459" lon="-122.96437997026081">
        <ele>1401.9</ele>
      </trkpt>
      <trkpt lat="50.07727671973218" lon="-122.9643795853297">
        <ele>1401.9</ele>
      </trkpt>
      <trkpt lat="50.07728430519921" lon="-122.9643781912609">
        <ele>1401.9</ele>
      </trkpt>
      <trkpt lat="50.07729178724623" lon="-122.96437579813295">
        <ele>1401.9</ele>
      </trkpt>
      <trkpt lat="50.07731178724623" lon="-122.96445579818959">
        <ele>1401.9</ele>
      </trkpt>
      <trkpt lat="50.07731646284774" lon="-122.96445376612952">
        <ele>1401.9</ele>
      </trkpt>
      <trkpt lat="50.07732106118246" lon="-122.96445134349621">
        <ele>1401.9</ele>
      </trkpt>
      <trkpt lat="50.077325568824065" lon="-122.96444853736331">
        <ele>1401.9</ele>
      </trkpt>
      <trkpt lat="50.077329972611054" lon="-122.96444535592424">
        <ele>1401.9</ele>
      </trkpt>
      <trkpt lat="50.077334259685145" lon="-122.96444180846824">
        <ele>1401.9</ele>
      </trkpt>
      <trkpt lat="50.07733841752884" lon="-122.96443790535322">
        <ele>1401.9</ele>
      </trkpt>
      <trkpt lat="50.077342434002" lon="-122.96443365797562">
        <ele>1401.9</ele>
      </trkpt>
      <trkpt lat="50.07734629737722" lon="-122.96442907873698">
        <ele>1401.9</ele>
      </trkpt>
      <trkpt lat="50.07734999637414" lon="-122.9644241810079">
        <ele>1401.9</ele>
      </trkpt>
      <trkpt lat="50.07735352019235" lon="-122.96441897908885">
        <ele>1401.9</ele>
      </trkpt>
      <trkpt lat="50.07739352019235" lon="-122.96445897917143">
        <ele>1401.9</ele>
      </trkpt>
      <trkpt lat="50.077399581232406" lon="-122.96444853281494">
        <ele>1401.9</ele>
      </trkpt>
      <trkpt lat="50.07740493798167" lon="-122.96443719034258">
        <ele>1401.9</ele>
      </trkpt>
      <trkpt lat="50.07740953621993" lon="-122.96442506656118">
        <ele>1401.9</ele>
      </trkpt>
      <trkpt lat="50.07741332940452" lon="-122.96441228418581">
        <ele>1401.9</ele>
      </trkpt>
      <trkpt lat="50.077416279141396" lon="-122.96439897259776">
        <ele>1401.9</ele>
      </trkpt>
      <trkpt lat="50.077418355573755" lon="-122.96438526653493">
        <ele>1401.9</ele>
      </trkpt>
      <trkpt lat="50.077419537684264" lon="-122.96437130472803">
        <ele>1401.9</ele>
      </trkpt>
      <trkpt lat="50.077419813507774" lon="-122.96435722849637">
        <ele>1401.9</ele>
      </trkpt>
      <trkpt lat="50.07741918025245" lon="-122.96434318031746">
        <ele>1401.9</ele>
      </trkpt>
      <trkpt lat="50.077417644328" lon="-122.96432930238484">
        <ele>1401.9</ele>
      </trkpt>
      <trkpt lat="50.07741522128082" lon="-122.96431573516888">
        <ele>1401.9</ele>
      </trkpt>
      <trkpt lat="50.07747522128082" lon="-122.9642957351135">
        <ele>1401.9</ele>
      </trkpt>
      <trkpt lat="50.07747436491962" lon="-122.96429191668923">
        <ele>1401.9</ele>
      </trkpt>
      <trkpt lat="50.077473438112875" lon="-122.96428813841501">
        <ele>1401.9</ele>
      </trkpt>
      <trkpt lat="50.0774724416345" lon="-122.96428440344573">
        <ele>1401.9</ele>
      </trkpt>
      <trkpt lat="50.077471376316545" lon="-122.96428071490011">
        <ele>1401.9</ele>
      </trkpt>
      <trkpt lat="50.07747024304858" lon="-122.96427707585812">
        <ele>1401.9</ele>
      </trkpt>
      <trkpt lat="50.07746904277688" lon="-122.96427348935842">
        <ele>1401.9</ele>
      </trkpt>
      <trkpt lat="50.077467776503696" lon="-122.96426995839573">
        <ele>1401.9</ele>
      </trkpt>
      <trkpt lat="50.07746644528637" lon="-122.96426648591849">
        <ele>1401.9</ele>
      </trkpt>
      <trkpt lat="50.077465050236476" lon="-122.9642630748262">
        <ele>1401.9</ele>
      </trkpt>
      <trkpt lat="50.07746359251891" lon="-122.9642597279672">
        <ele>1401.9</ele>
      </trkpt>
      <trkpt lat="50.077563592518906" lon="-122.96418972779978">
        <ele>1401.9</ele>
      </trkpt>
      <trkpt lat="50.077562216834444" lon="-122.9641867493338">
        <ele>1401.9</ele>
      </trkpt>
      <trkpt lat="50.07756079151689" lon="-122.96418382808427">
        <ele>1401.9</ele>
      </trkpt>
      <trkpt lat="50.07755931754581" lon="-122.96418096605886">
        <ele>1401.9</ele>
      </trkpt>
      <trkpt lat="50.07755779593426" lon="-122.9641781652246">
        <ele>1401.9</ele>
      </trkpt>
      <trkpt lat="50.077556227728" lon="-122.96417542750642">
        <ele>1401.9</ele>
      </trkpt>
      <trkpt lat="50.077554614004825" lon="-122.96417275478592">
        <ele>1401.9</ele>
      </trkpt>
      <trkpt lat="50.077552955873806" lon="-122.9641701489">
        <ele>1401.9</ele>
      </trkpt>
      <trkpt lat="50.07755125447456" lon="-122.96416761163962">
        <ele>1401.9</ele>
      </trkpt>
      <trkpt lat="50.0775495109764" lon="-122.96416514474859">
        <ele>1401.9</ele>
      </trkpt>
      <trkpt lat="50.07754772657761" lon="-122.96416274992237">
        <ele>1401.9</ele>
      </trkpt>
      <trkpt lat="50.07780772657762" lon="-122.96385274934076">
        <ele>1401.0</ele>
      </trkpt>
      <trkpt lat="50.07781441132432" lon="-122.96386242832371">
        <ele>1401.0</ele>
      </trkpt>
      <trkpt lat="50.07782043142969" lon="-122.96387311411982">
        <ele>1401.0</ele>
      </trkpt>
      <trkpt lat="50.07782572477405" lon="-122.96388469646554">
        <ele>1401.0</ele>
      </trkpt>
      <trkpt lat="50.07783023673695" lon="-122.96389705584606">
        <ele>1401.0</ele>
      </trkpt>
      <trkpt lat="50.07783392076079" lon="-122.96391006472862">
        <ele>1401.0</ele>
      </trkpt>
      <trkpt lat="50.07783673883121" lon="-122.96392358887843">
        <ele>1401.0</ele>
      </trkpt>
      <trkpt lat="50.077838661869386" lon="-122.96393748874378">
        <ele>1401.0</ele>
      </trkpt>
      <trkpt lat="50.07783967003206" lon="-122.9639516208961">
        <ele>1401.0</ele>
      </trkpt>
      <trkpt lat="50.0778397529163" lon="-122.96396583950991">
        <ele>1401.0</ele>
      </trkpt>
      <trkpt lat="50.07783890966684" lon="-122.96397999786755">
        <ele>1401.0</ele>
      </trkpt>
      <trkpt lat="50.07783714898492" lon="-122.96399394987313">
        <ele>1401.0</ele>
      </trkpt>
      <trkpt lat="50.07787714898492" lon="-122.96400394990147">
        <ele>1391.3</ele>
      </trkpt>
      <trkpt lat="50.077874703380374" lon="-122.9640166165032">
        <ele>1391.3</ele>
      </trkpt>
      <trkpt lat="50.07787150141854" lon="-122.96402886684373">
        <ele>1391.3</ele>
      </trkpt>
      <trkpt lat="50.077867571691286" lon="-122.96404059153386">
        <ele>1391.3</ele>
      </trkpt>
      <trkpt lat="50.07786294928903" lon="-122.96405168587816">
        <ele>1391.3</ele>
      </trkpt>
      <trkpt lat="50.07785767548742" lon="-122.96406205080993">
        <ele>1391.3</ele>
      </trkpt>
      <trkpt lat="50.07785179737879" lon="-122.96407159377566">
        <ele>1391.3</ele>
      </trkpt>
      <trkpt lat="50.0778453674516" lon="-122.96408022956162">
        <ele>1391.3</ele>
      </trkpt>
      <trkpt lat="50.077838443121756" lon="-122.96408788105474">
        <ele>1391.3</ele>
      </trkpt>
      <trkpt lat="50.077831086219945" lon="-122.96409447993112">
        <ele>1391.3</ele>
      </trkpt>
      <trkpt lat="50.07782336243948" lon="-122.96409996726624">
        <ele>1391.3</ele>
      </trkpt>
      <trkpt lat="50.07786336243948" lon="-122.96419996737467">
        <ele>1391.3</ele>
      </trkpt>
      <trkpt lat="50.07786121526982" lon="-122.9642012562462">
        <ele>1391.3</ele>
      </trkpt>
      <trkpt lat="50.07785904761984" lon="-122.96420245900059">
        <ele>1391.3</ele>
      </trkpt>
      <trkpt lat="50.07785686091173" lon="-122.96420357484868">
        <ele>1391.3</ele>
      </trkpt>
      <trkpt lat="50.077854656580186" lon="-122.9642046030584">
        <ele>1391.3</ele>
      </trkpt>
      <trkpt lat="50.07785243607148" lon="-122.96420554295514">
        <ele>1391.3</ele>
      </trkpt>
      <trkpt lat="50.077850200842484" lon="-122.96420639392223">
        <ele>1391.3</ele>
      </trkpt>
      <trkpt lat="50.07784795235972" lon="-122.96420715540133">
        <ele>1391.3</ele>
      </trkpt>
      <trkpt lat="50.07784569209843" lon="-122.96420782689285">
        <ele>1391.3</ele>
      </trkpt>
      <trkpt lat="50.07784342154155" lon="-122.96420840795622">
        <ele>1391.3</ele>
      </trkpt>
      <trkpt lat="50.07784114217881" lon="-122.9642088982102">
        <ele>1391.3</ele>
      </trkpt>
      <trkpt lat="50.07786114217881" lon="-122.96436889826815">
        <ele>1388.8</ele>
      </trkpt>
      <trkpt lat="50.07787027582096" lon="-122.9643663669624">
        <ele>1388.8</ele>
      </trkpt>
      <trkpt lat="50.0778791932223" lon="-122.96436238130848">
        <ele>1388.8</ele>
      </trkpt>
      <trkpt lat="50.0778877992791" lon="-122.96435698381323">
        <ele>1388.8</ele>
      </trkpt>
      <trkpt lat="50.07789600220811" lon="-122.96435023204074">
        <ele>1388.8</ele>
      </trkpt>
      <trkpt lat="50.07790371452541" lon="-122.96434219799839">
        <ele>1388.8</ele>
      </trkpt>
      <trkpt lat="50.077910853979475" lon="-122.96433296736889">
        <ele>1388.8</ele>
      </trkpt>
      <trkpt lat="50.07791734442829" lon="-122.96432263859656">
        <ele>1388.8</ele>
      </trkpt>
      <trkpt lat="50.077923116651505" lon="-122.96431132183731">
        <ele>1388.8</ele>
      </trkpt>
      <trkpt lat="50.07792810908856" lon="-122.96429913778395">
        <ele>1388.8</ele>
      </trkpt>
      <trkpt lat="50.07793226849534" lon="-122.96428621637891">
        <ele>1388.8</ele>
      </trkpt>
      <trkpt lat="50.07793555051193" lon="-122.96427269542845">
        <ele>1388.8</ele>
      </trkpt>
      <trkpt lat="50.07793792013575" lon="-122.96425871913297">
        <ele>1388.8</ele>
      </trkpt>
      <trkpt lat="50.07793935209487" lon="-122.9642444365491">
        <ele>1388.8</ele>
      </trkpt>
      <trkpt lat="50.0779398311175" lon="-122.96423">
        <ele>1388.8</ele>
      </trkpt>
      <trkpt lat="50.0779698311175" lon="-122.96423">
        <ele>1388.8</ele>
      </trkpt>
      <trkpt lat="50.07796930571375" lon="-122.96421488263782">
        <ele>1388.8</ele>
      </trkpt>
      <trkpt lat="50.07796773564847" lon="-122.96419994211233">
        <ele>1388.8</ele>
      </trkpt>
      <trkpt lat="50.077965139287635" lon="-122.96418535319167">
        <ele>1388.8</ele>
      </trkpt>
      <trkpt lat="50.0779615470024" lon="-122.96417128653101">
        <ele>1388.8</ele>
      </trkpt>
      <trkpt lat="50.077957000813846" lon="-122.96415790667638">
        <ele>1388.8</ele>
      </trkpt>
      <trkpt lat="50.07795155390142" lon="-122.96414537013983">
        <ele>1388.8</ele>
      </trkpt>
      <trkpt lat="50.077945269980866" lon="-122.96413382356859">
        <ele>1388.8</ele>
      </trkpt>
      <trkpt lat="50.0779382225589" lon="-122.96412340202973">
        <ele>1388.8</ele>
      </trkpt>
      <trkpt lat="50.077930494073364" lon="-122.9641142274301">
        <ele>1388.8</ele>
      </trkpt>
      <trkpt lat="50.077922174928915" lon="-122.96410640709041">
        <ele>1388.8</ele>
      </trkpt>
      <trkpt lat="50.07791336243948" lon="-122.9641000324898">
        <ele>1388.8</ele>
      </trkpt>
      <trkpt lat="50.07793336243948" lon="-122.96405003243558">
        <ele>1388.8</ele>
      </trkpt>
      <trkpt lat="50.0779308827007" lon="-122.9640485526791">
        <ele>1388.8</ele>
      </trkpt>
      <trkpt lat="50.07792837597793" lon="-122.96404718777566">
        <ele>1388.8</ele>
      </trkpt>
      <trkpt lat="50.077925844461454" lon="-122.96404593891783">
        <ele>1388.8</ele>
      </trkpt>
      <trkpt lat="50.077923290363195" lon="-122.96404480719683">
        <ele>1388.8</ele>
      </trkpt>
      <trkpt lat="50.07792071591482" lon="-122.96404379360148">
        <ele>1388.8</ele>
      </trkpt>
      <trkpt lat="50.07791812336577" lon="-122.96404289901744">
        <ele>1388.8</ele>
      </trkpt>
      <trkpt lat="50.07791551498129" lon="-122.96404212422637">
        <ele>1388.8</ele>
      </trkpt>
      <trkpt lat="50.0779128930405" lon="-122.96404146990521">
        <ele>1388.8</ele>
      </trkpt>
      <trkpt lat="50.07791025983431" lon="-122.96404093662571">
        <ele>1388.8</ele>
      </trkpt>
      <trkpt lat="50.07790761766353" lon="-122.96404052485381">
        <ele>1388.8</ele>
      </trkpt>
      <trkpt lat="50.077947617663526" lon="-122.96357052473745">
        <ele>1394.0</ele>
      </trkpt>
      <trkpt lat="50.07795671185017" lon="-122.96357246417234">
        <ele>1394.0</ele>
      </trkpt>
      <trkpt lat="50.077965631551876" lon="-122.96357583959006">
        <ele>1394.0</ele>
      </trkpt>
      <trkpt lat="50.07797428363991" lon="-122.96358061574855">
        <ele>1394.0</ele>
      </trkpt>
      <trkpt lat="50.077982577779636" lon="-122.96358674278096">
        <ele>1394.0</ele>
      </trkpt>
      <trkpt lat="50.07799042737366" lon="-122.96359415671623">
        <ele>1394.0</ele>
      </trkpt>
      <trkpt lat="50.077997750466025" lon="-122.963602780147">
        <ele>1394.0</ele>
      </trkpt>
      <trkpt lat="50.07800447059785" lon="-122.96361252303782">
        <ele>1394.0</ele>
      </trkpt>
      <trkpt lat="50.078010517605634" lon="-122.96362328366524">
        <ele>1394.0</ele>
      </trkpt>
      <trkpt lat="50.078015828353855" lon="-122.96363494967976">
        <ele>1394.0</ele>
      </trkpt>
      <trkpt lat="50.07802034739408" lon="-122.963647399279">
        <ele>1394.0</ele>
      </trkpt>
      <trkpt lat="50.07806034739408" lon="-122.96362739922675">
        <ele>1394.0</ele>
      </trkpt>
      <trkpt lat="50.07806396965735" lon="-122.96364026448039">
        <ele>1394.0</ele>
      </trkpt>
      <trkpt lat="50.07806674609085" lon="-122.96365363072194">
        <ele>1394.0</ele>
      </trkpt>
      <trkpt lat="50.07806864872744" lon="-122.9636673633127">
        <ele>1394.0</ele>
      </trkpt>
      <trkpt lat="50.07806965840179" lon="-122.96368132392372">
        <ele>1394.0</ele>
      </trkpt>
      <trkpt lat="50.07806976494341" lon="-122.96369537192923">
        <ele>1394.0</ele>
      </trkpt>
      <trkpt lat="50.078068967279094" lon="-122.96370936582308">
        <ele>1394.0</ele>
      </trkpt>
      <trkpt lat="50.078067273443764" lon="-122.9637231646442">
        <ele>1394.0</ele>
      </trkpt>
      <trkpt lat="50.078064700499475" lon="-122.96373662939651">
        <ele>1394.0</ele>
      </trkpt>
      <trkpt lat="50.078061274363606" lon="-122.963749624449">
        <ele>1394.0</ele>
      </trkpt>
      <trkpt lat="50.078057029547765" lon="-122.96376201890199">
        <ele>1394.0</ele>
      </trkpt>
      <trkpt lat="50.078107029547766" lon="-122.9637920189771">
        <ele>1394.0</ele>
      </trkpt>
      <trkpt lat="50.07810274749795" lon="-122.96380212209236">
        <ele>1394.0</ele>
      </trkpt>
      <trkpt lat="50.078097921185666" lon="-122.96381161080886">
        <ele>1394.0</ele>
      </trkpt>
      <trkpt lat="50.0780925867191" lon="-122.96382041413649">
        <ele>1394.0</ele>
      </trkpt>
      <trkpt lat="50.07808678400822" lon="-122.9638284662129">
        <ele>1394.0</ele>
      </trkpt>
      <trkpt lat="50.07808055646617" lon="-122.96383570679627">
        <ele>1394.0</ele>
      </trkpt>
      <trkpt lat="50.07807395068448" lon="-122.96384208171595">
        <ele>1394.0</ele>
      </trkpt>
      <trkpt lat="50.078067016084496" lon="-122.96384754327781">
        <ele>1394.0</ele>
      </trkpt>
      <trkpt lat="50.07805980454762" lon="-122.963852050621">
        <ele>1394.0</ele>
      </trkpt>
      <trkpt lat="50.07805237002718" lon="-122.96385557002372">
        <ele>1394.0</ele>
      </trkpt>
      <trkpt lat="50.07804476814475" lon="-122.96385807515547">
        <ele>1394.0</ele>
      </trkpt>
      <trkpt lat="50.07805476814475" lon="-122.96391807518428">
        <ele>1394.0</ele>
      </trkpt>
      <trkpt lat="50.07805274804521" lon="-122.96391856307854">
        <ele>1394.0</ele>
      </trkpt>
      <trkpt lat="50.07805072134413" lon="-122.96391897921828">
        <ele>1394.0</ele>
      </trkpt>
      <trkpt lat="50.078048689091034" lon="-122.963919323388">
        <ele>1394.0</ele>
      </trkpt>
      <trkpt lat="50.07804665233831" lon="-122.96391959540951">
        <ele>1394.0</ele>
      </trkpt>
      <trkpt lat="50.078044612140694" lon="-122.96391979514189">
        <ele>1394.0</ele>
      </trkpt>
      <trkpt lat="50.0780425695547" lon="-122.96391992248176">
        <ele>1394.0</ele>
      </trkpt>
      <trkpt lat="50.07804052563806" lon="-122.96391997736315">
        <ele>1394.0</ele>
      </trkpt>
      <trkpt lat="50.07803848144922" lon="-122.96391995975765">
        <ele>1394.0</ele>
      </trkpt>
      <trkpt lat="50.07803643804676" lon="-122.96391986967437">
        <ele>1394.0</ele>
      </trkpt>
      <trkpt lat="50.078034396488846" lon="-122.96391970715996">
        <ele>1394.0</ele>
      </trkpt>
      <trkpt lat="50.07802439648884" lon="-122.96407970713081">
        <ele>1391.3</ele>
      </trkpt>
      <trkpt lat="50.07802607191139" lon="-122.96407984583921">
        <ele>1391.3</ele>
      </trkpt>
      <trkpt lat="50.07802774870419" lon="-122.96407993576456">
        <ele>1391.3</ele>
      </trkpt>
      <trkpt lat="50.07802942628231" lon="-122.9640799768755">
        <ele>1391.3</ele>
      </trkpt>
      <trkpt lat="50.07803110406058" lon="-122.9640799691577">
        <ele>1391.3</ele>
      </trkpt>
      <trkpt lat="50.0780327814537" lon="-122.96407991261384">
        <ele>1391.3</ele>
      </trkpt>
      <trkpt lat="50.07803445787656" lon="-122.96407980726364">
        <ele>1391.3</ele>
      </trkpt>
      <trkpt lat="50.07803613274436" lon="-122.96407965314387">
        <ele>1391.3</ele>
      </trkpt>
      <trkpt lat="50.078037805472846" lon="-122.96407945030828">
        <ele>1391.3</ele>
      </trkpt>
      <trkpt lat="50.07803947547852" lon="-122.9640791988276">
        <ele>1391.3</ele>
      </trkpt>
      <trkpt lat="50.07804114217881" lon="-122.96407889878961">
        <ele>1391.3</ele>
      </trkpt>
      <trkpt lat="50.07806114217881" lon="-122.96423889884755">
        <ele>1391.3</ele>
      </trkpt>
      <trkpt lat="50.07806526155993" lon="-122.9642379448664">
        <ele>1391.3</ele>
      </trkpt>
      <trkpt lat="50.07806934813929" lon="-122.96423669439952">
        <ele>1391.3</ele>
      </trkpt>
      <trkpt lat="50.07807339313357" lon="-122.96423515013454">
        <ele>1391.3</ele>
      </trkpt>
      <trkpt lat="50.07807738784886" lon="-122.96423331539057">
        <ele>1391.3</ele>
      </trkpt>
      <trkpt lat="50.078081323699266" lon="-122.96423119411104">
        <ele>1391.3</ele>
      </trkpt>
      <trkpt lat="50.07808519222547" lon="-122.96422879085522">
        <ele>1391.3</ele>
      </trkpt>
      <trkpt lat="50.07808898511281" lon="-122.96422611078845">
        <ele>1391.3</ele>
      </trkpt>
      <trkpt lat="50.07809269420921" lon="-122.964223159671">
        <ele>1391.3</ele>
      </trkpt>
      <trkpt lat="50.078096311542694" lon="-122.96421994384572">
        <ele>1391.3</ele>
      </trkpt>
      <trkpt lat="50.078099829338505" lon="-122.96421647022443">
        <ele>1391.3</ele>
      </trkpt>
      <trkpt lat="50.078119829338505" lon="-122.96424647027301">
        <ele>1381.3</ele>
      </trkpt>
      <trkpt lat="50.07811453505891" lon="-122.964251566496">
        <ele>1381.3</ele>
      </trkpt>
      <trkpt lat="50.07810902706" lon="-122.9642560793335">
        <ele>1381.3</ele>
      </trkpt>
      <trkpt lat="50.07810333177412" lon="-122.96425998712886">
        <ele>1381.3</ele>
      </trkpt>
      <trkpt lat="50.07809747653239" lon="-122.96426327112894">
        <ele>1381.3</ele>
      </trkpt>
      <trkpt lat="50.078091489433525" lon="-122.96426591557419">
        <ele>1381.3</ele>
      </trkpt>
      <trkpt lat="50.078085399209" lon="-122.96426790777414">
        <ele>1381.3</ele>
      </trkpt>
      <trkpt lat="50.07807923508522" lon="-122.96426923816844">
        <ele>1381.3</ele>
      </trkpt>
      <trkpt lat="50.07807302664318" lon="-122.96426990037266">
        <ele>1381.3</ele>
      </trkpt>
      <trkpt lat="50.07806680367658" lon="-122.96426989120894">
        <ele>1381.3</ele>
      </trkpt>
      <trkpt lat="50.07806059604882" lon="-122.96426921072127">
        <ele>1381.3</ele>
      </trkpt>
      <trkpt lat="50.07804059604882" lon="-122.96445921066321">
        <ele>1388.8</ele>
      </trkpt>
      <trkpt lat="50.07804965280736" lon="-122.96445997874325">
        <ele>1388.8</ele>
      </trkpt>
      <trkpt lat="50.07805871310544" lon="-122.96445931977536">
        <ele>1388.8</ele>
      </trkpt>
      <trkpt lat="50.078067684575615" lon="-122.96445724047756">
        <ele>1388.8</ele>
      </trkpt>
      <trkpt lat="50.078076475756006" lon="-122.96445376204775">
        <ele>1388.8</ele>
      </trkpt>
      <trkpt lat="50.078084997022756" lon="-122.96444891994767">
        <ele>1388.8</ele>
      </trkpt>
      <trkpt lat="50.0780931615037" lon="-122.9644427635413">
        <ele>1388.8</ele>
      </trkpt>
      <trkpt lat="50.07810088596401" lon="-122.96443535559162">
        <ele>1388.8</ele>
      </trkpt>
      <trkpt lat="50.078108091654784" lon="-122.96442677162084">
        <ele>1388.8</ele>
      </trkpt>
      <trkpt lat="50.07811470511581" lon="-122.96441709914035">
        <ele>1388.8</ele>
      </trkpt>
      <trkpt lat="50.07812065892452" lon="-122.96440643675867">
        <ele>1388.8</ele>
      </trkpt>
      <trkpt lat="50.07812589238335" lon="-122.96439489317605">
        <ele>1388.8</ele>
      </trkpt>
      <trkpt lat="50.0781303521385" lon="-122.96438258607643">
        <ele>1388.8</ele>
      </trkpt>
      <trkpt lat="50.0781339927239" lon="-122.96436964092757">
        <ele>1388.8</ele>
      </trkpt>
      <trkpt lat="50.078136777024696" lon="-122.96435618970199">
        <ele>1388.8</ele>
      </trkpt>
      <trkpt lat="50.078138676655655" lon="-122.96434236953155">
        <ele>1388.8</ele>
      </trkpt>
      <trkpt lat="50.0781396722505" lon="-122.96432832130938">
        <ele>1388.8</ele>
      </trkpt>
      <trkpt lat="50.078139753659414" lon="-122.96431418825357">
        <ele>1388.8</ele>
      </trkpt>
      <trkpt lat="50.078138920052446" lon="-122.96430011444704">
        <ele>1388.8</ele>
      </trkpt>
      <trkpt lat="50.078137179928" lon="-122.9642862433687">
        <ele>1388.8</ele>
      </trkpt>
      <trkpt lat="50.07813455102622" lon="-122.96427271643068">
        <ele>1388.8</ele>
      </trkpt>
      <trkpt lat="50.078131060148074" lon="-122.96425967153672">
        <ele>1388.8</ele>
      </trkpt>
      <trkpt lat="50.078126742882205" lon="-122.9642472416762">
        <ele>1388.8</ele>
      </trkpt>
      <trkpt lat="50.07812164324204" lon="-122.9642355535684">
        <ele>1388.8</ele>
      </trkpt>
      <trkpt lat="50.078115813217124" lon="-122.96422472637065">
        <ele>1388.8</ele>
      </trkpt>
      <trkpt lat="50.07810931224308" lon="-122.96421487046348">
        <ele>1388.8</ele>
      </trkpt>
      <trkpt lat="50.0781022065957" lon="-122.96420608632536">
        <ele>1388.8</ele>
      </trkpt>
      <trkpt lat="50.07809456871527" lon="-122.9641984635084">
        <ele>1388.8</ele>
      </trkpt>
      <trkpt lat="50.07813456871528" lon="-122.96412846340701">
        <ele>1378.1</ele>
      </trkpt>
      <trkpt lat="50.07813218487835" lon="-122.96412641479426">
        <ele>1378.1</ele>
      </trkpt>
      <trkpt lat="50.07812976229924" lon="-122.96412447968098">
        <ele>1378.1</ele>
      </trkpt>
      <trkpt lat="50.07812730320283" lon="-122.96412265984432">
        <ele>1378.1</ele>
      </trkpt>
      <trkpt lat="50.07812480984751" lon="-122.96412095695563">
        <ele>1378.1</ele>
      </trkpt>
      <trkpt lat="50.07812228452317" lon="-122.9641193725788">
        <ele>1378.1</ele>
      </trkpt>
      <trkpt lat="50.07811972954904" lon="-122.96411790816894">
        <ele>1378.1</ele>
      </trkpt>
      <trkpt lat="50.07811714727158" lon="-122.96411656507092">
        <ele>1378.1</ele>
      </trkpt>
      <trkpt lat="50.07811454006233" lon="-122.96411534451825">
        <ele>1378.1</ele>
      </trkpt>
      <trkpt lat="50.07811191031573" lon="-122.96411424763185">
        <ele>1378.1</ele>
      </trkpt>
      <trkpt lat="50.0781092604469" lon="-122.96411327541912">
        <ele>1378.1</ele>
      </trkpt>
      <trkpt lat="50.0781992604469" lon="-122.96370327516246">
        <ele>1384.3</ele>
      </trkpt>
      <trkpt lat="50.078208086836554" lon="-122.96370703784501">
        <ele>1384.3</ele>
      </trkpt>
      <trkpt lat="50.07821662177871" lon="-122.96371218023039">
        <ele>1384.3</ele>
      </trkpt>
      <trkpt lat="50.07822477670919" lon="-122.96371864895781">
        <ele>1384.3</ele>
      </trkpt>
      <trkpt lat="50.07823246700707" lon="-122.96372637690351">
        <ele>1384.3</ele>
      </trkpt>
      <trkpt lat="50.07823961287276" lon="-122.96373528387721">
        <ele>1384.3</ele>
      </trkpt>
      <trkpt lat="50.07824614015605" lon="-122.96374527745434">
        <ele>1384.3</ele>
      </trkpt>
      <trkpt lat="50.078251981125554" lon="-122.9637562539349">
        <ele>1384.3</ele>
      </trkpt>
      <trkpt lat="50.078257075171535" lon="-122.96376809941977">
        <ele>1384.3</ele>
      </trkpt>
      <trkpt lat="50.07826136943481" lon="-122.96378069099237">
        <ele>1384.3</ele>
      </trkpt>
      <trkpt lat="50.07826481935529" lon="-122.96379389799425">
        <ele>1384.3</ele>
      </trkpt>
      <trkpt lat="50.07826738913432" lon="-122.9638075833809">
        <ele>1384.3</ele>
      </trkpt>
      <trkpt lat="50.07826905210619" lon="-122.9638216051437">
        <ele>1384.3</ele>
      </trkpt>
      <trkpt lat="50.07826979101479" lon="-122.96383581778366">
        <ele>1384.3</ele>
      </trkpt>
      <trkpt lat="50.07826959819274" lon="-122.96385007382104">
        <ele>1384.3</ele>
      </trkpt>
      <trkpt lat="50.07826847564088" lon="-122.9638642253258">
        <ele>1384.3</ele>
      </trkpt>
      <trkpt lat="50.078266435007556" lon="-122.96387812545267">
        <ele>1384.3</ele>
      </trkpt>
      <trkpt lat="50.0782634974677" lon="-122.96389162996473">
        <ele>1384.3</ele>
      </trkpt>
      <trkpt lat="50.078259693503185" lon="-122.96390459873031">
        <ele>1384.3</ele>
      </trkpt>
      <trkpt lat="50.07825506258643" lon="-122.96391689717696">
        <ele>1384.3</ele>
      </trkpt>
      <trkpt lat="50.07824965277088" lon="-122.9639283976879">
        <ele>1384.3</ele>
      </trkpt>
      <trkpt lat="50.07824352019235" lon="-122.96393898092624">
        <ele>1384.3</ele>
      </trkpt>
      <trkpt lat="50.07828352019235" lon="-122.96397898100882">
        <ele>1384.3</ele>
      </trkpt>
      <trkpt lat="50.07828589061464" lon="-122.96397514398086">
        <ele>1384.3</ele>
      </trkpt>
      <trkpt lat="50.078288165648644" lon="-122.9639711692152">
        <ele>1384.3</ele>
      </trkpt>
      <trkpt lat="50.07829034200085" lon="-122.96396706246603">
        <ele>1384.3</ele>
      </trkpt>
      <trkpt lat="50.07829241652061" lon="-122.96396282967856">
        <ele>1384.3</ele>
      </trkpt>
      <trkpt lat="50.07829438620468" lon="-122.96395847698055">
        <ele>1384.3</ele>
      </trkpt>
      <trkpt lat="50.0782962482016" lon="-122.96395401067328">
        <ele>1384.3</ele>
      </trkpt>
      <trkpt lat="50.07829799981581" lon="-122.96394943722248">
        <ele>1384.3</ele>
      </trkpt>
      <trkpt lat="50.078299638511524" lon="-122.96394476324907">
        <ele>1384.3</ele>
      </trkpt>
      <trkpt lat="50.07830116191646" lon="-122.96393999551944">
        <ele>1384.3</ele>
      </trkpt>
      <trkpt lat="50.0783025678252" lon="-122.96393514093572">
        <ele>1384.3</ele>
      </trkpt>
      <trkpt lat="50.0783725678252" lon="-122.96396514101622">
        <ele>1381.3</ele>
      </trkpt>
      <trkpt lat="50.078368588703384" lon="-122.96397780583919">
        <ele>1381.3</ele>
      </trkpt>
      <trkpt lat="50.078363812068254" lon="-122.96398978257268">
        <ele>1381.3</ele>
      </trkpt>
      <trkpt lat="50.0783582863928" lon="-122.96400094967754">
        <ele>1381.3</ele>
      </trkpt>
      <trkpt lat="50.07835206775124" lon="-122.96401119383069">
        <ele>1381.3</ele>
      </trkpt>
      <trkpt lat="50.07834521924996" lon="-122.96402041107507">
        <ele>1381.3</ele>
      </trkpt>
      <trkpt lat="50.07833781038714" lon="-122.96402850787466">
        <ele>1381.3</ele>
      </trkpt>
      <trkpt lat="50.07832991634746" lon="-122.96403540206364">
        <ele>1381.3</ele>
      </trkpt>
      <trkpt lat="50.07832161723913" lon="-122.96404102368021">
        <ele>1381.3</ele>
      </trkpt>
      <trkpt lat="50.078312997281024" lon="-122.96404531567653">
        <ele>1381.3</ele>
      </trkpt>
      <trkpt lat="50.07830414394792" lon="-122.96404823449772">
        <ele>1381.3</ele>
      </trkpt>
      <trkpt lat="50.0782951470829" lon="-122.96404975052374">
        <ele>1381.3</ele>
      </trkpt>
      <trkpt lat="50.078286097985604" lon="-122.96404984837005">
        <ele>1381.3</ele>
      </trkpt>
      <trkpt lat="50.0782760979856" lon="-122.96427984834088">
        <ele>1381.3</ele>
      </trkpt>
      <trkpt lat="50.07827452614732" lon="-122.96427972034027">
        <ele>1381.3</ele>
      </trkpt>
      <trkpt lat="50.07827295598953" lon="-122.96427954944473">
        <ele>1381.3</ele>
      </trkpt>
      <trkpt lat="50.078271387994306" lon="-122.96427933570668">
        <ele>1381.3</ele>
      </trkpt>
      <trkpt lat="50.078269822643016" lon="-122.96427907919175">
        <ele>1381.3</ele>
      </trkpt>
      <trkpt lat="50.07826826041623" lon="-122.96427877997873">
        <ele>1381.3</ele>
      </trkpt>
      <trkpt lat="50.07826670179357" lon="-122.96427843815944">
        <ele>1381.3</ele>
      </trkpt>
      <trkpt lat="50.078265147253525" lon="-122.96427805383883">
        <ele>1381.3</ele>
      </trkpt>
      <trkpt lat="50.07826359727337" lon="-122.96427762713489">
        <ele>1381.3</ele>
      </trkpt>
      <trkpt lat="50.078262052328945" lon="-122.96427715817862">
        <ele>1381.3</ele>
      </trkpt>
      <trkpt lat="50.07826051289455" lon="-122.96427664711399">
        <ele>1381.3</ele>
      </trkpt>
      <trkpt lat="50.07824051289455" lon="-122.96436664705699">
        <ele>1378.1</ele>
      </trkpt>
      <trkpt lat="50.0782438921928" lon="-122.96436771163282">
        <ele>1378.1</ele>
      </trkpt>
      <trkpt lat="50.0782472952175" lon="-122.96436857336232">
        <ele>1378.1</ele>
      </trkpt>
      <trkpt lat="50.078250716956084" lon="-122.9643692309762">
        <ele>1378.1</ele>
      </trkpt>
      <trkpt lat="50.078254152368395" lon="-122.96436968350581">
        <ele>1378.1</ele>
      </trkpt>
      <trkpt lat="50.07825759639414" lon="-122.96436993028455">
        <ele>1378.1</ele>
      </trkpt>
      <trkpt lat="50.07826104396034" lon="-122.96436997094895">
        <ele>1378.1</ele>
      </trkpt>
      <trkpt lat="50.07826448998882" lon="-122.9643698054391">
        <ele>1378.1</ele>
      </trkpt>
      <trkpt lat="50.07826792940363" lon="-122.9643694339988">
        <ele>1378.1</ele>
      </trkpt>
      <trkpt lat="50.078271357138604" lon="-122.96436885717517">
        <ele>1378.1</ele>
      </trkpt>
      <trkpt lat="50.07827476814475" lon="-122.96436807581786">
        <ele>1378.1</ele>
      </trkpt>
      <trkpt lat="50.078284768144755" lon="-122.96442807584667">
        <ele>1378.1</ele>
      </trkpt>
      <trkpt lat="50.07828274804521" lon="-122.96442856374327">
        <ele>1378.1</ele>
      </trkpt>
      <trkpt lat="50.07828072134413" lon="-122.964428979885">
        <ele>1378.1</ele>
      </trkpt>
      <trkpt lat="50.078278689091036" lon="-122.96442932405638">
        <ele>1378.1</ele>
      </trkpt>
      <trkpt lat="50.07827665233831" lon="-122.96442959607919">
        <ele>1378.1</ele>
      </trkpt>
      <trkpt lat="50.078274612140696" lon="-122.96442979581253">
        <ele>1378.1</ele>
      </trkpt>
      <trkpt lat="50.0782725695547" lon="-122.96442992315302">
        <ele>1378.1</ele>
      </trkpt>
      <trkpt lat="50.07827052563806" lon="-122.96442997803467">
        <ele>1378.1</ele>
      </trkpt>
      <trkpt lat="50.07826848144922" lon="-122.96442996042909">
        <ele>1378.1</ele>
      </trkpt>
      <trkpt lat="50.07826643804676" lon="-122.96442987034537">
        <ele>1378.1</ele>
      </trkpt>
      <trkpt lat="50.07826439648885" lon="-122.96442970783018">
        <ele>1378.1</ele>
      </trkpt>
      <trkpt lat="50.078254396488845" lon="-122.96458970780103">
        <ele>1375.5</ele>
      </trkpt>
      <trkpt lat="50.07826361062213" lon="-122.9645898672861">
        <ele>1375.5</ele>
      </trkpt>
      <trkpt lat="50.07827278676351" lon="-122.96458855505145">
        <ele>1375.5</ele>
      </trkpt>
      <trkpt lat="50.07828182835927" lon="-122.96458578490477">
        <ele>1375.5</ele>
      </trkpt>
      <trkpt lat="50.0782906402714" lon="-122.96458158599425">
        <ele>1375.5</ele>
      </trkpt>
      <trkpt lat="50.07829912977867" lon="-122.96457600250194">
        <ele>1375.5</ele>
      </trkpt>
      <trkpt lat="50.078307207552314" lon="-122.96456909317875">
        <ele>1375.5</ele>
      </trkpt>
      <trkpt lat="50.0783147885959" lon="-122.96456093072639">
        <ele>1375.5</ele>
      </trkpt>
      <trkpt lat="50.07832179313973" lon="-122.96455160103227">
        <ele>1375.5</ele>
      </trkpt>
      <trkpt lat="50.07832814748018" lon="-122.96454120226586">
        <ele>1375.5</ele>
      </trkpt>
      <trkpt lat="50.07833378475525" lon="-122.96452984384565">
        <ele>1375.5</ele>
      </trkpt>
      <trkpt lat="50.078338645648074" lon="-122.96451764528788">
        <ele>1375.5</ele>
      </trkpt>
      <trkpt lat="50.07834267901108" lon="-122.96450473494892">
        <ele>1375.5</ele>
      </trkpt>
      <trkpt lat="50.078345842404175" lon="-122.96449124867469">
        <ele>1375.5</ele>
      </trkpt>
      <trkpt lat="50.07834810254133" lon="-122.96447732837126">
        <ele>1375.5</ele>
      </trkpt>
      <trkpt lat="50.07834943564079" lon="-122.96446312051165">
        <ele>1375.5</ele>
      </trkpt>
      <trkpt lat="50.078349827675346" lon="-122.96444877459463">
        <ele>1375.5</ele>
      </trkpt>
      <trkpt lat="50.0783492745199" lon="-122.96443444157163">
        <ele>1375.5</ele>
      </trkpt>
      <trkpt lat="50.07834778199491" lon="-122.96442027225844">
        <ele>1375.5</ele>
      </trkpt>
      <trkpt lat="50.07834536580509" lon="-122.96440641574821">
        <ele>1375.5</ele>
      </trkpt>
      <trkpt lat="50.078342051374236" lon="-122.96439301784275">
        <ele>1375.5</ele>
      </trkpt>
      <trkpt lat="50.078337873577624" lon="-122.96438021951826">
        <ele>1375.5</ele>
      </trkpt>
      <trkpt lat="50.07833287637512" lon="-122.96436815544202">
        <ele>1375.5</ele>
      </trkpt>
      <trkpt lat="50.07832711234858" lon="-122.96435695255535">
        <ele>1375.5</ele>
      </trkpt>
      <trkpt lat="50.078320642148576" lon="-122.96434672873792">
        <ele>1375.5</ele>
      </trkpt>
      <trkpt lat="50.078313533856225" lon="-122.96433759156739">
        <ele>1375.5</ele>
      </trkpt>
      <trkpt lat="50.07830586226681" lon="-122.9643296371874">
        <ele>1375.5</ele>
      </trkpt>
      <trkpt lat="50.078495862266806" lon="-122.9640096367104">
        <ele>1370.0</ele>
      </trkpt>
      <trkpt lat="50.07849301242408" lon="-122.96400710844992">
        <ele>1370.0</ele>
      </trkpt>
      <trkpt lat="50.07849010526054" lon="-122.96400474396172">
        <ele>1370.0</ele>
      </trkpt>
      <trkpt lat="50.078487144650445" lon="-122.96400254639686">
        <ele>1370.0</ele>
      </trkpt>
      <trkpt lat="50.07848413453927" lon="-122.96400051868395">
        <ele>1370.0</ele>
      </trkpt>
      <trkpt lat="50.07848107893847" lon="-122.96399866352522">
        <ele>1370.0</ele>
      </trkpt>
      <trkpt lat="50.078477981920095" lon="-122.96399698339296">
        <ele>1370.0</ele>
      </trkpt>
      <trkpt lat="50.07847484761142" lon="-122.96399548052622">
        <ele>1370.0</ele>
      </trkpt>
      <trkpt lat="50.078471680189395" lon="-122.9639941569278">
        <ele>1370.0</ele>
      </trkpt>
      <trkpt lat="50.07846848387512" lon="-122.9639930143616">
        <ele>1370.0</ele>
      </trkpt>
      <trkpt lat="50.07846526292818" lon="-122.96399205435029">
        <ele>1370.0</ele>
      </trkpt>
      <trkpt lat="50.07851526292818" lon="-122.96370205420644">
        <ele>1371.7</ele>
      </trkpt>
      <trkpt lat="50.0785247015333" lon="-122.96370541507505">
        <ele>1371.7</ele>
      </trkpt>
      <trkpt lat="50.07853385319862" lon="-122.96371033931909">
        <ele>1371.7</ele>
      </trkpt>
      <trkpt lat="50.0785426116159" lon="-122.96371676973718">
        <ele>1371.7</ele>
      </trkpt>
      <trkpt lat="50.07855087504496" lon="-122.9637246316318">
        <ele>1371.7</ele>
      </trkpt>
      <trkpt lat="50.07855854749554" lon="-122.96373383367707">
        <ele>1371.7</ele>
      </trkpt>
      <trkpt lat="50.078565539842344" lon="-122.96374426897945">
        <ele>1371.7</ele>
      </trkpt>
      <trkpt lat="50.07857177086036" lon="-122.96375581631965">
        <ele>1371.7</ele>
      </trkpt>
      <trkpt lat="50.07857716816836" lon="-122.96376834156057">
        <ele>1371.7</ele>
      </trkpt>
      <trkpt lat="50.07858166906975" lon="-122.9637816992056">
        <ele>1371.7</ele>
      </trkpt>
      <trkpt lat="50.07858522128081" lon="-122.96379573408863">
        <ele>1371.7</ele>
      </trkpt>
      <trkpt lat="50.07861522128081" lon="-122.96378573406093">
        <ele>1371.7</ele>
      </trkpt>
      <trkpt lat="50.07861764432799" lon="-122.96379930161648">
        <ele>1371.7</ele>
      </trkpt>
      <trkpt lat="50.078619180252446" lon="-122.96381317989645">
        <ele>1371.7</ele>
      </trkpt>
      <trkpt lat="50.07861981350777" lon="-122.963827228427">
        <ele>1371.7</ele>
      </trkpt>
      <trkpt lat="50.07861953768426" lon="-122.96384130501097">
        <ele>1371.7</ele>
      </trkpt>
      <trkpt lat="50.07861835557375" lon="-122.96385526716733">
        <ele>1371.7</ele>
      </trkpt>
      <trkpt lat="50.07861627914139" lon="-122.96386897357321">
        <ele>1371.7</ele>
      </trkpt>
      <trkpt lat="50.078613329404526" lon="-122.96388228549445">
        <ele>1371.7</ele>
      </trkpt>
      <trkpt lat="50.07860953621993" lon="-122.96389506818974">
        <ele>1371.7</ele>
      </trkpt>
      <trkpt lat="50.078604937981666" lon="-122.9639071922746">
        <ele>1371.7</ele>
      </trkpt>
      <trkpt lat="50.0785995812324" lon="-122.96391853503086">
        <ele>1371.7</ele>
      </trkpt>
      <trkpt lat="50.078593520192356" lon="-122.96392898164882">
        <ele>1371.7</ele>
      </trkpt>
      <trkpt lat="50.07862352019236" lon="-122.96395898171075">
        <ele>1371.7</ele>
      </trkpt>
      <trkpt lat="50.07861834064395" lon="-122.96396644259869">
        <ele>1371.7</ele>
      </trkpt>
      <trkpt lat="50.078612801406074" lon="-122.96397324723262">
        <ele>1371.7</ele>
      </trkpt>
      <trkpt lat="50.07860693662997" lon="-122.9639793536597">
        <ele>1371.7</ele>
      </trkpt>
      <trkpt lat="50.078600782473934" lon="-122.96398472423176">
        <ele>1371.7</ele>
      </trkpt>
      <trkpt lat="50.07859437688039" lon="-122.96398932583747">
        <ele>1371.7</ele>
      </trkpt>
      <trkpt lat="50.078587759341936" lon="-122.9639931301064">
        <ele>1371.7</ele>
      </trkpt>
      <trkpt lat="50.07858097065792" lon="-122.96399611358393">
        <ele>1371.7</ele>
      </trkpt>
      <trkpt lat="50.07857405268282" lon="-122.96399825787597">
        <ele>1371.7</ele>
      </trkpt>
      <trkpt lat="50.07856704806825" lon="-122.96399954976222">
        <ele>1371.7</ele>
      </trkpt>
      <trkpt lat="50.07856" lon="-122.96399998127778">
        <ele>1371.7</ele>
      </trkpt>
      <trkpt lat="50.07856" lon="-122.96411998127779">
        <ele>1370.0</ele>
      </trkpt>
      <trkpt lat="50.07856249967424" lon="-122.96411992707306">
        <ele>1370.0</ele>
      </trkpt>
      <trkpt lat="50.07856499741259" lon="-122.96411976450081">
        <ele>1370.0</ele>
      </trkpt>
      <trkpt lat="50.07856749128066" lon="-122.96411949368697">
        <ele>1370.0</ele>
      </trkpt>
      <trkpt lat="50.07856997934705" lon="-122.96411911484125">
        <ele>1370.0</ele>
      </trkpt>
      <trkpt lat="50.078572459684864" lon="-122.96411862825708">
        <ele>1370.0</ele>
      </trkpt>
      <trkpt lat="50.07857493037319" lon="-122.96411803431128">
        <ele>1370.0</ele>
      </trkpt>
      <trkpt lat="50.078577389498584" lon="-122.96411733346385">
        <ele>1370.0</ele>
      </trkpt>
      <trkpt lat="50.07857983515656" lon="-122.96411652625756">
        <ele>1370.0</ele>
      </trkpt>
      <trkpt lat="50.07858226545306" lon="-122.96411561331753">
        <ele>1370.0</ele>
      </trkpt>
      <trkpt lat="50.078584678505926" lon="-122.96411459535082">
        <ele>1370.0</ele>
      </trkpt>
      <trkpt lat="50.078604678505926" lon="-122.96418459540696">
        <ele>1370.0</ele>
      </trkpt>
      <trkpt lat="50.078599767234216" lon="-122.96418655023312">
        <ele>1370.0</ele>
      </trkpt>
      <trkpt lat="50.07859479302212" lon="-122.96418807027291">
        <ele>1370.0</ele>
      </trkpt>
      <trkpt lat="50.07858977170791" lon="-122.9641891506864">
        <ele>1370.0</ele>
      </trkpt>
      <trkpt lat="50.07858471927984" lon="-122.96418978803347">
        <ele>1370.0</ele>
      </trkpt>
      <trkpt lat="50.07857965182522" lon="-122.96418998028474">
        <ele>1370.0</ele>
      </trkpt>
      <trkpt lat="50.07857458547922" lon="-122.96418972682811">
        <ele>1370.0</ele>
      </trkpt>
      <trkpt lat="50.078569536373465" lon="-122.96418902847056">
        <ele>1370.0</ele>
      </trkpt>
      <trkpt lat="50.07856452058469" lon="-122.96418788743574">
        <ele>1370.0</ele>
      </trkpt>
      <trkpt lat="50.07855955408356" lon="-122.9641863073568">
        <ele>1370.0</ele>
      </trkpt>
      <trkpt lat="50.0785546526838" lon="-122.9641842932648">
        <ele>1370.0</ele>
      </trkpt>
      <trkpt lat="50.0785046526838" lon="-122.96435429312474">
        <ele>1368.4</ele>
      </trkpt>
      <trkpt lat="50.07850712793354" lon="-122.9643553678768">
        <ele>1368.4</ele>
      </trkpt>
      <trkpt lat="50.07850962189717" lon="-122.96435633187107">
        <ele>1368.4</ele>
      </trkpt>
      <trkpt lat="50.07851213253414" lon="-122.9643571843188">
        <ele>1368.4</ele>
      </trkpt>
      <trkpt lat="50.07851465779024" lon="-122.96435792452255">
        <ele>1368.4</ele>
      </trkpt>
      <trkpt lat="50.07851719559931" lon="-122.96435855187664">
        <ele>1368.4</ele>
      </trkpt>
      <trkpt lat="50.07851974388492" lon="-122.96435906586781">
        <ele>1368.4</ele>
      </trkpt>
      <trkpt lat="50.07852230056207" lon="-122.9643594660755">
        <ele>1368.4</ele>
      </trkpt>
      <trkpt lat="50.07852486353889" lon="-122.96435975217226">
        <ele>1368.4</ele>
      </trkpt>
      <trkpt lat="50.07852743071835" lon="-122.964359923924">
        <ele>1368.4</ele>
      </trkpt>
      <trkpt lat="50.07853" lon="-122.9643599811902">
        <ele>1368.4</ele>
      </trkpt>
      <trkpt lat="50.07853" lon="-122.96442998119021">
        <ele>1368.4</ele>
      </trkpt>
      <trkpt lat="50.078539333390275" lon="-122.96442922358706">
        <ele>1368.4</ele>
      </trkpt>
      <trkpt lat="50.0785485657526" lon="-122.96442695897821">
        <ele>1368.4</ele>
      </trkpt>
      <trkpt lat="50.07855759715261" lon="-122.96442321187658">
        <ele>1368.4</ele>
      </trkpt>
      <trkpt lat="50.078566329831204" lon="-122.96441802284212">
        <ele>1368.4</ele>
      </trkpt>
      <trkpt lat="50.07857466926276" lon="-122.96441144804281">
        <ele>1368.4</ele>
      </trkpt>
      <trkpt lat="50.0785825251783" lon="-122.96440355864661">
        <ele>1368.4</ele>
      </trkpt>
      <trkpt lat="50.078589812542596" lon="-122.96439444005115">
        <ele>1368.4</ele>
      </trkpt>
      <trkpt lat="50.07859645247461" lon="-122.96438419095938">
        <ele>1368.4</ele>
      </trkpt>
      <trkpt lat="50.078602373101376" lon="-122.96437292231109">
        <ele>1368.4</ele>
      </trkpt>
      <trkpt lat="50.07860751033589" lon="-122.96436075608216">
        <ele>1368.4</ele>
      </trkpt>
      <trkpt lat="50.07861180857092" lon="-122.96434782396419">
        <ele>1368.4</ele>
      </trkpt>
      <trkpt lat="50.07861522128083" lon="-122.96433426593902">
        <ele>1368.4</ele>
      </trkpt>
      <trkpt lat="50.07864522128083" lon="-122.9643442659667">
        <ele>1368.4</ele>
      </trkpt>
      <trkpt lat="50.07864767210344" lon="-122.96433050520903">
        <ele>1368.4</ele>
      </trkpt>
      <trkpt lat="50.07864921042885" lon="-122.96431642695106">
        <ele>1368.4</ele>
      </trkpt>
      <trkpt lat="50.078649820246056" lon="-122.96430217772027">
        <ele>1368.4</ele>
      </trkpt>
      <trkpt lat="50.07864949520803" lon="-122.96428790582362">
        <ele>1368.4</ele>
      </trkpt>
      <trkpt lat="50.07864823869781" lon="-122.96427375980399">
        <ele>1368.4</ele>
      </trkpt>
      <trkpt lat="50.07864606379323" lon="-122.96425988689408">
        <ele>1368.4</ele>
      </trkpt>
      <trkpt lat="50.078642993130835" lon="-122.96424643148411">
        <ele>1368.4</ele>
      </trkpt>
      <trkpt lat="50.078639058670305" lon="-122.96423353361891">
        <ele>1368.4</ele>
      </trkpt>
      <trkpt lat="50.07863430136176" lon="-122.9642213275403">
        <ele>1368.4</ele>
      </trkpt>
      <trkpt lat="50.07862877071959" lon="-122.96420994029">
        <ele>1368.4</ele>
      </trkpt>
      <trkpt lat="50.07862252430711" lon="-122.96419949038729">
        <ele>1368.4</ele>
      </trkpt>
      <trkpt lat="50.07861562713738" lon="-122.96419008659544">
        <ele>1368.4</ele>
      </trkpt>
      <trkpt lat="50.07860815099664" lon="-122.96418182678977">
        <ele>1368.4</ele>
      </trkpt>
      <trkpt lat="50.07860017369705" lon="-122.9641747969389">
        <ele>1368.4</ele>
      </trkpt>
      <trkpt lat="50.07862017369705" lon="-122.96413479688668">
        <ele>1368.4</ele>
      </trkpt>
      <trkpt lat="50.078618146899544" lon="-122.96413326691834">
        <ele>1368.4</ele>
      </trkpt>
      <trkpt lat="50.07861609612601" lon="-122.96413181660405">
        <ele>1368.4</ele>
      </trkpt>
      <trkpt lat="50.0786140226654" lon="-122.9641304468554">
        <ele>1368.4</ele>
      </trkpt>
      <trkpt lat="50.078611927820916" lon="-122.9641291585333">
        <ele>1368.4</ele>
      </trkpt>
      <trkpt lat="50.078609812909214" lon="-122.96412795244744">
        <ele>1368.4</ele>
      </trkpt>
      <trkpt lat="50.07860767925954" lon="-122.96412682935592">
        <ele>1368.4</ele>
      </trkpt>
      <trkpt lat="50.07860552821295" lon="-122.96412578996458">
        <ele>1368.4</ele>
      </trkpt>
      <trkpt lat="50.07860336112141" lon="-122.96412483492674">
        <ele>1368.4</ele>
      </trkpt>
      <trkpt lat="50.07860117934697" lon="-122.96412396484263">
        <ele>1368.4</ele>
      </trkpt>
      <trkpt lat="50.07859898426092" lon="-122.96412318025911">
        <ele>1368.4</ele>
      </trkpt>
      <trkpt lat="50.07867898426092" lon="-122.96375318003082">
        <ele>1359.4</ele>
      </trkpt>
      <trkpt lat="50.07868226328447" lon="-122.96375438553511">
        <ele>1359.4</ele>
      </trkpt>
      <trkpt lat="50.078685510993225" lon="-122.96375578179024">
        <ele>1359.4</ele>
      </trkpt>
      <trkpt lat="50.07868872281906" lon="-122.96375736683228">
        <ele>1359.4</ele>
      </trkpt>
      <trkpt lat="50.078691894244315" lon="-122.96375913843177">
        <ele>1359.4</ele>
      </trkpt>
      <trkpt lat="50.07869502080818" lon="-122.96376109409681">
        <ele>1359.4</ele>
      </trkpt>
      <trkpt lat="50.07869809811294" lon="-122.96376323107665">
        <ele>1359.4</ele>
      </trkpt>
      <trkpt lat="50.07870112183014" lon="-122.9637655463655">
        <ele>1359.4</ele>
      </trkpt>
      <trkpt lat="50.07870408770673" lon="-122.96376803670671">
        <ele>1359.4</ele>
      </trkpt>
      <trkpt lat="50.07870699157101" lon="-122.96377069859749">
        <ele>1359.4</ele>
      </trkpt>
      <trkpt lat="50.07870982933849" lon="-122.96377352829367">
        <ele>1359.4</ele>
      </trkpt>
      <trkpt lat="50.07872982933849" lon="-122.96374352824508">
        <ele>1361.0</ele>
      </trkpt>
      <trkpt lat="50.0787370880358" lon="-122.96375192052597">
        <ele>1361.0</ele>
      </trkpt>
      <trkpt lat="50.07874376879741" lon="-122.96376140695882">
        <ele>1361.0</ele>
      </trkpt>
      <trkpt lat="50.07874980399005" lon="-122.96377189150691">
        <ele>1361.0</ele>
      </trkpt>
      <trkpt lat="50.07875513251592" lon="-122.96378326802899">
        <ele>1361.0</ele>
      </trkpt>
      <trkpt lat="50.078759700431235" lon="-122.96379542135386">
        <ele>1361.0</ele>
      </trkpt>
      <trkpt lat="50.078763461492294" lon="-122.96380822844628">
        <ele>1361.0</ele>
      </trkpt>
      <trkpt lat="50.078766377623666" lon="-122.96382155965252">
        <ele>1361.0</ele>
      </trkpt>
      <trkpt lat="50.07876841930366" lon="-122.96383528001297">
        <ele>1361.0</ele>
      </trkpt>
      <trkpt lat="50.078769565863126" lon="-122.96384925062836">
        <ele>1361.0</ele>
      </trkpt>
      <trkpt lat="50.07876980569479" lon="-122.96386333006593">
        <ele>1361.0</ele>
      </trkpt>
      <trkpt lat="50.07876913637068" lon="-122.96387737579131">
        <ele>1361.0</ele>
      </trkpt>
      <trkpt lat="50.07876756466677" lon="-122.96389124561135">
        <ele>1361.0</ele>
      </trkpt>
      <trkpt lat="50.07876510649434" lon="-122.96390479911372">
        <ele>1361.0</ele>
      </trkpt>
      <trkpt lat="50.078761786738895" lon="-122.96391789908837">
        <ele>1361.0</ele>
      </trkpt>
      <trkpt lat="50.078757639008295" lon="-122.96393041291655">
        <ele>1361.0</ele>
      </trkpt>
      <trkpt lat="50.07875270529243" lon="-122.96394221391346">
        <ele>1361.0</ele>
      </trkpt>
      <trkpt lat="50.07874703553821" lon="-122.96395318261065">
        <ele>1361.0</ele>
      </trkpt>
      <trkpt lat="50.078740687143885" lon="-122.96396320796556">
        <ele>1361.0</ele>
      </trkpt>
      <trkpt lat="50.07873372437798" lon="-122.96397218848567">
        <ele>1361.0</ele>
      </trkpt>
      <trkpt lat="50.07872621772866" lon="-122.96398003325587">
        <ele>1361.0</ele>
      </trkpt>
      <trkpt lat="50.07875621772866" lon="-122.96403003333099">
        <ele>1359.4</ele>
      </trkpt>
      <trkpt lat="50.07875238566573" lon="-122.96403341987337">
        <ele>1359.4</ele>
      </trkpt>
      <trkpt lat="50.078748451663635" lon="-122.9640365095862">
        <ele>1359.4</ele>
      </trkpt>
      <trkpt lat="50.07874442518379" lon="-122.96403929503856">
        <ele>1359.4</ele>
      </trkpt>
      <trkpt lat="50.078740315910046" lon="-122.96404176953133">
        <ele>1359.4</ele>
      </trkpt>
      <trkpt lat="50.078736133725364" lon="-122.96404392711327">
        <ele>1359.4</ele>
      </trkpt>
      <trkpt lat="50.07873188868806" lon="-122.9640457625953">
        <ele>1359.4</ele>
      </trkpt>
      <trkpt lat="50.07872759100761" lon="-122.96404727156305">
        <ele>1359.4</ele>
      </trkpt>
      <trkpt lat="50.07872325102011" lon="-122.96404845038735">
        <ele>1359.4</ele>
      </trkpt>
      <trkpt lat="50.07871887916339" lon="-122.9640492962331">
        <ele>1359.4</ele>
      </trkpt>
      <trkpt lat="50.078714485951934" lon="-122.964049807066">
        <ele>1359.4</ele>
      </trkpt>
      <trkpt lat="50.07872448595193" lon="-122.96424980709517">
        <ele>1359.4</ele>
      </trkpt>
      <trkpt lat="50.07872287341406" lon="-122.96424991011489">
        <ele>1359.4</ele>
      </trkpt>
      <trkpt lat="50.07872125994872" lon="-122.96424996797556">
        <ele>1359.4</ele>
      </trkpt>
      <trkpt lat="50.07871964607671" lon="-122.96424998065851">
        <ele>1359.4</ele>
      </trkpt>
      <trkpt lat="50.078718032318946" lon="-122.96424994815965">
        <ele>1359.4</ele>
      </trkpt>
      <trkpt lat="50.07871641919628" lon="-122.96424987048947">
        <ele>1359.4</ele>
      </trkpt>
      <trkpt lat="50.07871480722941" lon="-122.96424974767302">
        <ele>1359.4</ele>
      </trkpt>
      <trkpt lat="50.078713196938615" lon="-122.96424957974997">
        <ele>1359.4</ele>
      </trkpt>
      <trkpt lat="50.07871158884365" lon="-122.96424936677452">
        <ele>1359.4</ele>
      </trkpt>
      <trkpt lat="50.078709983463575" lon="-122.9642491088154">
        <ele>1359.4</ele>
      </trkpt>
      <trkpt lat="50.07870838131656" lon="-122.96424880595586">
        <ele>1359.4</ele>
      </trkpt>
      <trkpt lat="50.078678381316564" lon="-122.964478805869">
        <ele>1356.8</ele>
      </trkpt>
      <trkpt lat="50.07867705899578" lon="-122.96447852151748">
        <ele>1356.8</ele>
      </trkpt>
      <trkpt lat="50.078675739532464" lon="-122.96447820657943">
        <ele>1356.8</ele>
      </trkpt>
      <trkpt lat="50.078674423217954" lon="-122.96447786112441">
        <ele>1356.8</ele>
      </trkpt>
      <trkpt lat="50.078673110342905" lon="-122.96447748522868">
        <ele>1356.8</ele>
      </trkpt>
      <trkpt lat="50.07867180119722" lon="-122.96447707897526">
        <ele>1356.8</ele>
      </trkpt>
      <trkpt lat="50.07867049606995" lon="-122.96447664245386">
        <ele>1356.8</ele>
      </trkpt>
      <trkpt lat="50.07866919524928" lon="-122.96447617576084">
        <ele>1356.8</ele>
      </trkpt>
      <trkpt lat="50.07866789902245" lon="-122.96447567899925">
        <ele>1356.8</ele>
      </trkpt>
      <trkpt lat="50.07866660767567" lon="-122.96447515227881">
        <ele>1356.8</ele>
      </trkpt>
      <trkpt lat="50.07866532149408" lon="-122.96447459571579">
        <ele>1356.8</ele>
      </trkpt>
      <trkpt lat="50.078605321494074" lon="-122.96468459554734">
        <ele>1353.0</ele>
      </trkpt>
      <trkpt lat="50.0786023829127" lon="-122.96468320212236">
        <ele>1353.0</ele>
      </trkpt>
      <trkpt lat="50.078599476620745" lon="-122.96468165295973">
        <ele>1353.0</ele>
      </trkpt>
      <trkpt lat="50.07859660601621" lon="-122.9646799498707">
        <ele>1353.0</ele>
      </trkpt>
      <trkpt lat="50.07859377445535" lon="-122.96467809484652">
        <ele>1353.0</ele>
      </trkpt>
      <trkpt lat="50.07859098524877" lon="-122.96467609005603">
        <ele>1353.0</ele>
      </trkpt>
      <trkpt lat="50.07858824165758" lon="-122.9646739378432">
        <ele>1353.0</ele>
      </trkpt>
      <trkpt lat="50.07858554688952" lon="-122.96467164072436">
        <ele>1353.0</ele>
      </trkpt>
      <trkpt lat="50.078582904095285" lon="-122.96466920138526">
        <ele>1353.0</ele>
      </trkpt>
      <trkpt lat="50.07858031636478" lon="-122.96466662267795">
        <ele>1353.0</ele>
      </trkpt>
      <trkpt lat="50.07857778672352" lon="-122.96466390761739">
        <ele>1353.0</ele>
      </trkpt>
      <trkpt lat="50.07852778672353" lon="-122.9647339074986">
        <ele>1366.8</ele>
      </trkpt>
      <trkpt lat="50.078531474342725" lon="-122.96473780053964">
        <ele>1366.8</ele>
      </trkpt>
      <trkpt lat="50.07853528126757" lon="-122.96474140395513">
        <ele>1366.8</ele>
      </trkpt>
      <trkpt lat="50.078539198138316" lon="-122.9647447088857">
        <ele>1366.8</ele>
      </trkpt>
      <trkpt lat="50.078543215324906" lon="-122.96474770720583">
        <ele>1366.8</ele>
      </trkpt>
      <trkpt lat="50.078547322950655" lon="-122.96475039154379">
        <ele>1366.8</ele>
      </trkpt>
      <trkpt lat="50.07855151091651" lon="-122.96475275529984">
        <ele>1366.8</ele>
      </trkpt>
      <trkpt lat="50.0785557689259" lon="-122.96475479266245">
        <ele>1366.8</ele>
      </trkpt>
      <trkpt lat="50.07856008651004" lon="-122.96475649862253">
        <ele>1366.8</ele>
      </trkpt>
      <trkpt lat="50.07856445305367" lon="-122.96475786898579">
        <ele>1366.8</ele>
      </trkpt>
      <trkpt lat="50.07856885782118" lon="-122.96475890038305">
        <ele>1366.8</ele>
      </trkpt>
      <trkpt lat="50.07855885782118" lon="-122.96483890035407">
        <ele>1366.8</ele>
      </trkpt>
      <trkpt lat="50.078552115792824" lon="-122.96483717913607">
        <ele>1366.8</ele>
      </trkpt>
      <trkpt lat="50.07854547720734" lon="-122.96483466446918">
        <ele>1366.8</ele>
      </trkpt>
      <trkpt lat="50.07853898046254" lon="-122.96483137089834">
        <ele>1366.8</ele>
      </trkpt>
      <trkpt lat="50.078532663135825" lon="-122.96482731747366">
        <ele>1366.8</ele>
      </trkpt>
      <trkpt lat="50.07852656176682" lon="-122.9648225276403">
        <ele>1366.8</ele>
      </trkpt>
      <trkpt lat="50.078520711646064" lon="-122.96481702910282">
        <ele>1366.8</ele>
      </trkpt>
      <trkpt lat="50.07851514661086" lon="-122.96481085366496">
        <ele>1366.8</ele>
      </trkpt>
      <trkpt lat="50.07850989884956" lon="-122.96480403704564">
        <ele>1366.8</ele>
      </trkpt>
      <trkpt lat="50.078504998715395" lon="-122.96479661867245">
        <ele>1366.8</ele>
      </trkpt>
      <trkpt lat="50.078500474550914" lon="-122.96478864145351">
        <ele>1366.8</ele>
      </trkpt>
      <trkpt lat="50.078280474550915" lon="-122.96496864104675">
        <ele>1363.0</ele>
      </trkpt>
      <trkpt lat="50.07828378753222" lon="-122.96497460013184">
        <ele>1363.0</ele>
      </trkpt>
      <trkpt lat="50.07828731056683" lon="-122.96498025910624">
        <ele>1363.0</ele>
      </trkpt>
      <trkpt lat="50.07829103247821" lon="-122.96498560001733">
        <ele>1363.0</ele>
      </trkpt>
      <trkpt lat="50.07829494145893" lon="-122.96499060592156">
        <ele>1363.0</ele>
      </trkpt>
      <trkpt lat="50.07829902510808" lon="-122.9649952609381">
        <ele>1363.0</ele>
      </trkpt>
      <trkpt lat="50.07830327047065" lon="-122.96499955029935">
        <ele>1363.0</ele>
      </trkpt>
      <trkpt lat="50.07830766407858" lon="-122.96500346039765">
        <ele>1363.0</ele>
      </trkpt>
      <trkpt lat="50.07831219199355" lon="-122.9650069788286">
        <ele>1363.0</ele>
      </trkpt>
      <trkpt lat="50.07831683985113" lon="-122.96501009443023">
        <ele>1363.0</ele>
      </trkpt>
      <trkpt lat="50.0783215929064" lon="-122.9650127973186">
        <ele>1363.0</ele>
      </trkpt>
      <trkpt lat="50.0783015929064" lon="-122.9650727972632">
        <ele>1371.1</ele>
      </trkpt>
      <trkpt lat="50.07829319356111" lon="-122.96506769131253">
        <ele>1371.1</ele>
      </trkpt>
      <trkpt lat="50.07828516496857" lon="-122.96506129912206">
        <ele>1371.1</ele>
      </trkpt>
      <trkpt lat="50.07827758800113" lon="-122.96505368508059">
        <ele>1371.1</ele>
      </trkpt>
      <trkpt lat="50.07827053898189" lon="-122.96504492588468">
        <ele>1371.1</ele>
      </trkpt>
      <trkpt lat="50.07826408891591" lon="-122.96503510976606">
        <ele>1371.1</ele>
      </trkpt>
      <trkpt lat="50.078258302774955" lon="-122.9650243356029">
        <ele>1371.1</ele>
      </trkpt>
      <trkpt lat="50.07825323884307" lon="-122.96501271192378">
        <ele>1371.1</ele>
      </trkpt>
      <trkpt lat="50.07824894812944" lon="-122.9650003558145">
        <ele>1371.1</ele>
      </trkpt>
      <trkpt lat="50.078245473854615" lon="-122.96498739173862">
        <ele>1371.1</ele>
      </trkpt>
      <trkpt lat="50.078242851015084" lon="-122.96497395028383">
        <ele>1371.1</ele>
      </trkpt>
      <trkpt lat="50.078202851015085" lon="-122.96498395025552">
        <ele>1371.1</ele>
      </trkpt>
      <trkpt lat="50.07820415509707" lon="-122.96499123607147">
        <ele>1371.1</ele>
      </trkpt>
      <trkpt lat="50.078205709830854" lon="-122.96499840148543">
        <ele>1371.1</ele>
      </trkpt>
      <trkpt lat="50.078207510676904" lon="-122.96500542557571">
        <ele>1371.1</ele>
      </trkpt>
      <trkpt lat="50.07820955237706" lon="-122.96501228783318">
        <ele>1371.1</ele>
      </trkpt>
      <trkpt lat="50.078211828969934" lon="-122.96501896822129">
        <ele>1371.1</ele>
      </trkpt>
      <trkpt lat="50.07821433380827" lon="-122.9650254472345">
        <ele>1371.1</ele>
      </trkpt>
      <trkpt lat="50.078217059578385" lon="-122.96503170595523">
        <ele>1371.1</ele>
      </trkpt>
      <trkpt lat="50.07821999832153" lon="-122.96503772610914">
        <ele>1371.1</ele>
      </trkpt>
      <trkpt lat="50.07822314145708" lon="-122.96504349011848">
        <ele>1371.1</ele>
      </trkpt>
      <trkpt lat="50.078226479807654" lon="-122.96504898115333">
        <ele>1371.1</ele>
      </trkpt>
      <trkpt lat="50.07817647980765" lon="-122.96509898105012">
        <ele>1371.1</ele>
      </trkpt>
      <trkpt lat="50.07817793665077" lon="-122.96510120028077">
        <ele>1371.1</ele>
      </trkpt>
      <trkpt lat="50.07817942541648" lon="-122.96510336745855">
        <ele>1371.1</ele>
      </trkpt>
      <trkpt lat="50.07818094533904" lon="-122.96510548146875">
        <ele>1371.1</ele>
      </trkpt>
      <trkpt lat="50.078182495636675" lon="-122.96510754122401">
        <ele>1371.1</ele>
      </trkpt>
      <trkpt lat="50.07818407551196" lon="-122.96510954566489">
        <ele>1371.1</ele>
      </trkpt>
      <trkpt lat="50.0781856841523" lon="-122.9651114937604">
        <ele>1371.1</ele>
      </trkpt>
      <trkpt lat="50.07818732073028" lon="-122.96511338450853">
        <ele>1371.1</ele>
      </trkpt>
      <trkpt lat="50.07818898440411" lon="-122.96511521693674">
        <ele>1371.1</ele>
      </trkpt>
      <trkpt lat="50.078190674318066" lon="-122.96511699010253">
        <ele>1371.1</ele>
      </trkpt>
      <trkpt lat="50.07819238960295" lon="-122.96511870309386">
        <ele>1371.1</ele>
      </trkpt>
      <trkpt lat="50.07804238960295" lon="-122.96535870272248">
        <ele>1364.5</ele>
      </trkpt>
      <trkpt lat="50.07804517158818" lon="-122.96536130445543">
        <ele>1364.5</ele>
      </trkpt>
      <trkpt lat="50.07804801205385" lon="-122.96536374794191">
        <ele>1364.5</ele>
      </trkpt>
      <trkpt lat="50.07805090729446" lon="-122.96536602999429">
        <ele>1364.5</ele>
      </trkpt>
      <trkpt lat="50.078053853533056" lon="-122.96536814763553">
        <ele>1364.5</ele>
      </trkpt>
      <trkpt lat="50.07805684692616" lon="-122.9653700981031">
        <ele>1364.5</ele>
      </trkpt>
      <trkpt lat="50.078059883568756" lon="-122.96537187885252">
        <ele>1364.5</ele>
      </trkpt>
      <trkpt lat="50.078062959499434" lon="-122.96537348756075">
        <ele>1364.5</ele>
      </trkpt>
      <trkpt lat="50.07806607070552" lon="-122.96537492212917">
        <ele>1364.5</ele>
      </trkpt>
      <trkpt lat="50.07806921312832" lon="-122.9653761806863">
        <ele>1364.5</ele>
      </trkpt>
      <trkpt lat="50.07807238266842" lon="-122.96537726159035">
        <ele>1364.5</ele>
      </trkpt>
      <trkpt lat="50.07806238266841" lon="-122.96542726156171">
        <ele>1358.1</ele>
      </trkpt>
      <trkpt lat="50.07805511478142" lon="-122.96542450155431">
        <ele>1358.1</ele>
      </trkpt>
      <trkpt lat="50.078048019462635" lon="-122.96542080883688">
        <ele>1358.1</ele>
      </trkpt>
      <trkpt lat="50.078041145915016" lon="-122.96541620901684">
        <ele>1358.1</ele>
      </trkpt>
      <trkpt lat="50.07803454180365" lon="-122.96541073399192">
        <ele>1358.1</ele>
      </trkpt>
      <trkpt lat="50.07802825292519" lon="-122.96540442172906">
        <ele>1358.1</ele>
      </trkpt>
      <trkpt lat="50.078022322890284" lon="-122.96539731600109">
        <ele>1358.1</ele>
      </trkpt>
      <trkpt lat="50.07801679282114" lon="-122.96538946608312">
        <ele>1358.1</ele>
      </trkpt>
      <trkpt lat="50.07801170106641" lon="-122.96538092641096">
        <ele>1358.1</ele>
      </trkpt>
      <trkpt lat="50.078007082935194" lon="-122.96537175620352">
        <ele>1358.1</ele>
      </trkpt>
      <trkpt lat="50.07800297045224" lon="-122.96536201905224">
        <ele>1358.1</ele>
      </trkpt>
      <trkpt lat="50.07795297045224" lon="-122.96539201897713">
        <ele>1362.0</ele>
      </trkpt>
      <trkpt lat="50.0779554932594" lon="-122.96539819852724">
        <ele>1362.0</ele>
      </trkpt>
      <trkpt lat="50.07795822003452" lon="-122.96540416400285">
        <ele>1362.0</ele>
      </trkpt>
      <trkpt lat="50.07796114331284" lon="-122.96540989907298">
        <ele>1362.0</ele>
      </trkpt>
      <trkpt lat="50.07796425509166" lon="-122.96541538803747">
        <ele>1362.0</ele>
      </trkpt>
      <trkpt lat="50.07796754685225" lon="-122.96542061586983">
        <ele>1362.0</ele>
      </trkpt>
      <trkpt lat="50.07797100958316" lon="-122.96542556825847">
        <ele>1362.0</ele>
      </trkpt>
      <trkpt lat="50.077974633804885" lon="-122.96543023164584">
        <ele>1362.0</ele>
      </trkpt>
      <trkpt lat="50.07797840959585" lon="-122.96543459326557">
        <ele>1362.0</ele>
      </trkpt>
      <trkpt lat="50.07798232661954" lon="-122.96543864117739">
        <ele>1362.0</ele>
      </trkpt>
      <trkpt lat="50.077986374152786" lon="-122.9654423642998">
        <ele>1362.0</ele>
      </trkpt>
      <trkpt lat="50.07793" lon="-122.9655">
        <ele>1362.0</ele>
      </trkpt>
      <trkpt lat="50.07782201172608" lon="-122.96577684682181">
        <ele>1354.7</ele>
      </trkpt>
      <trkpt lat="50.077823794863484" lon="-122.96577810679871">
        <ele>1354.7</ele>
      </trkpt>
      <trkpt lat="50.07782559519975" lon="-122.96577930591988">
        <ele>1354.7</ele>
      </trkpt>
      <trkpt lat="50.07782741187963" lon="-122.9657804436157">
        <ele>1354.7</ele>
      </trkpt>
      <trkpt lat="50.077829244040146" lon="-122.9657815193457">
        <ele>1354.7</ele>
      </trkpt>
      <trkpt lat="50.07783109081094" lon="-122.9657825325989">
        <ele>1354.7</ele>
      </trkpt>
      <trkpt lat="50.07783295131473" lon="-122.96578348289391">
        <ele>1354.7</ele>
      </trkpt>
      <trkpt lat="50.0778348246677" lon="-122.96578436977936">
        <ele>1354.7</ele>
      </trkpt>
      <trkpt lat="50.077836709979934" lon="-122.96578519283392">
        <ele>1354.7</ele>
      </trkpt>
      <trkpt lat="50.07783860635584" lon="-122.9657859516666">
        <ele>1354.7</ele>
      </trkpt>
      <trkpt lat="50.077840512894554" lon="-122.96578664591694">
        <ele>1354.7</ele>
      </trkpt>
      <trkpt lat="50.07784" lon="-122.96574">
        <ele>1354.7</ele>
      </trkpt>
      <trkpt lat="50.07780885782119" lon="-122.96603889818124">
        <ele>1345.6</ele>
      </trkpt>
      <trkpt lat="50.0778126358692" lon="-122.96603950797272">
        <ele>1345.6</ele>
      </trkpt>
      <trkpt lat="50.07781642708272" lon="-122.96603986835355">
        <ele>1345.6</ele>
      </trkpt>
      <trkpt lat="50.07782022468386" lon="-122.96603997867939">
        <ele>1345.6</ele>
      </trkpt>
      <trkpt lat="50.07782402188331" lon="-122.96603983875303">
        <ele>1345.6</ele>
      </trkpt>
      <trkpt lat="50.07782781189248" lon="-122.96603944882462">
        <ele>1345.6</ele>
      </trkpt>
      <trkpt lat="50.077831587935655" lon="-122.96603880959128">
        <ele>1345.6</ele>
      </trkpt>
      <trkpt lat="50.07783534326205" lon="-122.96603792219581">
        <ele>1345.6</ele>
      </trkpt>
      <trkpt lat="50.077839071157946" lon="-122.9660367882247">
        <ele>1345.6</ele>
      </trkpt>
      <trkpt lat="50.07784276495865" lon="-122.96603540970523">
        <ele>1345.6</ele>
      </trkpt>
      <trkpt lat="50.077846418060446" lon="-122.96603378910191">
        <ele>1345.6</ele>
      </trkpt>
      <trkpt lat="50.077886418060444" lon="-122.96616378921354">
        <ele>1345.6</ele>
      </trkpt>
      <trkpt lat="50.07789176105716" lon="-122.96616093801775">
        <ele>1345.6</ele>
      </trkpt>
      <trkpt lat="50.07789697851686" lon="-122.96615756928354">
        <ele>1345.6</ele>
      </trkpt>
      <trkpt lat="50.07790204981731" lon="-122.96615369632597">
        <ele>1345.6</ele>
      </trkpt>
      <trkpt lat="50.077906954913956" lon="-122.9661493344531">
        <ele>1345.6</ele>
      </trkpt>
      <trkpt lat="50.077911674419184" lon="-122.96614450090543">
        <ele>1345.6</ele>
      </trkpt>
      <trkpt lat="50.077916189678945" lon="-122.96613921478775">
        <ele>1345.6</ele>
      </trkpt>
      <trkpt lat="50.07792048284646" lon="-122.96613349699369">
        <ele>1345.6</ele>
      </trkpt>
      <trkpt lat="50.07792453695279" lon="-122.9661273701231">
        <ele>1345.6</ele>
      </trkpt>
      <trkpt lat="50.07792833597391" lon="-122.9661208583927">
        <ele>1345.6</ele>
      </trkpt>
      <trkpt lat="50.077931864894005" lon="-122.96611398754041">
        <ele>1345.6</ele>
      </trkpt>
      <trkpt lat="50.077971864894" lon="-122.96614398761048">
        <ele>1345.6</ele>
      </trkpt>
      <trkpt lat="50.07797636392105" lon="-122.9661337199102">
        <ele>1345.6</ele>
      </trkpt>
      <trkpt lat="50.07798026053057" lon="-122.96612287065042">
        <ele>1345.6</ele>
      </trkpt>
      <trkpt lat="50.07798352398311" lon="-122.96611152541843">
        <ele>1345.6</ele>
      </trkpt>
      <trkpt lat="50.07798612853402" lon="-122.96609977371418">
        <ele>1345.6</ele>
      </trkpt>
      <trkpt lat="50.07798805363661" lon="-122.96608770824419">
        <ele>1345.6</ele>
      </trkpt>
      <trkpt lat="50.07798928410418" lon="-122.9660754241902">
        <ele>1345.6</ele>
      </trkpt>
      <trkpt lat="50.077989810229845" lon="-122.96606301845829">
        <ele>1345.6</ele>
      </trkpt>
      <trkpt lat="50.077989627863126" lon="-122.96605058891446">
        <ele>1345.6</ele>
      </trkpt>
      <trkpt lat="50.07798873844267" lon="-122.96603823361252">
        <ele>1345.6</ele>
      </trkpt>
      <trkpt lat="50.07798714898492" lon="-122.96602605002064">
        <ele>1345.6</ele>
      </trkpt>
      <trkpt lat="50.078027148984916" lon="-122.96601604999232">
        <ele>1345.6</ele>
      </trkpt>
      <trkpt lat="50.07802584490293" lon="-122.96600876422956">
        <ele>1345.6</ele>
      </trkpt>
      <trkpt lat="50.07802429016915" lon="-122.9660015988679">
        <ele>1345.6</ele>
      </trkpt>
      <trkpt lat="50.0780224893231" lon="-122.96599457482891">
        <ele>1345.6</ele>
      </trkpt>
      <trkpt lat="50.07802044762294" lon="-122.96598771262153">
        <ele>1345.6</ele>
      </trkpt>
      <trkpt lat="50.07801817103007" lon="-122.96598103228219">
        <ele>1345.6</ele>
      </trkpt>
      <trkpt lat="50.07801566619173" lon="-122.96597455331629">
        <ele>1345.6</ele>
      </trkpt>
      <trkpt lat="50.078012940421615" lon="-122.96596829464124">
        <ele>1345.6</ele>
      </trkpt>
      <trkpt lat="50.07801000167848" lon="-122.96596227453126">
        <ele>1345.6</ele>
      </trkpt>
      <trkpt lat="50.07800685854292" lon="-122.96595651056401">
        <ele>1345.6</ele>
      </trkpt>
      <trkpt lat="50.07800352019235" lon="-122.96595101956925">
        <ele>1345.6</ele>
      </trkpt>
      <trkpt lat="50.07819352019235" lon="-122.965761019177">
        <ele>1343.9</ele>
      </trkpt>
      <trkpt lat="50.078192543198" lon="-122.965759519832">
        <ele>1343.9</ele>
      </trkpt>
      <trkpt lat="50.07819155163023" lon="-122.96575804390025">
        <ele>1343.9</ele>
      </trkpt>
      <trkpt lat="50.07819054572009" lon="-122.96575659172568">
        <ele>1343.9</ele>
      </trkpt>
      <trkpt lat="50.07818952570197" lon="-122.96575516364663">
        <ele>1343.9</ele>
      </trkpt>
      <trkpt lat="50.078188491813556" lon="-122.96575375999589">
        <ele>1343.9</ele>
      </trkpt>
      <trkpt lat="50.07818744429574" lon="-122.96575238110051">
        <ele>1343.9</ele>
      </trkpt>
      <trkpt lat="50.07818638339263" lon="-122.96575102728183">
        <ele>1343.9</ele>
      </trkpt>
      <trkpt lat="50.07818530935141" lon="-122.96574969885525">
        <ele>1343.9</ele>
      </trkpt>
      <trkpt lat="50.078184222422365" lon="-122.96574839613035">
        <ele>1343.9</ele>
      </trkpt>
      <trkpt lat="50.07818312285875" lon="-122.9657471194107">
        <ele>1343.9</ele>
      </trkpt>
      <trkpt lat="50.07829312285875" lon="-122.9655971191517">
        <ele>1352.2</ele>
      </trkpt>
      <trkpt lat="50.07829656070093" lon="-122.96560125037338">
        <ele>1352.2</ele>
      </trkpt>
      <trkpt lat="50.078299866439544" lon="-122.96560563559144">
        <ele>1352.2</ele>
      </trkpt>
      <trkpt lat="50.07830303235369" lon="-122.96561026456375">
        <ele>1352.2</ele>
      </trkpt>
      <trkpt lat="50.078306051049026" lon="-122.96561512647882">
        <ele>1352.2</ele>
      </trkpt>
      <trkpt lat="50.078308915475084" lon="-122.96562020998115">
        <ele>1352.2</ele>
      </trkpt>
      <trkpt lat="50.078311618941676" lon="-122.96562550319767">
        <ele>1352.2</ele>
      </trkpt>
      <trkpt lat="50.07831415513457" lon="-122.9656309937655">
        <ele>1352.2</ele>
      </trkpt>
      <trkpt lat="50.07831651813022" lon="-122.96563666886084">
        <ele>1352.2</ele>
      </trkpt>
      <trkpt lat="50.078318702409604" lon="-122.96564251522891">
        <ele>1352.2</ele>
      </trkpt>
      <trkpt lat="50.07832070287109" lon="-122.96564851921487">
        <ele>1352.2</ele>
      </trkpt>
      <trkpt lat="50.07877070287109" lon="-122.9654285186378">
        <ele>1344.0</ele>
      </trkpt>
      <trkpt lat="50.07876970159347" lon="-122.96542542482354">
        <ele>1344.0</ele>
      </trkpt>
      <trkpt lat="50.07876865148129" lon="-122.96542237057562">
        <ele>1344.0</ele>
      </trkpt>
      <trkpt lat="50.07876755317796" lon="-122.96541935776544">
        <ele>1344.0</ele>
      </trkpt>
      <trkpt lat="50.078766407356426" lon="-122.965416388239">
        <ele>1344.0</ele>
      </trkpt>
      <trkpt lat="50.078765214718764" lon="-122.9654134638158">
        <ele>1344.0</ele>
      </trkpt>
      <trkpt lat="50.07876397599571" lon="-122.96541058628766">
        <ele>1344.0</ele>
      </trkpt>
      <trkpt lat="50.07876269194627" lon="-122.96540775741771">
        <ele>1344.0</ele>
      </trkpt>
      <trkpt lat="50.07876136335718" lon="-122.96540497893923">
        <ele>1344.0</ele>
      </trkpt>
      <trkpt lat="50.07875999104251" lon="-122.96540225255465">
        <ele>1344.0</ele>
      </trkpt>
      <trkpt lat="50.078758575843096" lon="-122.96539957993448">
        <ele>1344.0</ele>
      </trkpt>
      <trkpt lat="50.078888575843095" lon="-122.9652895796893">
        <ele>1344.0</ele>
      </trkpt>
      <trkpt lat="50.078884530019536" lon="-122.96528261677001">
        <ele>1344.0</ele>
      </trkpt>
      <trkpt lat="50.078880193639876" lon="-122.96527609233333">
        <ele>1344.0</ele>
      </trkpt>
      <trkpt lat="50.07887558622933" lon="-122.96527003575649">
        <ele>1344.0</ele>
      </trkpt>
      <trkpt lat="50.07887072853345" lon="-122.96526447431015">
        <ele>1344.0</ele>
      </trkpt>
      <trkpt lat="50.078865642424745" lon="-122.96525943303556">
        <ele>1344.0</ele>
      </trkpt>
      <trkpt lat="50.07886035080417" lon="-122.9652549346318">
        <ele>1344.0</ele>
      </trkpt>
      <trkpt lat="50.07885487749805" lon="-122.96525099935363">
        <ele>1344.0</ele>
      </trkpt>
      <trkpt lat="50.078849247150764" lon="-122.9652476449202">
        <ele>1344.0</ele>
      </trkpt>
      <trkpt lat="50.0788434851138" lon="-122.96524488643539">
        <ele>1344.0</ele>
      </trkpt>
      <trkpt lat="50.07883761733159" lon="-122.96524273631964">
        <ele>1344.0</ele>
      </trkpt>
      <trkpt lat="50.07884761733159" lon="-122.96519273629102">
        <ele>1344.0</ele>
      </trkpt>
      <trkpt lat="50.07885355029906" lon="-122.96519491396094">
        <ele>1344.0</ele>
      </trkpt>
      <trkpt lat="50.07885937483953" lon="-122.96519771357515">
        <ele>1344.0</ele>
      </trkpt>
      <trkpt lat="50.07886506413647" lon="-122.96520112224401">
        <ele>1344.0</ele>
      </trkpt>
      <trkpt lat="50.078870591996015" lon="-122.96520512427382">
        <ele>1344.0</ele>
      </trkpt>
      <trkpt lat="50.07887593296757" lon="-122.965209701239">
        <ele>1344.0</ele>
      </trkpt>
      <trkpt lat="50.07888106246097" lon="-122.96521483206692">
        <ele>1344.0</ele>
      </trkpt>
      <trkpt lat="50.07888595685973" lon="-122.96522049313495">
        <ele>1344.0</ele>
      </trkpt>
      <trkpt lat="50.07889059362974" lon="-122.96522665837917">
        <ele>1344.0</ele>
      </trkpt>
      <trkpt lat="50.07889495142302" lon="-122.96523329941444">
        <ele>1344.0</ele>
      </trkpt>
      <trkpt lat="50.07889901017604" lon="-122.96524038566503">
        <ele>1344.0</ele>
      </trkpt>
      <trkpt lat="50.07901901017603" lon="-122.96514038544073">
        <ele>1337.2</ele>
      </trkpt>
      <trkpt lat="50.07901231402911" lon="-122.96512917296991">
        <ele>1337.2</ele>
      </trkpt>
      <trkpt lat="50.079004871839416" lon="-122.96511916763136">
        <ele>1337.2</ele>
      </trkpt>
      <trkpt lat="50.07899677270716" lon="-122.96511048921208">
        <ele>1337.2</ele>
      </trkpt>
      <trkpt lat="50.07898811359763" lon="-122.9651032416128">
        <ele>1337.2</ele>
      </trkpt>
      <trkpt lat="50.078978998180375" lon="-122.96509751160397">
        <ele>1337.2</ele>
      </trkpt>
      <trkpt lat="50.07896953558796" lon="-122.96509336778708">
        <ele>1337.2</ele>
      </trkpt>
      <trkpt lat="50.078959839109466" lon="-122.96509085977313">
        <ele>1337.2</ele>
      </trkpt>
      <trkpt lat="50.07895002483412" lon="-122.96509001758885">
        <ele>1337.2</ele>
      </trkpt>
      <trkpt lat="50.07894021026145" lon="-122.96509085131716">
        <ele>1337.2</ele>
      </trkpt>
      <trkpt lat="50.07893051289455" lon="-122.96509335097636">
        <ele>1337.2</ele>
      </trkpt>
      <trkpt lat="50.07891051289455" lon="-122.96500335103337">
        <ele>1337.2</ele>
      </trkpt>
      <trkpt lat="50.07891954200679" lon="-122.96500096948525">
        <ele>1337.2</ele>
      </trkpt>
      <trkpt lat="50.07892867979981" lon="-122.96500003275985">
        <ele>1337.2</ele>
      </trkpt>
      <trkpt lat="50.078937831312516" lon="-122.96500055059175">
        <ele>1337.2</ele>
      </trkpt>
      <trkpt lat="50.078946901441235" lon="-122.96500251759957">
        <ele>1337.2</ele>
      </trkpt>
      <trkpt lat="50.07895579592803" lon="-122.96500591334193">
        <ele>1337.2</ele>
      </trkpt>
      <trkpt lat="50.07896442234028" lon="-122.96501070252982">
        <ele>1337.2</ele>
      </trkpt>
      <trkpt lat="50.0789726910312" lon="-122.96501683539341">
        <ele>1337.2</ele>
      </trkpt>
      <trkpt lat="50.07898051607151" lon="-122.96502424819921">
        <ele>1337.2</ele>
      </trkpt>
      <trkpt lat="50.07898781614241" lon="-122.96503286391238">
        <ele>1337.2</ele>
      </trkpt>
      <trkpt lat="50.07899451538063" lon="-122.96504259299736">
        <ele>1337.2</ele>
      </trkpt>
      <trkpt lat="50.07900054416684" lon="-122.96505333434827">
        <ele>1337.2</ele>
      </trkpt>
      <trkpt lat="50.079005839849124" lon="-122.96506497633959">
        <ele>1337.2</ele>
      </trkpt>
      <trkpt lat="50.07901034739408" lon="-122.96507739798632">
        <ele>1337.2</ele>
      </trkpt>
      <trkpt lat="50.07905034739408" lon="-122.96505739793407">
        <ele>1337.2</ele>
      </trkpt>
      <trkpt lat="50.07904948151621" lon="-122.96505476910195">
        <ele>1337.2</ele>
      </trkpt>
      <trkpt lat="50.07904858022237" lon="-122.9650521693359">
        <ele>1337.2</ele>
      </trkpt>
      <trkpt lat="50.07904764391417" lon="-122.96504959979434">
        <ele>1337.2</ele>
      </trkpt>
      <trkpt lat="50.07904667300883" lon="-122.96504706162222">
        <ele>1337.2</ele>
      </trkpt>
      <trkpt lat="50.079045667938956" lon="-122.96504455595053">
        <ele>1337.2</ele>
      </trkpt>
      <trkpt lat="50.079044629152406" lon="-122.96504208389574">
        <ele>1337.2</ele>
      </trkpt>
      <trkpt lat="50.079043557112044" lon="-122.9650396465594">
        <ele>1337.2</ele>
      </trkpt>
      <trkpt lat="50.07904245229556" lon="-122.96503724502753">
        <ele>1337.2</ele>
      </trkpt>
      <trkpt lat="50.07904131519524" lon="-122.96503488037024">
        <ele>1337.2</ele>
      </trkpt>
      <trkpt lat="50.07904014631777" lon="-122.9650325536412">
        <ele>1337.2</ele>
      </trkpt>
      <trkpt lat="50.079090146317775" lon="-122.96499255354999">
        <ele>1337.2</ele>
      </trkpt>
      <trkpt lat="50.07908952106005" lon="-122.9649913493559">
        <ele>1337.2</ele>
      </trkpt>
      <trkpt lat="50.07908888728954" lon="-122.96499015601698">
        <ele>1337.2</ele>
      </trkpt>
      <trkpt lat="50.07908824508385" lon="-122.96498897367937">
        <ele>1337.2</ele>
      </trkpt>
      <trkpt lat="50.07908759452163" lon="-122.96498780248783">
        <ele>1337.2</ele>
      </trkpt>
      <trkpt lat="50.079086935682525" lon="-122.96498664258577">
        <ele>1337.2</ele>
      </trkpt>
      <trkpt lat="50.07908626864722" lon="-122.96498549411524">
        <ele>1337.2</ele>
      </trkpt>
      <trkpt lat="50.07908559349739" lon="-122.96498435721686">
        <ele>1337.2</ele>
      </trkpt>
      <trkpt lat="50.0790849103157" lon="-122.96498323202984">
        <ele>1337.2</ele>
      </trkpt>
      <trkpt lat="50.07908421918581" lon="-122.96498211869195">
        <ele>1337.2</ele>
      </trkpt>
      <trkpt lat="50.07908352019235" lon="-122.96498101733953">
        <ele>1337.2</ele>
      </trkpt>
      <trkpt lat="50.07912352019235" lon="-122.96494101725695">
        <ele>1337.2</ele>
      </trkpt>
      <trkpt lat="50.07912194517908" lon="-122.964938622334">
        <ele>1337.2</ele>
      </trkpt>
      <trkpt lat="50.079120332991565" lon="-122.96493628824938">
        <ele>1337.2</ele>
      </trkpt>
      <trkpt lat="50.07911868459728" lon="-122.96493401640377">
        <ele>1337.2</ele>
      </trkpt>
      <trkpt lat="50.07911700098548" lon="-122.96493180816056">
        <ele>1337.2</ele>
      </trkpt>
      <trkpt lat="50.079115283166495" lon="-122.96492966484493">
        <ele>1337.2</ele>
      </trkpt>
      <trkpt lat="50.07911353217123" lon="-122.96492758774315">
        <ele>1337.2</ele>
      </trkpt>
      <trkpt lat="50.07911174905048" lon="-122.96492557810168">
        <ele>1337.2</ele>
      </trkpt>
      <trkpt lat="50.07910993487433" lon="-122.96492363712657">
        <ele>1337.2</ele>
      </trkpt>
      <trkpt lat="50.07910809073149" lon="-122.96492176598262">
        <ele>1337.2</ele>
      </trkpt>
      <trkpt lat="50.07910621772866" lon="-122.96491996579272">
        <ele>1337.2</ele>
      </trkpt>
      <trkpt lat="50.07913621772866" lon="-122.96486996571761">
        <ele>1340.6</ele>
      </trkpt>
      <trkpt lat="50.07913498006828" lon="-122.96486882941066">
        <ele>1340.6</ele>
      </trkpt>
      <trkpt lat="50.07913373090575" lon="-122.96486772408903">
        <ele>1340.6</ele>
      </trkpt>
      <trkpt lat="50.07913247056051" lon="-122.9648666500354">
        <ele>1340.6</ele>
      </trkpt>
      <trkpt lat="50.07913119935483" lon="-122.9648656075244">
        <ele>1340.6</ele>
      </trkpt>
      <trkpt lat="50.07912991761379" lon="-122.96486459682262">
        <ele>1340.6</ele>
      </trkpt>
      <trkpt lat="50.07912862566516" lon="-122.96486361818852">
        <ele>1340.6</ele>
      </trkpt>
      <trkpt lat="50.0791273238393" lon="-122.96486267187235">
        <ele>1340.6</ele>
      </trkpt>
      <trkpt lat="50.07912601246912" lon="-122.9648617581161">
        <ele>1340.6</ele>
      </trkpt>
      <trkpt lat="50.079124691889945" lon="-122.96486087715343">
        <ele>1340.6</ele>
      </trkpt>
      <trkpt lat="50.07912336243948" lon="-122.9648600292096">
        <ele>1340.6</ele>
      </trkpt>
      <trkpt lat="50.07914336243948" lon="-122.96481002915539">
        <ele>1340.6</ele>
      </trkpt>
      <trkpt lat="50.079145085778585" lon="-122.96481113579463">
        <ele>1340.6</ele>
      </trkpt>
      <trkpt lat="50.07914679401216" lon="-122.96481229791398">
        <ele>1340.6</ele>
      </trkpt>
      <trkpt lat="50.079148486404755" lon="-122.96481351501306">
        <ele>1340.6</ele>
      </trkpt>
      <trkpt lat="50.07915016222774" lon="-122.96481478656791">
        <ele>1340.6</ele>
      </trkpt>
      <trkpt lat="50.079151820759634" lon="-122.96481611203109">
        <ele>1340.6</ele>
      </trkpt>
      <trkpt lat="50.079153461286374" lon="-122.9648174908319">
        <ele>1340.6</ele>
      </trkpt>
      <trkpt lat="50.07915508310167" lon="-122.96481892237678">
        <ele>1340.6</ele>
      </trkpt>
      <trkpt lat="50.079156685507265" lon="-122.96482040604936">
        <ele>1340.6</ele>
      </trkpt>
      <trkpt lat="50.07915826781329" lon="-122.9648219412109">
        <ele>1340.6</ele>
      </trkpt>
      <trkpt lat="50.07915982933851" lon="-122.96482352720045">
        <ele>1340.6</ele>
      </trkpt>
      <trkpt lat="50.07917982933851" lon="-122.96479352715185">
        <ele>1340.6</ele>
      </trkpt>
      <trkpt lat="50.07918233618206" lon="-122.96479622823992">
        <ele>1340.6</ele>
      </trkpt>
      <trkpt lat="50.07918478278224" lon="-122.96479906028887">
        <ele>1340.6</ele>
      </trkpt>
      <trkpt lat="50.079187166322825" lon="-122.96480202003879">
        <ele>1340.6</ele>
      </trkpt>
      <trkpt lat="50.07918948406015" lon="-122.96480510408274">
        <ele>1340.6</ele>
      </trkpt>
      <trkpt lat="50.079191733326304" lon="-122.96480830887076">
        <ele>1340.6</ele>
      </trkpt>
      <trkpt lat="50.079193911532194" lon="-122.96481163071383">
        <ele>1340.6</ele>
      </trkpt>
      <trkpt lat="50.07919601617052" lon="-122.96481506578826">
        <ele>1340.6</ele>
      </trkpt>
      <trkpt lat="50.07919804481867" lon="-122.96481861013996">
        <ele>1340.6</ele>
      </trkpt>
      <trkpt lat="50.07919999514148" lon="-122.9648222596891">
        <ele>1340.6</ele>
      </trkpt>
      <trkpt lat="50.07920186489399" lon="-122.96482601023475">
        <ele>1340.6</ele>
      </trkpt>
      <trkpt lat="50.07924186489399" lon="-122.96479601016466">
        <ele>1328.0</ele>
      </trkpt>
      <trkpt lat="50.07924395524805" lon="-122.96480053858227">
        <ele>1328.0</ele>
      </trkpt>
      <trkpt lat="50.07924592816183" lon="-122.96480519318389">
        <ele>1328.0</ele>
      </trkpt>
      <trkpt lat="50.079247780502364" lon="-122.9648099665781">
        <ele>1328.0</ele>
      </trkpt>
      <trkpt lat="50.079249509328136" lon="-122.96481485118476">
        <ele>1328.0</ele>
      </trkpt>
      <trkpt lat="50.07925111189379" lon="-122.96481983924717">
        <ele>1328.0</ele>
      </trkpt>
      <trkpt lat="50.07925258565447" lon="-122.96482492284431">
        <ele>1328.0</ele>
      </trkpt>
      <trkpt lat="50.079253928269864" lon="-122.96483009390352">
        <ele>1328.0</ele>
      </trkpt>
      <trkpt lat="50.0792551376079" lon="-122.96483534421316">
        <ele>1328.0</ele>
      </trkpt>
      <trkpt lat="50.07925621174816" lon="-122.96484066543579">
        <ele>1328.0</ele>
      </trkpt>
      <trkpt lat="50.07925714898492" lon="-122.96484604912136">
        <ele>1328.0</ele>
      </trkpt>
      <trkpt lat="50.07921" lon="-122.96487">
        <ele>1328.0</ele>
      </trkpt>
      <trkpt lat="50.07933714898492" lon="-122.96482604906467">
        <ele>1328.0</ele>
      </trkpt>
      <trkpt lat="50.07933892771116" lon="-122.96484019728585">
        <ele>1328.0</ele>
      </trkpt>
      <trkpt lat="50.07933976314788" lon="-122.96485455556184">
        <ele>1328.0</ele>
      </trkpt>
      <trkpt lat="50.079339646433276" lon="-122.96486897158903">
        <ele>1328.0</ele>
      </trkpt>
      <trkpt lat="50.07933857880539" lon="-122.9648832924512">
        <ele>1328.0</ele>
      </trkpt>
      <trkpt lat="50.079336571588954" lon="-122.96489736624164">
        <ele>1328.0</ele>
      </trkpt>
      <trkpt lat="50.07933364607526" lon="-122.96491104367436">
        <ele>1328.0</ele>
      </trkpt>
      <trkpt lat="50.079329833296335" lon="-122.9649241796677">
        <ele>1328.0</ele>
      </trkpt>
      <trkpt lat="50.07932517369574" lon="-122.9649366348833">
        <ele>1328.0</ele>
      </trkpt>
      <trkpt lat="50.07931971669962" lon="-122.96494827720399">
        <ele>1328.0</ele>
      </trkpt>
      <trkpt lat="50.07931352019236" lon="-122.96495898313532">
        <ele>1328.0</ele>
      </trkpt>
      <trkpt lat="50.07933352019236" lon="-122.96497898317661">
        <ele>1328.0</ele>
      </trkpt>
      <trkpt lat="50.079328340643954" lon="-122.96498644417504">
        <ele>1328.0</ele>
      </trkpt>
      <trkpt lat="50.07932280140607" lon="-122.96499324890975">
        <ele>1328.0</ele>
      </trkpt>
      <trkpt lat="50.07931693662997" lon="-122.96499935542725">
        <ele>1328.0</ele>
      </trkpt>
      <trkpt lat="50.07931078247393" lon="-122.96500472607886">
        <ele>1328.0</ele>
      </trkpt>
      <trkpt lat="50.07930437688039" lon="-122.96500932775272">
        <ele>1328.0</ele>
      </trkpt>
      <trkpt lat="50.07929775934194" lon="-122.96501313207798">
        <ele>1328.0</ele>
      </trkpt>
      <trkpt lat="50.079290970657915" lon="-122.96501611559971">
        <ele>1328.0</ele>
      </trkpt>
      <trkpt lat="50.079284052682816" lon="-122.9650182599235">
        <ele>1328.0</ele>
      </trkpt>
      <trkpt lat="50.07927704806825" lon="-122.96501955182889">
        <ele>1328.0</ele>
      </trkpt>
      <trkpt lat="50.07927" lon="-122.96501998335084">
        <ele>1328.0</ele>
      </trkpt>
      <trkpt lat="50.07927" lon="-122.96507998335085">
        <ele>1328.0</ele>
      </trkpt>
      <trkpt lat="50.07926888293398" lon="-122.96507997252735">
        <ele>1328.0</ele>
      </trkpt>
      <trkpt lat="50.0792677660407" lon="-122.96507994005856">
        <ele>1328.0</ele>
      </trkpt>
      <trkpt lat="50.07926664949288" lon="-122.96507988594949">
        <ele>1328.0</ele>
      </trkpt>
      <trkpt lat="50.07926553346318" lon="-122.9650798102085">
        <ele>1328.0</ele>
      </trkpt>
      <trkpt lat="50.07926441812418" lon="-122.96507971284731">
        <ele>1328.0</ele>
      </trkpt>
      <trkpt lat="50.07926330364837" lon="-122.96507959388097">
        <ele>1328.0</ele>
      </trkpt>
      <trkpt lat="50.07926219020808" lon="-122.96507945332789">
        <ele>1328.0</ele>
      </trkpt>
      <trkpt lat="50.07926107797548" lon="-122.96507929120978">
        <ele>1328.0</ele>
      </trkpt>
      <trkpt lat="50.07925996712259" lon="-122.96507910755173">
        <ele>1328.0</ele>
      </trkpt>
      <trkpt lat="50.07925885782118" lon="-122.96507890238215">
        <ele>1328.0</ele>
      </trkpt>
      <trkpt lat="50.07924885782118" lon="-122.96515890235317">
        <ele>1325.7</ele>
      </trkpt>
      <trkpt lat="50.079247369943566" lon="-122.96515859283885">
        <ele>1325.7</ele>
      </trkpt>
      <trkpt lat="50.07924588559257" lon="-122.96515824462614">
        <ele>1325.7</ele>
      </trkpt>
      <trkpt lat="50.07924440518264" lon="-122.96515785781226">
        <ele>1325.7</ele>
      </trkpt>
      <trkpt lat="50.07924292912716" lon="-122.96515743250522">
        <ele>1325.7</ele>
      </trkpt>
      <trkpt lat="50.07924145783827" lon="-122.96515696882378">
        <ele>1325.7</ele>
      </trkpt>
      <trkpt lat="50.07923999172679" lon="-122.96515646689741">
        <ele>1325.7</ele>
      </trkpt>
      <trkpt lat="50.07923853120209" lon="-122.96515592686626">
        <ele>1325.7</ele>
      </trkpt>
      <trkpt lat="50.07923707667199" lon="-122.96515534888111">
        <ele>1325.7</ele>
      </trkpt>
      <trkpt lat="50.07923562854261" lon="-122.96515473310338">
        <ele>1325.7</ele>
      </trkpt>
      <trkpt lat="50.07923418721833" lon="-122.96515407970496">
        <ele>1325.7</ele>
      </trkpt>
      <trkpt lat="50.07923" lon="-122.96512">
        <ele>1325.7</ele>
      </trkpt>
      <trkpt lat="50.0792" lon="-122.9652">
        <ele>1325.7</ele>
      </trkpt>
      <trkpt lat="50.0791346137892" lon="-122.96539866473285">
        <ele>1325.7</ele>
      </trkpt>
      <trkpt lat="50.07913367274623" lon="-122.96539802632712">
        <ele>1325.7</ele>
      </trkpt>
      <trkpt lat="50.07913273644539" lon="-122.96539737120895">
        <ele>1325.7</ele>
      </trkpt>
      <trkpt lat="50.07913180500889" lon="-122.96539669946387">
        <ele>1325.7</ele>
      </trkpt>
      <trkpt lat="50.07913087855834" lon="-122.96539601117955">
        <ele>1325.7</ele>
      </trkpt>
      <trkpt lat="50.07912995721466" lon="-122.96539530644586">
        <ele>1325.7</ele>
      </trkpt>
      <trkpt lat="50.079129041098135" lon="-122.96539458535476">
        <ele>1325.7</ele>
      </trkpt>
      <trkpt lat="50.07912813032834" lon="-122.9653938480004">
        <ele>1325.7</ele>
      </trkpt>
      <trkpt lat="50.07912722502418" lon="-122.96539309447905">
        <ele>1325.7</ele>
      </trkpt>
      <trkpt lat="50.079126325303825" lon="-122.96539232488905">
        <ele>1325.7</ele>
      </trkpt>
      <trkpt lat="50.07912543128473" lon="-122.96539153933087">
        <ele>1325.7</ele>
      </trkpt>
      <trkpt lat="50.07908543128473" lon="-122.96546153922945">
        <ele>1333.2</ele>
      </trkpt>
      <trkpt lat="50.079086979459206" lon="-122.96546288639398">
        <ele>1333.2</ele>
      </trkpt>
      <trkpt lat="50.07908854439609" lon="-122.96546418567738">
        <ele>1333.2</ele>
      </trkpt>
      <trkpt lat="50.079090125485635" lon="-122.96546543657338">
        <ele>1333.2</ele>
      </trkpt>
      <trkpt lat="50.079091722111784" lon="-122.96546663859459">
        <ele>1333.2</ele>
      </trkpt>
      <trkpt lat="50.07909333365243" lon="-122.96546779127269">
        <ele>1333.2</ele>
      </trkpt>
      <trkpt lat="50.079094959479654" lon="-122.9654688941585">
        <ele>1333.2</ele>
      </trkpt>
      <trkpt lat="50.07909659895997" lon="-122.96546994682234">
        <ele>1333.2</ele>
      </trkpt>
      <trkpt lat="50.07909825145459" lon="-122.96547094885403">
        <ele>1333.2</ele>
      </trkpt>
      <trkpt lat="50.07909991631963" lon="-122.96547189986315">
        <ele>1333.2</ele>
      </trkpt>
      <trkpt lat="50.0791015929064" lon="-122.96547279947914">
        <ele>1333.2</ele>
      </trkpt>
      <trkpt lat="50.0790815929064" lon="-122.96553279942376">
        <ele>1333.2</ele>
      </trkpt>
      <trkpt lat="50.079080386541904" lon="-122.9655321579474">
        <ele>1333.2</ele>
      </trkpt>
      <trkpt lat="50.07907918613992" lon="-122.96553148986176">
        <ele>1333.2</ele>
      </trkpt>
      <trkpt lat="50.07907799194213" lon="-122.9655307953014">
        <ele>1333.2</ele>
      </trkpt>
      <trkpt lat="50.07907680418898" lon="-122.96553007440613">
        <ele>1333.2</ele>
      </trkpt>
      <trkpt lat="50.07907562311962" lon="-122.96552932732112">
        <ele>1333.2</ele>
      </trkpt>
      <trkpt lat="50.07907444897185" lon="-122.96552855419678">
        <ele>1333.2</ele>
      </trkpt>
      <trkpt lat="50.07907328198208" lon="-122.96552775518879">
        <ele>1333.2</ele>
      </trkpt>
      <trkpt lat="50.07907212238528" lon="-122.965526930458">
        <ele>1333.2</ele>
      </trkpt>
      <trkpt lat="50.07907097041492" lon="-122.96552608017048">
        <ele>1333.2</ele>
      </trkpt>
      <trkpt lat="50.07906982630295" lon="-122.96552520449742">
        <ele>1333.2</ele>
      </trkpt>
      <trkpt lat="50.079039826302946" lon="-122.96558520441907">
        <ele>1333.2</ele>
      </trkpt>
      <trkpt lat="50.07904257502933" lon="-122.96558725599787">
        <ele>1333.2</ele>
      </trkpt>
      <trkpt lat="50.079045366835" lon="-122.96558916109429">
        <ele>1333.2</ele>
      </trkpt>
      <trkpt lat="50.07904819850637" lon="-122.96559091751539">
        <ele>1333.2</ele>
      </trkpt>
      <trkpt lat="50.07905106678394" lon="-122.9655925232394">
        <ele>1333.2</ele>
      </trkpt>
      <trkpt lat="50.07905396836609" lon="-122.96559397641796">
        <ele>1333.2</ele>
      </trkpt>
      <trkpt lat="50.079056899912835" lon="-122.96559527537838">
        <ele>1333.2</ele>
      </trkpt>
      <trkpt lat="50.07905985804974" lon="-122.96559641862542">
        <ele>1333.2</ele>
      </trkpt>
      <trkpt lat="50.07906283937172" lon="-122.96559740484311">
        <ele>1333.2</ele>
      </trkpt>
      <trkpt lat="50.079065840447036" lon="-122.96559823289626">
        <ele>1333.2</ele>
      </trkpt>
      <trkpt lat="50.079068857821184" lon="-122.96559890183165">
        <ele>1333.2</ele>
      </trkpt>
      <trkpt lat="50.07905885782119" lon="-122.96567890180269">
        <ele>1333.2</ele>
      </trkpt>
      <trkpt lat="50.0790599671226" lon="-122.96567910697144">
        <ele>1333.2</ele>
      </trkpt>
      <trkpt lat="50.079061077975496" lon="-122.96567929062871">
        <ele>1333.2</ele>
      </trkpt>
      <trkpt lat="50.079062190208084" lon="-122.96567945274613">
        <ele>1333.2</ele>
      </trkpt>
      <trkpt lat="50.079063303648375" lon="-122.96567959329863">
        <ele>1333.2</ele>
      </trkpt>
      <trkpt lat="50.07906441812419" lon="-122.96567971226447">
        <ele>1333.2</ele>
      </trkpt>
      <trkpt lat="50.07906553346319" lon="-122.96567980962526">
        <ele>1333.2</ele>
      </trkpt>
      <trkpt lat="50.07906664949288" lon="-122.96567988536593">
        <ele>1333.2</ele>
      </trkpt>
      <trkpt lat="50.0790677660407" lon="-122.96567993947478">
        <ele>1333.2</ele>
      </trkpt>
      <trkpt lat="50.07906888293398" lon="-122.96567997194343">
        <ele>1333.2</ele>
      </trkpt>
      <trkpt lat="50.07907" lon="-122.96567998276689">
        <ele>1333.2</ele>
      </trkpt>
      <trkpt lat="50.07907" lon="-122.96562">
        <ele>1329.0</ele>
      </trkpt>
      <trkpt lat="50.07907" lon="-122.96572">
        <ele>1329.0</ele>
      </trkpt>
      <trkpt lat="50.07907" lon="-122.96593998276688">
        <ele>1329.0</ele>
      </trkpt>
      <trkpt lat="50.07906888293398" lon="-122.96593997194343">
        <ele>1329.0</ele>
      </trkpt>
      <trkpt lat="50.0790677660407" lon="-122.96593993947478">
        <ele>1329.0</ele>
      </trkpt>
      <trkpt lat="50.07906664949288" lon="-122.96593988536593">
        <ele>1329.0</ele>
      </trkpt>
      <trkpt lat="50.07906553346318" lon="-122.96593980962525">
        <ele>1329.0</ele>
      </trkpt>
      <trkpt lat="50.07906441812418" lon="-122.96593971226447">
        <ele>1329.0</ele>
      </trkpt>
      <trkpt lat="50.07906330364837" lon="-122.96593959329863">
        <ele>1329.0</ele>
      </trkpt>
      <trkpt lat="50.07906219020808" lon="-122.96593945274613">
        <ele>1329.0</ele>
      </trkpt>
      <trkpt lat="50.07906107797548" lon="-122.96593929062871">
        <ele>1329.0</ele>
      </trkpt>
      <trkpt lat="50.07905996712259" lon="-122.96593910697142">
        <ele>1329.0</ele>
      </trkpt>
      <trkpt lat="50.07905885782118" lon="-122.96593890180269">
        <ele>1329.0</ele>
      </trkpt>
      <trkpt lat="50.07904885782118" lon="-122.96601890177372">
        <ele>1324.7</ele>
      </trkpt>
      <trkpt lat="50.07904710057285" lon="-122.96601853200289">
        <ele>1324.7</ele>
      </trkpt>
      <trkpt lat="50.07904534835062" lon="-122.96601810825481">
        <ele>1324.7</ele>
      </trkpt>
      <trkpt lat="50.07904360183722" lon="-122.9660176306946">
        <ele>1324.7</ele>
      </trkpt>
      <trkpt lat="50.07904186171316" lon="-122.9660170995083">
        <ele>1324.7</ele>
      </trkpt>
      <trkpt lat="50.07904012865645" lon="-122.96601651490292">
        <ele>1324.7</ele>
      </trkpt>
      <trkpt lat="50.07903840334236" lon="-122.96601587710622">
        <ele>1324.7</ele>
      </trkpt>
      <trkpt lat="50.07903668644314" lon="-122.96601518636672">
        <ele>1324.7</ele>
      </trkpt>
      <trkpt lat="50.07903497862775" lon="-122.96601444295354">
        <ele>1324.7</ele>
      </trkpt>
      <trkpt lat="50.079033280561625" lon="-122.96601364715636">
        <ele>1324.7</ele>
      </trkpt>
      <trkpt lat="50.0790315929064" lon="-122.96601279928525">
        <ele>1324.7</ele>
      </trkpt>
      <trkpt lat="50.0790115929064" lon="-122.96607279922985">
        <ele>1324.7</ele>
      </trkpt>
      <trkpt lat="50.07901293091633" lon="-122.9660734761382">
        <ele>1324.7</ele>
      </trkpt>
      <trkpt lat="50.07901427556459" lon="-122.96607412031334">
        <ele>1324.7</ele>
      </trkpt>
      <trkpt lat="50.07901562652142" lon="-122.96607473159727">
        <ele>1324.7</ele>
      </trkpt>
      <trkpt lat="50.07901698345551" lon="-122.96607530984011">
        <ele>1324.7</ele>
      </trkpt>
      <trkpt lat="50.079018346034104" lon="-122.96607585490004">
        <ele>1324.7</ele>
      </trkpt>
      <trkpt lat="50.07901971392304" lon="-122.96607636664339">
        <ele>1324.7</ele>
      </trkpt>
      <trkpt lat="50.07902108678685" lon="-122.96607684494468">
        <ele>1324.7</ele>
      </trkpt>
      <trkpt lat="50.07902246428888" lon="-122.9660772896866">
        <ele>1324.7</ele>
      </trkpt>
      <trkpt lat="50.0790238460913" lon="-122.96607770076007">
        <ele>1324.7</ele>
      </trkpt>
      <trkpt lat="50.079025231855255" lon="-122.96607807806429">
        <ele>1324.7</ele>
      </trkpt>
      <trkpt lat="50.07901523185526" lon="-122.96613807803548">
        <ele>1324.7</ele>
      </trkpt>
      <trkpt lat="50.07901669716638" lon="-122.96613843924561">
        <ele>1324.7</ele>
      </trkpt>
      <trkpt lat="50.07901816610564" lon="-122.96613876269858">
        <ele>1324.7</ele>
      </trkpt>
      <trkpt lat="50.07901963827241" lon="-122.96613904830615">
        <ele>1324.7</ele>
      </trkpt>
      <trkpt lat="50.079021113265185" lon="-122.96613929599042">
        <ele>1324.7</ele>
      </trkpt>
      <trkpt lat="50.07902259068168" lon="-122.96613950568384">
        <ele>1324.7</ele>
      </trkpt>
      <trkpt lat="50.07902407011896" lon="-122.96613967732922">
        <ele>1324.7</ele>
      </trkpt>
      <trkpt lat="50.079025551173515" lon="-122.96613981087977">
        <ele>1324.7</ele>
      </trkpt>
      <trkpt lat="50.07902703344143" lon="-122.96613990629905">
        <ele>1324.7</ele>
      </trkpt>
      <trkpt lat="50.07902851651841" lon="-122.96613996356102">
        <ele>1324.7</ele>
      </trkpt>
      <trkpt lat="50.07903" lon="-122.96613998265008">
        <ele>1324.7</ele>
      </trkpt>
      <trkpt lat="50.07903" lon="-122.96619998265008">
        <ele>1324.7</ele>
      </trkpt>
      <trkpt lat="50.07903527904985" lon="-122.96619974072685">
        <ele>1324.7</ele>
      </trkpt>
      <trkpt lat="50.07904053985279" lon="-122.96619901579335">
        <ele>1324.7</ele>
      </trkpt>
      <trkpt lat="50.079045764225" lon="-122.9661978103553">
        <ele>1324.7</ele>
      </trkpt>
      <trkpt lat="50.079050934108565" lon="-122.96619612857926">
        <ele>1324.7</ele>
      </trkpt>
      <trkpt lat="50.07905603163392" lon="-122.96619397627823">
        <ele>1324.7</ele>
      </trkpt>
      <trkpt lat="50.07906103918159" lon="-122.96619136089163">
        <ele>1324.7</ele>
      </trkpt>
      <trkpt lat="50.07906593944312" lon="-122.96618829145945">
        <ele>1324.7</ele>
      </trkpt>
      <trkpt lat="50.07907071548088" lon="-122.96618477859109">
        <ele>1324.7</ele>
      </trkpt>
      <trkpt lat="50.07907535078662" lon="-122.96618083442871">
        <ele>1324.7</ele>
      </trkpt>
      <trkpt lat="50.07907982933851" lon="-122.9661764726052">
        <ele>1324.7</ele>
      </trkpt>
      <trkpt lat="50.07909982933851" lon="-122.96620647265378">
        <ele>1324.7</ele>
      </trkpt>
      <trkpt lat="50.07910692286004" lon="-122.96619829165066">
        <ele>1324.7</ele>
      </trkpt>
      <trkpt lat="50.07911346701545" lon="-122.96618906551798">
        <ele>1324.7</ele>
      </trkpt>
      <trkpt lat="50.0791193986467" lon="-122.96617888329774">
        <ele>1324.7</ele>
      </trkpt>
      <trkpt lat="50.079124660507226" lon="-122.96616784325919">
        <ele>1324.7</ele>
      </trkpt>
      <trkpt lat="50.07912920181448" lon="-122.96615605195042">
        <ele>1324.7</ele>
      </trkpt>
      <trkpt lat="50.079132978740034" lon="-122.96614362317013">
        <ele>1324.7</ele>
      </trkpt>
      <trkpt lat="50.07913595483252" lon="-122.96613067686921">
        <ele>1324.7</ele>
      </trkpt>
      <trkpt lat="50.07913810136951" lon="-122.96611733799328">
        <ele>1324.7</ele>
      </trkpt>
      <trkpt lat="50.07913939763461" lon="-122.96610373527665">
        <ele>1324.7</ele>
      </trkpt>
      <trkpt lat="50.0791398311175" lon="-122.96609">
        <ele>1324.7</ele>
      </trkpt>
      <trkpt lat="50.0791698311175" lon="-122.96609">
        <ele>1324.7</ele>
      </trkpt>
      <trkpt lat="50.07916978462339" lon="-122.96608549682284">
        <ele>1324.7</ele>
      </trkpt>
      <trkpt lat="50.07916964518918" lon="-122.96608099830713">
        <ele>1324.7</ele>
      </trkpt>
      <trkpt lat="50.07916941295922" lon="-122.96607650910947">
        <ele>1324.7</ele>
      </trkpt>
      <trkpt lat="50.079169088173884" lon="-122.96607203387686">
        <ele>1324.7</ele>
      </trkpt>
      <trkpt lat="50.07916867116939" lon="-122.96606757724176">
        <ele>1324.7</ele>
      </trkpt>
      <trkpt lat="50.079168162377385" lon="-122.96606314381748">
        <ele>1324.7</ele>
      </trkpt>
      <trkpt lat="50.07916756232454" lon="-122.96605873819323">
        <ele>1324.7</ele>
      </trkpt>
      <trkpt lat="50.07916687163201" lon="-122.96605436492949">
        <ele>1324.7</ele>
      </trkpt>
      <trkpt lat="50.079166091014756" lon="-122.9660500285532">
        <ele>1324.7</ele>
      </trkpt>
      <trkpt lat="50.079165221280824" lon="-122.96604573355316">
        <ele>1324.7</ele>
      </trkpt>
      <trkpt lat="50.07919522128083" lon="-122.96603573352547">
        <ele>1324.7</ele>
      </trkpt>
      <trkpt lat="50.079193813081254" lon="-122.96602962608881">
        <ele>1324.7</ele>
      </trkpt>
      <trkpt lat="50.07919222474173" lon="-122.9660236269211">
        <ele>1324.7</ele>
      </trkpt>
      <trkpt lat="50.07919045967608" lon="-122.9660177489164">
        <ele>1324.7</ele>
      </trkpt>
      <trkpt lat="50.079188521677956" lon="-122.9660120047083">
        <ele>1324.7</ele>
      </trkpt>
      <trkpt lat="50.07918641491272" lon="-122.9660064066429">
        <ele>1324.7</ele>
      </trkpt>
      <trkpt lat="50.079184143908456" lon="-122.96600096675216">
        <ele>1324.7</ele>
      </trkpt>
      <trkpt lat="50.07918171354625" lon="-122.96599569672803">
        <ele>1324.7</ele>
      </trkpt>
      <trkpt lat="50.079179129049685" lon="-122.96599060789744">
        <ele>1324.7</ele>
      </trkpt>
      <trkpt lat="50.07917639597365" lon="-122.96598571119783">
        <ele>1324.7</ele>
      </trkpt>
      <trkpt lat="50.079173520192334" lon="-122.9659810171537">
        <ele>1324.7</ele>
      </trkpt>
      <trkpt lat="50.07920352019234" lon="-122.96595101709175">
        <ele>1324.7</ele>
      </trkpt>
      <trkpt lat="50.07920553072914" lon="-122.96595425255367">
        <ele>1324.7</ele>
      </trkpt>
      <trkpt lat="50.07920747343214" lon="-122.96595758712807">
        <ele>1324.7</ele>
      </trkpt>
      <trkpt lat="50.07920934629037" lon="-122.96596101736318">
        <ele>1324.7</ele>
      </trkpt>
      <trkpt lat="50.079211147365136" lon="-122.96596453970822">
        <ele>1324.7</ele>
      </trkpt>
      <trkpt lat="50.07921287479207" lon="-122.96596815051704">
        <ele>1324.7</ele>
      </trkpt>
      <trkpt lat="50.07921452678303" lon="-122.96597184605193">
        <ele>1324.7</ele>
      </trkpt>
      <trkpt lat="50.07921610162798" lon="-122.96597562248748">
        <ele>1324.7</ele>
      </trkpt>
      <trkpt lat="50.07921759769672" lon="-122.96597947591454">
        <ele>1324.7</ele>
      </trkpt>
      <trkpt lat="50.07921901344059" lon="-122.96598340234424">
        <ele>1324.7</ele>
      </trkpt>
      <trkpt lat="50.079220347394106" lon="-122.96598739771215">
        <ele>1324.7</ele>
      </trkpt>
      <trkpt lat="50.079240347394105" lon="-122.96597739768606">
        <ele>1324.7</ele>
      </trkpt>
      <trkpt lat="50.07924408655871" lon="-122.9659907451742">
        <ele>1324.7</ele>
      </trkpt>
      <trkpt lat="50.079246915540445" lon="-122.96600462581411">
        <ele>1324.7</ele>
      </trkpt>
      <trkpt lat="50.0792488037174" lon="-122.96601888935683">
        <ele>1324.7</ele>
      </trkpt>
      <trkpt lat="50.07924973065128" lon="-122.96603338140866">
        <ele>1324.7</ele>
      </trkpt>
      <trkpt lat="50.079249686308614" lon="-122.96604794510249">
        <ele>1324.7</ele>
      </trkpt>
      <trkpt lat="50.07924867116939" lon="-122.9660624227957">
        <ele>1324.7</ele>
      </trkpt>
      <trkpt lat="50.07924669622184" lon="-122.96607665777657">
        <ele>1324.7</ele>
      </trkpt>
      <trkpt lat="50.079243782843484" lon="-122.96609049596061">
        <ele>1324.7</ele>
      </trkpt>
      <trkpt lat="50.07923996256979" lon="-122.9661037875584">
        <ele>1324.7</ele>
      </trkpt>
      <trkpt lat="50.07923527675274" lon="-122.9661163886969">
        <ele>1324.7</ele>
      </trkpt>
      <trkpt lat="50.07922977611331" lon="-122.96612816297694">
        <ele>1324.7</ele>
      </trkpt>
      <trkpt lat="50.07922352019236" lon="-122.96613898294952">
        <ele>1324.7</ele>
      </trkpt>
      <trkpt lat="50.07924352019236" lon="-122.96615898299079">
        <ele>1315.0</ele>
      </trkpt>
      <trkpt lat="50.079238340643954" lon="-122.96616644397523">
        <ele>1315.0</ele>
      </trkpt>
      <trkpt lat="50.07923280140607" lon="-122.96617324869715">
        <ele>1315.0</ele>
      </trkpt>
      <trkpt lat="50.07922693662997" lon="-122.9661793552032">
        <ele>1315.0</ele>
      </trkpt>
      <trkpt lat="50.07922078247393" lon="-122.96618472584473">
        <ele>1315.0</ele>
      </trkpt>
      <trkpt lat="50.07921437688039" lon="-122.96618932750995">
        <ele>1315.0</ele>
      </trkpt>
      <trkpt lat="50.07920775934194" lon="-122.96619313182806">
        <ele>1315.0</ele>
      </trkpt>
      <trkpt lat="50.079200970657915" lon="-122.96619611534419">
        <ele>1315.0</ele>
      </trkpt>
      <trkpt lat="50.079194052682816" lon="-122.96619825966395">
        <ele>1315.0</ele>
      </trkpt>
      <trkpt lat="50.07918704806825" lon="-122.96619955156692">
        <ele>1315.0</ele>
      </trkpt>
      <trkpt lat="50.07918" lon="-122.96619998308806">
        <ele>1315.0</ele>
      </trkpt>
      <trkpt lat="50.07918" lon="-122.96625998308807">
        <ele>1309.5</ele>
      </trkpt>
      <trkpt lat="50.07917851651841" lon="-122.96625996399894">
        <ele>1309.5</ele>
      </trkpt>
      <trkpt lat="50.07917703344142" lon="-122.96625990673678">
        <ele>1309.5</ele>
      </trkpt>
      <trkpt lat="50.07917555117351" lon="-122.96625981131722">
        <ele>1309.5</ele>
      </trkpt>
      <trkpt lat="50.07917407011895" lon="-122.96625967776626">
        <ele>1309.5</ele>
      </trkpt>
      <trkpt lat="50.07917259068168" lon="-122.96625950612032">
        <ele>1309.5</ele>
      </trkpt>
      <trkpt lat="50.07917111326518" lon="-122.96625929642624">
        <ele>1309.5</ele>
      </trkpt>
      <trkpt lat="50.079169638272404" lon="-122.9662590487412">
        <ele>1309.5</ele>
      </trkpt>
      <trkpt lat="50.079168166105624" lon="-122.96625876313274">
        <ele>1309.5</ele>
      </trkpt>
      <trkpt lat="50.079166697166364" lon="-122.96625843967877">
        <ele>1309.5</ele>
      </trkpt>
      <trkpt lat="50.07916523185525" lon="-122.9662580784675">
        <ele>1309.5</ele>
      </trkpt>
      <trkpt lat="50.07917" lon="-122.96618">
        <ele>1309.5</ele>
      </trkpt>
      <trkpt lat="50.079145231855264" lon="-122.9663780784099">
        <ele>1317.4</ele>
      </trkpt>
      <trkpt lat="50.07914332716708" lon="-122.96637755082564">
        <ele>1317.4</ele>
      </trkpt>
      <trkpt lat="50.07914143021128" lon="-122.96637695944925">
        <ele>1317.4</ele>
      </trkpt>
      <trkpt lat="50.07913954186761" lon="-122.96637630455497">
        <ele>1317.4</ele>
      </trkpt>
      <trkpt lat="50.07913766301185" lon="-122.96637558644652">
        <ele>1317.4</ele>
      </trkpt>
      <trkpt lat="50.07913579451534" lon="-122.96637480545695">
        <ele>1317.4</ele>
      </trkpt>
      <trkpt lat="50.07913393724465" lon="-122.96637396194846">
        <ele>1317.4</ele>
      </trkpt>
      <trkpt lat="50.079132092061116" lon="-122.96637305631224">
        <ele>1317.4</ele>
      </trkpt>
      <trkpt lat="50.07913025982049" lon="-122.96637208896828">
        <ele>1317.4</ele>
      </trkpt>
      <trkpt lat="50.079128441372504" lon="-122.96637106036525">
        <ele>1317.4</ele>
      </trkpt>
      <trkpt lat="50.07912663756052" lon="-122.96636997098015">
        <ele>1317.4</ele>
      </trkpt>
      <trkpt lat="50.07910663756052" lon="-122.96641997092594">
        <ele>1317.4</ele>
      </trkpt>
      <trkpt lat="50.07910212914104" lon="-122.96641693543228">
        <ele>1317.4</ele>
      </trkpt>
      <trkpt lat="50.07909773391891" lon="-122.96641352052411">
        <ele>1317.4</ele>
      </trkpt>
      <trkpt lat="50.07909346503159" lon="-122.96640973640869">
        <ele>1317.4</ele>
      </trkpt>
      <trkpt lat="50.07908933523895" lon="-122.9664055943969">
        <ele>1317.4</ele>
      </trkpt>
      <trkpt lat="50.07908535688508" lon="-122.96640110686934">
        <ele>1317.4</ele>
      </trkpt>
      <trkpt lat="50.07908154186142" lon="-122.9663962872394">
        <ele>1317.4</ele>
      </trkpt>
      <trkpt lat="50.07907790157122" lon="-122.96639114991314">
        <ele>1317.4</ele>
      </trkpt>
      <trkpt lat="50.079074446895426" lon="-122.96638571024617">
        <ele>1317.4</ele>
      </trkpt>
      <trkpt lat="50.07907118816019" lon="-122.96637998449789">
        <ele>1317.4</ele>
      </trkpt>
      <trkpt lat="50.079068135106" lon="-122.96637398978274">
        <ele>1317.4</ele>
      </trkpt>
      <trkpt lat="50.07902813510599" lon="-122.96640398971266">
        <ele>1317.4</ele>
      </trkpt>
      <trkpt lat="50.07902674261444" lon="-122.96640101582732">
        <ele>1317.4</ele>
      </trkpt>
      <trkpt lat="50.07902540078934" lon="-122.96639798590962">
        <ele>1317.4</ele>
      </trkpt>
      <trkpt lat="50.07902411055873" lon="-122.96639490205511">
        <ele>1317.4</ele>
      </trkpt>
      <trkpt lat="50.07902287281495" lon="-122.96639176639665">
        <ele>1317.4</ele>
      </trkpt>
      <trkpt lat="50.079021688414066" lon="-122.96638858110296">
        <ele>1317.4</ele>
      </trkpt>
      <trkpt lat="50.07902055817523" lon="-122.96638534837703">
        <ele>1317.4</ele>
      </trkpt>
      <trkpt lat="50.07901948288015" lon="-122.96638207045471">
        <ele>1317.4</ele>
      </trkpt>
      <trkpt lat="50.079018463272504" lon="-122.96637874960307">
        <ele>1317.4</ele>
      </trkpt>
      <trkpt lat="50.07901750005749" lon="-122.96637538811886">
        <ele>1317.4</ele>
      </trkpt>
      <trkpt lat="50.07901659390129" lon="-122.96637198832701">
        <ele>1317.4</ele>
      </trkpt>
      <trkpt lat="50.07905" lon="-122.96634">
        <ele>1317.4</ele>
      </trkpt>
      <trkpt lat="50.07891659390128" lon="-122.96641198821854">
        <ele>1317.4</ele>
      </trkpt>
      <trkpt lat="50.07892011538194" lon="-122.96642402407662">
        <ele>1317.4</ele>
      </trkpt>
      <trkpt lat="50.07892435019084" lon="-122.96643548823288">
        <ele>1317.4</ele>
      </trkpt>
      <trkpt lat="50.07892926051333" lon="-122.96644627831833">
        <ele>1317.4</ele>
      </trkpt>
      <trkpt lat="50.078934802502765" lon="-122.96645629798313">
        <ele>1317.4</ele>
      </trkpt>
      <trkpt lat="50.07894092667206" lon="-122.96646545775684">
        <ele>1317.4</ele>
      </trkpt>
      <trkpt lat="50.078947578335566" lon="-122.96647367584744">
        <ele>1317.4</ele>
      </trkpt>
      <trkpt lat="50.07895469809736" lon="-122.96648087887165">
        <ele>1317.4</ele>
      </trkpt>
      <trkpt lat="50.07896222238167" lon="-122.96648700251016">
        <ele>1317.4</ele>
      </trkpt>
      <trkpt lat="50.07897008400053" lon="-122.9664919920821">
        <ele>1317.4</ele>
      </trkpt>
      <trkpt lat="50.07897821275376" lon="-122.96649580303314">
        <ele>1317.4</ele>
      </trkpt>
      <trkpt lat="50.07896821275376" lon="-122.96653580300482">
        <ele>1311.3</ele>
      </trkpt>
      <trkpt lat="50.07897035404183" lon="-122.96653659389385">
        <ele>1311.3</ele>
      </trkpt>
      <trkpt lat="50.078972507119744" lon="-122.96653730281078">
        <ele>1311.3</ele>
      </trkpt>
      <trkpt lat="50.07897467069541" lon="-122.96653792933017">
        <ele>1311.3</ele>
      </trkpt>
      <trkpt lat="50.07897684347042" lon="-122.96653847307604">
        <ele>1311.3</ele>
      </trkpt>
      <trkpt lat="50.07897902414088" lon="-122.96653893372209">
        <ele>1311.3</ele>
      </trkpt>
      <trkpt lat="50.07898121139811" lon="-122.96653931099186">
        <ele>1311.3</ele>
      </trkpt>
      <trkpt lat="50.07898340392952" lon="-122.96653960465895">
        <ele>1311.3</ele>
      </trkpt>
      <trkpt lat="50.07898560041934" lon="-122.96653981454713">
        <ele>1311.3</ele>
      </trkpt>
      <trkpt lat="50.0789877995494" lon="-122.96653994053044">
        <ele>1311.3</ele>
      </trkpt>
      <trkpt lat="50.07899" lon="-122.96653998253328">
        <ele>1311.3</ele>
      </trkpt>
      <trkpt lat="50.07899" lon="-122.96656998253329">
        <ele>1311.3</ele>
      </trkpt>
      <trkpt lat="50.0789941635062" lon="-122.96656983210065">
        <ele>1311.3</ele>
      </trkpt>
      <trkpt lat="50.07899831806375" lon="-122.96656938112602">
        <ele>1311.3</ele>
      </trkpt>
      <trkpt lat="50.07900245474325" lon="-122.96656863057872">
        <ele>1311.3</ele>
      </trkpt>
      <trkpt lat="50.07900656465368" lon="-122.96656758207187">
        <ele>1311.3</ele>
      </trkpt>
      <trkpt lat="50.07901063896161" lon="-122.96656623785907">
        <ele>1311.3</ele>
      </trkpt>
      <trkpt lat="50.0790146689101" lon="-122.96656460082941">
        <ele>1311.3</ele>
      </trkpt>
      <trkpt lat="50.07901864583754" lon="-122.96656267450139">
        <ele>1311.3</ele>
      </trkpt>
      <trkpt lat="50.07902256119632" lon="-122.96656046301526">
        <ele>1311.3</ele>
      </trkpt>
      <trkpt lat="50.079026406571124" lon="-122.96655797112419">
        <ele>1311.3</ele>
      </trkpt>
      <trkpt lat="50.07903017369706" lon="-122.96655520418402">
        <ele>1311.3</ele>
      </trkpt>
      <trkpt lat="50.07904017369707" lon="-122.96657520421013">
        <ele>1311.3</ele>
      </trkpt>
      <trkpt lat="50.07904635383885" lon="-122.96656990654279">
        <ele>1311.3</ele>
      </trkpt>
      <trkpt lat="50.0790522481938" lon="-122.96656386961172">
        <ele>1311.3</ele>
      </trkpt>
      <trkpt lat="50.079057820421255" lon="-122.96655713063664">
        <ele>1311.3</ele>
      </trkpt>
      <trkpt lat="50.079063036166595" lon="-122.96654973116556">
        <ele>1311.3</ele>
      </trkpt>
      <trkpt lat="50.079067863273" lon="-122.96654171681868">
        <ele>1311.3</ele>
      </trkpt>
      <trkpt lat="50.07907227197977" lon="-122.96653313700712">
        <ele>1311.3</ele>
      </trkpt>
      <trkpt lat="50.079076235105745" lon="-122.96652404462826">
        <ele>1311.3</ele>
      </trkpt>
      <trkpt lat="50.07907972821694" lon="-122.96651449573964">
        <ele>1311.3</ele>
      </trkpt>
      <trkpt lat="50.07908272977717" lon="-122.96650454921335">
        <ele>1311.3</ele>
      </trkpt>
      <trkpt lat="50.07908522128081" lon="-122.96649426637302">
        <ele>1311.3</ele>
      </trkpt>
      <trkpt lat="50.079115221280816" lon="-122.96650426640072">
        <ele>1311.3</ele>
      </trkpt>
      <trkpt lat="50.079115567938814" lon="-122.96650261159621">
        <ele>1311.3</ele>
      </trkpt>
      <trkpt lat="50.07911590136462" lon="-122.96650095020226">
        <ele>1311.3</ele>
      </trkpt>
      <trkpt lat="50.07911622150666" lon="-122.96649928247578">
        <ele>1311.3</ele>
      </trkpt>
      <trkpt lat="50.07911652831544" lon="-122.96649760867466">
        <ele>1311.3</ele>
      </trkpt>
      <trkpt lat="50.07911682174351" lon="-122.96649592905776">
        <ele>1311.3</ele>
      </trkpt>
      <trkpt lat="50.0791171017455" lon="-122.96649424388481">
        <ele>1311.3</ele>
      </trkpt>
      <trkpt lat="50.079117368278105" lon="-122.96649255341639">
        <ele>1311.3</ele>
      </trkpt>
      <trkpt lat="50.07911762130011" lon="-122.96649085791391">
        <ele>1311.3</ele>
      </trkpt>
      <trkpt lat="50.07911786077238" lon="-122.96648915763959">
        <ele>1311.3</ele>
      </trkpt>
      <trkpt lat="50.0791180866579" lon="-122.96648745285633">
        <ele>1311.3</ele>
      </trkpt>
      <trkpt lat="50.07908" lon="-122.96647">
        <ele>1311.3</ele>
      </trkpt>
      <trkpt lat="50.079228608868476" lon="-122.96650301305873">
        <ele>1311.3</ele>
      </trkpt>
      <trkpt lat="50.07922917643597" lon="-122.9664968693803">
        <ele>1311.3</ele>
      </trkpt>
      <trkpt lat="50.07922956866992" lon="-122.96649069253425">
        <ele>1311.3</ele>
      </trkpt>
      <trkpt lat="50.07922978479915" lon="-122.96648449466518">
        <ele>1311.3</ele>
      </trkpt>
      <trkpt lat="50.079229824398716" lon="-122.96647828795896">
        <ele>1311.3</ele>
      </trkpt>
      <trkpt lat="50.07922968739074" lon="-122.96647208461886">
        <ele>1311.3</ele>
      </trkpt>
      <trkpt lat="50.07922937404463" lon="-122.96646589684151">
        <ele>1311.3</ele>
      </trkpt>
      <trkpt lat="50.079228884976445" lon="-122.96645973679297">
        <ele>1311.3</ele>
      </trkpt>
      <trkpt lat="50.07922822114777" lon="-122.96645361658479">
        <ele>1311.3</ele>
      </trkpt>
      <trkpt lat="50.07922738386379" lon="-122.96644754825014">
        <ele>1311.3</ele>
      </trkpt>
      <trkpt lat="50.07922637477072" lon="-122.96644154372024">
        <ele>1311.3</ele>
      </trkpt>
      <trkpt lat="50.07929637477072" lon="-122.96642154366408">
        <ele>1304.9</ele>
      </trkpt>
      <trkpt lat="50.07929532880225" lon="-122.96641623929013">
        <ele>1304.9</ele>
      </trkpt>
      <trkpt lat="50.07929414874375" lon="-122.96641100368397">
        <ele>1304.9</ele>
      </trkpt>
      <trkpt lat="50.07929283644961" lon="-122.96640584507314">
        <ele>1304.9</ele>
      </trkpt>
      <trkpt lat="50.07929139398205" lon="-122.96640077156412">
        <ele>1304.9</ele>
      </trkpt>
      <trkpt lat="50.07928982360782" lon="-122.9663957911297">
        <ele>1304.9</ele>
      </trkpt>
      <trkpt lat="50.0792881277947" lon="-122.96639091159636">
        <ele>1304.9</ele>
      </trkpt>
      <trkpt lat="50.07928630920757" lon="-122.96638614063208">
        <ele>1304.9</ele>
      </trkpt>
      <trkpt lat="50.07928437070426" lon="-122.96638148573419">
        <ele>1304.9</ele>
      </trkpt>
      <trkpt lat="50.079282315331014" lon="-122.96637695421761">
        <ele>1304.9</ele>
      </trkpt>
      <trkpt lat="50.07928014631777" lon="-122.96637255320343">
        <ele>1304.9</ele>
      </trkpt>
      <trkpt lat="50.079330146317766" lon="-122.96633255311222">
        <ele>1304.9</ele>
      </trkpt>
      <trkpt lat="50.07932798189548" lon="-122.96632849625122">
        <ele>1304.9</ele>
      </trkpt>
      <trkpt lat="50.07932572090915" lon="-122.96632456936561">
        <ele>1304.9</ele>
      </trkpt>
      <trkpt lat="50.07932336657034" lon="-122.96632077803328">
        <ele>1304.9</ele>
      </trkpt>
      <trkpt lat="50.07932092222327" lon="-122.96631712763958">
        <ele>1304.9</ele>
      </trkpt>
      <trkpt lat="50.07931839133997" lon="-122.96631362336967">
        <ele>1304.9</ele>
      </trkpt>
      <trkpt lat="50.07931577751539" lon="-122.96631027020115">
        <ele>1304.9</ele>
      </trkpt>
      <trkpt lat="50.07931308446233" lon="-122.96630707289698">
        <ele>1304.9</ele>
      </trkpt>
      <trkpt lat="50.07931031600609" lon="-122.96630403599875">
        <ele>1304.9</ele>
      </trkpt>
      <trkpt lat="50.07930747607909" lon="-122.96630116382016">
        <ele>1304.9</ele>
      </trkpt>
      <trkpt lat="50.07930456871527" lon="-122.96629846044098">
        <ele>1304.9</ele>
      </trkpt>
      <trkpt lat="50.0793" lon="-122.96635">
        <ele>1309.5</ele>
      </trkpt>
      <trkpt lat="50.07934" lon="-122.96628">
        <ele>1309.5</ele>
      </trkpt>
      <trkpt lat="50.07943761039705" lon="-122.96608129405877">
        <ele>1309.5</ele>
      </trkpt>
      <trkpt lat="50.07943607876552" lon="-122.96607983530421">
        <ele>1309.5</ele>
      </trkpt>
      <trkpt lat="50.079434528734666" lon="-122.9660784245316">
        <ele>1309.5</ele>
      </trkpt>
      <trkpt lat="50.07943296092342" lon="-122.96607706230428">
        <ele>1309.5</ele>
      </trkpt>
      <trkpt lat="50.07943137595781" lon="-122.96607574916617">
        <ele>1309.5</ele>
      </trkpt>
      <trkpt lat="50.07942977447071" lon="-122.9660744856416">
        <ele>1309.5</ele>
      </trkpt>
      <trkpt lat="50.0794281571016" lon="-122.96607327223512">
        <ele>1309.5</ele>
      </trkpt>
      <trkpt lat="50.079426524496306" lon="-122.96607210943125">
        <ele>1309.5</ele>
      </trkpt>
      <trkpt lat="50.07942487730672" lon="-122.96607099769427">
        <ele>1309.5</ele>
      </trkpt>
      <trkpt lat="50.07942321619057" lon="-122.96606993746813">
        <ele>1309.5</ele>
      </trkpt>
      <trkpt lat="50.079421541811136" lon="-122.96606892917616">
        <ele>1309.5</ele>
      </trkpt>
      <trkpt lat="50.07945154181114" lon="-122.96598892909414">
        <ele>1309.5</ele>
      </trkpt>
      <trkpt lat="50.07944990741709" lon="-122.96598800203887">
        <ele>1309.5</ele>
      </trkpt>
      <trkpt lat="50.079448261811265" lon="-122.96598712446738">
        <ele>1309.5</ele>
      </trkpt>
      <trkpt lat="50.07944660561056" lon="-122.96598629670868">
        <ele>1309.5</ele>
      </trkpt>
      <trkpt lat="50.079444939435874" lon="-122.96598551907307">
        <ele>1309.5</ele>
      </trkpt>
      <trkpt lat="50.079443263911806" lon="-122.9659847918521">
        <ele>1309.5</ele>
      </trkpt>
      <trkpt lat="50.079441579666494" lon="-122.96598411531836">
        <ele>1309.5</ele>
      </trkpt>
      <trkpt lat="50.07943988733133" lon="-122.96598348972549">
        <ele>1309.5</ele>
      </trkpt>
      <trkpt lat="50.079438187540745" lon="-122.96598291530799">
        <ele>1309.5</ele>
      </trkpt>
      <trkpt lat="50.07943648093196" lon="-122.96598239228123">
        <ele>1309.5</ele>
      </trkpt>
      <trkpt lat="50.07943476814475" lon="-122.96598192084127">
        <ele>1309.5</ele>
      </trkpt>
      <trkpt lat="50.07943" lon="-122.96606">
        <ele>1315.0</ele>
      </trkpt>
      <trkpt lat="50.079471787246234" lon="-122.96584419569216">
        <ele>1302.5</ele>
      </trkpt>
      <trkpt lat="50.07947073446368" lon="-122.96584379605143">
        <ele>1302.5</ele>
      </trkpt>
      <trkpt lat="50.079469678664296" lon="-122.96584341622824">
        <ele>1302.5</ele>
      </trkpt>
      <trkpt lat="50.079468620001684" lon="-122.96584305627783">
        <ele>1302.5</ele>
      </trkpt>
      <trkpt lat="50.07946755862988" lon="-122.9658427162526">
        <ele>1302.5</ele>
      </trkpt>
      <trkpt lat="50.07946649470332" lon="-122.96584239620199">
        <ele>1302.5</ele>
      </trkpt>
      <trkpt lat="50.079465428376785" lon="-122.96584209617261">
        <ele>1302.5</ele>
      </trkpt>
      <trkpt lat="50.07946435980545" lon="-122.96584181620807">
        <ele>1302.5</ele>
      </trkpt>
      <trkpt lat="50.079463289144776" lon="-122.96584155634913">
        <ele>1302.5</ele>
      </trkpt>
      <trkpt lat="50.07946221655054" lon="-122.96584131663359">
        <ele>1302.5</ele>
      </trkpt>
      <trkpt lat="50.079461142178815" lon="-122.96584109709633">
        <ele>1302.5</ele>
      </trkpt>
      <trkpt lat="50.07947114217881" lon="-122.96576109706736">
        <ele>1302.5</ele>
      </trkpt>
      <trkpt lat="50.0794787436574" lon="-122.96576309721861">
        <ele>1302.5</ele>
      </trkpt>
      <trkpt lat="50.07948620709558" lon="-122.96576610561041">
        <ele>1302.5</ele>
      </trkpt>
      <trkpt lat="50.07949347752777" lon="-122.96577010008701">
        <ele>1302.5</ele>
      </trkpt>
      <trkpt lat="50.07950050140981" lon="-122.96577505123054">
        <ele>1302.5</ele>
      </trkpt>
      <trkpt lat="50.079507227013295" lon="-122.96578092257754">
        <ele>1302.5</ele>
      </trkpt>
      <trkpt lat="50.07951360480654" lon="-122.96578767088762">
        <ele>1302.5</ele>
      </trkpt>
      <trkpt lat="50.07951958781935" lon="-122.96579524646188">
        <ele>1302.5</ele>
      </trkpt>
      <trkpt lat="50.079525131988945" lon="-122.9658035935089">
        <ele>1302.5</ele>
      </trkpt>
      <trkpt lat="50.079530196484484" lon="-122.9658126505556">
        <ele>1302.5</ele>
      </trkpt>
      <trkpt lat="50.079534744007745" lon="-122.96582235090008">
        <ele>1302.5</ele>
      </trkpt>
      <trkpt lat="50.07956474400775" lon="-122.96580235085148">
        <ele>1302.5</ele>
      </trkpt>
      <trkpt lat="50.079569375847385" lon="-122.96581445669719">
        <ele>1302.5</ele>
      </trkpt>
      <trkpt lat="50.07957320301992" lon="-122.96582722698355">
        <ele>1302.5</ele>
      </trkpt>
      <trkpt lat="50.07957618672766" lon="-122.96584053225266">
        <ele>1302.5</ele>
      </trkpt>
      <trkpt lat="50.07957829672348" lon="-122.9658542376233">
        <ele>1302.5</ele>
      </trkpt>
      <trkpt lat="50.079579511617446" lon="-122.96586820415823">
        <ele>1302.5</ele>
      </trkpt>
      <trkpt lat="50.07957981909365" lon="-122.96588229027269">
        <ele>1302.5</ele>
      </trkpt>
      <trkpt lat="50.07957921603508" lon="-122.96589635316967">
        <ele>1302.5</ele>
      </trkpt>
      <trkpt lat="50.07957770855519" lon="-122.96591025028752">
        <ele>1302.5</ele>
      </trkpt>
      <trkpt lat="50.07957531193597" lon="-122.96592384074522">
        <ele>1302.5</ele>
      </trkpt>
      <trkpt lat="50.07957205047296" lon="-122.96593698677042">
        <ele>1302.5</ele>
      </trkpt>
      <trkpt lat="50.079567957229024" lon="-122.96594955509622">
        <ele>1302.5</ele>
      </trkpt>
      <trkpt lat="50.07956307369913" lon="-122.9659614183121">
        <ele>1302.5</ele>
      </trkpt>
      <trkpt lat="50.079557449389725" lon="-122.96597245615554">
        <ele>1302.5</ele>
      </trkpt>
      <trkpt lat="50.079551141316855" lon="-122.96598255673118">
        <ele>1302.5</ele>
      </trkpt>
      <trkpt lat="50.079544213428164" lon="-122.96599161764512">
        <ele>1302.5</ele>
      </trkpt>
      <trkpt lat="50.07953673595463" lon="-122.965999547043">
        <ele>1302.5</ele>
      </trkpt>
      <trkpt lat="50.07952878469863" lon="-122.9660062645411">
        <ele>1302.5</ele>
      </trkpt>
      <trkpt lat="50.07952044026547" lon="-122.96601170204124">
        <ele>1302.5</ele>
      </trkpt>
      <trkpt lat="50.07951178724624" lon="-122.96601580442115">
        <ele>1302.5</ele>
      </trkpt>
      <trkpt lat="50.07952178724624" lon="-122.96605580444948">
        <ele>1302.5</ele>
      </trkpt>
      <trkpt lat="50.0795185544146" lon="-122.96605696548018">
        <ele>1302.5</ele>
      </trkpt>
      <trkpt lat="50.07951529627625" lon="-122.96605793970113">
        <ele>1302.5</ele>
      </trkpt>
      <trkpt lat="50.07951201727502" lon="-122.96605872578358">
        <ele>1302.5</ele>
      </trkpt>
      <trkpt lat="50.079508721883215" lon="-122.96605932265537">
        <ele>1302.5</ele>
      </trkpt>
      <trkpt lat="50.07950541459547" lon="-122.96605972950242">
        <ele>1302.5</ele>
      </trkpt>
      <trkpt lat="50.07950209992266" lon="-122.96605994576983">
        <ele>1302.5</ele>
      </trkpt>
      <trkpt lat="50.07949878238572" lon="-122.96605997116261">
        <ele>1302.5</ele>
      </trkpt>
      <trkpt lat="50.07949546650951" lon="-122.96605980564614">
        <ele>1302.5</ele>
      </trkpt>
      <trkpt lat="50.07949215681662" lon="-122.96605944944618">
        <ele>1302.5</ele>
      </trkpt>
      <trkpt lat="50.07948885782118" lon="-122.96605890304853">
        <ele>1302.5</ele>
      </trkpt>
      <trkpt lat="50.07949" lon="-122.966">
        <ele>1302.5</ele>
      </trkpt>
      <trkpt lat="50.079468857821176" lon="-122.96621890299059">
        <ele>1302.5</ele>
      </trkpt>
      <trkpt lat="50.079472156816614" lon="-122.966219449388">
        <ele>1302.5</ele>
      </trkpt>
      <trkpt lat="50.07947546650951" lon="-122.96621980558783">
        <ele>1302.5</ele>
      </trkpt>
      <trkpt lat="50.07947878238572" lon="-122.96621997110422">
        <ele>1302.5</ele>
      </trkpt>
      <trkpt lat="50.07948209992265" lon="-122.96621994571144">
        <ele>1302.5</ele>
      </trkpt>
      <trkpt lat="50.07948541459547" lon="-122.96621972944413">
        <ele>1302.5</ele>
      </trkpt>
      <trkpt lat="50.07948872188321" lon="-122.96621932259725">
        <ele>1302.5</ele>
      </trkpt>
      <trkpt lat="50.079492017275015" lon="-122.96621872572571">
        <ele>1302.5</ele>
      </trkpt>
      <trkpt lat="50.07949529627624" lon="-122.9662179396436">
        <ele>1302.5</ele>
      </trkpt>
      <trkpt lat="50.07949855441459" lon="-122.96621696542304">
        <ele>1302.5</ele>
      </trkpt>
      <trkpt lat="50.07950178724624" lon="-122.96621580439283">
        <ele>1302.5</ele>
      </trkpt>
      <trkpt lat="50.07951178724624" lon="-122.96625580442115">
        <ele>1297.0</ele>
      </trkpt>
      <trkpt lat="50.07952054661295" lon="-122.9662516422355">
        <ele>1297.0</ele>
      </trkpt>
      <trkpt lat="50.07952898853539" lon="-122.96624611200704">
        <ele>1297.0</ele>
      </trkpt>
      <trkpt lat="50.07953702528402" lon="-122.96623927120663">
        <ele>1297.0</ele>
      </trkpt>
      <trkpt lat="50.079544573339945" lon="-122.96623119092473">
        <ele>1297.0</ele>
      </trkpt>
      <trkpt lat="50.07955155426281" lon="-122.96622195513264">
        <ele>1297.0</ele>
      </trkpt>
      <trkpt lat="50.079557895505964" lon="-122.96621165980989">
        <ele>1297.0</ele>
      </trkpt>
      <trkpt lat="50.07956353117042" lon="-122.96620041194677">
        <ele>1297.0</ele>
      </trkpt>
      <trkpt lat="50.07956840268964" lon="-122.96618832843252">
        <ele>1297.0</ele>
      </trkpt>
      <trkpt lat="50.07957245943817" lon="-122.96617553484054">
        <ele>1297.0</ele>
      </trkpt>
      <trkpt lat="50.07957565925776" lon="-122.96616216412346">
        <ele>1297.0</ele>
      </trkpt>
      <trkpt lat="50.0795779688955" lon="-122.96614835523145">
        <ele>1297.0</ele>
      </trkpt>
      <trkpt lat="50.07957936434932" lon="-122.96613425166831">
        <ele>1297.0</ele>
      </trkpt>
      <trkpt lat="50.0795798311175" lon="-122.96612">
        <ele>1297.0</ele>
      </trkpt>
      <trkpt lat="50.0796098311175" lon="-122.96612">
        <ele>1297.0</ele>
      </trkpt>
      <trkpt lat="50.07960937648896" lon="-122.96610593439505">
        <ele>1297.0</ele>
      </trkpt>
      <trkpt lat="50.07960801720502" lon="-122.96609201116004">
        <ele>1297.0</ele>
      </trkpt>
      <trkpt lat="50.07960576702414" lon="-122.96607837122386">
        <ele>1297.0</ele>
      </trkpt>
      <trkpt lat="50.07960264872233" lon="-122.9660651526479">
        <ele>1297.0</ele>
      </trkpt>
      <trkpt lat="50.07959869386256" lon="-122.96605248922862">
        <ele>1297.0</ele>
      </trkpt>
      <trkpt lat="50.07959394247533" lon="-122.96604050914321">
        <ele>1297.0</ele>
      </trkpt>
      <trkpt lat="50.07958844265347" lon="-122.96602933365232">
        <ele>1297.0</ele>
      </trkpt>
      <trkpt lat="50.07958225006534" lon="-122.9660190758726">
        <ele>1297.0</ele>
      </trkpt>
      <trkpt lat="50.079575427391404" lon="-122.96600983963172">
        <ele>1297.0</ele>
      </trkpt>
      <trkpt lat="50.07956804368973" lon="-122.96600171841756">
        <ele>1297.0</ele>
      </trkpt>
      <trkpt lat="50.07956017369705" lon="-122.96599479443182">
        <ele>1297.0</ele>
      </trkpt>
      <trkpt lat="50.07954" lon="-122.96608">
        <ele>1302.5</ele>
      </trkpt>
      <trkpt lat="50.07957" lon="-122.96602">
        <ele>1302.5</ele>
      </trkpt>
      <trkpt lat="50.079640173697044" lon="-122.96583479422289">
        <ele>1302.5</ele>
      </trkpt>
      <trkpt lat="50.07964804368973" lon="-122.96584171822018">
        <ele>1302.5</ele>
      </trkpt>
      <trkpt lat="50.0796554273914" lon="-122.9658498394479">
        <ele>1302.5</ele>
      </trkpt>
      <trkpt lat="50.07966225006534" lon="-122.96585907570417">
        <ele>1302.5</ele>
      </trkpt>
      <trkpt lat="50.079668442653464" lon="-122.96586933350102">
        <ele>1302.5</ele>
      </trkpt>
      <trkpt lat="50.079673942475324" lon="-122.96588050901056">
        <ele>1302.5</ele>
      </trkpt>
      <trkpt lat="50.079678693862554" lon="-122.96589248911594">
        <ele>1302.5</ele>
      </trkpt>
      <trkpt lat="50.079682648722326" lon="-122.96590515255637">
        <ele>1302.5</ele>
      </trkpt>
      <trkpt lat="50.07968576702414" lon="-122.96591837115439">
        <ele>1302.5</ele>
      </trkpt>
      <trkpt lat="50.079688017205015" lon="-122.96593201111332">
        <ele>1302.5</ele>
      </trkpt>
      <trkpt lat="50.07968937648896" lon="-122.96594593437158">
        <ele>1302.5</ele>
      </trkpt>
      <trkpt lat="50.0796898311175" lon="-122.96596">
        <ele>1302.5</ele>
      </trkpt>
      <trkpt lat="50.0797198311175" lon="-122.96596">
        <ele>1302.5</ele>
      </trkpt>
      <trkpt lat="50.07971955419814" lon="-122.9659709830496">
        <ele>1302.5</ele>
      </trkpt>
      <trkpt lat="50.07971872514738" lon="-122.96598189838504">
        <ele>1302.5</ele>
      </trkpt>
      <trkpt lat="50.079717349076574" lon="-122.96599267870967">
        <ele>1302.5</ele>
      </trkpt>
      <trkpt lat="50.07971543446966" lon="-122.96600325755918">
        <ele>1302.5</ele>
      </trkpt>
      <trkpt lat="50.07971299313084" lon="-122.96601356971145">
        <ele>1302.5</ele>
      </trkpt>
      <trkpt lat="50.07971004011176" lon="-122.96602355158863">
        <ele>1302.5</ele>
      </trkpt>
      <trkpt lat="50.07970659361878" lon="-122.96603314164915">
        <ele>1302.5</ele>
      </trkpt>
      <trkpt lat="50.07970267490067" lon="-122.96604228076707">
        <ele>1302.5</ele>
      </trkpt>
      <trkpt lat="50.079698308117635" lon="-122.9660509125967">
        <ele>1302.5</ele>
      </trkpt>
      <trkpt lat="50.07969352019233" lon="-122.96605898391994">
        <ele>1302.5</ele>
      </trkpt>
      <trkpt lat="50.079723520192324" lon="-122.96608898398188">
        <ele>1302.5</ele>
      </trkpt>
      <trkpt lat="50.07971967756242" lon="-122.96609462984465">
        <ele>1302.5</ele>
      </trkpt>
      <trkpt lat="50.07971562865854" lon="-122.96609991405701">
        <ele>1302.5</ele>
      </trkpt>
      <trkpt lat="50.07971138747562" lon="-122.96610481835424">
        <ele>1302.5</ele>
      </trkpt>
      <trkpt lat="50.07970696867319" lon="-122.96610932578474">
        <ele>1302.5</ele>
      </trkpt>
      <trkpt lat="50.07970238752474" lon="-122.9661134207687">
        <ele>1302.5</ele>
      </trkpt>
      <trkpt lat="50.07969765986489" lon="-122.96611708915194">
        <ele>1302.5</ele>
      </trkpt>
      <trkpt lat="50.07969280203468" lon="-122.96612031825474">
        <ele>1302.5</ele>
      </trkpt>
      <trkpt lat="50.079687830825065" lon="-122.9661230969158">
        <ele>1302.5</ele>
      </trkpt>
      <trkpt lat="50.07968276341891" lon="-122.96612541553077">
        <ele>1302.5</ele>
      </trkpt>
      <trkpt lat="50.07967761733158" lon="-122.9661272660854">
        <ele>1302.5</ele>
      </trkpt>
      <trkpt lat="50.07968761733159" lon="-122.96617726611403">
        <ele>1302.5</ele>
      </trkpt>
      <trkpt lat="50.07968393816927" lon="-122.96617828922234">
        <ele>1302.5</ele>
      </trkpt>
      <trkpt lat="50.079680234882105" lon="-122.96617907297316">
        <ele>1302.5</ele>
      </trkpt>
      <trkpt lat="50.07967651387993" lon="-122.96617961600995">
        <ele>1302.5</ele>
      </trkpt>
      <trkpt lat="50.079672781603236" lon="-122.96617991739278">
        <ele>1302.5</ele>
      </trkpt>
      <trkpt lat="50.079669044512" lon="-122.9661799766">
        <ele>1302.5</ele>
      </trkpt>
      <trkpt lat="50.07966530907457" lon="-122.96617979352915">
        <ele>1302.5</ele>
      </trkpt>
      <trkpt lat="50.07966158175642" lon="-122.96617936849708">
        <ele>1302.5</ele>
      </trkpt>
      <trkpt lat="50.079657869008955" lon="-122.96617870223947">
        <ele>1302.5</ele>
      </trkpt>
      <trkpt lat="50.079654177258384" lon="-122.96617779590949">
        <ele>1302.5</ele>
      </trkpt>
      <trkpt lat="50.07965051289455" lon="-122.96617665107588">
        <ele>1302.5</ele>
      </trkpt>
      <trkpt lat="50.07963051289455" lon="-122.96626665101887">
        <ele>1297.0</ele>
      </trkpt>
      <trkpt lat="50.07962876695012" lon="-122.96626601786348">
        <ele>1297.0</ele>
      </trkpt>
      <trkpt lat="50.0796270294609" lon="-122.96626533054436">
        <ele>1297.0</ele>
      </trkpt>
      <trkpt lat="50.07962530111879" lon="-122.96626458933522">
        <ele>1297.0</ele>
      </trkpt>
      <trkpt lat="50.07962358261202" lon="-122.96626379453123">
        <ele>1297.0</ele>
      </trkpt>
      <trkpt lat="50.07962187462494" lon="-122.96626294644888">
        <ele>1297.0</ele>
      </trkpt>
      <trkpt lat="50.07962017783766" lon="-122.96626204542588">
        <ele>1297.0</ele>
      </trkpt>
      <trkpt lat="50.07961849292588" lon="-122.96626109182104">
        <ele>1297.0</ele>
      </trkpt>
      <trkpt lat="50.079616820560545" lon="-122.96626008601409">
        <ele>1297.0</ele>
      </trkpt>
      <trkpt lat="50.079615161407595" lon="-122.96625902840553">
        <ele>1297.0</ele>
      </trkpt>
      <trkpt lat="50.079613516127736" lon="-122.96625791941655">
        <ele>1297.0</ele>
      </trkpt>
      <trkpt lat="50.07961" lon="-122.96622">
        <ele>1297.0</ele>
      </trkpt>
      <trkpt lat="50.07952775250815" lon="-122.96648065363578">
        <ele>1297.0</ele>
      </trkpt>
      <trkpt lat="50.079528600299355" lon="-122.96648115411963">
        <ele>1297.0</ele>
      </trkpt>
      <trkpt lat="50.079529451288664" lon="-122.96648164124528">
        <ele>1297.0</ele>
      </trkpt>
      <trkpt lat="50.0795303053894" lon="-122.96648211496311">
        <ele>1297.0</ele>
      </trkpt>
      <trkpt lat="50.079531162514556" lon="-122.96648257522489">
        <ele>1297.0</ele>
      </trkpt>
      <trkpt lat="50.07953202257685" lon="-122.9664830219837">
        <ele>1297.0</ele>
      </trkpt>
      <trkpt lat="50.07953288548868" lon="-122.96648345519408">
        <ele>1297.0</ele>
      </trkpt>
      <trkpt lat="50.07953375116215" lon="-122.96648387481187">
        <ele>1297.0</ele>
      </trkpt>
      <trkpt lat="50.079534619509104" lon="-122.96648428079436">
        <ele>1297.0</ele>
      </trkpt>
      <trkpt lat="50.07953549044109" lon="-122.96648467310018">
        <ele>1297.0</ele>
      </trkpt>
      <trkpt lat="50.0795363638694" lon="-122.9664850516894">
        <ele>1297.0</ele>
      </trkpt>
      <trkpt lat="50.07953" lon="-122.96646">
        <ele>1292.6</ele>
      </trkpt>
      <trkpt lat="50.0795" lon="-122.96657">
        <ele>1292.6</ele>
      </trkpt>
      <trkpt lat="50.07946393052117" lon="-122.96681772601009">
        <ele>1288.6</ele>
      </trkpt>
      <trkpt lat="50.07946243995574" lon="-122.96681728339401">
        <ele>1288.6</ele>
      </trkpt>
      <trkpt lat="50.079460954400616" lon="-122.96681680160764">
        <ele>1288.6</ele>
      </trkpt>
      <trkpt lat="50.079459474279666" lon="-122.96681628078841">
        <ele>1288.6</ele>
      </trkpt>
      <trkpt lat="50.07945800001521" lon="-122.96681572108494">
        <ele>1288.6</ele>
      </trkpt>
      <trkpt lat="50.07945653202788" lon="-122.96681512265694">
        <ele>1288.6</ele>
      </trkpt>
      <trkpt lat="50.07945507073655" lon="-122.96681448567514">
        <ele>1288.6</ele>
      </trkpt>
      <trkpt lat="50.07945361655813" lon="-122.96681381032128">
        <ele>1288.6</ele>
      </trkpt>
      <trkpt lat="50.07945216990757" lon="-122.96681309678807">
        <ele>1288.6</ele>
      </trkpt>
      <trkpt lat="50.0794507311976" lon="-122.9668123452791">
        <ele>1288.6</ele>
      </trkpt>
      <trkpt lat="50.079449300838746" lon="-122.96681155600878">
        <ele>1288.6</ele>
      </trkpt>
      <trkpt lat="50.07944" lon="-122.96679">
        <ele>1300.4</ele>
      </trkpt>
      <trkpt lat="50.0794" lon="-122.96689">
        <ele>1300.4</ele>
      </trkpt>
      <trkpt lat="50.07935" lon="-122.96701">
        <ele>1295.4</ele>
      </trkpt>
      <trkpt lat="50.0793" lon="-122.96711">
        <ele>1295.4</ele>
      </trkpt>
      <trkpt lat="50.07920238960295" lon="-122.96730870559458">
        <ele>1295.4</ele>
      </trkpt>
      <trkpt lat="50.079200674318066" lon="-122.96730699256716">
        <ele>1295.4</ele>
      </trkpt>
      <trkpt lat="50.07919898440411" lon="-122.96730521936401">
        <ele>1295.4</ele>
      </trkpt>
      <trkpt lat="50.07919732073028" lon="-122.96730338689719">
        <ele>1295.4</ele>
      </trkpt>
      <trkpt lat="50.0791956841523" lon="-122.96730149610923">
        <ele>1295.4</ele>
      </trkpt>
      <trkpt lat="50.079194075511964" lon="-122.96729954797269">
        <ele>1295.4</ele>
      </trkpt>
      <trkpt lat="50.079192495636676" lon="-122.96729754348958">
        <ele>1295.4</ele>
      </trkpt>
      <trkpt lat="50.07919094533904" lon="-122.96729548369092">
        <ele>1295.4</ele>
      </trkpt>
      <trkpt lat="50.07918942541648" lon="-122.9672933696362">
        <ele>1295.4</ele>
      </trkpt>
      <trkpt lat="50.07918793665077" lon="-122.96729120241275">
        <ele>1295.4</ele>
      </trkpt>
      <trkpt lat="50.07918647980765" lon="-122.96728898313535">
        <ele>1295.4</ele>
      </trkpt>
      <trkpt lat="50.07912647980765" lon="-122.96734898301148">
        <ele>1289.2</ele>
      </trkpt>
      <trkpt lat="50.07912419084949" lon="-122.96734528271558">
        <ele>1289.2</ele>
      </trkpt>
      <trkpt lat="50.07912199060304" lon="-122.96734145397718">
        <ele>1289.2</ele>
      </trkpt>
      <trkpt lat="50.07911988203427" lon="-122.96733750195747">
        <ele>1289.2</ele>
      </trkpt>
      <trkpt lat="50.079117867985545" lon="-122.96733343198383">
        <ele>1289.2</ele>
      </trkpt>
      <trkpt lat="50.07911595117184" lon="-122.96732924954263">
        <ele>1289.2</ele>
      </trkpt>
      <trkpt lat="50.07911413417706" lon="-122.9673249602719">
        <ele>1289.2</ele>
      </trkpt>
      <trkpt lat="50.07911241945053" lon="-122.96732056995359">
        <ele>1289.2</ele>
      </trkpt>
      <trkpt lat="50.07911080930372" lon="-122.96731608450594">
        <ele>1289.2</ele>
      </trkpt>
      <trkpt lat="50.079109305907146" lon="-122.96731150997542">
        <ele>1289.2</ele>
      </trkpt>
      <trkpt lat="50.0791079112874" lon="-122.96730685252852">
        <ele>1289.2</ele>
      </trkpt>
      <trkpt lat="50.0790179112874" lon="-122.9673468524218">
        <ele>1291.3</ele>
      </trkpt>
      <trkpt lat="50.07901701435437" lon="-122.96734359727026">
        <ele>1291.3</ele>
      </trkpt>
      <trkpt lat="50.079016170568565" lon="-122.96734030779297">
        <ele>1291.3</ele>
      </trkpt>
      <trkpt lat="50.07901538047036" lon="-122.96733698609663">
        <ele>1291.3</ele>
      </trkpt>
      <trkpt lat="50.07901464456578" lon="-122.96733363430856">
        <ele>1291.3</ele>
      </trkpt>
      <trkpt lat="50.07901396332612" lon="-122.96733025457539">
        <ele>1291.3</ele>
      </trkpt>
      <trkpt lat="50.079013337187675" lon="-122.96732684906165">
        <ele>1291.3</ele>
      </trkpt>
      <trkpt lat="50.07901276655144" lon="-122.96732341994833">
        <ele>1291.3</ele>
      </trkpt>
      <trkpt lat="50.07901225178289" lon="-122.96731996943159">
        <ele>1291.3</ele>
      </trkpt>
      <trkpt lat="50.079011793211684" lon="-122.96731649972126">
        <ele>1291.3</ele>
      </trkpt>
      <trkpt lat="50.07901139113152" lon="-122.9673130130395">
        <ele>1291.3</ele>
      </trkpt>
      <trkpt lat="50.078951391131525" lon="-122.96732301301068">
        <ele>1291.3</ele>
      </trkpt>
      <trkpt lat="50.07895289332596" lon="-122.96733421343664">
        <ele>1291.3</ele>
      </trkpt>
      <trkpt lat="50.07895497754197" lon="-122.96734518525834">
        <ele>1291.3</ele>
      </trkpt>
      <trkpt lat="50.07895762985343" lon="-122.96735585516521">
        <ele>1291.3</ele>
      </trkpt>
      <trkpt lat="50.07896083253835" lon="-122.96736615186403">
        <ele>1291.3</ele>
      </trkpt>
      <trkpt lat="50.078964564197335" lon="-122.96737600655526">
        <ele>1291.3</ele>
      </trkpt>
      <trkpt lat="50.07896879989651" lon="-122.9673853533927">
        <ele>1291.3</ele>
      </trkpt>
      <trkpt lat="50.07897351133416" lon="-122.96739412992346">
        <ele>1291.3</ele>
      </trkpt>
      <trkpt lat="50.07897866702982" lon="-122.96740227750536">
        <ele>1291.3</ele>
      </trkpt>
      <trkpt lat="50.07898423253464" lon="-122.96740974169856">
        <ele>1291.3</ele>
      </trkpt>
      <trkpt lat="50.078990170661505" lon="-122.96741647262951">
        <ele>1291.3</ele>
      </trkpt>
      <trkpt lat="50.078970170661506" lon="-122.96744647258093">
        <ele>1291.3</ele>
      </trkpt>
      <trkpt lat="50.078977631893345" lon="-122.96745343531043">
        <ele>1291.3</ele>
      </trkpt>
      <trkpt lat="50.07898549023155" lon="-122.9674592411096">
        <ele>1291.3</ele>
      </trkpt>
      <trkpt lat="50.07899367202177" lon="-122.96746383556201">
        <ele>1291.3</ele>
      </trkpt>
      <trkpt lat="50.07900210057797" lon="-122.96746717560495">
        <ele>1291.3</ele>
      </trkpt>
      <trkpt lat="50.079010696901285" lon="-122.96746922993296">
        <ele>1291.3</ele>
      </trkpt>
      <trkpt lat="50.07901938042037" lon="-122.96746997929131">
        <ele>1291.3</ele>
      </trkpt>
      <trkpt lat="50.079028069746634" lon="-122.96746941665643">
        <ele>1291.3</ele>
      </trkpt>
      <trkpt lat="50.07903668343704" lon="-122.96746754730178">
        <ele>1291.3</ele>
      </trkpt>
      <trkpt lat="50.079045140757486" lon="-122.9674643887484">
        <ele>1291.3</ele>
      </trkpt>
      <trkpt lat="50.07905336243948" lon="-122.96745997060063">
        <ele>1291.3</ele>
      </trkpt>
      <trkpt lat="50.07907336243948" lon="-122.96750997065485">
        <ele>1291.3</ele>
      </trkpt>
      <trkpt lat="50.079075085778584" lon="-122.9675088640172">
        <ele>1291.3</ele>
      </trkpt>
      <trkpt lat="50.07907679401216" lon="-122.96750770189958">
        <ele>1291.3</ele>
      </trkpt>
      <trkpt lat="50.079078486404754" lon="-122.96750648480226">
        <ele>1291.3</ele>
      </trkpt>
      <trkpt lat="50.07908016222774" lon="-122.96750521324927">
        <ele>1291.3</ele>
      </trkpt>
      <trkpt lat="50.07908182075963" lon="-122.96750388778803">
        <ele>1291.3</ele>
      </trkpt>
      <trkpt lat="50.07908346128637" lon="-122.96750250898923">
        <ele>1291.3</ele>
      </trkpt>
      <trkpt lat="50.07908508310167" lon="-122.96750107744644">
        <ele>1291.3</ele>
      </trkpt>
      <trkpt lat="50.079086685507264" lon="-122.96749959377603">
        <ele>1291.3</ele>
      </trkpt>
      <trkpt lat="50.07908826781329" lon="-122.96749805861673">
        <ele>1291.3</ele>
      </trkpt>
      <trkpt lat="50.07908982933851" lon="-122.9674964726295">
        <ele>1291.3</ele>
      </trkpt>
      <trkpt lat="50.07908" lon="-122.96744">
        <ele>1291.3</ele>
      </trkpt>
      <trkpt lat="50.07912" lon="-122.96749">
        <ele>1291.3</ele>
      </trkpt>
      <trkpt lat="50.07920389867049" lon="-122.96764198640037">
        <ele>1284.5</ele>
      </trkpt>
      <trkpt lat="50.07920630550451" lon="-122.9676390727823">
        <ele>1284.5</ele>
      </trkpt>
      <trkpt lat="50.079208647526144" lon="-122.96763603361228">
        <ele>1284.5</ele>
      </trkpt>
      <trkpt lat="50.07921092203952" lon="-122.96763287238862">
        <ele>1284.5</ele>
      </trkpt>
      <trkpt lat="50.079213126426495" lon="-122.96762959275016">
        <ele>1284.5</ele>
      </trkpt>
      <trkpt lat="50.07921525814963" lon="-122.96762619847205">
        <ele>1284.5</ele>
      </trkpt>
      <trkpt lat="50.079217314755134" lon="-122.96762269346137">
        <ele>1284.5</ele>
      </trkpt>
      <trkpt lat="50.07921929387567" lon="-122.9676190817527">
        <ele>1284.5</ele>
      </trkpt>
      <trkpt lat="50.07922119323311" lon="-122.96761536750343">
        <ele>1284.5</ele>
      </trkpt>
      <trkpt lat="50.07922301064114" lon="-122.96761155498896">
        <ele>1284.5</ele>
      </trkpt>
      <trkpt lat="50.07922474400776" lon="-122.96760764859782">
        <ele>1284.5</ele>
      </trkpt>
      <trkpt lat="50.079284744007765" lon="-122.96764764869499">
        <ele>1284.1</ele>
      </trkpt>
      <trkpt lat="50.07928754312236" lon="-122.96764066980022">
        <ele>1284.1</ele>
      </trkpt>
      <trkpt lat="50.07929007421114" lon="-122.96763344663707">
        <ele>1284.1</ele>
      </trkpt>
      <trkpt lat="50.07929232852544" lon="-122.96762600417225">
        <ele>1284.1</ele>
      </trkpt>
      <trkpt lat="50.07929429827328" lon="-122.96761836813042">
        <ele>1284.1</ele>
      </trkpt>
      <trkpt lat="50.07929597664629" lon="-122.96761056490539">
        <ele>1284.1</ele>
      </trkpt>
      <trkpt lat="50.07929735784321" lon="-122.96760262146877">
        <ele>1284.1</ele>
      </trkpt>
      <trkpt lat="50.07929843708997" lon="-122.9675945652769">
        <ele>1284.1</ele>
      </trkpt>
      <trkpt lat="50.079299210656174" lon="-122.96758642417576">
        <ele>1284.1</ele>
      </trkpt>
      <trkpt lat="50.079299675868015" lon="-122.96757822630488">
        <ele>1284.1</ele>
      </trkpt>
      <trkpt lat="50.0792998311175" lon="-122.96757">
        <ele>1284.1</ele>
      </trkpt>
      <trkpt lat="50.07927" lon="-122.96757">
        <ele>1284.1</ele>
      </trkpt>
      <trkpt lat="50.07937" lon="-122.96756">
        <ele>1284.1</ele>
      </trkpt>
      <trkpt lat="50.07945" lon="-122.96756">
        <ele>1279.1</ele>
      </trkpt>
      <trkpt lat="50.0796198311175" lon="-122.96756">
        <ele>1279.1</ele>
      </trkpt>
      <trkpt lat="50.07961982417177" lon="-122.96755825927255">
        <ele>1279.1</ele>
      </trkpt>
      <trkpt lat="50.07961980333567" lon="-122.96755651881428">
        <ele>1279.1</ele>
      </trkpt>
      <trkpt lat="50.0796197686124" lon="-122.96755477889432">
        <ele>1279.1</ele>
      </trkpt>
      <trkpt lat="50.07961972000736" lon="-122.96755303978178">
        <ele>1279.1</ele>
      </trkpt>
      <trkpt lat="50.079619657528035" lon="-122.96755130174554">
        <ele>1279.1</ele>
      </trkpt>
      <trkpt lat="50.079619581184105" lon="-122.96754956505441">
        <ele>1279.1</ele>
      </trkpt>
      <trkpt lat="50.07961949098737" lon="-122.96754782997694">
        <ele>1279.1</ele>
      </trkpt>
      <trkpt lat="50.079619386951784" lon="-122.96754609678143">
        <ele>1279.1</ele>
      </trkpt>
      <trkpt lat="50.07961926909343" lon="-122.96754436573592">
        <ele>1279.1</ele>
      </trkpt>
      <trkpt lat="50.079619137430534" lon="-122.96754263710807">
        <ele>1279.1</ele>
      </trkpt>
      <trkpt lat="50.07969913743054" lon="-122.96753263707909">
        <ele>1279.1</ele>
      </trkpt>
      <trkpt lat="50.07969852521934" lon="-122.96752621782396">
        <ele>1279.1</ele>
      </trkpt>
      <trkpt lat="50.07969772274037" lon="-122.96751984968401">
        <ele>1279.1</ele>
      </trkpt>
      <trkpt lat="50.07969673171838" lon="-122.96751354634631">
        <ele>1279.1</ele>
      </trkpt>
      <trkpt lat="50.07969555428339" lon="-122.96750732135867">
        <ele>1279.1</ele>
      </trkpt>
      <trkpt lat="50.079694192966066" lon="-122.96750118810047">
        <ele>1279.1</ele>
      </trkpt>
      <trkpt lat="50.0796926506923" lon="-122.967495159754">
        <ele>1279.1</ele>
      </trkpt>
      <trkpt lat="50.079690930776906" lon="-122.96748924927599">
        <ele>1279.1</ele>
      </trkpt>
      <trkpt lat="50.079689036916506" lon="-122.96748346936988">
        <ele>1279.1</ele>
      </trkpt>
      <trkpt lat="50.079686973181595" lon="-122.96747783245844">
        <ele>1279.1</ele>
      </trkpt>
      <trkpt lat="50.07968474400776" lon="-122.96747235065713">
        <ele>1279.1</ele>
      </trkpt>
      <trkpt lat="50.07967" lon="-122.96751">
        <ele>1279.1</ele>
      </trkpt>
      <trkpt lat="50.07974" lon="-122.96746">
        <ele>1273.8</ele>
      </trkpt>
      <trkpt lat="50.07987474400775" lon="-122.9673423503494">
        <ele>1273.8</ele>
      </trkpt>
      <trkpt lat="50.07987374590108" lon="-122.96734006647188">
        <ele>1273.8</ele>
      </trkpt>
      <trkpt lat="50.07987271906025" lon="-122.96733781373945">
        <ele>1273.8</ele>
      </trkpt>
      <trkpt lat="50.07987166388535" lon="-122.96733559302986">
        <ele>1273.8</ele>
      </trkpt>
      <trkpt lat="50.079870580787514" lon="-122.96733340520838">
        <ele>1273.8</ele>
      </trkpt>
      <trkpt lat="50.07986947018876" lon="-122.96733125112748">
        <ele>1273.8</ele>
      </trkpt>
      <trkpt lat="50.07986833252183" lon="-122.96732913162646">
        <ele>1273.8</ele>
      </trkpt>
      <trkpt lat="50.07986716822999" lon="-122.96732704753114">
        <ele>1273.8</ele>
      </trkpt>
      <trkpt lat="50.07986597776689" lon="-122.9673249996536">
        <ele>1273.8</ele>
      </trkpt>
      <trkpt lat="50.07986476159639" lon="-122.96732298879175">
        <ele>1273.8</ele>
      </trkpt>
      <trkpt lat="50.07986352019235" lon="-122.9673210157291">
        <ele>1273.8</ele>
      </trkpt>
      <trkpt lat="50.07985" lon="-122.96737">
        <ele>1273.8</ele>
      </trkpt>
      <trkpt lat="50.07996352019235" lon="-122.96722101552261">
        <ele>1273.8</ele>
      </trkpt>
      <trkpt lat="50.079960218819984" lon="-122.96721612542703">
        <ele>1273.8</ele>
      </trkpt>
      <trkpt lat="50.07995676262877" lon="-122.96721150238652">
        <ele>1273.8</ele>
      </trkpt>
      <trkpt lat="50.07995316050437" lon="-122.96720715828664">
        <ele>1273.8</ele>
      </trkpt>
      <trkpt lat="50.0799494217076" lon="-122.9672031042958">
        <ele>1273.8</ele>
      </trkpt>
      <trkpt lat="50.07994555585069" lon="-122.96719935083658">
        <ele>1273.8</ele>
      </trkpt>
      <trkpt lat="50.07994157287252" lon="-122.96719590755885">
        <ele>1273.8</ele>
      </trkpt>
      <trkpt lat="50.079937483013076" lon="-122.96719278331508">
        <ele>1273.8</ele>
      </trkpt>
      <trkpt lat="50.079933296787125" lon="-122.96718998613753">
        <ele>1273.8</ele>
      </trkpt>
      <trkpt lat="50.07992902495721" lon="-122.96718752321753">
        <ele>1273.8</ele>
      </trkpt>
      <trkpt lat="50.079924678505925" lon="-122.96718540088713">
        <ele>1273.8</ele>
      </trkpt>
      <trkpt lat="50.079944678505925" lon="-122.96711540083099">
        <ele>1273.8</ele>
      </trkpt>
      <trkpt lat="50.079945769935904" lon="-122.96711589843713">
        <ele>1273.8</ele>
      </trkpt>
      <trkpt lat="50.079946857236166" lon="-122.96711641753352">
        <ele>1273.8</ele>
      </trkpt>
      <trkpt lat="50.07994794023246" lon="-122.96711695803697">
        <ele>1273.8</ele>
      </trkpt>
      <trkpt lat="50.07994901875123" lon="-122.96711751986086">
        <ele>1273.8</ele>
      </trkpt>
      <trkpt lat="50.07995009261964" lon="-122.96711810291517">
        <ele>1273.8</ele>
      </trkpt>
      <trkpt lat="50.07995116166561" lon="-122.96711870710644">
        <ele>1273.8</ele>
      </trkpt>
      <trkpt lat="50.07995222571781" lon="-122.96711933233786">
        <ele>1273.8</ele>
      </trkpt>
      <trkpt lat="50.07995328460572" lon="-122.96711997850923">
        <ele>1273.8</ele>
      </trkpt>
      <trkpt lat="50.07995433815966" lon="-122.96712064551701">
        <ele>1273.8</ele>
      </trkpt>
      <trkpt lat="50.07995538621079" lon="-122.96712133325431">
        <ele>1273.8</ele>
      </trkpt>
      <trkpt lat="50.07998538621079" lon="-122.96705133317379">
        <ele>1277.8</ele>
      </trkpt>
      <trkpt lat="50.07998650194961" lon="-122.9670520923068">
        <ele>1277.8</ele>
      </trkpt>
      <trkpt lat="50.07998761098395" lon="-122.96705287493323">
        <ele>1277.8</ele>
      </trkpt>
      <trkpt lat="50.0799887131101" lon="-122.96705368090933">
        <ele>1277.8</ele>
      </trkpt>
      <trkpt lat="50.079989808125625" lon="-122.96705451008708">
        <ele>1277.8</ele>
      </trkpt>
      <trkpt lat="50.0799908958294" lon="-122.96705536231414">
        <ele>1277.8</ele>
      </trkpt>
      <trkpt lat="50.079991976021645" lon="-122.96705623743402">
        <ele>1277.8</ele>
      </trkpt>
      <trkpt lat="50.07999304850395" lon="-122.96705713528597">
        <ele>1277.8</ele>
      </trkpt>
      <trkpt lat="50.07999411307933" lon="-122.96705805570505">
        <ele>1277.8</ele>
      </trkpt>
      <trkpt lat="50.07999516955225" lon="-122.96705899852225">
        <ele>1277.8</ele>
      </trkpt>
      <trkpt lat="50.079996217728656" lon="-122.96705996356435">
        <ele>1277.8</ele>
      </trkpt>
      <trkpt lat="50.08002621772866" lon="-122.96700996348923">
        <ele>1277.8</ele>
      </trkpt>
      <trkpt lat="50.08003211892349" lon="-122.96701598429539">
        <ele>1277.8</ele>
      </trkpt>
      <trkpt lat="50.08003769878782" lon="-122.96702270804627">
        <ele>1277.8</ele>
      </trkpt>
      <trkpt lat="50.080042922919944" lon="-122.96703009328773">
        <ele>1277.8</ele>
      </trkpt>
      <trkpt lat="50.08004775911134" lon="-122.96703809448731">
        <ele>1277.8</ele>
      </trkpt>
      <trkpt lat="50.08005217754528" lon="-122.96704666231491">
        <ele>1277.8</ele>
      </trkpt>
      <trkpt lat="50.08005615098065" lon="-122.96705574394707">
        <ele>1277.8</ele>
      </trkpt>
      <trkpt lat="50.08005965491991" lon="-122.96706528339247">
        <ele>1277.8</ele>
      </trkpt>
      <trkpt lat="50.08006266776009" lon="-122.96707522183729">
        <ele>1277.8</ele>
      </trkpt>
      <trkpt lat="50.08006517092605" lon="-122.9670854980077">
        <ele>1277.8</ele>
      </trkpt>
      <trkpt lat="50.08006714898492" lon="-122.96709604854769">
        <ele>1277.8</ele>
      </trkpt>
      <trkpt lat="50.080107148984915" lon="-122.96708604851935">
        <ele>1268.9</ele>
      </trkpt>
      <trkpt lat="50.08010892111019" lon="-122.96710012511844">
        <ele>1268.9</ele>
      </trkpt>
      <trkpt lat="50.08010975947652" lon="-122.96711441042329">
        <ele>1268.9</ele>
      </trkpt>
      <trkpt lat="50.080109655280246" lon="-122.96712875442418">
        <ele>1268.9</ele>
      </trkpt>
      <trkpt lat="50.080108609615536" lon="-122.96714300649504">
        <ele>1268.9</ele>
      </trkpt>
      <trkpt lat="50.08010663346289" lon="-122.9671570169751">
        <ele>1268.9</ele>
      </trkpt>
      <trkpt lat="50.08010374757385" lon="-122.9671706387406">
        <ele>1268.9</ele>
      </trkpt>
      <trkpt lat="50.08009998225308" lon="-122.9671837287496">
        <ele>1268.9</ele>
      </trkpt>
      <trkpt lat="50.08009537704015" lon="-122.96719614954421">
        <ele>1268.9</ele>
      </trkpt>
      <trkpt lat="50.08008998029432" lon="-122.96720777069383">
        <ele>1268.9</ele>
      </trkpt>
      <trkpt lat="50.080083848686705" lon="-122.96721847016504">
        <ele>1268.9</ele>
      </trkpt>
      <trkpt lat="50.08007704660522" lon="-122.96722813560287">
        <ele>1268.9</ele>
      </trkpt>
      <trkpt lat="50.08006964547838" lon="-122.96723666551071">
        <ele>1268.9</ele>
      </trkpt>
      <trkpt lat="50.08006172302529" lon="-122.96724397031619">
        <ele>1268.9</ele>
      </trkpt>
      <trkpt lat="50.08005336243948" lon="-122.96724997331167">
        <ele>1268.9</ele>
      </trkpt>
      <trkpt lat="50.08007336243948" lon="-122.9672999733659">
        <ele>1268.9</ele>
      </trkpt>
      <trkpt lat="50.08006779919478" lon="-122.96730311402162">
        <ele>1268.9</ele>
      </trkpt>
      <trkpt lat="50.08006211533815" lon="-122.96730567713763">
        <ele>1268.9</ele>
      </trkpt>
      <trkpt lat="50.080056335530045" lon="-122.96730765159336">
        <ele>1268.9</ele>
      </trkpt>
      <trkpt lat="50.080050484847234" lon="-122.96730902882227">
        <ele>1268.9</ele>
      </trkpt>
      <trkpt lat="50.08004458867398" lon="-122.96730980284902">
        <ele>1268.9</ele>
      </trkpt>
      <trkpt lat="50.08003867259192" lon="-122.96730997031534">
        <ele>1268.9</ele>
      </trkpt>
      <trkpt lat="50.08003276226906" lon="-122.96730953049463">
        <ele>1268.9</ele>
      </trkpt>
      <trkpt lat="50.08002688334843" lon="-122.96730848529516">
        <ele>1268.9</ele>
      </trkpt>
      <trkpt lat="50.080021061336815" lon="-122.9673068392517">
        <ele>1268.9</ele>
      </trkpt>
      <trkpt lat="50.08001532149408" lon="-122.96730459950594">
        <ele>1268.9</ele>
      </trkpt>
      <trkpt lat="50.08002" lon="-122.96724">
        <ele>1264.8</ele>
      </trkpt>
      <trkpt lat="50.07997159290639" lon="-122.96743280188909">
        <ele>1264.8</ele>
      </trkpt>
      <trkpt lat="50.07996886608276" lon="-122.96743130909752">
        <ele>1264.8</ele>
      </trkpt>
      <trkpt lat="50.07996617148725" lon="-122.967429680382">
        <ele>1264.8</ele>
      </trkpt>
      <trkpt lat="50.07996351190915" lon="-122.9674279174285">
        <ele>1264.8</ele>
      </trkpt>
      <trkpt lat="50.07996089010151" lon="-122.96742602206191">
        <ele>1264.8</ele>
      </trkpt>
      <trkpt lat="50.07995830877828" lon="-122.96742399624425">
        <ele>1264.8</ele>
      </trkpt>
      <trkpt lat="50.079955770611505" lon="-122.96742184207251">
        <ele>1264.8</ele>
      </trkpt>
      <trkpt lat="50.07995327822856" lon="-122.96741956177657">
        <ele>1264.8</ele>
      </trkpt>
      <trkpt lat="50.07995083420941" lon="-122.96741715771685">
        <ele>1264.8</ele>
      </trkpt>
      <trkpt lat="50.079948441083985" lon="-122.96741463238195">
        <ele>1264.8</ele>
      </trkpt>
      <trkpt lat="50.079946101329504" lon="-122.9674119883859">
        <ele>1264.8</ele>
      </trkpt>
      <trkpt lat="50.07991610132951" lon="-122.96745198831582">
        <ele>1273.8</ele>
      </trkpt>
      <trkpt lat="50.07992269057988" lon="-122.96745899922801">
        <ele>1273.8</ele>
      </trkpt>
      <trkpt lat="50.07992965304345" lon="-122.96746507138249">
        <ele>1273.8</ele>
      </trkpt>
      <trkpt lat="50.07993693379494" lon="-122.96747015687741">
        <ele>1273.8</ele>
      </trkpt>
      <trkpt lat="50.07994447539817" lon="-122.96747421559446">
        <ele>1273.8</ele>
      </trkpt>
      <trkpt lat="50.07995221835916" lon="-122.96747721551534">
        <ele>1273.8</ele>
      </trkpt>
      <trkpt lat="50.07996010159545" lon="-122.96747913297438">
        <ele>1273.8</ele>
      </trkpt>
      <trkpt lat="50.079968062917985" lon="-122.96747995284517">
        <ele>1273.8</ele>
      </trkpt>
      <trkpt lat="50.07997603952172" lon="-122.96747966865995">
        <ele>1273.8</ele>
      </trkpt>
      <trkpt lat="50.079983968481045" lon="-122.96747828266057">
        <ele>1273.8</ele>
      </trkpt>
      <trkpt lat="50.07999178724622" lon="-122.96747580578088">
        <ele>1273.8</ele>
      </trkpt>
      <trkpt lat="50.08000178724622" lon="-122.96751580580921">
        <ele>1273.8</ele>
      </trkpt>
      <trkpt lat="50.080008152122495" lon="-122.96751293361595">
        <ele>1273.8</ele>
      </trkpt>
      <trkpt lat="50.08001436381628" lon="-122.96750933809875">
        <ele>1273.8</ele>
      </trkpt>
      <trkpt lat="50.08002038852824" lon="-122.96750503882173">
        <ele>1273.8</ele>
      </trkpt>
      <trkpt lat="50.080026193476456" lon="-122.96750005917826">
        <ele>1273.8</ele>
      </trkpt>
      <trkpt lat="50.08003174707481" lon="-122.9674944262638">
        <ele>1273.8</ele>
      </trkpt>
      <trkpt lat="50.08003701910483" lon="-122.9674881707284">
        <ele>1273.8</ele>
      </trkpt>
      <trkpt lat="50.08004198088012" lon="-122.96748132660993">
        <ele>1273.8</ele>
      </trkpt>
      <trkpt lat="50.08004660540247" lon="-122.9674739311489">
        <ele>1273.8</ele>
      </trkpt>
      <trkpt lat="50.08005086750874" lon="-122.96746602458579">
        <ele>1273.8</ele>
      </trkpt>
      <trkpt lat="50.08005474400777" lon="-122.96745764994213">
        <ele>1273.8</ele>
      </trkpt>
      <trkpt lat="50.08008474400777" lon="-122.96747764999071">
        <ele>1264.8</ele>
      </trkpt>
      <trkpt lat="50.080088423161776" lon="-122.96746827209962">
        <ele>1264.8</ele>
      </trkpt>
      <trkpt lat="50.08009161881091" lon="-122.96745847328833">
        <ele>1264.8</ele>
      </trkpt>
      <trkpt lat="50.080094311252935" lon="-122.96744831396978">
        <ele>1264.8</ele>
      </trkpt>
      <trkpt lat="50.08009648388805" lon="-122.96743785677954">
        <ele>1264.8</ele>
      </trkpt>
      <trkpt lat="50.080098123321235" lon="-122.96742716618965">
        <ele>1264.8</ele>
      </trkpt>
      <trkpt lat="50.08009921944485" lon="-122.96741630811118">
        <ele>1264.8</ele>
      </trkpt>
      <trkpt lat="50.08009976550091" lon="-122.96740534948778">
        <ele>1264.8</ele>
      </trkpt>
      <trkpt lat="50.080099758122806" lon="-122.96739435788301">
        <ele>1264.8</ele>
      </trkpt>
      <trkpt lat="50.080099197356034" lon="-122.96738340106377">
        <ele>1264.8</ele>
      </trkpt>
      <trkpt lat="50.0800980866579" lon="-122.96737254658248">
        <ele>1264.8</ele>
      </trkpt>
      <trkpt lat="50.0801480866579" lon="-122.96736254655384">
        <ele>1264.8</ele>
      </trkpt>
      <trkpt lat="50.0801477493164" lon="-122.96736003778521">
        <ele>1264.8</ele>
      </trkpt>
      <trkpt lat="50.080147382553754" lon="-122.9673575390625">
        <ele>1264.8</ele>
      </trkpt>
      <trkpt lat="50.080146986492935" lon="-122.96735505122349">
        <ele>1264.8</ele>
      </trkpt>
      <trkpt lat="50.08014656126672" lon="-122.96735257510234">
        <ele>1264.8</ele>
      </trkpt>
      <trkpt lat="50.08014610701771" lon="-122.96735011152924">
        <ele>1264.8</ele>
      </trkpt>
      <trkpt lat="50.08014562389818" lon="-122.9673476613302">
        <ele>1264.8</ele>
      </trkpt>
      <trkpt lat="50.080145112070134" lon="-122.96734522532674">
        <ele>1264.8</ele>
      </trkpt>
      <trkpt lat="50.080144571705176" lon="-122.9673428043356">
        <ele>1264.8</ele>
      </trkpt>
      <trkpt lat="50.080144002984476" lon="-122.96734039916855">
        <ele>1264.8</ele>
      </trkpt>
      <trkpt lat="50.08014340609872" lon="-122.96733801063196">
        <ele>1264.8</ele>
      </trkpt>
      <trkpt lat="50.080193406098715" lon="-122.96731801057774">
        <ele>1264.8</ele>
      </trkpt>
      <trkpt lat="50.08019198729246" lon="-122.9673127921022">
        <ele>1264.8</ele>
      </trkpt>
      <trkpt lat="50.08019043409676" lon="-122.96730766739898">
        <ele>1264.8</ele>
      </trkpt>
      <trkpt lat="50.08018874905754" lon="-122.96730264486821">
        <ele>1264.8</ele>
      </trkpt>
      <trkpt lat="50.08018693493683" lon="-122.96729773274258">
        <ele>1264.8</ele>
      </trkpt>
      <trkpt lat="50.080184994708254" lon="-122.96729293907379">
        <ele>1264.8</ele>
      </trkpt>
      <trkpt lat="50.08018293155212" lon="-122.9672882717194">
        <ele>1264.8</ele>
      </trkpt>
      <trkpt lat="50.08018074885027" lon="-122.96728373832988">
        <ele>1264.8</ele>
      </trkpt>
      <trkpt lat="50.080178450180455" lon="-122.96727934633616">
        <ele>1264.8</ele>
      </trkpt>
      <trkpt lat="50.08017603931056" lon="-122.96727510293735">
        <ele>1264.8</ele>
      </trkpt>
      <trkpt lat="50.080173520192346" lon="-122.96727101508904">
        <ele>1264.8</ele>
      </trkpt>
      <trkpt lat="50.08021352019235" lon="-122.96723101500645">
        <ele>1264.8</ele>
      </trkpt>
      <trkpt lat="50.080212254038464" lon="-122.96722908049763">
        <ele>1264.8</ele>
      </trkpt>
      <trkpt lat="50.08021096362807" lon="-122.96722718531085">
        <ele>1264.8</ele>
      </trkpt>
      <trkpt lat="50.08020964946397" lon="-122.9672253301845">
        <ele>1264.8</ele>
      </trkpt>
      <trkpt lat="50.080208312058204" lon="-122.96722351584144">
        <ele>1264.8</ele>
      </trkpt>
      <trkpt lat="50.08020695193188" lon="-122.96722174298858">
        <ele>1264.8</ele>
      </trkpt>
      <trkpt lat="50.08020556961495" lon="-122.96722001231672">
        <ele>1264.8</ele>
      </trkpt>
      <trkpt lat="50.080204165646016" lon="-122.96721832450017">
        <ele>1264.8</ele>
      </trkpt>
      <trkpt lat="50.08020274057212" lon="-122.96721668019656">
        <ele>1264.8</ele>
      </trkpt>
      <trkpt lat="50.08020129494853" lon="-122.9672150800466">
        <ele>1264.8</ele>
      </trkpt>
      <trkpt lat="50.080199829338504" lon="-122.96721352467375">
        <ele>1264.8</ele>
      </trkpt>
      <trkpt lat="50.08019" lon="-122.96727">
        <ele>1264.8</ele>
      </trkpt>
      <trkpt lat="50.08027389867049" lon="-122.96711801110017">
        <ele>1264.8</ele>
      </trkpt>
      <trkpt lat="50.080281073673504" lon="-122.96712734388032">
        <ele>1264.8</ele>
      </trkpt>
      <trkpt lat="50.080287587593304" lon="-122.96713778784688">
        <ele>1264.8</ele>
      </trkpt>
      <trkpt lat="50.080293369920916" lon="-122.96714922995064">
        <ele>1264.8</ele>
      </trkpt>
      <trkpt lat="50.080298358066365" lon="-122.96716154633819">
        <ele>1264.8</ele>
      </trkpt>
      <trkpt lat="50.08030249803618" lon="-122.96717460369257">
        <ele>1264.8</ele>
      </trkpt>
      <trkpt lat="50.08030574501786" lon="-122.96718826067631">
        <ele>1264.8</ele>
      </trkpt>
      <trkpt lat="50.08030806386491" lon="-122.96720236946138">
        <ele>1264.8</ele>
      </trkpt>
      <trkpt lat="50.08030942947731" lon="-122.96721677732923">
        <ele>1264.8</ele>
      </trkpt>
      <trkpt lat="50.08030982707319" lon="-122.96723132832399">
        <ele>1264.8</ele>
      </trkpt>
      <trkpt lat="50.08030925234881" lon="-122.9672458649405">
        <ele>1264.8</ele>
      </trkpt>
      <trkpt lat="50.080307711525215" lon="-122.96726022982922">
        <ele>1264.8</ele>
      </trkpt>
      <trkpt lat="50.08030522128081" lon="-122.96727426749952">
        <ele>1264.8</ele>
      </trkpt>
      <trkpt lat="50.08033522128081" lon="-122.96728426752722">
        <ele>1264.8</ele>
      </trkpt>
      <trkpt lat="50.080331768525895" lon="-122.96729796341732">
        <ele>1264.8</ele>
      </trkpt>
      <trkpt lat="50.08032741227027" lon="-122.96731101884109">
        <ele>1264.8</ele>
      </trkpt>
      <trkpt lat="50.080322200648354" lon="-122.9673232895427">
        <ele>1264.8</ele>
      </trkpt>
      <trkpt lat="50.08031619124592" lon="-122.96733463993715">
        <ele>1264.8</ele>
      </trkpt>
      <trkpt lat="50.080309450463815" lon="-122.96734494460834">
        <ele>1264.8</ele>
      </trkpt>
      <trkpt lat="50.08030205278427" lon="-122.96735408969487">
        <ele>1264.8</ele>
      </trkpt>
      <trkpt lat="50.080294079947876" lon="-122.96736197414818">
        <ele>1264.8</ele>
      </trkpt>
      <trkpt lat="50.08028562005043" lon="-122.96736851084907">
        <ele>1264.8</ele>
      </trkpt>
      <trkpt lat="50.08027676656951" lon="-122.96737362757031">
        <ele>1264.8</ele>
      </trkpt>
      <trkpt lat="50.080267617331586" lon="-122.96737726777472">
        <ele>1264.8</ele>
      </trkpt>
      <trkpt lat="50.08027761733159" lon="-122.96742726780336">
        <ele>1264.8</ele>
      </trkpt>
      <trkpt lat="50.080275875220806" lon="-122.96742778294693">
        <ele>1264.8</ele>
      </trkpt>
      <trkpt lat="50.08027412692444" lon="-122.9674282444051">
        <ele>1264.8</ele>
      </trkpt>
      <trkpt lat="50.0802723731237" lon="-122.96742865199809">
        <ele>1264.8</ele>
      </trkpt>
      <trkpt lat="50.08027061450193" lon="-122.96742900556707">
        <ele>1264.8</ele>
      </trkpt>
      <trkpt lat="50.08026885174434" lon="-122.96742930497427">
        <ele>1264.8</ele>
      </trkpt>
      <trkpt lat="50.08026708553779" lon="-122.96742955010305">
        <ele>1264.8</ele>
      </trkpt>
      <trkpt lat="50.08026531657045" lon="-122.96742974085788">
        <ele>1264.8</ele>
      </trkpt>
      <trkpt lat="50.08026354553157" lon="-122.96742987716445">
        <ele>1264.8</ele>
      </trkpt>
      <trkpt lat="50.080261773111225" lon="-122.96742995896965">
        <ele>1264.8</ele>
      </trkpt>
      <trkpt lat="50.08026" lon="-122.96742998624158">
        <ele>1264.8</ele>
      </trkpt>
      <trkpt lat="50.08026" lon="-122.96749998624158">
        <ele>1264.8</ele>
      </trkpt>
      <trkpt lat="50.08025851651841" lon="-122.96749996715202">
        <ele>1264.8</ele>
      </trkpt>
      <trkpt lat="50.08025703344142" lon="-122.96749990988859">
        <ele>1264.8</ele>
      </trkpt>
      <trkpt lat="50.080255551173515" lon="-122.96749981446686">
        <ele>1264.8</ele>
      </trkpt>
      <trkpt lat="50.080254070118954" lon="-122.9674996809129">
        <ele>1264.8</ele>
      </trkpt>
      <trkpt lat="50.08025259068168" lon="-122.96749950926309">
        <ele>1264.8</ele>
      </trkpt>
      <trkpt lat="50.080251113265184" lon="-122.9674992995643">
        <ele>1264.8</ele>
      </trkpt>
      <trkpt lat="50.080249638272406" lon="-122.96749905187367">
        <ele>1264.8</ele>
      </trkpt>
      <trkpt lat="50.08024816610563" lon="-122.96749876625877">
        <ele>1264.8</ele>
      </trkpt>
      <trkpt lat="50.08024669716637" lon="-122.96749844279752">
        <ele>1264.8</ele>
      </trkpt>
      <trkpt lat="50.08024523185525" lon="-122.96749808157811">
        <ele>1264.8</ele>
      </trkpt>
      <trkpt lat="50.08023523185525" lon="-122.96755808154931">
        <ele>1264.8</ele>
      </trkpt>
      <trkpt lat="50.08023210503143" lon="-122.96755718053537">
        <ele>1264.8</ele>
      </trkpt>
      <trkpt lat="50.080229000630204" lon="-122.96755610763269">
        <ele>1264.8</ele>
      </trkpt>
      <trkpt lat="50.080225922541416" lon="-122.96755486418566">
        <ele>1264.8</ele>
      </trkpt>
      <trkpt lat="50.080222874621946" lon="-122.96755345175232">
        <ele>1264.8</ele>
      </trkpt>
      <trkpt lat="50.080219860690875" lon="-122.96755187210246">
        <ele>1264.8</ele>
      </trkpt>
      <trkpt lat="50.080216884524695" lon="-122.96755012721542">
        <ele>1264.8</ele>
      </trkpt>
      <trkpt lat="50.08021394985256" lon="-122.96754821927755">
        <ele>1264.8</ele>
      </trkpt>
      <trkpt lat="50.080211060351665" lon="-122.9675461506795">
        <ele>1264.8</ele>
      </trkpt>
      <trkpt lat="50.08020821964257" lon="-122.96754392401327">
        <ele>1264.8</ele>
      </trkpt>
      <trkpt lat="50.08020543128473" lon="-122.96754154206889">
        <ele>1264.8</ele>
      </trkpt>
      <trkpt lat="50.08021" lon="-122.96749">
        <ele>1264.8</ele>
      </trkpt>
      <trkpt lat="50.0801201706615" lon="-122.96766647537486">
        <ele>1261.4</ele>
      </trkpt>
      <trkpt lat="50.080118705051476" lon="-122.96766492000135">
        <ele>1261.4</ele>
      </trkpt>
      <trkpt lat="50.08011725942788" lon="-122.96766331985071">
        <ele>1261.4</ele>
      </trkpt>
      <trkpt lat="50.08011583435399" lon="-122.96766167554644">
        <ele>1261.4</ele>
      </trkpt>
      <trkpt lat="50.08011443038506" lon="-122.96765998772918">
        <ele>1261.4</ele>
      </trkpt>
      <trkpt lat="50.08011304806813" lon="-122.96765825705658">
        <ele>1261.4</ele>
      </trkpt>
      <trkpt lat="50.0801116879418" lon="-122.96765648420299">
        <ele>1261.4</ele>
      </trkpt>
      <trkpt lat="50.08011035053603" lon="-122.96765466985917">
        <ele>1261.4</ele>
      </trkpt>
      <trkpt lat="50.08010903637193" lon="-122.96765281473205">
        <ele>1261.4</ele>
      </trkpt>
      <trkpt lat="50.08010774596154" lon="-122.96765091954447">
        <ele>1261.4</ele>
      </trkpt>
      <trkpt lat="50.08010647980765" lon="-122.96764898503486">
        <ele>1261.4</ele>
      </trkpt>
      <trkpt lat="50.08011" lon="-122.96761">
        <ele>1261.4</ele>
      </trkpt>
      <trkpt lat="50.07997179513094" lon="-122.96776110142035">
        <ele>1261.4</ele>
      </trkpt>
      <trkpt lat="50.07997322925015" lon="-122.96776364576458">
        <ele>1261.4</ele>
      </trkpt>
      <trkpt lat="50.079974702445405" lon="-122.96776613530477">
        <ele>1261.4</ele>
      </trkpt>
      <trkpt lat="50.07997621385456" lon="-122.96776856858398">
        <ele>1261.4</ele>
      </trkpt>
      <trkpt lat="50.079977762593096" lon="-122.96777094417817">
        <ele>1261.4</ele>
      </trkpt>
      <trkpt lat="50.079979347754644" lon="-122.96777326069711">
        <ele>1261.4</ele>
      </trkpt>
      <trkpt lat="50.079980968411526" lon="-122.9677755167851">
        <ele>1261.4</ele>
      </trkpt>
      <trkpt lat="50.079982623615294" lon="-122.96777771112178">
        <ele>1261.4</ele>
      </trkpt>
      <trkpt lat="50.07998431239728" lon="-122.96777984242303">
        <ele>1261.4</ele>
      </trkpt>
      <trkpt lat="50.07998603376915" lon="-122.9677819094415">
        <ele>1261.4</ele>
      </trkpt>
      <trkpt lat="50.07998778672353" lon="-122.96778391096754">
        <ele>1261.4</ele>
      </trkpt>
      <trkpt lat="50.07999" lon="-122.96774">
        <ele>1269.9</ele>
      </trkpt>
      <trkpt lat="50.07988249151997" lon="-122.9679075396918">
        <ele>1265.8</ele>
      </trkpt>
      <trkpt lat="50.079885652428004" lon="-122.96791146016794">
        <ele>1265.8</ele>
      </trkpt>
      <trkpt lat="50.0798889232538" lon="-122.96791515521633">
        <ele>1265.8</ele>
      </trkpt>
      <trkpt lat="50.07989229738211" lon="-122.96791861736374">
        <ele>1265.8</ele>
      </trkpt>
      <trkpt lat="50.07989576798879" lon="-122.96792183960798">
        <ele>1265.8</ele>
      </trkpt>
      <trkpt lat="50.07989932805453" lon="-122.9679248154321">
        <ele>1265.8</ele>
      </trkpt>
      <trkpt lat="50.07990297037913" lon="-122.96792753881748">
        <ele>1265.8</ele>
      </trkpt>
      <trkpt lat="50.079906687595994" lon="-122.9679300042561">
        <ele>1265.8</ele>
      </trkpt>
      <trkpt lat="50.079910472187066" lon="-122.96793220676162">
        <ele>1265.8</ele>
      </trkpt>
      <trkpt lat="50.07991431649802" lon="-122.96793414187947">
        <ele>1265.8</ele>
      </trkpt>
      <trkpt lat="50.07991821275376" lon="-122.96793580569589">
        <ele>1265.8</ele>
      </trkpt>
      <trkpt lat="50.07990821275376" lon="-122.96797580566755">
        <ele>1265.8</ele>
      </trkpt>
      <trkpt lat="50.07991553925149" lon="-122.9679781596109">
        <ele>1265.8</ele>
      </trkpt>
      <trkpt lat="50.07992296602825" lon="-122.96797955547717">
        <ele>1265.8</ele>
      </trkpt>
      <trkpt lat="50.07993044158255" lon="-122.96797998358666">
        <ele>1265.8</ele>
      </trkpt>
      <trkpt lat="50.07993791407467" lon="-122.96797944097061">
        <ele>1265.8</ele>
      </trkpt>
      <trkpt lat="50.07994533168611" lon="-122.96797793139183">
        <ele>1265.8</ele>
      </trkpt>
      <trkpt lat="50.079952642978945" lon="-122.9679754653186">
        <ele>1265.8</ele>
      </trkpt>
      <trkpt lat="50.079959797252535" lon="-122.96797205985206">
        <ele>1265.8</ele>
      </trkpt>
      <trkpt lat="50.07996674489508" lon="-122.96796773860764">
        <ele>1265.8</ele>
      </trkpt>
      <trkpt lat="50.0799734377277" lon="-122.96796253155131">
        <ele>1265.8</ele>
      </trkpt>
      <trkpt lat="50.07997982933849" lon="-122.96795647479175">
        <ele>1265.8</ele>
      </trkpt>
      <trkpt lat="50.07999982933849" lon="-122.96798647484036">
        <ele>1265.8</ele>
      </trkpt>
      <trkpt lat="50.08000720280374" lon="-122.96797793488363">
        <ele>1265.8</ele>
      </trkpt>
      <trkpt lat="50.080013977979114" lon="-122.9679682660251">
        <ele>1265.8</ele>
      </trkpt>
      <trkpt lat="50.08002008400236" lon="-122.96795756939233">
        <ele>1265.8</ele>
      </trkpt>
      <trkpt lat="50.08002545700999" lon="-122.96794595686247">
        <ele>1265.8</ele>
      </trkpt>
      <trkpt lat="50.08003004080515" lon="-122.96793354989215">
        <ele>1265.8</ele>
      </trkpt>
      <trkpt lat="50.08003378744548" lon="-122.96792047824711">
        <ele>1265.8</ele>
      </trkpt>
      <trkpt lat="50.08003665774449" lon="-122.96790687864501">
        <ele>1265.8</ele>
      </trkpt>
      <trkpt lat="50.08003862168143" lon="-122.96789289332544">
        <ele>1265.8</ele>
      </trkpt>
      <trkpt lat="50.08003965871529" lon="-122.96787866856229">
        <ele>1265.8</ele>
      </trkpt>
      <trkpt lat="50.08003975799963" lon="-122.96786435313378">
        <ele>1265.8</ele>
      </trkpt>
      <trkpt lat="50.08003891849602" lon="-122.9678500967664">
        <ele>1265.8</ele>
      </trkpt>
      <trkpt lat="50.080037148984914" lon="-122.96783604856894">
        <ele>1265.8</ele>
      </trkpt>
      <trkpt lat="50.07999" lon="-122.96786">
        <ele>1265.8</ele>
      </trkpt>
      <trkpt lat="50.08011714898492" lon="-122.96781604851228">
        <ele>1257.7</ele>
      </trkpt>
      <trkpt lat="50.080116211748155" lon="-122.96781066473014">
        <ele>1257.7</ele>
      </trkpt>
      <trkpt lat="50.0801151376079" lon="-122.96780534341205">
        <ele>1257.7</ele>
      </trkpt>
      <trkpt lat="50.08011392826986" lon="-122.96780009300824">
        <ele>1257.7</ele>
      </trkpt>
      <trkpt lat="50.080112585654476" lon="-122.9677949218563">
        <ele>1257.7</ele>
      </trkpt>
      <trkpt lat="50.08011111189379" lon="-122.96778983816796">
        <ele>1257.7</ele>
      </trkpt>
      <trkpt lat="50.08010950932814" lon="-122.96778485001607">
        <ele>1257.7</ele>
      </trkpt>
      <trkpt lat="50.08010778050237" lon="-122.9677799653218">
        <ele>1257.7</ele>
      </trkpt>
      <trkpt lat="50.08010592816184" lon="-122.96777519184198">
        <ele>1257.7</ele>
      </trkpt>
      <trkpt lat="50.08010395524806" lon="-122.96777053715685">
        <ele>1257.7</ele>
      </trkpt>
      <trkpt lat="50.080101864894004" lon="-122.96776600865802">
        <ele>1257.7</ele>
      </trkpt>
      <trkpt lat="50.080141864894" lon="-122.96773600858795">
        <ele>1257.7</ele>
      </trkpt>
      <trkpt lat="50.08014395524806" lon="-122.96774053709055">
        <ele>1257.7</ele>
      </trkpt>
      <trkpt lat="50.08014592816184" lon="-122.96774519177956">
        <ele>1257.7</ele>
      </trkpt>
      <trkpt lat="50.080147780502365" lon="-122.96774996526337">
        <ele>1257.7</ele>
      </trkpt>
      <trkpt lat="50.08014950932814" lon="-122.96775484996172">
        <ele>1257.7</ele>
      </trkpt>
      <trkpt lat="50.08015111189379" lon="-122.96775983811776">
        <ele>1257.7</ele>
      </trkpt>
      <trkpt lat="50.080152585654474" lon="-122.96776492181034">
        <ele>1257.7</ele>
      </trkpt>
      <trkpt lat="50.08015392826986" lon="-122.9677700929666">
        <ele>1257.7</ele>
      </trkpt>
      <trkpt lat="50.080155137607896" lon="-122.9677753433748">
        <ele>1257.7</ele>
      </trkpt>
      <trkpt lat="50.080156211748154" lon="-122.96778066469732">
        <ele>1257.7</ele>
      </trkpt>
      <trkpt lat="50.08015714898492" lon="-122.96778604848396">
        <ele>1257.7</ele>
      </trkpt>
      <trkpt lat="50.08011" lon="-122.96781">
        <ele>1257.7</ele>
      </trkpt>
      <trkpt lat="50.08023714898492" lon="-122.9677660484273">
        <ele>1257.7</ele>
      </trkpt>
      <trkpt lat="50.080238921110194" lon="-122.96778012506455">
        <ele>1257.7</ele>
      </trkpt>
      <trkpt lat="50.08023975947653" lon="-122.96779441040815">
        <ele>1257.7</ele>
      </trkpt>
      <trkpt lat="50.08023965528025" lon="-122.96780875444793">
        <ele>1257.7</ele>
      </trkpt>
      <trkpt lat="50.08023860961554" lon="-122.96782300655742">
        <ele>1257.7</ele>
      </trkpt>
      <trkpt lat="50.080236633462896" lon="-122.96783701707548">
        <ele>1257.7</ele>
      </trkpt>
      <trkpt lat="50.08023374757386" lon="-122.96785063887792">
        <ele>1257.7</ele>
      </trkpt>
      <trkpt lat="50.08022998225309" lon="-122.96786372892242">
        <ele>1257.7</ele>
      </trkpt>
      <trkpt lat="50.08022537704016" lon="-122.9678761497507">
        <ele>1257.7</ele>
      </trkpt>
      <trkpt lat="50.08021998029432" lon="-122.96788777093185">
        <ele>1257.7</ele>
      </trkpt>
      <trkpt lat="50.08021384868671" lon="-122.96789847043206">
        <ele>1257.7</ele>
      </trkpt>
      <trkpt lat="50.080207046605224" lon="-122.9679081358961">
        <ele>1257.7</ele>
      </trkpt>
      <trkpt lat="50.08019964547838" lon="-122.96791666582708">
        <ele>1257.7</ele>
      </trkpt>
      <trkpt lat="50.080191723025294" lon="-122.96792397065236">
        <ele>1257.7</ele>
      </trkpt>
      <trkpt lat="50.080183362439485" lon="-122.96792997366411">
        <ele>1257.7</ele>
      </trkpt>
      <trkpt lat="50.080203362439484" lon="-122.96797997371834">
        <ele>1257.7</ele>
      </trkpt>
      <trkpt lat="50.08019848937249" lon="-122.96798275955219">
        <ele>1257.7</ele>
      </trkpt>
      <trkpt lat="50.080193521185834" lon="-122.96798510213146">
        <ele>1257.7</ele>
      </trkpt>
      <trkpt lat="50.08018847446717" lon="-122.96798699363484">
        <ele>1257.7</ele>
      </trkpt>
      <trkpt lat="50.080183366066386" lon="-122.96798842774699">
        <ele>1257.7</ele>
      </trkpt>
      <trkpt lat="50.08017821303928" lon="-122.96798939967977">
        <ele>1257.7</ele>
      </trkpt>
      <trkpt lat="50.08017303259067" lon="-122.96798990618807">
        <ele>1257.7</ele>
      </trkpt>
      <trkpt lat="50.08016784201692" lon="-122.9679899455808">
        <ele>1257.7</ele>
      </trkpt>
      <trkpt lat="50.08016265864819" lon="-122.96798951772641">
        <ele>1257.7</ele>
      </trkpt>
      <trkpt lat="50.080157499790594" lon="-122.96798862405345">
        <ele>1257.7</ele>
      </trkpt>
      <trkpt lat="50.080152382668416" lon="-122.96798726754565">
        <ele>1257.7</ele>
      </trkpt>
      <trkpt lat="50.08014238266841" lon="-122.96803726751702">
        <ele>1257.7</ele>
      </trkpt>
      <trkpt lat="50.080140441915084" lon="-122.96803662784582">
        <ele>1257.7</ele>
      </trkpt>
      <trkpt lat="50.08013851069893" lon="-122.9680359215503">
        <ele>1257.7</ele>
      </trkpt>
      <trkpt lat="50.08013658996168" lon="-122.96803514897485">
        <ele>1257.7</ele>
      </trkpt>
      <trkpt lat="50.08013468063996" lon="-122.96803431049621">
        <ele>1257.7</ele>
      </trkpt>
      <trkpt lat="50.08013278366481" lon="-122.96803340652326">
        <ele>1257.7</ele>
      </trkpt>
      <trkpt lat="50.080130899961254" lon="-122.9680324374968">
        <ele>1257.7</ele>
      </trkpt>
      <trkpt lat="50.08012903044786" lon="-122.96803140388937">
        <ele>1257.7</ele>
      </trkpt>
      <trkpt lat="50.08012717603626" lon="-122.96803030620497">
        <ele>1257.7</ele>
      </trkpt>
      <trkpt lat="50.080125337630726" lon="-122.96802914497889">
        <ele>1257.7</ele>
      </trkpt>
      <trkpt lat="50.080123516127735" lon="-122.96802792077737">
        <ele>1257.7</ele>
      </trkpt>
      <trkpt lat="50.08012" lon="-122.96799">
        <ele>1257.7</ele>
      </trkpt>
      <trkpt lat="50.080054613789194" lon="-122.96818866720194">
        <ele>1251.4</ele>
      </trkpt>
      <trkpt lat="50.08005377175349" lon="-122.96818809689199">
        <ele>1251.4</ele>
      </trkpt>
      <trkpt lat="50.08005293350223" lon="-122.9681875132009">
        <ele>1251.4</ele>
      </trkpt>
      <trkpt lat="50.08005209912298" lon="-122.96818691618961">
        <ele>1251.4</ele>
      </trkpt>
      <trkpt lat="50.0800512687029" lon="-122.9681863059205">
        <ele>1251.4</ele>
      </trkpt>
      <trkpt lat="50.08005044232875" lon="-122.96818568245732">
        <ele>1251.4</ele>
      </trkpt>
      <trkpt lat="50.08004962008683" lon="-122.9681850458652">
        <ele>1251.4</ele>
      </trkpt>
      <trkpt lat="50.080048802063054" lon="-122.96818439621063">
        <ele>1251.4</ele>
      </trkpt>
      <trkpt lat="50.08004798834286" lon="-122.96818373356149">
        <ele>1251.4</ele>
      </trkpt>
      <trkpt lat="50.08004717901125" lon="-122.96818305798699">
        <ele>1251.4</ele>
      </trkpt>
      <trkpt lat="50.080046374152786" lon="-122.9681823695577">
        <ele>1251.4</ele>
      </trkpt>
      <trkpt lat="50.08004" lon="-122.96815">
        <ele>1251.4</ele>
      </trkpt>
      <trkpt lat="50.07996378227135" lon="-122.96832003658588">
        <ele>1251.4</ele>
      </trkpt>
      <trkpt lat="50.07996107262593" lon="-122.96831739986546">
        <ele>1251.4</ele>
      </trkpt>
      <trkpt lat="50.0799584248558" lon="-122.968314614677">
        <ele>1251.4</ele>
      </trkpt>
      <trkpt lat="50.079955842309445" lon="-122.96831168454274">
        <ele>1251.4</ele>
      </trkpt>
      <trkpt lat="50.07995332825282" lon="-122.96830861316825">
        <ele>1251.4</ele>
      </trkpt>
      <trkpt lat="50.079950885865294" lon="-122.96830540443769">
        <ele>1251.4</ele>
      </trkpt>
      <trkpt lat="50.07994851823561" lon="-122.96830206240892">
        <ele>1251.4</ele>
      </trkpt>
      <trkpt lat="50.07994622835795" lon="-122.96829859130841">
        <ele>1251.4</ele>
      </trkpt>
      <trkpt lat="50.07994401912817" lon="-122.96829499552584">
        <ele>1251.4</ele>
      </trkpt>
      <trkpt lat="50.07994189334015" lon="-122.96829127960854">
        <ele>1251.4</ele>
      </trkpt>
      <trkpt lat="50.07993985368223" lon="-122.96828744825581">
        <ele>1251.4</ele>
      </trkpt>
      <trkpt lat="50.079889853682225" lon="-122.9683274481646">
        <ele>1261.0</ele>
      </trkpt>
      <trkpt lat="50.07989201810451" lon="-122.96833150508483">
        <ele>1261.0</ele>
      </trkpt>
      <trkpt lat="50.07989427909085" lon="-122.96833543202779">
        <ele>1261.0</ele>
      </trkpt>
      <trkpt lat="50.079896633429655" lon="-122.96833922341548">
        <ele>1261.0</ele>
      </trkpt>
      <trkpt lat="50.07989907777673" lon="-122.96834287386248">
        <ele>1261.0</ele>
      </trkpt>
      <trkpt lat="50.07990160866004" lon="-122.96834637818355">
        <ele>1261.0</ele>
      </trkpt>
      <trkpt lat="50.07990422248461" lon="-122.96834973140105">
        <ele>1261.0</ele>
      </trkpt>
      <trkpt lat="50.07990691553768" lon="-122.9683529287519">
        <ele>1261.0</ele>
      </trkpt>
      <trkpt lat="50.07990968399392" lon="-122.96835596569449">
        <ele>1261.0</ele>
      </trkpt>
      <trkpt lat="50.07991252392092" lon="-122.968358837915">
        <ele>1261.0</ele>
      </trkpt>
      <trkpt lat="50.07991543128474" lon="-122.96836154133366">
        <ele>1261.0</ele>
      </trkpt>
      <trkpt lat="50.07987543128474" lon="-122.96843154123226">
        <ele>1261.0</ele>
      </trkpt>
      <trkpt lat="50.079881129554515" lon="-122.96843620162728">
        <ele>1261.0</ele>
      </trkpt>
      <trkpt lat="50.0798870273122" lon="-122.96844021433999">
        <ele>1261.0</ele>
      </trkpt>
      <trkpt lat="50.079893094289794" lon="-122.96844355877664">
        <ele>1261.0</ele>
      </trkpt>
      <trkpt lat="50.07989929935081" lon="-122.96844621777319">
        <ele>1261.0</ele>
      </trkpt>
      <trkpt lat="50.07990561065011" lon="-122.96844817768333">
        <ele>1261.0</ele>
      </trkpt>
      <trkpt lat="50.079911995797325" lon="-122.96844942844855">
        <ele>1261.0</ele>
      </trkpt>
      <trkpt lat="50.0799184220231" lon="-122.96844996364979">
        <ele>1261.0</ele>
      </trkpt>
      <trkpt lat="50.07992485634724" lon="-122.96844978054033">
        <ele>1261.0</ele>
      </trkpt>
      <trkpt lat="50.07993126574801" lon="-122.96844888005988">
        <ele>1261.0</ele>
      </trkpt>
      <trkpt lat="50.079937617331574" lon="-122.96844726682984">
        <ele>1261.0</ele>
      </trkpt>
      <trkpt lat="50.07994761733157" lon="-122.96849726685848">
        <ele>1254.9</ele>
      </trkpt>
      <trkpt lat="50.0799567665695" lon="-122.96849362667835">
        <ele>1254.9</ele>
      </trkpt>
      <trkpt lat="50.07996562005042" lon="-122.96848850999127">
        <ele>1254.9</ele>
      </trkpt>
      <trkpt lat="50.079974079947874" lon="-122.96848197333401">
        <ele>1254.9</ele>
      </trkpt>
      <trkpt lat="50.079982052784274" lon="-122.96847408893332">
        <ele>1254.9</ele>
      </trkpt>
      <trkpt lat="50.07998945046383" lon="-122.96846494390783">
        <ele>1254.9</ele>
      </trkpt>
      <trkpt lat="50.07999619124593" lon="-122.96845463930542">
        <ele>1254.9</ele>
      </trkpt>
      <trkpt lat="50.080002200648366" lon="-122.96844328898673">
        <ele>1254.9</ele>
      </trkpt>
      <trkpt lat="50.080007412270284" lon="-122.96843101836701">
        <ele>1254.9</ele>
      </trkpt>
      <trkpt lat="50.08001176852591" lon="-122.96841796303038">
        <ele>1254.9</ele>
      </trkpt>
      <trkpt lat="50.080015221280824" lon="-122.96840426723169">
        <ele>1254.9</ele>
      </trkpt>
      <trkpt lat="50.08004522128083" lon="-122.96841426725938">
        <ele>1254.9</ele>
      </trkpt>
      <trkpt lat="50.08004609101476" lon="-122.9684099721805">
        <ele>1254.9</ele>
      </trkpt>
      <trkpt lat="50.080046871632014" lon="-122.96840563572461">
        <ele>1254.9</ele>
      </trkpt>
      <trkpt lat="50.080047562324545" lon="-122.9684012623806">
        <ele>1254.9</ele>
      </trkpt>
      <trkpt lat="50.08004816237739" lon="-122.96839685667548">
        <ele>1254.9</ele>
      </trkpt>
      <trkpt lat="50.08004867116939" lon="-122.96839242316982">
        <ele>1254.9</ele>
      </trkpt>
      <trkpt lat="50.08004908817389" lon="-122.96838796645292">
        <ele>1254.9</ele>
      </trkpt>
      <trkpt lat="50.08004941295922" lon="-122.96838349113814">
        <ele>1254.9</ele>
      </trkpt>
      <trkpt lat="50.080049645189185" lon="-122.9683790018581">
        <ele>1254.9</ele>
      </trkpt>
      <trkpt lat="50.08004978462339" lon="-122.96837450325981">
        <ele>1254.9</ele>
      </trkpt>
      <trkpt lat="50.0800498311175" lon="-122.96837">
        <ele>1254.9</ele>
      </trkpt>
      <trkpt lat="50.0800898311175" lon="-122.96837">
        <ele>1244.5</ele>
      </trkpt>
      <trkpt lat="50.08008964518918" lon="-122.96836099813437">
        <ele>1244.5</ele>
      </trkpt>
      <trkpt lat="50.080089088173885" lon="-122.96835203353206">
        <ele>1244.5</ele>
      </trkpt>
      <trkpt lat="50.08008816237738" lon="-122.96834314330208">
        <ele>1244.5</ele>
      </trkpt>
      <trkpt lat="50.080086871632005" lon="-122.9683343642456">
        <ele>1244.5</ele>
      </trkpt>
      <trkpt lat="50.08008522128082" lon="-122.96832573270363">
        <ele>1244.5</ele>
      </trkpt>
      <trkpt lat="50.08008321815545" lon="-122.96831728440648">
        <ele>1244.5</ele>
      </trkpt>
      <trkpt lat="50.08008087054786" lon="-122.96830905432596">
        <ele>1244.5</ele>
      </trkpt>
      <trkpt lat="50.08007818817599" lon="-122.96830107653054">
        <ele>1244.5</ele>
      </trkpt>
      <trkpt lat="50.08007518214354" lon="-122.96829338404437">
        <ele>1244.5</ele>
      </trkpt>
      <trkpt lat="50.080071864894" lon="-122.96828600871058">
        <ele>1244.5</ele>
      </trkpt>
      <trkpt lat="50.080111864894" lon="-122.9682560086405">
        <ele>1244.5</ele>
      </trkpt>
      <trkpt lat="50.08011048088692" lon="-122.96825320740919">
        <ele>1244.5</ele>
      </trkpt>
      <trkpt lat="50.08010905192694" lon="-122.96825046153442">
        <ele>1244.5</ele>
      </trkpt>
      <trkpt lat="50.08010757892545" lon="-122.96824777276754">
        <ele>1244.5</ele>
      </trkpt>
      <trkpt lat="50.08010606282194" lon="-122.96824514282343">
        <ele>1244.5</ele>
      </trkpt>
      <trkpt lat="50.08010450458339" lon="-122.96824257337948">
        <ele>1244.5</ele>
      </trkpt>
      <trkpt lat="50.08010290520363" lon="-122.96824006607451">
        <ele>1244.5</ele>
      </trkpt>
      <trkpt lat="50.080101265702766" lon="-122.96823762250766">
        <ele>1244.5</ele>
      </trkpt>
      <trkpt lat="50.08009958712647" lon="-122.96823524423746">
        <ele>1244.5</ele>
      </trkpt>
      <trkpt lat="50.08009787054534" lon="-122.96823293278077">
        <ele>1244.5</ele>
      </trkpt>
      <trkpt lat="50.08009611705422" lon="-122.96823068961183">
        <ele>1244.5</ele>
      </trkpt>
      <trkpt lat="50.08008" lon="-122.96829">
        <ele>1251.4</ele>
      </trkpt>
      <trkpt lat="50.08016982933851" lon="-122.96811352474664">
        <ele>1251.4</ele>
      </trkpt>
      <trkpt lat="50.080175203495166" lon="-122.96811956558149">
        <ele>1251.4</ele>
      </trkpt>
      <trkpt lat="50.08018027727627" lon="-122.96812620731669">
        <ele>1251.4</ele>
      </trkpt>
      <trkpt lat="50.08018502307415" lon="-122.96813341381294">
        <ele>1251.4</ele>
      </trkpt>
      <trkpt lat="50.080189415065774" lon="-122.96814114585797">
        <ele>1251.4</ele>
      </trkpt>
      <trkpt lat="50.08019342935326" lon="-122.96814936137986">
        <ele>1251.4</ele>
      </trkpt>
      <trkpt lat="50.08019704409389" lon="-122.96815801567597">
        <ele>1251.4</ele>
      </trkpt>
      <trkpt lat="50.080200239619" lon="-122.96816706165616">
        <ele>1251.4</ele>
      </trkpt>
      <trkpt lat="50.080202998540955" lon="-122.9681764500991">
        <ele>1251.4</ele>
      </trkpt>
      <trkpt lat="50.0802053058478" lon="-122.96818612991997">
        <ele>1251.4</ele>
      </trkpt>
      <trkpt lat="50.08020714898492" lon="-122.96819604844855">
        <ele>1251.4</ele>
      </trkpt>
      <trkpt lat="50.08024714898492" lon="-122.96818604842021">
        <ele>1251.4</ele>
      </trkpt>
      <trkpt lat="50.080248940022734" lon="-122.96820033163333">
        <ele>1251.4</ele>
      </trkpt>
      <trkpt lat="50.08024976977106" lon="-122.96821482742781">
        <ele>1251.4</ele>
      </trkpt>
      <trkpt lat="50.080249629261736" lon="-122.96822937912897">
        <ele>1251.4</ele>
      </trkpt>
      <trkpt lat="50.080248520013434" lon="-122.96824382945779">
        <ele>1251.4</ele>
      </trkpt>
      <trkpt lat="50.080246454015224" lon="-122.96825802223094">
        <ele>1251.4</ele>
      </trkpt>
      <trkpt lat="50.080243453597014" lon="-122.96827180404883">
        <ele>1251.4</ele>
      </trkpt>
      <trkpt lat="50.08023955118819" lon="-122.96828502595356">
        <ele>1251.4</ele>
      </trkpt>
      <trkpt lat="50.08023478896712" lon="-122.96829754503898">
        <ele>1251.4</ele>
      </trkpt>
      <trkpt lat="50.08022921840526" lon="-122.9683092259952">
        <ele>1251.4</ele>
      </trkpt>
      <trkpt lat="50.08022289971086" lon="-122.96831994257106">
        <ele>1251.4</ele>
      </trkpt>
      <trkpt lat="50.08021590117819" lon="-122.9683295789387">
        <ele>1251.4</ele>
      </trkpt>
      <trkpt lat="50.08020829844942" lon="-122.96833803094547">
        <ele>1251.4</ele>
      </trkpt>
      <trkpt lat="50.080200173697044" lon="-122.96834520723966">
        <ele>1251.4</ele>
      </trkpt>
      <trkpt lat="50.08018" lon="-122.96826">
        <ele>1251.4</ele>
      </trkpt>
      <trkpt lat="50.080250173697046" lon="-122.96844520737025">
        <ele>1251.4</ele>
      </trkpt>
      <trkpt lat="50.080256353838834" lon="-122.96843990956918">
        <ele>1251.4</ele>
      </trkpt>
      <trkpt lat="50.08026224819379" lon="-122.96843387248576">
        <ele>1251.4</ele>
      </trkpt>
      <trkpt lat="50.080267820421255" lon="-122.96842713334058">
        <ele>1251.4</ele>
      </trkpt>
      <trkpt lat="50.080273036166595" lon="-122.96841973368274">
        <ele>1251.4</ele>
      </trkpt>
      <trkpt lat="50.08027786327301" lon="-122.96841171913357">
        <ele>1251.4</ele>
      </trkpt>
      <trkpt lat="50.080282271979776" lon="-122.96840313910545">
        <ele>1251.4</ele>
      </trkpt>
      <trkpt lat="50.08028623510575" lon="-122.9683940464971">
        <ele>1251.4</ele>
      </trkpt>
      <trkpt lat="50.080289728216954" lon="-122.96838449736747">
        <ele>1251.4</ele>
      </trkpt>
      <trkpt lat="50.080292729777184" lon="-122.96837455059011">
        <ele>1251.4</ele>
      </trkpt>
      <trkpt lat="50.08029522128083" lon="-122.96836426749023">
        <ele>1251.4</ele>
      </trkpt>
      <trkpt lat="50.08032522128083" lon="-122.96837426751793">
        <ele>1251.4</ele>
      </trkpt>
      <trkpt lat="50.08032700449504" lon="-122.96836483991913">
        <ele>1251.4</ele>
      </trkpt>
      <trkpt lat="50.08032835881002" lon="-122.96835524057272">
        <ele>1251.4</ele>
      </trkpt>
      <trkpt lat="50.0803292775495" lon="-122.96834551679984">
        <ele>1251.4</ele>
      </trkpt>
      <trkpt lat="50.08032975618446" lon="-122.96833571653501">
        <ele>1251.4</ele>
      </trkpt>
      <trkpt lat="50.08032979235539" lon="-122.96832588808982">
        <ele>1251.4</ele>
      </trkpt>
      <trkpt lat="50.080329385884" lon="-122.9683160799148">
        <ele>1251.4</ele>
      </trkpt>
      <trkpt lat="50.08032853877402" lon="-122.96830634036053">
        <ele>1251.4</ele>
      </trkpt>
      <trkpt lat="50.0803272552014" lon="-122.96829671743933">
        <ele>1251.4</ele>
      </trkpt>
      <trkpt lat="50.08032554149366" lon="-122.96828725858855">
        <ele>1251.4</ele>
      </trkpt>
      <trkpt lat="50.08032340609872" lon="-122.96827801043676">
        <ele>1251.4</ele>
      </trkpt>
      <trkpt lat="50.080373406098715" lon="-122.96825801038254">
        <ele>1237.1</ele>
      </trkpt>
      <trkpt lat="50.08037461488198" lon="-122.96826299241653">
        <ele>1237.1</ele>
      </trkpt>
      <trkpt lat="50.08037570117029" lon="-122.96826804250229">
        <ele>1237.1</ele>
      </trkpt>
      <trkpt lat="50.08037666339104" lon="-122.96827315332892">
        <ele>1237.1</ele>
      </trkpt>
      <trkpt lat="50.08037750015124" lon="-122.9682783174976">
        <ele>1237.1</ele>
      </trkpt>
      <trkpt lat="50.08037821023955" lon="-122.96828352753231">
        <ele>1237.1</ele>
      </trkpt>
      <trkpt lat="50.08037879262798" lon="-122.96828877589057">
        <ele>1237.1</ele>
      </trkpt>
      <trkpt lat="50.08037924647343" lon="-122.96829405497446">
        <ele>1237.1</ele>
      </trkpt>
      <trkpt lat="50.08037957111886" lon="-122.9682993571416">
        <ele>1237.1</ele>
      </trkpt>
      <trkpt lat="50.0803797660943" lon="-122.96830467471617">
        <ele>1237.1</ele>
      </trkpt>
      <trkpt lat="50.0803798311175" lon="-122.96831">
        <ele>1237.1</ele>
      </trkpt>
      <trkpt lat="50.0804398311175" lon="-122.96831">
        <ele>1237.1</ele>
      </trkpt>
      <trkpt lat="50.080439796332335" lon="-122.96830610468322">
        <ele>1237.1</ele>
      </trkpt>
      <trkpt lat="50.080439692003765" lon="-122.96830221238321">
        <ele>1237.1</ele>
      </trkpt>
      <trkpt lat="50.08043951821259" lon="-122.96829832611436">
        <ele>1237.1</ele>
      </trkpt>
      <trkpt lat="50.08043927509341" lon="-122.96829444888644">
        <ele>1237.1</ele>
      </trkpt>
      <trkpt lat="50.08043896283451" lon="-122.96829058370218">
        <ele>1237.1</ele>
      </trkpt>
      <trkpt lat="50.08043858167772" lon="-122.96828673355502">
        <ele>1237.1</ele>
      </trkpt>
      <trkpt lat="50.08043813191823" lon="-122.96828290142672">
        <ele>1237.1</ele>
      </trkpt>
      <trkpt lat="50.08043761390435" lon="-122.9682790902851">
        <ele>1237.1</ele>
      </trkpt>
      <trkpt lat="50.080437028037274" lon="-122.96827530308173">
        <ele>1237.1</ele>
      </trkpt>
      <trkpt lat="50.08043637477072" lon="-122.96827154274962">
        <ele>1237.1</ele>
      </trkpt>
      <trkpt lat="50.08042" lon="-122.96829">
        <ele>1237.1</ele>
      </trkpt>
      <trkpt lat="50.08057637477072" lon="-122.96823154263734">
        <ele>1237.1</ele>
      </trkpt>
      <trkpt lat="50.08057523315418" lon="-122.9682257877979">
        <ele>1237.1</ele>
      </trkpt>
      <trkpt lat="50.08057393372639" lon="-122.96822011481842">
        <ele>1237.1</ele>
      </trkpt>
      <trkpt lat="50.080572478893274" lon="-122.96821453420257">
        <ele>1237.1</ele>
      </trkpt>
      <trkpt lat="50.0805708713485" lon="-122.96820905628299">
        <ele>1237.1</ele>
      </trkpt>
      <trkpt lat="50.08056911406846" lon="-122.96820369120216">
        <ele>1237.1</ele>
      </trkpt>
      <trkpt lat="50.08056721030681" lon="-122.96819844889369">
        <ele>1237.1</ele>
      </trkpt>
      <trkpt lat="50.08056516358841" lon="-122.96819333906382">
        <ele>1237.1</ele>
      </trkpt>
      <trkpt lat="50.080562977702805" lon="-122.96818837117353">
        <ele>1237.1</ele>
      </trkpt>
      <trkpt lat="50.08056065669722" lon="-122.96818355442097">
        <ele>1237.1</ele>
      </trkpt>
      <trkpt lat="50.08055820486906" lon="-122.9681788977245">
        <ele>1237.1</ele>
      </trkpt>
      <trkpt lat="50.08062820486906" lon="-122.96811889759148">
        <ele>1221.6</ele>
      </trkpt>
      <trkpt lat="50.08062559475368" lon="-122.96811435623677">
        <ele>1221.6</ele>
      </trkpt>
      <trkpt lat="50.08062286022648" lon="-122.96810999628704">
        <ele>1221.6</ele>
      </trkpt>
      <trkpt lat="50.08062000647396" lon="-122.96810582601168">
        <ele>1221.6</ele>
      </trkpt>
      <trkpt lat="50.08061703890876" lon="-122.96810185332036">
        <ele>1221.6</ele>
      </trkpt>
      <trkpt lat="50.08061396315938" lon="-122.96809808574797">
        <ele>1221.6</ele>
      </trkpt>
      <trkpt lat="50.08061078505951" lon="-122.96809453044035">
        <ele>1221.6</ele>
      </trkpt>
      <trkpt lat="50.08060751063698" lon="-122.96809119414078">
        <ele>1221.6</ele>
      </trkpt>
      <trkpt lat="50.08060414610228" lon="-122.96808808317712">
        <ele>1221.6</ele>
      </trkpt>
      <trkpt lat="50.08060069783685" lon="-122.96808520344985">
        <ele>1221.6</ele>
      </trkpt>
      <trkpt lat="50.08059717238091" lon="-122.96808256042087">
        <ele>1221.6</ele>
      </trkpt>
      <trkpt lat="50.080647172380914" lon="-122.96797256028796">
        <ele>1221.6</ele>
      </trkpt>
      <trkpt lat="50.08065008182982" lon="-122.96797472010721">
        <ele>1221.6</ele>
      </trkpt>
      <trkpt lat="50.080652939692385" lon="-122.96797704116491">
        <ele>1221.6</ele>
      </trkpt>
      <trkpt lat="50.08065574229045" lon="-122.96797952047382">
        <ele>1221.6</ele>
      </trkpt>
      <trkpt lat="50.080658486017" lon="-122.96798215484299">
        <ele>1221.6</ele>
      </trkpt>
      <trkpt lat="50.0806611673408" lon="-122.96798494088193">
        <ele>1221.6</ele>
      </trkpt>
      <trkpt lat="50.0806637828109" lon="-122.96798787500494">
        <ele>1221.6</ele>
      </trkpt>
      <trkpt lat="50.08066632906113" lon="-122.9679909534357">
        <ele>1221.6</ele>
      </trkpt>
      <trkpt lat="50.08066880281441" lon="-122.96799417221223">
        <ele>1221.6</ele>
      </trkpt>
      <trkpt lat="50.08067120088694" lon="-122.96799752719186">
        <ele>1221.6</ele>
      </trkpt>
      <trkpt lat="50.08067352019234" lon="-122.96800101405664">
        <ele>1221.6</ele>
      </trkpt>
      <trkpt lat="50.08068" lon="-122.96803">
        <ele>1231.2</ele>
      </trkpt>
      <trkpt lat="50.08075" lon="-122.96796">
        <ele>1231.2</ele>
      </trkpt>
      <trkpt lat="50.0808" lon="-122.96791">
        <ele>1231.2</ele>
      </trkpt>
      <trkpt lat="50.08090750848002" lon="-122.96774245826684">
        <ele>1218.9</ele>
      </trkpt>
      <trkpt lat="50.080908886025796" lon="-122.96774428410271">
        <ele>1218.9</ele>
      </trkpt>
      <trkpt lat="50.08091023970671" lon="-122.96774615278227">
        <ele>1218.9</ele>
      </trkpt>
      <trkpt lat="50.08091156897415" lon="-122.96774806354821">
        <ele>1218.9</ele>
      </trkpt>
      <trkpt lat="50.08091287328941" lon="-122.96775001562617">
        <ele>1218.9</ele>
      </trkpt>
      <trkpt lat="50.080914152123874" lon="-122.96775200822498">
        <ele>1218.9</ele>
      </trkpt>
      <trkpt lat="50.08091540495927" lon="-122.96775404053714">
        <ele>1218.9</ele>
      </trkpt>
      <trkpt lat="50.08091663128787" lon="-122.96775611173898">
        <ele>1218.9</ele>
      </trkpt>
      <trkpt lat="50.08091783061266" lon="-122.96775822099112">
        <ele>1218.9</ele>
      </trkpt>
      <trkpt lat="50.0809190024476" lon="-122.96776036743873">
        <ele>1218.9</ele>
      </trkpt>
      <trkpt lat="50.08092014631777" lon="-122.96776255021192">
        <ele>1218.9</ele>
      </trkpt>
      <trkpt lat="50.080970146317775" lon="-122.96772255012071">
        <ele>1218.9</ele>
      </trkpt>
      <trkpt lat="50.08096952106005" lon="-122.96772134587938">
        <ele>1218.9</ele>
      </trkpt>
      <trkpt lat="50.080968887289536" lon="-122.96772015249367">
        <ele>1218.9</ele>
      </trkpt>
      <trkpt lat="50.08096824508385" lon="-122.96771897010969">
        <ele>1218.9</ele>
      </trkpt>
      <trkpt lat="50.08096759452163" lon="-122.96771779887223">
        <ele>1218.9</ele>
      </trkpt>
      <trkpt lat="50.080966935682525" lon="-122.96771663892468">
        <ele>1218.9</ele>
      </trkpt>
      <trkpt lat="50.08096626864722" lon="-122.96771549040912">
        <ele>1218.9</ele>
      </trkpt>
      <trkpt lat="50.08096559349739" lon="-122.96771435346615">
        <ele>1218.9</ele>
      </trkpt>
      <trkpt lat="50.0809649103157" lon="-122.967713228235">
        <ele>1218.9</ele>
      </trkpt>
      <trkpt lat="50.08096421918581" lon="-122.96771211485346">
        <ele>1218.9</ele>
      </trkpt>
      <trkpt lat="50.08096352019235" lon="-122.96771101345784">
        <ele>1218.9</ele>
      </trkpt>
      <trkpt lat="50.08101352019235" lon="-122.9676610133546">
        <ele>1234.3</ele>
      </trkpt>
      <trkpt lat="50.08101421918581" lon="-122.96766211475136">
        <ele>1234.3</ele>
      </trkpt>
      <trkpt lat="50.0810149103157" lon="-122.96766322813407">
        <ele>1234.3</ele>
      </trkpt>
      <trkpt lat="50.08101559349739" lon="-122.96766435336639">
        <ele>1234.3</ele>
      </trkpt>
      <trkpt lat="50.08101626864722" lon="-122.96766549031054">
        <ele>1234.3</ele>
      </trkpt>
      <trkpt lat="50.08101693568253" lon="-122.96766663882731">
        <ele>1234.3</ele>
      </trkpt>
      <trkpt lat="50.08101759452163" lon="-122.96766779877606">
        <ele>1234.3</ele>
      </trkpt>
      <trkpt lat="50.081018245083854" lon="-122.96766897001474">
        <ele>1234.3</ele>
      </trkpt>
      <trkpt lat="50.08101888728954" lon="-122.96767015239996">
        <ele>1234.3</ele>
      </trkpt>
      <trkpt lat="50.08101952106005" lon="-122.96767134578693">
        <ele>1234.3</ele>
      </trkpt>
      <trkpt lat="50.081020146317776" lon="-122.96767255002949">
        <ele>1234.3</ele>
      </trkpt>
      <trkpt lat="50.08107014631778" lon="-122.96763254993829">
        <ele>1234.3</ele>
      </trkpt>
      <trkpt lat="50.08107291370215" lon="-122.9676382315345">
        <ele>1234.3</ele>
      </trkpt>
      <trkpt lat="50.08107549178208" lon="-122.9676441254246">
        <ele>1234.3</ele>
      </trkpt>
      <trkpt lat="50.08107787386414" lon="-122.96765021630641">
        <ele>1234.3</ele>
      </trkpt>
      <trkpt lat="50.08108005376377" lon="-122.96765648836629">
        <ele>1234.3</ele>
      </trkpt>
      <trkpt lat="50.08108202582135" lon="-122.9676629253202">
        <ele>1234.3</ele>
      </trkpt>
      <trkpt lat="50.08108378491687" lon="-122.967669510456">
        <ele>1234.3</ele>
      </trkpt>
      <trkpt lat="50.08108532648321" lon="-122.96767622667686">
        <ele>1234.3</ele>
      </trkpt>
      <trkpt lat="50.08108664651803" lon="-122.96768305654555">
        <ele>1234.3</ele>
      </trkpt>
      <trkpt lat="50.08108774159417" lon="-122.96768998232983">
        <ele>1234.3</ele>
      </trkpt>
      <trkpt lat="50.08108860886848" lon="-122.9676969860484">
        <ele>1234.3</ele>
      </trkpt>
      <trkpt lat="50.08106" lon="-122.96771">
        <ele>1234.3</ele>
      </trkpt>
      <trkpt lat="50.08112" lon="-122.9677">
        <ele>1241.2</ele>
      </trkpt>
      <trkpt lat="50.0812580866579" lon="-122.96766254591823">
        <ele>1241.2</ele>
      </trkpt>
      <trkpt lat="50.08125747432585" lon="-122.9676581442067">
        <ele>1241.2</ele>
      </trkpt>
      <trkpt lat="50.0812567714452" lon="-122.96765377547052">
        <ele>1241.2</ele>
      </trkpt>
      <trkpt lat="50.08125597874353" lon="-122.96764944423198">
        <ele>1241.2</ele>
      </trkpt>
      <trkpt lat="50.0812550970414" lon="-122.96764515497453">
        <ele>1241.2</ele>
      </trkpt>
      <trkpt lat="50.08125412725151" lon="-122.9676409121382">
        <ele>1241.2</ele>
      </trkpt>
      <trkpt lat="50.08125307037772" lon="-122.9676367201149">
        <ele>1241.2</ele>
      </trkpt>
      <trkpt lat="50.08125192751406" lon="-122.967632583244">
        <ele>1241.2</ele>
      </trkpt>
      <trkpt lat="50.081250699843544" lon="-122.96762850580777">
        <ele>1241.2</ele>
      </trkpt>
      <trkpt lat="50.081249388637005" lon="-122.96762449202694">
        <ele>1241.2</ele>
      </trkpt>
      <trkpt lat="50.08124799525172" lon="-122.96762054605635">
        <ele>1241.2</ele>
      </trkpt>
      <trkpt lat="50.08131799525172" lon="-122.96758054595493">
        <ele>1241.2</ele>
      </trkpt>
      <trkpt lat="50.081317540668394" lon="-122.96757932066892">
        <ele>1241.2</ele>
      </trkpt>
      <trkpt lat="50.08131707815902" lon="-122.96757810260762">
        <ele>1241.2</ele>
      </trkpt>
      <trkpt lat="50.08131660777086" lon="-122.96757689189552">
        <ele>1241.2</ele>
      </trkpt>
      <trkpt lat="50.08131612955201" lon="-122.96757568865638">
        <ele>1241.2</ele>
      </trkpt>
      <trkpt lat="50.081315643551335" lon="-122.96757449301322">
        <ele>1241.2</ele>
      </trkpt>
      <trkpt lat="50.08131514981853" lon="-122.96757330508822">
        <ele>1241.2</ele>
      </trkpt>
      <trkpt lat="50.08131464840406" lon="-122.96757212500285">
        <ele>1241.2</ele>
      </trkpt>
      <trkpt lat="50.08131413935917" lon="-122.96757095287768">
        <ele>1241.2</ele>
      </trkpt>
      <trkpt lat="50.081313622735905" lon="-122.96756978883256">
        <ele>1241.2</ele>
      </trkpt>
      <trkpt lat="50.08131309858707" lon="-122.96756863298648">
        <ele>1241.2</ele>
      </trkpt>
      <trkpt lat="50.08131" lon="-122.9676">
        <ele>1241.2</ele>
      </trkpt>
      <trkpt lat="50.08135" lon="-122.96757">
        <ele>1241.2</ele>
      </trkpt>
      <trkpt lat="50.081461864894" lon="-122.96745600627523">
        <ele>1231.5</ele>
      </trkpt>
      <trkpt lat="50.08146109287861" lon="-122.9674544256561">
        <ele>1231.5</ele>
      </trkpt>
      <trkpt lat="50.08146030654907" lon="-122.96745286226688">
        <ele>1231.5</ele>
      </trkpt>
      <trkpt lat="50.0814595060637" lon="-122.96745131642236">
        <ele>1231.5</ele>
      </trkpt>
      <trkpt lat="50.081458691583684" lon="-122.96744978843377">
        <ele>1231.5</ele>
      </trkpt>
      <trkpt lat="50.081457863272995" lon="-122.96744827860877">
        <ele>1231.5</ele>
      </trkpt>
      <trkpt lat="50.08145702129843" lon="-122.96744678725136">
        <ele>1231.5</ele>
      </trkpt>
      <trkpt lat="50.08145616582949" lon="-122.96744531466182">
        <ele>1231.5</ele>
      </trkpt>
      <trkpt lat="50.081455297038445" lon="-122.96744386113662">
        <ele>1231.5</ele>
      </trkpt>
      <trkpt lat="50.081454415100204" lon="-122.96744242696845">
        <ele>1231.5</ele>
      </trkpt>
      <trkpt lat="50.08145352019235" lon="-122.96744101244606">
        <ele>1231.5</ele>
      </trkpt>
      <trkpt lat="50.08143" lon="-122.9675">
        <ele>1238.5</ele>
      </trkpt>
      <trkpt lat="50.08153352019235" lon="-122.96736101228088">
        <ele>1238.5</ele>
      </trkpt>
      <trkpt lat="50.081534761596394" lon="-122.96736298541227">
        <ele>1238.5</ele>
      </trkpt>
      <trkpt lat="50.0815359777669" lon="-122.96736499634416">
        <ele>1238.5</ele>
      </trkpt>
      <trkpt lat="50.08153716822999" lon="-122.96736704429304">
        <ele>1238.5</ele>
      </trkpt>
      <trkpt lat="50.08153833252183" lon="-122.96736912846094">
        <ele>1238.5</ele>
      </trkpt>
      <trkpt lat="50.081539470188766" lon="-122.9673712480358">
        <ele>1238.5</ele>
      </trkpt>
      <trkpt lat="50.08154058078751" lon="-122.96737340219174">
        <ele>1238.5</ele>
      </trkpt>
      <trkpt lat="50.081541663885346" lon="-122.96737559008943">
        <ele>1238.5</ele>
      </trkpt>
      <trkpt lat="50.081542719060245" lon="-122.96737781087637">
        <ele>1238.5</ele>
      </trkpt>
      <trkpt lat="50.08154374590108" lon="-122.96738006368729">
        <ele>1238.5</ele>
      </trkpt>
      <trkpt lat="50.08154474400775" lon="-122.96738234764436">
        <ele>1238.5</ele>
      </trkpt>
      <trkpt lat="50.081574744007746" lon="-122.96736234759577">
        <ele>1238.5</ele>
      </trkpt>
      <trkpt lat="50.08157956171551" lon="-122.96737500351396">
        <ele>1238.5</ele>
      </trkpt>
      <trkpt lat="50.0815835003067" lon="-122.96738837761035">
        <ele>1238.5</ele>
      </trkpt>
      <trkpt lat="50.081586516261886" lon="-122.96740232210793">
        <ele>1238.5</ele>
      </trkpt>
      <trkpt lat="50.0815885762563" lon="-122.96741668292711">
        <ele>1238.5</ele>
      </trkpt>
      <trkpt lat="50.081589657528035" lon="-122.96743130138809">
        <ele>1238.5</ele>
      </trkpt>
      <trkpt lat="50.081589748129595" lon="-122.96744601596433">
        <ele>1238.5</ele>
      </trkpt>
      <trkpt lat="50.08158884705988" lon="-122.9674606640672">
        <ele>1238.5</ele>
      </trkpt>
      <trkpt lat="50.081586964275246" lon="-122.96747508384263">
        <ele>1238.5</ele>
      </trkpt>
      <trkpt lat="50.081584120579514" lon="-122.96748911595941">
        <ele>1238.5</ele>
      </trkpt>
      <trkpt lat="50.08158034739408" lon="-122.96750260536976">
        <ele>1238.5</ele>
      </trkpt>
      <trkpt lat="50.08160034739408" lon="-122.96751260539588">
        <ele>1238.5</ele>
      </trkpt>
      <trkpt lat="50.08159759769669" lon="-122.96752052758679">
        <ele>1238.5</ele>
      </trkpt>
      <trkpt lat="50.081594526783014" lon="-122.96752815782817">
        <ele>1238.5</ele>
      </trkpt>
      <trkpt lat="50.08159114736512" lon="-122.9675354645346">
        <ele>1238.5</ele>
      </trkpt>
      <trkpt lat="50.08158747343214" lon="-122.96754241745991">
        <ele>1238.5</ele>
      </trkpt>
      <trkpt lat="50.08158352019234" lon="-122.9675489878224">
        <ele>1238.5</ele>
      </trkpt>
      <trkpt lat="50.0815793040102" lon="-122.967555148424">
        <ele>1238.5</ele>
      </trkpt>
      <trkpt lat="50.081574842338625" lon="-122.96756087376285">
        <ele>1238.5</ele>
      </trkpt>
      <trkpt lat="50.08157015364676" lon="-122.96756614013887">
        <ele>1238.5</ele>
      </trkpt>
      <trkpt lat="50.08156525734347" lon="-122.96757092575187">
        <ele>1238.5</ele>
      </trkpt>
      <trkpt lat="50.08156017369704" lon="-122.96757521079174">
        <ele>1238.5</ele>
      </trkpt>
      <trkpt lat="50.08158017369704" lon="-122.96761521084397">
        <ele>1238.5</ele>
      </trkpt>
      <trkpt lat="50.081574778511644" lon="-122.96761907284689">
        <ele>1238.5</ele>
      </trkpt>
      <trkpt lat="50.08156923140711" lon="-122.9676223710351">
        <ele>1238.5</ele>
      </trkpt>
      <trkpt lat="50.08156355661424" lon="-122.96762509100154">
        <ele>1238.5</ele>
      </trkpt>
      <trkpt lat="50.08155777892161" lon="-122.96762722086486">
        <ele>1238.5</ele>
      </trkpt>
      <trkpt lat="50.08155192356729" lon="-122.9676287513214">
        <ele>1238.5</ele>
      </trkpt>
      <trkpt lat="50.081546016128556" lon="-122.96762967568586">
        <ele>1238.5</ele>
      </trkpt>
      <trkpt lat="50.08154008241023" lon="-122.96762998992043">
        <ele>1238.5</ele>
      </trkpt>
      <trkpt lat="50.081534148331926" lon="-122.96762969265245">
        <ele>1238.5</ele>
      </trkpt>
      <trkpt lat="50.081528239814816" lon="-122.96762878518048">
        <ele>1238.5</ele>
      </trkpt>
      <trkpt lat="50.081522382668425" lon="-122.96762727146852">
        <ele>1238.5</ele>
      </trkpt>
      <trkpt lat="50.08151238266843" lon="-122.96767727143988">
        <ele>1231.5</ele>
      </trkpt>
      <trkpt lat="50.08150937204144" lon="-122.96767624912417">
        <ele>1231.5</ele>
      </trkpt>
      <trkpt lat="50.08150638568405" lon="-122.96767506650605">
        <ele>1231.5</ele>
      </trkpt>
      <trkpt lat="50.081503427109816" lon="-122.96767372497695">
        <ele>1231.5</ele>
      </trkpt>
      <trkpt lat="50.081500499799624" lon="-122.96767222611521">
        <ele>1231.5</ele>
      </trkpt>
      <trkpt lat="50.08149760719756" lon="-122.96767057168431">
        <ele>1231.5</ele>
      </trkpt>
      <trkpt lat="50.08149475270689" lon="-122.96766876363074">
        <ele>1231.5</ele>
      </trkpt>
      <trkpt lat="50.08149193968603" lon="-122.96766680408176">
        <ele>1231.5</ele>
      </trkpt>
      <trkpt lat="50.08148917144461" lon="-122.96766469534285">
        <ele>1231.5</ele>
      </trkpt>
      <trkpt lat="50.08148645123957" lon="-122.96766243989502">
        <ele>1231.5</ele>
      </trkpt>
      <trkpt lat="50.08148378227134" lon="-122.9676600403919">
        <ele>1231.5</ele>
      </trkpt>
      <trkpt lat="50.08145378227134" lon="-122.96771004031679">
        <ele>1231.5</ele>
      </trkpt>
      <trkpt lat="50.081449493319944" lon="-122.9677057679578">
        <ele>1231.5</ele>
      </trkpt>
      <trkpt lat="50.0814453665435" lon="-122.96770112387247">
        <ele>1231.5</ele>
      </trkpt>
      <trkpt lat="50.08144141519293" lon="-122.96769612297278">
        <ele>1231.5</ele>
      </trkpt>
      <trkpt lat="50.08143765195586" lon="-122.96769078131642">
        <ele>1231.5</ele>
      </trkpt>
      <trkpt lat="50.08143408891589" lon="-122.96768511605522">
        <ele>1231.5</ele>
      </trkpt>
      <trkpt lat="50.08143073751382" lon="-122.96767914538013">
        <ele>1231.5</ele>
      </trkpt>
      <trkpt lat="50.08142760851085" lon="-122.96767288846276">
        <ele>1231.5</ele>
      </trkpt>
      <trkpt lat="50.0814247119541" lon="-122.96766636539378">
        <ele>1231.5</ele>
      </trkpt>
      <trkpt lat="50.08142205714429" lon="-122.96765959711855">
        <ele>1231.5</ele>
      </trkpt>
      <trkpt lat="50.0814196526059" lon="-122.96765260536974">
        <ele>1231.5</ele>
      </trkpt>
      <trkpt lat="50.081379652605904" lon="-122.96767260531749">
        <ele>1231.5</ele>
      </trkpt>
      <trkpt lat="50.081380986559424" lon="-122.96767660087876">
        <ele>1231.5</ele>
      </trkpt>
      <trkpt lat="50.0813824023033" lon="-122.96768052749849">
        <ele>1231.5</ele>
      </trkpt>
      <trkpt lat="50.08138389837203" lon="-122.96768438111202">
        <ele>1231.5</ele>
      </trkpt>
      <trkpt lat="50.081385473216976" lon="-122.96768815773032">
        <ele>1231.5</ele>
      </trkpt>
      <trkpt lat="50.08138712520795" lon="-122.96769185344407">
        <ele>1231.5</ele>
      </trkpt>
      <trkpt lat="50.08138885263488" lon="-122.96769546442762">
        <ele>1231.5</ele>
      </trkpt>
      <trkpt lat="50.08139065370964" lon="-122.96769898694312">
        <ele>1231.5</ele>
      </trkpt>
      <trkpt lat="50.08139252656787" lon="-122.96770241734423">
        <ele>1231.5</ele>
      </trkpt>
      <trkpt lat="50.08139446927087" lon="-122.96770575208001">
        <ele>1231.5</ele>
      </trkpt>
      <trkpt lat="50.081396479807665" lon="-122.9677089876985">
        <ele>1231.5</ele>
      </trkpt>
      <trkpt lat="50.08135647980767" lon="-122.96774898761592">
        <ele>1231.5</ele>
      </trkpt>
      <trkpt lat="50.08135558489981" lon="-122.96774757309264">
        <ele>1231.5</ele>
      </trkpt>
      <trkpt lat="50.08135470296157" lon="-122.96774613892356">
        <ele>1231.5</ele>
      </trkpt>
      <trkpt lat="50.081353834170514" lon="-122.96774468539746">
        <ele>1231.5</ele>
      </trkpt>
      <trkpt lat="50.08135297870158" lon="-122.967743212807">
        <ele>1231.5</ele>
      </trkpt>
      <trkpt lat="50.081352136727006" lon="-122.96774172144865">
        <ele>1231.5</ele>
      </trkpt>
      <trkpt lat="50.08135130841632" lon="-122.9677402116227">
        <ele>1231.5</ele>
      </trkpt>
      <trkpt lat="50.0813504939363" lon="-122.96773868363316">
        <ele>1231.5</ele>
      </trkpt>
      <trkpt lat="50.08134969345093" lon="-122.96773713778767">
        <ele>1231.5</ele>
      </trkpt>
      <trkpt lat="50.08134890712139" lon="-122.96773557439747">
        <ele>1231.5</ele>
      </trkpt>
      <trkpt lat="50.081348135106" lon="-122.96773399377734">
        <ele>1231.5</ele>
      </trkpt>
      <trkpt lat="50.081308135106" lon="-122.96776399370725">
        <ele>1241.2</ele>
      </trkpt>
      <trkpt lat="50.08131000485851" lon="-122.96776774442893">
        <ele>1241.2</ele>
      </trkpt>
      <trkpt lat="50.08131195518133" lon="-122.96777139414937">
        <ele>1241.2</ele>
      </trkpt>
      <trkpt lat="50.081313983829475" lon="-122.96777493866743">
        <ele>1241.2</ele>
      </trkpt>
      <trkpt lat="50.0813160884678" lon="-122.96777837390307">
        <ele>1241.2</ele>
      </trkpt>
      <trkpt lat="50.08131826667369" lon="-122.96778169590206">
        <ele>1241.2</ele>
      </trkpt>
      <trkpt lat="50.081320515939844" lon="-122.96778490084048">
        <ele>1241.2</ele>
      </trkpt>
      <trkpt lat="50.08132283367717" lon="-122.9677879850292">
        <ele>1241.2</ele>
      </trkpt>
      <trkpt lat="50.08132521721776" lon="-122.96779094491804">
        <ele>1241.2</ele>
      </trkpt>
      <trkpt lat="50.081327663817945" lon="-122.96779377709991">
        <ele>1241.2</ele>
      </trkpt>
      <trkpt lat="50.081330170661495" lon="-122.96779647831474">
        <ele>1241.2</ele>
      </trkpt>
      <trkpt lat="50.08129017066149" lon="-122.96785647821756">
        <ele>1241.2</ele>
      </trkpt>
      <trkpt lat="50.08129618861597" lon="-122.96786221167116">
        <ele>1241.2</ele>
      </trkpt>
      <trkpt lat="50.081302476682204" lon="-122.96786719164919">
        <ele>1241.2</ele>
      </trkpt>
      <trkpt lat="50.08130899609217" lon="-122.96787138744838">
        <ele>1241.2</ele>
      </trkpt>
      <trkpt lat="50.08131570665154" lon="-122.96787477320028">
        <ele>1241.2</ele>
      </trkpt>
      <trkpt lat="50.081322566987474" lon="-122.96787732803058">
        <ele>1241.2</ele>
      </trkpt>
      <trkpt lat="50.081329534803736" lon="-122.96787903618791">
        <ele>1241.2</ele>
      </trkpt>
      <trkpt lat="50.081336567141406" lon="-122.9678798871409">
        <ele>1241.2</ele>
      </trkpt>
      <trkpt lat="50.08134362064379" lon="-122.96787987564313">
        <ele>1241.2</ele>
      </trkpt>
      <trkpt lat="50.081350651823705" lon="-122.96787900176554">
        <ele>1241.2</ele>
      </trkpt>
      <trkpt lat="50.081357617331584" lon="-122.96787727089583">
        <ele>1241.2</ele>
      </trkpt>
      <trkpt lat="50.08136761733159" lon="-122.96792727092445">
        <ele>1229.0</ele>
      </trkpt>
      <trkpt lat="50.0813755471387" lon="-122.96792420904492">
        <ele>1229.0</ele>
      </trkpt>
      <trkpt lat="50.0813832656505" lon="-122.96792003714906">
        <ele>1229.0</ele>
      </trkpt>
      <trkpt lat="50.08139070902872" lon="-122.96791478974177">
        <ele>1229.0</ele>
      </trkpt>
      <trkpt lat="50.081397815710645" lon="-122.96790851022332">
        <ele>1229.0</ele>
      </trkpt>
      <trkpt lat="50.081404526918334" lon="-122.96790125053039">
        <ele>1229.0</ele>
      </trkpt>
      <trkpt lat="50.08141078714472" lon="-122.96789307070641">
        <ele>1229.0</ele>
      </trkpt>
      <trkpt lat="50.08141654461271" lon="-122.9678840384051">
        <ele>1229.0</ele>
      </trkpt>
      <trkpt lat="50.08142175170343" lon="-122.96787422833084">
        <ele>1229.0</ele>
      </trkpt>
      <trkpt lat="50.081426365350076" lon="-122.96786372162079">
        <ele>1229.0</ele>
      </trkpt>
      <trkpt lat="50.08143034739408" lon="-122.96785260517387">
        <ele>1229.0</ele>
      </trkpt>
      <trkpt lat="50.08147034739408" lon="-122.96787260522612">
        <ele>1225.2</ele>
      </trkpt>
      <trkpt lat="50.081472123025094" lon="-122.96786673467427">
        <ele>1225.2</ele>
      </trkpt>
      <trkpt lat="50.081473722148594" lon="-122.96786074218225">
        <ele>1225.2</ele>
      </trkpt>
      <trkpt lat="50.08147514132759" lon="-122.96785464062975">
        <ele>1225.2</ele>
      </trkpt>
      <trkpt lat="50.081476377511805" lon="-122.96784844313089">
        <ele>1225.2</ele>
      </trkpt>
      <trkpt lat="50.08147742804432" lon="-122.96784216300597">
        <ele>1225.2</ele>
      </trkpt>
      <trkpt lat="50.08147829066723" lon="-122.96783581375291">
        <ele>1225.2</ele>
      </trkpt>
      <trkpt lat="50.081478963526465" lon="-122.9678294090182">
        <ele>1225.2</ele>
      </trkpt>
      <trkpt lat="50.081479445175866" lon="-122.96782296256757">
        <ele>1225.2</ele>
      </trkpt>
      <trkpt lat="50.08147973458022" lon="-122.9678164882564">
        <ele>1225.2</ele>
      </trkpt>
      <trkpt lat="50.0814798311175" lon="-122.96781">
        <ele>1225.2</ele>
      </trkpt>
      <trkpt lat="50.08143" lon="-122.96781">
        <ele>1225.2</ele>
      </trkpt>
      <trkpt lat="50.0815698311175" lon="-122.96781">
        <ele>1225.2</ele>
      </trkpt>
      <trkpt lat="50.081569804162974" lon="-122.96780657089151">
        <ele>1225.2</ele>
      </trkpt>
      <trkpt lat="50.081569723315596" lon="-122.96780314384088">
        <ele>1225.2</ele>
      </trkpt>
      <trkpt lat="50.08156958862386" lon="-122.96779972090474">
        <ele>1225.2</ele>
      </trkpt>
      <trkpt lat="50.08156940016861" lon="-122.96779630413724">
        <ele>1225.2</ele>
      </trkpt>
      <trkpt lat="50.08156915806294" lon="-122.96779289558884">
        <ele>1225.2</ele>
      </trkpt>
      <trkpt lat="50.081568862452144" lon="-122.96778949730506">
        <ele>1225.2</ele>
      </trkpt>
      <trkpt lat="50.08156851351361" lon="-122.96778611132527">
        <ele>1225.2</ele>
      </trkpt>
      <trkpt lat="50.081568111456754" lon="-122.96778273968144">
        <ele>1225.2</ele>
      </trkpt>
      <trkpt lat="50.08156765652285" lon="-122.96777938439695">
        <ele>1225.2</ele>
      </trkpt>
      <trkpt lat="50.08156714898492" lon="-122.96777604748534">
        <ele>1225.2</ele>
      </trkpt>
      <trkpt lat="50.081607148984915" lon="-122.96776604745702">
        <ele>1225.2</ele>
      </trkpt>
      <trkpt lat="50.08160584490293" lon="-122.96775876115018">
        <ele>1225.2</ele>
      </trkpt>
      <trkpt lat="50.081604290169146" lon="-122.96775159525342">
        <ele>1225.2</ele>
      </trkpt>
      <trkpt lat="50.081602489323096" lon="-122.96774457068989">
        <ele>1225.2</ele>
      </trkpt>
      <trkpt lat="50.08160044762294" lon="-122.96773770797006">
        <ele>1225.2</ele>
      </trkpt>
      <trkpt lat="50.081598171030066" lon="-122.96773102713185">
        <ele>1225.2</ele>
      </trkpt>
      <trkpt lat="50.08159566619174" lon="-122.96772454768211">
        <ele>1225.2</ele>
      </trkpt>
      <trkpt lat="50.081592940421615" lon="-122.96771828853967">
        <ele>1225.2</ele>
      </trkpt>
      <trkpt lat="50.08159000167848" lon="-122.96771226798013">
        <ele>1225.2</ele>
      </trkpt>
      <trkpt lat="50.08158685854292" lon="-122.96770650358245">
        <ele>1225.2</ele>
      </trkpt>
      <trkpt lat="50.081583520192346" lon="-122.96770101217763">
        <ele>1225.2</ele>
      </trkpt>
      <trkpt lat="50.08162352019235" lon="-122.96766101209502">
        <ele>1231.5</ele>
      </trkpt>
      <trkpt lat="50.08162281342091" lon="-122.96765992280521">
        <ele>1231.5</ele>
      </trkpt>
      <trkpt lat="50.08162209895803" lon="-122.96765884576975">
        <ele>1231.5</ele>
      </trkpt>
      <trkpt lat="50.08162137689119" lon="-122.96765778112051">
        <ele>1231.5</ele>
      </trkpt>
      <trkpt lat="50.081620647308824" lon="-122.96765672898788">
        <ele>1231.5</ele>
      </trkpt>
      <trkpt lat="50.081619910300255" lon="-122.96765568950066">
        <ele>1231.5</ele>
      </trkpt>
      <trkpt lat="50.08161916595573" lon="-122.96765466278616">
        <ele>1231.5</ele>
      </trkpt>
      <trkpt lat="50.081618414366396" lon="-122.96765364897009">
        <ele>1231.5</ele>
      </trkpt>
      <trkpt lat="50.081617655624285" lon="-122.9676526481766">
        <ele>1231.5</ele>
      </trkpt>
      <trkpt lat="50.0816168898223" lon="-122.96765166052822">
        <ele>1231.5</ele>
      </trkpt>
      <trkpt lat="50.08161611705422" lon="-122.9676506861459">
        <ele>1231.5</ele>
      </trkpt>
      <trkpt lat="50.081656117054216" lon="-122.96760068605468">
        <ele>1231.5</ele>
      </trkpt>
      <trkpt lat="50.081658250964836" lon="-122.96760343144928">
        <ele>1231.5</ele>
      </trkpt>
      <trkpt lat="50.08166032960169" lon="-122.96760627796571">
        <ele>1231.5</ele>
      </trkpt>
      <trkpt lat="50.08166235099238" lon="-122.96760922290296">
        <ele>1231.5</ele>
      </trkpt>
      <trkpt lat="50.08166431321883" lon="-122.9676122634666">
        <ele>1231.5</ele>
      </trkpt>
      <trkpt lat="50.0816662144191" lon="-122.96761539677148">
        <ele>1231.5</ele>
      </trkpt>
      <trkpt lat="50.08166805278917" lon="-122.96761861984442">
        <ele>1231.5</ele>
      </trkpt>
      <trkpt lat="50.081669826584616" lon="-122.96762192962709">
        <ele>1231.5</ele>
      </trkpt>
      <trkpt lat="50.08167153412231" lon="-122.96762532297886">
        <ele>1231.5</ele>
      </trkpt>
      <trkpt lat="50.08167317378197" lon="-122.96762879667982">
        <ele>1231.5</ele>
      </trkpt>
      <trkpt lat="50.08167474400776" lon="-122.96763234743382">
        <ele>1231.5</ele>
      </trkpt>
      <trkpt lat="50.08170474400776" lon="-122.96761234738523">
        <ele>1231.5</ele>
      </trkpt>
      <trkpt lat="50.08170959430425" lon="-122.96762510030732">
        <ele>1231.5</ele>
      </trkpt>
      <trkpt lat="50.08171355200934" lon="-122.96763858103157">
        <ele>1231.5</ele>
      </trkpt>
      <trkpt lat="50.081716572740305" lon="-122.96765263838161">
        <ele>1231.5</ele>
      </trkpt>
      <trkpt lat="50.08171862262186" lon="-122.96766711471464">
        <ele>1231.5</ele>
      </trkpt>
      <trkpt lat="50.081719678666104" lon="-122.96768184768925">
        <ele>1231.5</ele>
      </trkpt>
      <trkpt lat="50.08171972903027" lon="-122.96769667208602">
        <ele>1231.5</ele>
      </trkpt>
      <trkpt lat="50.081718773149575" lon="-122.96771142166027">
        <ele>1231.5</ele>
      </trkpt>
      <trkpt lat="50.081716821743505" lon="-122.9677259310064">
        <ele>1231.5</ele>
      </trkpt>
      <trkpt lat="50.081713896695646" lon="-122.96774003741281">
        <ele>1231.5</ele>
      </trkpt>
      <trkpt lat="50.08171003080825" lon="-122.96775358268654">
        <ele>1231.5</ele>
      </trkpt>
      <trkpt lat="50.081705267434394" lon="-122.96776641492737">
        <ele>1231.5</ele>
      </trkpt>
      <trkpt lat="50.08169965999179" lon="-122.96777839023117">
        <ele>1231.5</ele>
      </trkpt>
      <trkpt lat="50.081693271363775" lon="-122.96778937430375">
        <ele>1231.5</ele>
      </trkpt>
      <trkpt lat="50.08168617319411" lon="-122.96779924396684">
        <ele>1231.5</ele>
      </trkpt>
      <trkpt lat="50.08167844508351" lon="-122.96780788853944">
        <ele>1231.5</ele>
      </trkpt>
      <trkpt lat="50.081670173697056" lon="-122.96781521107906">
        <ele>1231.5</ele>
      </trkpt>
      <trkpt lat="50.08169017369706" lon="-122.96785521113128">
        <ele>1231.5</ele>
      </trkpt>
      <trkpt lat="50.081686406571116" lon="-122.96785797822498">
        <ele>1231.5</ele>
      </trkpt>
      <trkpt lat="50.08168256119632" lon="-122.96786047025432">
        <ele>1231.5</ele>
      </trkpt>
      <trkpt lat="50.08167864583754" lon="-122.96786268186315">
        <ele>1231.5</ele>
      </trkpt>
      <trkpt lat="50.0816746689101" lon="-122.96786460829806">
        <ele>1231.5</ele>
      </trkpt>
      <trkpt lat="50.08167063896161" lon="-122.96786624541855">
        <ele>1231.5</ele>
      </trkpt>
      <trkpt lat="50.08166656465369" lon="-122.96786758970595">
        <ele>1231.5</ele>
      </trkpt>
      <trkpt lat="50.08166245474325" lon="-122.96786863827097">
        <ele>1231.5</ele>
      </trkpt>
      <trkpt lat="50.08165831806376" lon="-122.96786938885992">
        <ele>1231.5</ele>
      </trkpt>
      <trkpt lat="50.08165416350621" lon="-122.96786983985956">
        <ele>1231.5</ele>
      </trkpt>
      <trkpt lat="50.08165" lon="-122.96786999030056">
        <ele>1231.5</ele>
      </trkpt>
      <trkpt lat="50.08165" lon="-122.96791999030056">
        <ele>1225.2</ele>
      </trkpt>
      <trkpt lat="50.08164514771392" lon="-122.96791978592721">
        <ele>1225.2</ele>
      </trkpt>
      <trkpt lat="50.08164030959565" lon="-122.96791917340387">
        <ele>1225.2</ele>
      </trkpt>
      <trkpt lat="50.08163549977163" lon="-122.96791815451903">
        <ele>1225.2</ele>
      </trkpt>
      <trkpt lat="50.081630732285696" lon="-122.96791673224763">
        <ele>1225.2</ele>
      </trkpt>
      <trkpt lat="50.08162602105804" lon="-122.96791491074245">
        <ele>1225.2</ele>
      </trkpt>
      <trkpt lat="50.08162137984463" lon="-122.96791269532197">
        <ele>1225.2</ele>
      </trkpt>
      <trkpt lat="50.08161682219696" lon="-122.96791009245482">
        <ele>1225.2</ele>
      </trkpt>
      <trkpt lat="50.08161236142256" lon="-122.9679071097409">
        <ele>1225.2</ele>
      </trkpt>
      <trkpt lat="50.08160801054609" lon="-122.96790375588921">
        <ele>1225.2</ele>
      </trkpt>
      <trkpt lat="50.081603782271344" lon="-122.9679000406924">
        <ele>1225.2</ele>
      </trkpt>
      <trkpt lat="50.08162" lon="-122.96783">
        <ele>1225.2</ele>
      </trkpt>
      <trkpt lat="50.08154378227133" lon="-122.96800004054214">
        <ele>1225.2</ele>
      </trkpt>
      <trkpt lat="50.08154547758342" lon="-122.96800158666674">
        <ele>1225.2</ele>
      </trkpt>
      <trkpt lat="50.08154719418354" lon="-122.96800307465566">
        <ele>1225.2</ele>
      </trkpt>
      <trkpt lat="50.081548931250936" lon="-122.9680045037974">
        <ele>1225.2</ele>
      </trkpt>
      <trkpt lat="50.081550687955016" lon="-122.96800587340864">
        <ele>1225.2</ele>
      </trkpt>
      <trkpt lat="50.081552463455836" lon="-122.96800718283453">
        <ele>1225.2</ele>
      </trkpt>
      <trkpt lat="50.08155425690446" lon="-122.96800843144895">
        <ele>1225.2</ele>
      </trkpt>
      <trkpt lat="50.08155606744336" lon="-122.96800961865489">
        <ele>1225.2</ele>
      </trkpt>
      <trkpt lat="50.08155789420684" lon="-122.96801074388472">
        <ele>1225.2</ele>
      </trkpt>
      <trkpt lat="50.08155973632145" lon="-122.9680118066004">
        <ele>1225.2</ele>
      </trkpt>
      <trkpt lat="50.0815615929064" lon="-122.9680128062938">
        <ele>1225.2</ele>
      </trkpt>
      <trkpt lat="50.0815415929064" lon="-122.9680728062384">
        <ele>1225.2</ele>
      </trkpt>
      <trkpt lat="50.081536487596715" lon="-122.96806988379062">
        <ele>1225.2</ele>
      </trkpt>
      <trkpt lat="50.081531505134215" lon="-122.96806648522484">
        <ele>1225.2</ele>
      </trkpt>
      <trkpt lat="50.081526663783244" lon="-122.96806262299924">
        <ele>1225.2</ele>
      </trkpt>
      <trkpt lat="50.081521981290834" lon="-122.9680583112717">
        <ele>1225.2</ele>
      </trkpt>
      <trkpt lat="50.081517474821716" lon="-122.9680535658478">
        <ele>1225.2</ele>
      </trkpt>
      <trkpt lat="50.081513160895355" lon="-122.96804840412295">
        <ele>1225.2</ele>
      </trkpt>
      <trkpt lat="50.081509055325405" lon="-122.96804284501862">
        <ele>1225.2</ele>
      </trkpt>
      <trkpt lat="50.08150517316176" lon="-122.96803690891292">
        <ele>1225.2</ele>
      </trkpt>
      <trkpt lat="50.08150152863535" lon="-122.96803061756599">
        <ele>1225.2</ele>
      </trkpt>
      <trkpt lat="50.081498135105996" lon="-122.96802399404015">
        <ele>1225.2</ele>
      </trkpt>
      <trkpt lat="50.081458135106" lon="-122.96805399397006">
        <ele>1225.2</ele>
      </trkpt>
      <trkpt lat="50.08145481785646" lon="-122.96804661840088">
        <ele>1225.2</ele>
      </trkpt>
      <trkpt lat="50.08145181182401" lon="-122.96803892566919">
        <ele>1225.2</ele>
      </trkpt>
      <trkpt lat="50.08144912945214" lon="-122.96803094761916">
        <ele>1225.2</ele>
      </trkpt>
      <trkpt lat="50.08144678184455" lon="-122.96802271727597">
        <ele>1225.2</ele>
      </trkpt>
      <trkpt lat="50.08144477871918" lon="-122.96801426870918">
        <ele>1225.2</ele>
      </trkpt>
      <trkpt lat="50.081443128367994" lon="-122.96800563689173">
        <ele>1225.2</ele>
      </trkpt>
      <trkpt lat="50.08144183762262" lon="-122.96799685755506">
        <ele>1225.2</ele>
      </trkpt>
      <trkpt lat="50.081440911826114" lon="-122.96798796704135">
        <ele>1225.2</ele>
      </trkpt>
      <trkpt lat="50.081440354810816" lon="-122.96797900215292">
        <ele>1225.2</ele>
      </trkpt>
      <trkpt lat="50.0814401688825" lon="-122.96797">
        <ele>1225.2</ele>
      </trkpt>
      <trkpt lat="50.0814001688825" lon="-122.96797">
        <ele>1225.2</ele>
      </trkpt>
      <trkpt lat="50.08140021537661" lon="-122.96796549659646">
        <ele>1225.2</ele>
      </trkpt>
      <trkpt lat="50.08140035481082" lon="-122.96796099785459">
        <ele>1225.2</ele>
      </trkpt>
      <trkpt lat="50.08140058704078" lon="-122.96795650843126">
        <ele>1225.2</ele>
      </trkpt>
      <trkpt lat="50.081400911826115" lon="-122.96795203297366">
        <ele>1225.2</ele>
      </trkpt>
      <trkpt lat="50.08140132883061" lon="-122.96794757611453">
        <ele>1225.2</ele>
      </trkpt>
      <trkpt lat="50.081401837622614" lon="-122.96794314246736">
        <ele>1225.2</ele>
      </trkpt>
      <trkpt lat="50.08140243767546" lon="-122.96793873662163">
        <ele>1225.2</ele>
      </trkpt>
      <trkpt lat="50.08140312836799" lon="-122.96793436313803">
        <ele>1225.2</ele>
      </trkpt>
      <trkpt lat="50.081403908985244" lon="-122.96793002654375">
        <ele>1225.2</ele>
      </trkpt>
      <trkpt lat="50.081404778719175" lon="-122.96792573132778">
        <ele>1225.2</ele>
      </trkpt>
      <trkpt lat="50.08137477871917" lon="-122.9679157313555">
        <ele>1225.2</ele>
      </trkpt>
      <trkpt lat="50.08137281263307" lon="-122.96792628765441">
        <ele>1225.2</ele>
      </trkpt>
      <trkpt lat="50.08137138408607" lon="-122.96793705180114">
        <ele>1225.2</ele>
      </trkpt>
      <trkpt lat="50.08137050188565" lon="-122.96794795743116">
        <ele>1225.2</ele>
      </trkpt>
      <trkpt lat="50.081370171470866" lon="-122.96795893730761">
        <ele>1225.2</ele>
      </trkpt>
      <trkpt lat="50.08137039487884" lon="-122.96796992373592">
        <ele>1225.2</ele>
      </trkpt>
      <trkpt lat="50.08137117073217" lon="-122.96798084898109">
        <ele>1225.2</ele>
      </trkpt>
      <trkpt lat="50.08137249424748" lon="-122.96799164568536">
        <ele>1225.2</ele>
      </trkpt>
      <trkpt lat="50.081374357264856" lon="-122.96800224728347">
        <ele>1225.2</ele>
      </trkpt>
      <trkpt lat="50.08137674829817" lon="-122.968012588413">
        <ele>1225.2</ele>
      </trkpt>
      <trkpt lat="50.081379652605904" lon="-122.9680226053175">
        <ele>1225.2</ele>
      </trkpt>
      <trkpt lat="50.081339652605905" lon="-122.96804260526525">
        <ele>1225.2</ele>
      </trkpt>
      <trkpt lat="50.081344163918914" lon="-122.96805503680613">
        <ele>1225.2</ele>
      </trkpt>
      <trkpt lat="50.081349464539" lon="-122.96806668735884">
        <ele>1225.2</ele>
      </trkpt>
      <trkpt lat="50.08135549929696" lon="-122.96807743566363">
        <ele>1225.2</ele>
      </trkpt>
      <trkpt lat="50.08136220538262" lon="-122.9680871698514">
        <ele>1225.2</ele>
      </trkpt>
      <trkpt lat="50.08136951299858" lon="-122.9680957886081">
        <ele>1225.2</ele>
      </trkpt>
      <trkpt lat="50.08137734608668" lon="-122.96810320222907">
        <ele>1225.2</ele>
      </trkpt>
      <trkpt lat="50.08138562311961" lon="-122.96810933355289">
        <ele>1225.2</ele>
      </trkpt>
      <trkpt lat="50.08139425794945" lon="-122.9681141187643">
        <ele>1225.2</ele>
      </trkpt>
      <trkpt lat="50.08140316070429" lon="-122.96811750805851">
        <ele>1225.2</ele>
      </trkpt>
      <trkpt lat="50.08141223872367" lon="-122.9681194661595">
        <ele>1225.2</ele>
      </trkpt>
      <trkpt lat="50.081421397522945" lon="-122.96811997268722">
        <ele>1225.2</ele>
      </trkpt>
      <trkpt lat="50.081430541776705" lon="-122.9681190223697">
        <ele>1225.2</ele>
      </trkpt>
      <trkpt lat="50.081439576310935" lon="-122.96811662509793">
        <ele>1225.2</ele>
      </trkpt>
      <trkpt lat="50.08144840709359" lon="-122.96811280582284">
        <ele>1225.2</ele>
      </trkpt>
      <trkpt lat="50.081458407093585" lon="-122.96814280585056">
        <ele>1225.2</ele>
      </trkpt>
      <trkpt lat="50.08146351240327" lon="-122.96813988341131">
        <ele>1225.2</ele>
      </trkpt>
      <trkpt lat="50.08146849486577" lon="-122.96813648485546">
        <ele>1225.2</ele>
      </trkpt>
      <trkpt lat="50.081473336216746" lon="-122.96813262264115">
        <ele>1225.2</ele>
      </trkpt>
      <trkpt lat="50.081478018709156" lon="-122.96812831092619">
        <ele>1225.2</ele>
      </trkpt>
      <trkpt lat="50.08148252517828" lon="-122.96812356551615">
        <ele>1225.2</ele>
      </trkpt>
      <trkpt lat="50.08148683910464" lon="-122.96811840380637">
        <ele>1225.2</ele>
      </trkpt>
      <trkpt lat="50.08149094467459" lon="-122.96811284471828">
        <ele>1225.2</ele>
      </trkpt>
      <trkpt lat="50.08149482683824" lon="-122.9681069086299">
        <ele>1225.2</ele>
      </trkpt>
      <trkpt lat="50.081498471364654" lon="-122.96810061730135">
        <ele>1225.2</ele>
      </trkpt>
      <trkpt lat="50.081501864894" lon="-122.96809399379485">
        <ele>1225.2</ele>
      </trkpt>
      <trkpt lat="50.08154186489401" lon="-122.96812399386494">
        <ele>1225.2</ele>
      </trkpt>
      <trkpt lat="50.08154518214355" lon="-122.96811661830498">
        <ele>1225.2</ele>
      </trkpt>
      <trkpt lat="50.081548188176" lon="-122.96810892558292">
        <ele>1225.2</ele>
      </trkpt>
      <trkpt lat="50.081550870547865" lon="-122.96810094754288">
        <ele>1225.2</ele>
      </trkpt>
      <trkpt lat="50.081553218155456" lon="-122.96809271720998">
        <ele>1225.2</ele>
      </trkpt>
      <trkpt lat="50.08155522128082" lon="-122.96808426865378">
        <ele>1225.2</ele>
      </trkpt>
      <trkpt lat="50.08155687163201" lon="-122.96807563684713">
        <ele>1225.2</ele>
      </trkpt>
      <trkpt lat="50.081558162377384" lon="-122.96806685752146">
        <ele>1225.2</ele>
      </trkpt>
      <trkpt lat="50.08155908817389" lon="-122.96805796701886">
        <ele>1225.2</ele>
      </trkpt>
      <trkpt lat="50.08155964518919" lon="-122.96804900214165">
        <ele>1225.2</ele>
      </trkpt>
      <trkpt lat="50.0815598311175" lon="-122.96804">
        <ele>1225.2</ele>
      </trkpt>
      <trkpt lat="50.08152" lon="-122.96804">
        <ele>1225.2</ele>
      </trkpt>
      <trkpt lat="50.0816498311175" lon="-122.96804">
        <ele>1225.2</ele>
      </trkpt>
      <trkpt lat="50.08164969997208" lon="-122.96803243834731">
        <ele>1225.2</ele>
      </trkpt>
      <trkpt lat="50.08164930691874" lon="-122.9680248987733">
        <ele>1225.2</ele>
      </trkpt>
      <trkpt lat="50.08164865310513" lon="-122.96801740329217">
        <ele>1225.2</ele>
      </trkpt>
      <trkpt lat="50.08164774044026" lon="-122.96800997378939">
        <ele>1225.2</ele>
      </trkpt>
      <trkpt lat="50.081646571588955" lon="-122.9680026319578">
        <ele>1225.2</ele>
      </trkpt>
      <trkpt lat="50.081645149964054" lon="-122.96799539923423">
        <ele>1225.2</ele>
      </trkpt>
      <trkpt lat="50.08164347971644" lon="-122.96798829673693">
        <ele>1225.2</ele>
      </trkpt>
      <trkpt lat="50.08164156572295" lon="-122.96798134520395">
        <ele>1225.2</ele>
      </trkpt>
      <trkpt lat="50.08163941357209" lon="-122.9679745649325">
        <ele>1225.2</ele>
      </trkpt>
      <trkpt lat="50.08163702954777" lon="-122.96796797571979">
        <ele>1225.2</ele>
      </trkpt>
      <trkpt lat="50.081687029547766" lon="-122.96793797564467">
        <ele>1225.2</ele>
      </trkpt>
      <trkpt lat="50.08168491030219" lon="-122.96793273755264">
        <ele>1225.2</ele>
      </trkpt>
      <trkpt lat="50.081682644484836" lon="-122.96792765063466">
        <ele>1225.2</ele>
      </trkpt>
      <trkpt lat="50.081680236529074" lon="-122.96792272484397">
        <ele>1225.2</ele>
      </trkpt>
      <trkpt lat="50.08167769114638" lon="-122.9679179698185">
        <ele>1225.2</ele>
      </trkpt>
      <trkpt lat="50.08167501331714" lon="-122.96791339486208">
        <ele>1225.2</ele>
      </trkpt>
      <trkpt lat="50.08167220828086" lon="-122.9679090089262">
        <ele>1225.2</ele>
      </trkpt>
      <trkpt lat="50.08166928152596" lon="-122.96790482059254">
        <ele>1225.2</ele>
      </trkpt>
      <trkpt lat="50.081666238779036" lon="-122.9679008380561">
        <ele>1225.2</ele>
      </trkpt>
      <trkpt lat="50.0816630859936" lon="-122.96789706910924">
        <ele>1225.2</ele>
      </trkpt>
      <trkpt lat="50.08165982933849" lon="-122.9678935211264">
        <ele>1225.2</ele>
      </trkpt>
      <trkpt lat="50.08167982933849" lon="-122.9678635210778">
        <ele>1225.2</ele>
      </trkpt>
      <trkpt lat="50.08168520349515" lon="-122.96786956210292">
        <ele>1225.2</ele>
      </trkpt>
      <trkpt lat="50.08169027727625" lon="-122.96787620404733">
        <ele>1225.2</ele>
      </trkpt>
      <trkpt lat="50.08169502307413" lon="-122.96788341077058">
        <ele>1225.2</ele>
      </trkpt>
      <trkpt lat="50.08169941506576" lon="-122.96789114305916">
        <ele>1225.2</ele>
      </trkpt>
      <trkpt lat="50.08170342935325" lon="-122.96789935883983">
        <ele>1225.2</ele>
      </trkpt>
      <trkpt lat="50.08170704409389" lon="-122.96790801340853">
        <ele>1225.2</ele>
      </trkpt>
      <trkpt lat="50.08171023961899" lon="-122.96791705967367">
        <ele>1225.2</ele>
      </trkpt>
      <trkpt lat="50.08171299854095" lon="-122.96792644841233">
        <ele>1225.2</ele>
      </trkpt>
      <trkpt lat="50.0817153058478" lon="-122.96793612853811">
        <ele>1225.2</ele>
      </trkpt>
      <trkpt lat="50.081717148984914" lon="-122.96794604737912">
        <ele>1225.2</ele>
      </trkpt>
      <trkpt lat="50.08175714898492" lon="-122.96793604735078">
        <ele>1217.7</ele>
      </trkpt>
      <trkpt lat="50.081758927711164" lon="-122.9679501962862">
        <ele>1217.7</ele>
      </trkpt>
      <trkpt lat="50.08175976314788" lon="-122.96796455528701">
        <ele>1217.7</ele>
      </trkpt>
      <trkpt lat="50.08175964643328" lon="-122.96797897204193">
        <ele>1217.7</ele>
      </trkpt>
      <trkpt lat="50.08175857880539" lon="-122.96799329362706">
        <ele>1217.7</ele>
      </trkpt>
      <trkpt lat="50.081756571588954" lon="-122.96800736812796">
        <ele>1217.7</ele>
      </trkpt>
      <trkpt lat="50.081753646075256" lon="-122.96802104625112">
        <ele>1217.7</ele>
      </trkpt>
      <trkpt lat="50.08174983329633" lon="-122.9680341829076">
        <ele>1217.7</ele>
      </trkpt>
      <trkpt lat="50.08174517369573" lon="-122.96804663875194">
        <ele>1217.7</ele>
      </trkpt>
      <trkpt lat="50.0817397166996" lon="-122.96805828166035">
        <ele>1217.7</ele>
      </trkpt>
      <trkpt lat="50.08173352019234" lon="-122.96806898813213">
        <ele>1217.7</ele>
      </trkpt>
      <trkpt lat="50.081753520192336" lon="-122.96808898817343">
        <ele>1217.7</ele>
      </trkpt>
      <trkpt lat="50.08174834064393" lon="-122.96809644954851">
        <ele>1217.7</ele>
      </trkpt>
      <trkpt lat="50.08174280140605" lon="-122.96810325462671">
        <ele>1217.7</ele>
      </trkpt>
      <trkpt lat="50.08173693662995" lon="-122.96810936145248">
        <ele>1217.7</ele>
      </trkpt>
      <trkpt lat="50.08173078247392" lon="-122.9681147323752">
        <ele>1217.7</ele>
      </trkpt>
      <trkpt lat="50.08172437688037" lon="-122.96811933428135">
        <ele>1217.7</ele>
      </trkpt>
      <trkpt lat="50.08171775934193" lon="-122.96812313879866">
        <ele>1217.7</ele>
      </trkpt>
      <trkpt lat="50.08171097065791" lon="-122.96812612247099">
        <ele>1217.7</ele>
      </trkpt>
      <trkpt lat="50.08170405268281" lon="-122.96812826690302">
        <ele>1217.7</ele>
      </trkpt>
      <trkpt lat="50.08169704806825" lon="-122.96812955887363">
        <ele>1217.7</ele>
      </trkpt>
      <trkpt lat="50.08169" lon="-122.96812999041737">
        <ele>1217.7</ele>
      </trkpt>
      <trkpt lat="50.08169" lon="-122.96816999041737">
        <ele>1217.7</ele>
      </trkpt>
      <trkpt lat="50.08168472095016" lon="-122.9681697484807">
        <ele>1217.7</ele>
      </trkpt>
      <trkpt lat="50.081679460147214" lon="-122.96816902350697">
        <ele>1217.7</ele>
      </trkpt>
      <trkpt lat="50.081674235775004" lon="-122.96816781800204">
        <ele>1217.7</ele>
      </trkpt>
      <trkpt lat="50.08166906589144" lon="-122.96816613613268">
        <ele>1217.7</ele>
      </trkpt>
      <trkpt lat="50.08166396836609" lon="-122.96816398371224">
        <ele>1217.7</ele>
      </trkpt>
      <trkpt lat="50.081658960818416" lon="-122.96816136818052">
        <ele>1217.7</ele>
      </trkpt>
      <trkpt lat="50.081654060556886" lon="-122.968158298578">
        <ele>1217.7</ele>
      </trkpt>
      <trkpt lat="50.08164928451912" lon="-122.96815478551473">
        <ele>1217.7</ele>
      </trkpt>
      <trkpt lat="50.08164464921339" lon="-122.96815084113351">
        <ele>1217.7</ele>
      </trkpt>
      <trkpt lat="50.081640170661494" lon="-122.96814647906797">
        <ele>1217.7</ele>
      </trkpt>
      <trkpt lat="50.08167" lon="-122.96806">
        <ele>1212.8</ele>
      </trkpt>
      <trkpt lat="50.081586101329506" lon="-122.96821199221709">
        <ele>1219.0</ele>
      </trkpt>
      <trkpt lat="50.08158508704815" lon="-122.96821078913015">
        <ele>1219.0</ele>
      </trkpt>
      <trkpt lat="50.081584083823195" lon="-122.96820956373645">
        <ele>1219.0</ele>
      </trkpt>
      <trkpt lat="50.08158309185665" lon="-122.96820831628271">
        <ele>1219.0</ele>
      </trkpt>
      <trkpt lat="50.08158211134824" lon="-122.96820704702009">
        <ele>1219.0</ele>
      </trkpt>
      <trkpt lat="50.08158114249539" lon="-122.96820575620416">
        <ele>1219.0</ele>
      </trkpt>
      <trkpt lat="50.08158018549316" lon="-122.96820444409481">
        <ele>1219.0</ele>
      </trkpt>
      <trkpt lat="50.08157924053424" lon="-122.96820311095624">
        <ele>1219.0</ele>
      </trkpt>
      <trkpt lat="50.081578307808904" lon="-122.96820175705685">
        <ele>1219.0</ele>
      </trkpt>
      <trkpt lat="50.081577387504936" lon="-122.96820038266925">
        <ele>1219.0</ele>
      </trkpt>
      <trkpt lat="50.081576479807644" lon="-122.96819898807017">
        <ele>1219.0</ele>
      </trkpt>
      <trkpt lat="50.08154647980764" lon="-122.96822898800822">
        <ele>1219.0</ele>
      </trkpt>
      <trkpt lat="50.08154396068944" lon="-122.96822490003198">
        <ele>1219.0</ele>
      </trkpt>
      <trkpt lat="50.08154154981954" lon="-122.9682206565004">
        <ele>1219.0</ele>
      </trkpt>
      <trkpt lat="50.08153925114973" lon="-122.96821626436925">
        <ele>1219.0</ele>
      </trkpt>
      <trkpt lat="50.08153706844787" lon="-122.9682117308379">
        <ele>1219.0</ele>
      </trkpt>
      <trkpt lat="50.08153500529174" lon="-122.96820706333746">
        <ele>1219.0</ele>
      </trkpt>
      <trkpt lat="50.08153306506316" lon="-122.96820226951867">
        <ele>1219.0</ele>
      </trkpt>
      <trkpt lat="50.081531250942454" lon="-122.96819735723935">
        <ele>1219.0</ele>
      </trkpt>
      <trkpt lat="50.08152956590324" lon="-122.96819233455142">
        <ele>1219.0</ele>
      </trkpt>
      <trkpt lat="50.08152801270754" lon="-122.96818720968784">
        <ele>1219.0</ele>
      </trkpt>
      <trkpt lat="50.08152659390128" lon="-122.96818199104901">
        <ele>1219.0</ele>
      </trkpt>
      <trkpt lat="50.081476593901286" lon="-122.96820199099477">
        <ele>1219.0</ele>
      </trkpt>
      <trkpt lat="50.08147589481168" lon="-122.96819917998991">
        <ele>1219.0</ele>
      </trkpt>
      <trkpt lat="50.08147523472767" lon="-122.96819634617677">
        <ele>1219.0</ele>
      </trkpt>
      <trkpt lat="50.08147461395537" lon="-122.9681934908696">
        <ele>1219.0</ele>
      </trkpt>
      <trkpt lat="50.08147403278268" lon="-122.9681906153926">
        <ele>1219.0</ele>
      </trkpt>
      <trkpt lat="50.08147349147913" lon="-122.96818772107935">
        <ele>1219.0</ele>
      </trkpt>
      <trkpt lat="50.081472990295765" lon="-122.96818480927213">
        <ele>1219.0</ele>
      </trkpt>
      <trkpt lat="50.08147252946502" lon="-122.96818188132136">
        <ele>1219.0</ele>
      </trkpt>
      <trkpt lat="50.08147210920061" lon="-122.96817893858496">
        <ele>1219.0</ele>
      </trkpt>
      <trkpt lat="50.08147172969745" lon="-122.96817598242765">
        <ele>1219.0</ele>
      </trkpt>
      <trkpt lat="50.08147139113153" lon="-122.96817301422044">
        <ele>1219.0</ele>
      </trkpt>
      <trkpt lat="50.081411391131525" lon="-122.96818301419164">
        <ele>1219.0</ele>
      </trkpt>
      <trkpt lat="50.081412007592654" lon="-122.96818817870489">
        <ele>1219.0</ele>
      </trkpt>
      <trkpt lat="50.08141274795735" lon="-122.96819330353925">
        <ele>1219.0</ele>
      </trkpt>
      <trkpt lat="50.0814136111831" lon="-122.96819838147835">
        <ele>1219.0</ele>
      </trkpt>
      <trkpt lat="50.08141459605438" lon="-122.96820340537184">
        <ele>1219.0</ele>
      </trkpt>
      <trkpt lat="50.081415701184376" lon="-122.9682083681455">
        <ele>1219.0</ele>
      </trkpt>
      <trkpt lat="50.08141692501694" lon="-122.96821326281118">
        <ele>1219.0</ele>
      </trkpt>
      <trkpt lat="50.08141826582877" lon="-122.9682180824766">
        <ele>1219.0</ele>
      </trkpt>
      <trkpt lat="50.08141972173185" lon="-122.96822282035512">
        <ele>1219.0</ele>
      </trkpt>
      <trkpt lat="50.08142129067609" lon="-122.96822746977526">
        <ele>1219.0</ele>
      </trkpt>
      <trkpt lat="50.08142297045224" lon="-122.96823202419009">
        <ele>1219.0</ele>
      </trkpt>
      <trkpt lat="50.081372970452236" lon="-122.96826202411496">
        <ele>1219.0</ele>
      </trkpt>
      <trkpt lat="50.08137813273853" lon="-122.96827398891051">
        <ele>1219.0</ele>
      </trkpt>
      <trkpt lat="50.08138405734776" lon="-122.96828506280423">
        <ele>1219.0</ele>
      </trkpt>
      <trkpt lat="50.0813906814354" lon="-122.96829512833119">
        <ele>1219.0</ele>
      </trkpt>
      <trkpt lat="50.08139793473727" lon="-122.96830407872258">
        <ele>1219.0</ele>
      </trkpt>
      <trkpt lat="50.081405740314864" lon="-122.96831181903826">
        <ele>1219.0</ele>
      </trkpt>
      <trkpt lat="50.08141401537151" lon="-122.9683182671738">
        <ele>1219.0</ele>
      </trkpt>
      <trkpt lat="50.081422672130586" lon="-122.96832335473138">
        <ele>1219.0</ele>
      </trkpt>
      <trkpt lat="50.0814316187666" lon="-122.96832702774542">
        <ele>1219.0</ele>
      </trkpt>
      <trkpt lat="50.08144076037924" lon="-122.96832924725484">
        <ele>1219.0</ele>
      </trkpt>
      <trkpt lat="50.08145" lon="-122.96832998971652">
        <ele>1219.0</ele>
      </trkpt>
      <trkpt lat="50.08145" lon="-122.96838998971651">
        <ele>1219.0</ele>
      </trkpt>
      <trkpt lat="50.081457048068245" lon="-122.96838955817493">
        <ele>1219.0</ele>
      </trkpt>
      <trkpt lat="50.08146405268281" lon="-122.9683882662108">
        <ele>1219.0</ele>
      </trkpt>
      <trkpt lat="50.08147097065791" lon="-122.9683861217895">
        <ele>1219.0</ele>
      </trkpt>
      <trkpt lat="50.08147775934193" lon="-122.9683831381321">
        <ele>1219.0</ele>
      </trkpt>
      <trkpt lat="50.08148437688038" lon="-122.96837933363383">
        <ele>1219.0</ele>
      </trkpt>
      <trkpt lat="50.08149078247393" lon="-122.96837473175073">
        <ele>1219.0</ele>
      </trkpt>
      <trkpt lat="50.08149693662996" lon="-122.96836936085488">
        <ele>1219.0</ele>
      </trkpt>
      <trkpt lat="50.08150280140607" lon="-122.96836325405968">
        <ele>1219.0</ele>
      </trkpt>
      <trkpt lat="50.08150834064394" lon="-122.96835644901554">
        <ele>1219.0</ele>
      </trkpt>
      <trkpt lat="50.08151352019235" lon="-122.96834898767783">
        <ele>1219.0</ele>
      </trkpt>
      <trkpt lat="50.081543520192355" lon="-122.96837898773977">
        <ele>1219.0</ele>
      </trkpt>
      <trkpt lat="50.08154685854293" lon="-122.96837349633952">
        <ele>1219.0</ele>
      </trkpt>
      <trkpt lat="50.08155000167848" lon="-122.96836773194664">
        <ele>1219.0</ele>
      </trkpt>
      <trkpt lat="50.081552940421616" lon="-122.96836171139213">
        <ele>1219.0</ele>
      </trkpt>
      <trkpt lat="50.08155566619174" lon="-122.96835545225493">
        <ele>1219.0</ele>
      </trkpt>
      <trkpt lat="50.08155817103007" lon="-122.96834897281059">
        <ele>1219.0</ele>
      </trkpt>
      <trkpt lat="50.08156044762294" lon="-122.96834229197795">
        <ele>1219.0</ele>
      </trkpt>
      <trkpt lat="50.0815624893231" lon="-122.96833542926385">
        <ele>1219.0</ele>
      </trkpt>
      <trkpt lat="50.08156429016915" lon="-122.96832840470618">
        <ele>1219.0</ele>
      </trkpt>
      <trkpt lat="50.08156584490293" lon="-122.9683212388154">
        <ele>1219.0</ele>
      </trkpt>
      <trkpt lat="50.08156714898492" lon="-122.96831395251465">
        <ele>1219.0</ele>
      </trkpt>
      <trkpt lat="50.081607148984915" lon="-122.96832395254297">
        <ele>1219.0</ele>
      </trkpt>
      <trkpt lat="50.08160765652285" lon="-122.9683206156286">
        <ele>1219.0</ele>
      </trkpt>
      <trkpt lat="50.08160811145675" lon="-122.96831726034131">
        <ele>1219.0</ele>
      </trkpt>
      <trkpt lat="50.08160851351361" lon="-122.96831388869465">
        <ele>1219.0</ele>
      </trkpt>
      <trkpt lat="50.08160886245214" lon="-122.96831050271204">
        <ele>1219.0</ele>
      </trkpt>
      <trkpt lat="50.08160915806294" lon="-122.96830710442542">
        <ele>1219.0</ele>
      </trkpt>
      <trkpt lat="50.08160940016861" lon="-122.96830369587418">
        <ele>1219.0</ele>
      </trkpt>
      <trkpt lat="50.081609588623856" lon="-122.96830027910383">
        <ele>1219.0</ele>
      </trkpt>
      <trkpt lat="50.081609723315594" lon="-122.96829685616484">
        <ele>1219.0</ele>
      </trkpt>
      <trkpt lat="50.08160980416297" lon="-122.96829342911134">
        <ele>1219.0</ele>
      </trkpt>
      <trkpt lat="50.0816098311175" lon="-122.96829">
        <ele>1219.0</ele>
      </trkpt>
      <trkpt lat="50.0816398311175" lon="-122.96829">
        <ele>1219.0</ele>
      </trkpt>
      <trkpt lat="50.081639766094305" lon="-122.96828467457618">
        <ele>1219.0</ele>
      </trkpt>
      <trkpt lat="50.08163957111886" lon="-122.96827935686187">
        <ele>1219.0</ele>
      </trkpt>
      <trkpt lat="50.08163924647343" lon="-122.96827405455537">
        <ele>1219.0</ele>
      </trkpt>
      <trkpt lat="50.081638792627984" lon="-122.96826877533272">
        <ele>1219.0</ele>
      </trkpt>
      <trkpt lat="50.081638210239554" lon="-122.96826352683651">
        <ele>1219.0</ele>
      </trkpt>
      <trkpt lat="50.08163750015125" lon="-122.96825831666487">
        <ele>1219.0</ele>
      </trkpt>
      <trkpt lat="50.081636663391045" lon="-122.96825315236045">
        <ele>1219.0</ele>
      </trkpt>
      <trkpt lat="50.08163570117029" lon="-122.96824804139949">
        <ele>1219.0</ele>
      </trkpt>
      <trkpt lat="50.081634614881985" lon="-122.968242991181">
        <ele>1219.0</ele>
      </trkpt>
      <trkpt lat="50.08163340609872" lon="-122.96823800901606">
        <ele>1219.0</ele>
      </trkpt>
      <trkpt lat="50.08168340609872" lon="-122.96821800896184">
        <ele>1219.0</ele>
      </trkpt>
      <trkpt lat="50.081684614881986" lon="-122.96822299113198">
        <ele>1219.0</ele>
      </trkpt>
      <trkpt lat="50.081685701170294" lon="-122.96822804135573">
        <ele>1219.0</ele>
      </trkpt>
      <trkpt lat="50.08168666339105" lon="-122.96823315232203">
        <ele>1219.0</ele>
      </trkpt>
      <trkpt lat="50.081687500151254" lon="-122.96823831663184">
        <ele>1219.0</ele>
      </trkpt>
      <trkpt lat="50.081688210239555" lon="-122.9682435268089">
        <ele>1219.0</ele>
      </trkpt>
      <trkpt lat="50.081688792627986" lon="-122.96824877531058">
        <ele>1219.0</ele>
      </trkpt>
      <trkpt lat="50.08168924647343" lon="-122.96825405453875">
        <ele>1219.0</ele>
      </trkpt>
      <trkpt lat="50.081689571118865" lon="-122.96825935685078">
        <ele>1219.0</ele>
      </trkpt>
      <trkpt lat="50.08168976609431" lon="-122.96826467457065">
        <ele>1219.0</ele>
      </trkpt>
      <trkpt lat="50.0816898311175" lon="-122.96827">
        <ele>1219.0</ele>
      </trkpt>
      <trkpt lat="50.0817498311175" lon="-122.96827">
        <ele>1219.0</ele>
      </trkpt>
      <trkpt lat="50.08174981361672" lon="-122.9682672368325">
        <ele>1219.0</ele>
      </trkpt>
      <trkpt lat="50.08174976112119" lon="-122.96826447474164">
        <ele>1219.0</ele>
      </trkpt>
      <trkpt lat="50.081749673651366" lon="-122.96826171480362">
        <ele>1219.0</ele>
      </trkpt>
      <trkpt lat="50.08174955124134" lon="-122.96825895809383">
        <ele>1219.0</ele>
      </trkpt>
      <trkpt lat="50.08174939393879" lon="-122.96825620568637">
        <ele>1219.0</ele>
      </trkpt>
      <trkpt lat="50.081749201805025" lon="-122.96825345865369">
        <ele>1219.0</ele>
      </trkpt>
      <trkpt lat="50.081748974914895" lon="-122.96825071806614">
        <ele>1219.0</ele>
      </trkpt>
      <trkpt lat="50.08174871335681" lon="-122.96824798499156">
        <ele>1219.0</ele>
      </trkpt>
      <trkpt lat="50.08174841723268" lon="-122.96824526049484">
        <ele>1219.0</ele>
      </trkpt>
      <trkpt lat="50.081748086657896" lon="-122.96824254563757">
        <ele>1219.0</ele>
      </trkpt>
      <trkpt lat="50.0817980866579" lon="-122.96823254560893">
        <ele>1212.8</ele>
      </trkpt>
      <trkpt lat="50.0817968991164" lon="-122.96822452608035">
        <ele>1212.8</ele>
      </trkpt>
      <trkpt lat="50.081795411210315" lon="-122.96821662916648">
        <ele>1212.8</ele>
      </trkpt>
      <trkpt lat="50.08179362808256" lon="-122.96820888216278">
        <ele>1212.8</ele>
      </trkpt>
      <trkpt lat="50.08179155589646" lon="-122.96820131184658">
        <ele>1212.8</ele>
      </trkpt>
      <trkpt lat="50.08178920181448" lon="-122.96819394438451">
        <ele>1212.8</ele>
      </trkpt>
      <trkpt lat="50.08178657397344" lon="-122.96818680524198">
        <ele>1212.8</ele>
      </trkpt>
      <trkpt lat="50.081783681456415" lon="-122.96817991909526">
        <ele>1212.8</ele>
      </trkpt>
      <trkpt lat="50.08178053426131" lon="-122.96817330974618">
        <ele>1212.8</ele>
      </trkpt>
      <trkpt lat="50.08177714326632" lon="-122.96816700003973">
        <ele>1212.8</ele>
      </trkpt>
      <trkpt lat="50.08177352019235" lon="-122.96816101178528">
        <ele>1212.8</ele>
      </trkpt>
      <trkpt lat="50.08181352019235" lon="-122.96812101170269">
        <ele>1212.8</ele>
      </trkpt>
      <trkpt lat="50.08181206334923" lon="-122.96811879230954">
        <ele>1212.8</ele>
      </trkpt>
      <trkpt lat="50.08181057458352" lon="-122.96811662497308">
        <ele>1212.8</ele>
      </trkpt>
      <trkpt lat="50.08180905466096" lon="-122.9681145108081">
        <ele>1212.8</ele>
      </trkpt>
      <trkpt lat="50.081807504363326" lon="-122.96811245090203">
        <ele>1212.8</ele>
      </trkpt>
      <trkpt lat="50.08180592448804" lon="-122.96811044631438">
        <ele>1212.8</ele>
      </trkpt>
      <trkpt lat="50.0818043158477" lon="-122.96810849807625">
        <ele>1212.8</ele>
      </trkpt>
      <trkpt lat="50.08180267926972" lon="-122.96810660718968">
        <ele>1212.8</ele>
      </trkpt>
      <trkpt lat="50.08180101559589" lon="-122.9681047746273">
        <ele>1212.8</ele>
      </trkpt>
      <trkpt lat="50.081799325681935" lon="-122.96810300133168">
        <ele>1212.8</ele>
      </trkpt>
      <trkpt lat="50.081797610397054" lon="-122.96810128821492">
        <ele>1212.8</ele>
      </trkpt>
      <trkpt lat="50.0818" lon="-122.96814">
        <ele>1212.8</ele>
      </trkpt>
      <trkpt lat="50.08187621772865" lon="-122.96796995885687">
        <ele>1212.8</ele>
      </trkpt>
      <trkpt lat="50.081880506680044" lon="-122.96797423124526">
        <ele>1212.8</ele>
      </trkpt>
      <trkpt lat="50.08188463345649" lon="-122.96797887536255">
        <ele>1212.8</ele>
      </trkpt>
      <trkpt lat="50.08188858480706" lon="-122.96798387629667">
        <ele>1212.8</ele>
      </trkpt>
      <trkpt lat="50.08189234804413" lon="-122.96798921798981">
        <ele>1212.8</ele>
      </trkpt>
      <trkpt lat="50.08189591108409" lon="-122.96799488328999">
        <ele>1212.8</ele>
      </trkpt>
      <trkpt lat="50.08189926248617" lon="-122.96800085400618">
        <ele>1212.8</ele>
      </trkpt>
      <trkpt lat="50.08190239148913" lon="-122.96800711096664">
        <ele>1212.8</ele>
      </trkpt>
      <trkpt lat="50.08190528804589" lon="-122.9680136340805">
        <ele>1212.8</ele>
      </trkpt>
      <trkpt lat="50.0819079428557" lon="-122.96802040240232">
        <ele>1212.8</ele>
      </trkpt>
      <trkpt lat="50.081910347394086" lon="-122.96802739419927">
        <ele>1212.8</ele>
      </trkpt>
      <trkpt lat="50.08195034739409" lon="-122.96800739414702">
        <ele>1212.8</ele>
      </trkpt>
      <trkpt lat="50.08195397741633" lon="-122.9680202922668">
        <ele>1212.8</ele>
      </trkpt>
      <trkpt lat="50.08195675743178" lon="-122.96803369352078">
        <ele>1212.8</ele>
      </trkpt>
      <trkpt lat="50.081958659301534" lon="-122.9680474622635">
        <ele>1212.8</ele>
      </trkpt>
      <trkpt lat="50.081959663775145" lon="-122.9680614591298">
        <ele>1212.8</ele>
      </trkpt>
      <trkpt lat="50.08195976068549" lon="-122.9680755424455">
        <ele>1212.8</ele>
      </trkpt>
      <trkpt lat="50.08195894905165" lon="-122.9680895696614">
        <ele>1212.8</ele>
      </trkpt>
      <trkpt lat="50.08195723708887" lon="-122.96810339879613">
        <ele>1212.8</ele>
      </trkpt>
      <trkpt lat="50.08195464212538" lon="-122.96811688987327">
        <ele>1212.8</ele>
      </trkpt>
      <trkpt lat="50.081951190427" lon="-122.96812990633815">
        <ele>1212.8</ele>
      </trkpt>
      <trkpt lat="50.08194691693131" lon="-122.96814231644005">
        <ele>1212.8</ele>
      </trkpt>
      <trkpt lat="50.08194186489399" lon="-122.96815399456582">
        <ele>1212.8</ele>
      </trkpt>
      <trkpt lat="50.08198186489399" lon="-122.96818399463592">
        <ele>1212.8</ele>
      </trkpt>
      <trkpt lat="50.08197609662404" lon="-122.96819480367596">
        <ele>1212.8</ele>
      </trkpt>
      <trkpt lat="50.08196966177106" lon="-122.96820465662297">
        <ele>1212.8</ele>
      </trkpt>
      <trkpt lat="50.08196262523042" lon="-122.96821345411021">
        <ele>1212.8</ele>
      </trkpt>
      <trkpt lat="50.081955057965466" lon="-122.96822110741522">
        <ele>1212.8</ele>
      </trkpt>
      <trkpt lat="50.08194703629191" lon="-122.96822753935454">
        <ele>1212.8</ele>
      </trkpt>
      <trkpt lat="50.081938641108145" lon="-122.96823268506226">
        <ele>1212.8</ele>
      </trkpt>
      <trkpt lat="50.08192995707943" lon="-122.96823649264398">
        <ele>1212.8</ele>
      </trkpt>
      <trkpt lat="50.081921071784" lon="-122.96823892370035">
        <ele>1212.8</ele>
      </trkpt>
      <trkpt lat="50.08191207482987" lon="-122.96823995371422">
        <ele>1212.8</ele>
      </trkpt>
      <trkpt lat="50.08190305695112" lon="-122.9682395722979">
        <ele>1212.8</ele>
      </trkpt>
      <trkpt lat="50.08189410909287" lon="-122.96823778329798">
        <ele>1212.8</ele>
      </trkpt>
      <trkpt lat="50.08188532149408" lon="-122.96823460475649">
        <ele>1212.8</ele>
      </trkpt>
      <trkpt lat="50.08186532149408" lon="-122.96830460470032">
        <ele>1212.8</ele>
      </trkpt>
      <trkpt lat="50.081862658703976" lon="-122.96830334927158">
        <ele>1212.8</ele>
      </trkpt>
      <trkpt lat="50.081860022136425" lon="-122.96830196594989">
        <ele>1212.8</ele>
      </trkpt>
      <trkpt lat="50.08185741432012" lon="-122.96830045606197">
        <ele>1212.8</ele>
      </trkpt>
      <trkpt lat="50.08185483775617" lon="-122.96829882105594">
        <ele>1212.8</ele>
      </trkpt>
      <trkpt lat="50.081852294915706" lon="-122.96829706249987">
        <ele>1212.8</ele>
      </trkpt>
      <trkpt lat="50.081849788237534" lon="-122.9682951820804">
        <ele>1212.8</ele>
      </trkpt>
      <trkpt lat="50.08184732012575" lon="-122.96829318160098">
        <ele>1212.8</ele>
      </trkpt>
      <trkpt lat="50.081844892947494" lon="-122.96829106298026">
        <ele>1212.8</ele>
      </trkpt>
      <trkpt lat="50.08184250903062" lon="-122.96828882825014">
        <ele>1212.8</ele>
      </trkpt>
      <trkpt lat="50.0818401706615" lon="-122.96828647955394">
        <ele>1212.8</ele>
      </trkpt>
      <trkpt lat="50.0818001706615" lon="-122.96834647945676">
        <ele>1212.8</ele>
      </trkpt>
      <trkpt lat="50.08180110396941" lon="-122.96834743607917">
        <ele>1212.8</ele>
      </trkpt>
      <trkpt lat="50.08180204483858" lon="-122.96834837454132">
        <ele>1212.8</ele>
      </trkpt>
      <trkpt lat="50.081802993123524" lon="-122.96834929469806">
        <ele>1212.8</ele>
      </trkpt>
      <trkpt lat="50.08180394867759" lon="-122.96835019640712">
        <ele>1212.8</ele>
      </trkpt>
      <trkpt lat="50.08180491135302" lon="-122.96835107952904">
        <ele>1212.8</ele>
      </trkpt>
      <trkpt lat="50.08180588100094" lon="-122.96835194392727">
        <ele>1212.8</ele>
      </trkpt>
      <trkpt lat="50.08180685747141" lon="-122.96835278946814">
        <ele>1212.8</ele>
      </trkpt>
      <trkpt lat="50.08180784061342" lon="-122.96835361602088">
        <ele>1212.8</ele>
      </trkpt>
      <trkpt lat="50.08180883027495" lon="-122.96835442345768">
        <ele>1212.8</ele>
      </trkpt>
      <trkpt lat="50.08180982630295" lon="-122.96835521165369">
        <ele>1212.8</ele>
      </trkpt>
      <trkpt lat="50.08182" lon="-122.96829">
        <ele>1212.8</ele>
      </trkpt>
      <trkpt lat="50.08178" lon="-122.96837">
        <ele>1208.0</ele>
      </trkpt>
      <trkpt lat="50.08169543128474" lon="-122.96856154584663">
        <ele>1208.0</ele>
      </trkpt>
      <trkpt lat="50.081694068690304" lon="-122.96856030760058">
        <ele>1208.0</ele>
      </trkpt>
      <trkpt lat="50.081692720257315" lon="-122.96855903226152">
        <ele>1208.0</ele>
      </trkpt>
      <trkpt lat="50.08169138640154" lon="-122.96855772022266">
        <ele>1208.0</ele>
      </trkpt>
      <trkpt lat="50.08169006753421" lon="-122.96855637188852">
        <ele>1208.0</ele>
      </trkpt>
      <trkpt lat="50.08168876406197" lon="-122.9685549876748">
        <ele>1208.0</ele>
      </trkpt>
      <trkpt lat="50.081687476386705" lon="-122.96855356800832">
        <ele>1208.0</ele>
      </trkpt>
      <trkpt lat="50.08168620490542" lon="-122.96855211332674">
        <ele>1208.0</ele>
      </trkpt>
      <trkpt lat="50.081684950010136" lon="-122.96855062407859">
        <ele>1208.0</ele>
      </trkpt>
      <trkpt lat="50.08168371208777" lon="-122.96854910072302">
        <ele>1208.0</ele>
      </trkpt>
      <trkpt lat="50.08168249151998" lon="-122.96854754372973">
        <ele>1208.0</ele>
      </trkpt>
      <trkpt lat="50.08169" lon="-122.9685">
        <ele>1208.0</ele>
      </trkpt>
      <trkpt lat="50.08156647980764" lon="-122.96865898804951">
        <ele>1214.6</ele>
      </trkpt>
      <trkpt lat="50.08156578081418" lon="-122.96865788663712">
        <ele>1214.6</ele>
      </trkpt>
      <trkpt lat="50.0815650896843" lon="-122.96865677323862">
        <ele>1214.6</ele>
      </trkpt>
      <trkpt lat="50.08156440650261" lon="-122.96865564799035">
        <ele>1214.6</ele>
      </trkpt>
      <trkpt lat="50.08156373135277" lon="-122.96865451103007">
        <ele>1214.6</ele>
      </trkpt>
      <trkpt lat="50.08156306431747" lon="-122.96865336249701">
        <ele>1214.6</ele>
      </trkpt>
      <trkpt lat="50.081562405478365" lon="-122.9686522025318">
        <ele>1214.6</ele>
      </trkpt>
      <trkpt lat="50.081561754916144" lon="-122.96865103127651">
        <ele>1214.6</ele>
      </trkpt>
      <trkpt lat="50.08156111271046" lon="-122.96864984887452">
        <ele>1214.6</ele>
      </trkpt>
      <trkpt lat="50.081560478939956" lon="-122.96864865547063">
        <ele>1214.6</ele>
      </trkpt>
      <trkpt lat="50.08155985368223" lon="-122.96864745121098">
        <ele>1214.6</ele>
      </trkpt>
      <trkpt lat="50.081509853682235" lon="-122.96868745111976">
        <ele>1214.6</ele>
      </trkpt>
      <trkpt lat="50.08151234503953" lon="-122.96869209472113">
        <ele>1214.6</ele>
      </trkpt>
      <trkpt lat="50.08151496287598" lon="-122.96869656615387">
        <ele>1214.6</ele>
      </trkpt>
      <trkpt lat="50.08151770229761" lon="-122.96870085705874">
        <ele>1214.6</ele>
      </trkpt>
      <trkpt lat="50.08152055818314" lon="-122.968704959414">
        <ele>1214.6</ele>
      </trkpt>
      <trkpt lat="50.08152352519359" lon="-122.96870886555041">
        <ele>1214.6</ele>
      </trkpt>
      <trkpt lat="50.08152659778218" lon="-122.96871256816557">
        <ele>1214.6</ele>
      </trkpt>
      <trkpt lat="50.08152977020481" lon="-122.96871606033751">
        <ele>1214.6</ele>
      </trkpt>
      <trkpt lat="50.081533036530715" lon="-122.96871933553773">
        <ele>1214.6</ele>
      </trkpt>
      <trkpt lat="50.081536390653575" lon="-122.96872238764333">
        <ele>1214.6</ele>
      </trkpt>
      <trkpt lat="50.08153982630296" lon="-122.96872521094845">
        <ele>1214.6</ele>
      </trkpt>
      <trkpt lat="50.081509826302955" lon="-122.9687852108701">
        <ele>1202.8</ele>
      </trkpt>
      <trkpt lat="50.081513593428895" lon="-122.96878797795802">
        <ele>1202.8</ele>
      </trkpt>
      <trkpt lat="50.081517438803694" lon="-122.96879046998215">
        <ele>1202.8</ele>
      </trkpt>
      <trkpt lat="50.08152135416247" lon="-122.96879268158638">
        <ele>1202.8</ele>
      </trkpt>
      <trkpt lat="50.081525331089914" lon="-122.96879460801726">
        <ele>1202.8</ele>
      </trkpt>
      <trkpt lat="50.0815293610384" lon="-122.96879624513434">
        <ele>1202.8</ele>
      </trkpt>
      <trkpt lat="50.08153343534632" lon="-122.96879758941893">
        <ele>1202.8</ele>
      </trkpt>
      <trkpt lat="50.08153754525676" lon="-122.96879863798176">
        <ele>1202.8</ele>
      </trkpt>
      <trkpt lat="50.081541681936244" lon="-122.96879938856915">
        <ele>1202.8</ele>
      </trkpt>
      <trkpt lat="50.081545836493795" lon="-122.96879983956785">
        <ele>1202.8</ele>
      </trkpt>
      <trkpt lat="50.08155" lon="-122.96879999000853">
        <ele>1202.8</ele>
      </trkpt>
      <trkpt lat="50.08155" lon="-122.96885999000854">
        <ele>1202.8</ele>
      </trkpt>
      <trkpt lat="50.08155577665365" lon="-122.96885970026365">
        <ele>1202.8</ele>
      </trkpt>
      <trkpt lat="50.0815615293948" lon="-122.9688588322284">
        <ele>1202.8</ele>
      </trkpt>
      <trkpt lat="50.081567234409924" lon="-122.96885738949604">
        <ele>1202.8</ele>
      </trkpt>
      <trkpt lat="50.08157286808307" lon="-122.96885537803875">
        <ele>1202.8</ele>
      </trkpt>
      <trkpt lat="50.08157840709361" lon="-122.968852806183">
        <ele>1202.8</ele>
      </trkpt>
      <trkpt lat="50.08158382851275" lon="-122.96884968457496">
        <ele>1202.8</ele>
      </trkpt>
      <trkpt lat="50.081589109898495" lon="-122.9688460261366">
        <ele>1202.8</ele>
      </trkpt>
      <trkpt lat="50.0815942293885" lon="-122.96884184601204">
        <ele>1202.8</ele>
      </trkpt>
      <trkpt lat="50.08159916579059" lon="-122.96883716150492">
        <ele>1202.8</ele>
      </trkpt>
      <trkpt lat="50.0816038986705" lon="-122.96883199200683">
        <ele>1202.8</ele>
      </trkpt>
      <trkpt lat="50.0816338986705" lon="-122.96887199207691">
        <ele>1202.8</ele>
      </trkpt>
      <trkpt lat="50.08163569626783" lon="-122.96886983528215">
        <ele>1202.8</ele>
      </trkpt>
      <trkpt lat="50.08163745834193" lon="-122.96886760843414">
        <ele>1202.8</ele>
      </trkpt>
      <trkpt lat="50.08163918376894" lon="-122.96886531295318">
        <ele>1202.8</ele>
      </trkpt>
      <trkpt lat="50.081640871448386" lon="-122.96886295030333">
        <ele>1202.8</ele>
      </trkpt>
      <trkpt lat="50.08164252030385" lon="-122.9688605219915">
        <ele>1202.8</ele>
      </trkpt>
      <trkpt lat="50.081644129283696" lon="-122.96885802956648">
        <ele>1202.8</ele>
      </trkpt>
      <trkpt lat="50.081645697361715" lon="-122.96885547461792">
        <ele>1202.8</ele>
      </trkpt>
      <trkpt lat="50.08164722353777" lon="-122.96885285877539">
        <ele>1202.8</ele>
      </trkpt>
      <trkpt lat="50.08164870683848" lon="-122.96885018370729">
        <ele>1202.8</ele>
      </trkpt>
      <trkpt lat="50.08165014631777" lon="-122.96884745111977">
        <ele>1202.8</ele>
      </trkpt>
      <trkpt lat="50.081700146317765" lon="-122.96888745121099">
        <ele>1202.8</ele>
      </trkpt>
      <trkpt lat="50.08170560731207" lon="-122.96887559569485">
        <ele>1202.8</ele>
      </trkpt>
      <trkpt lat="50.081710246626805" lon="-122.96886291862542">
        <ele>1202.8</ele>
      </trkpt>
      <trkpt lat="50.081714013843175" lon="-122.96884955777361">
        <ele>1202.8</ele>
      </trkpt>
      <trkpt lat="50.081716868020116" lon="-122.96883565834148">
        <ele>1202.8</ele>
      </trkpt>
      <trkpt lat="50.081718778139205" lon="-122.96882137138425">
        <ele>1202.8</ele>
      </trkpt>
      <trkpt lat="50.08171972344179" lon="-122.96880685216868">
        <ele>1202.8</ele>
      </trkpt>
      <trkpt lat="50.081719693654584" lon="-122.96879225848562">
        <ele>1202.8</ele>
      </trkpt>
      <trkpt lat="50.08171868910131" lon="-122.96877774893521">
        <ele>1202.8</ele>
      </trkpt>
      <trkpt lat="50.08171672069916" lon="-122.96876348120328">
        <ele>1202.8</ele>
      </trkpt>
      <trkpt lat="50.08171380984022" lon="-122.96874961034764">
        <ele>1202.8</ele>
      </trkpt>
      <trkpt lat="50.08170998815888" lon="-122.96873628711293">
        <ele>1202.8</ele>
      </trkpt>
      <trkpt lat="50.08170529718814" lon="-122.96872365629244">
        <ele>1202.8</ele>
      </trkpt>
      <trkpt lat="50.08169978790818" lon="-122.96871185515444">
        <ele>1202.8</ele>
      </trkpt>
      <trkpt lat="50.081693520192346" lon="-122.96870101195049">
        <ele>1202.8</ele>
      </trkpt>
      <trkpt lat="50.08173352019235" lon="-122.9686610118679">
        <ele>1201.3</ele>
      </trkpt>
      <trkpt lat="50.0817347615964" lon="-122.96866298500751">
        <ele>1201.3</ele>
      </trkpt>
      <trkpt lat="50.081735977766904" lon="-122.9686649959478">
        <ele>1201.3</ele>
      </trkpt>
      <trkpt lat="50.08173716823" lon="-122.96866704390524">
        <ele>1201.3</ele>
      </trkpt>
      <trkpt lat="50.08173833252184" lon="-122.96866912808184">
        <ele>1201.3</ele>
      </trkpt>
      <trkpt lat="50.08173947018877" lon="-122.96867124766554">
        <ele>1201.3</ele>
      </trkpt>
      <trkpt lat="50.08174058078752" lon="-122.96867340183047">
        <ele>1201.3</ele>
      </trkpt>
      <trkpt lat="50.08174166388535" lon="-122.96867558973729">
        <ele>1201.3</ele>
      </trkpt>
      <trkpt lat="50.08174271906025" lon="-122.96867781053349">
        <ele>1201.3</ele>
      </trkpt>
      <trkpt lat="50.081743745901086" lon="-122.9686800633538">
        <ele>1201.3</ele>
      </trkpt>
      <trkpt lat="50.08174474400776" lon="-122.96868234732042">
        <ele>1201.3</ele>
      </trkpt>
      <trkpt lat="50.081804744007755" lon="-122.96864234722322">
        <ele>1201.3</ele>
      </trkpt>
      <trkpt lat="50.08180576178371" lon="-122.9686447806645">
        <ele>1201.3</ele>
      </trkpt>
      <trkpt lat="50.081806746941844" lon="-122.96864724649006">
        <ele>1201.3</ele>
      </trkpt>
      <trkpt lat="50.08180769905801" lon="-122.9686497436383">
        <ele>1201.3</ele>
      </trkpt>
      <trkpt lat="50.08180861772229" lon="-122.96865227103409">
        <ele>1201.3</ele>
      </trkpt>
      <trkpt lat="50.08180950253917" lon="-122.96865482758933">
        <ele>1201.3</ele>
      </trkpt>
      <trkpt lat="50.081810353127715" lon="-122.96865741220334">
        <ele>1201.3</ele>
      </trkpt>
      <trkpt lat="50.081811169121714" lon="-122.96866002376336">
        <ele>1201.3</ele>
      </trkpt>
      <trkpt lat="50.08181195016986" lon="-122.96866266114505">
        <ele>1201.3</ele>
      </trkpt>
      <trkpt lat="50.08181269593588" lon="-122.96866532321289">
        <ele>1201.3</ele>
      </trkpt>
      <trkpt lat="50.08181340609871" lon="-122.96866800882083">
        <ele>1201.3</ele>
      </trkpt>
      <trkpt lat="50.08186340609871" lon="-122.96864800876659">
        <ele>1201.3</ele>
      </trkpt>
      <trkpt lat="50.08186554149365" lon="-122.96865725721548">
        <ele>1201.3</ele>
      </trkpt>
      <trkpt lat="50.081867255201395" lon="-122.96866671637012">
        <ele>1201.3</ele>
      </trkpt>
      <trkpt lat="50.08186853877402" lon="-122.96867633960048">
        <ele>1201.3</ele>
      </trkpt>
      <trkpt lat="50.081869385884" lon="-122.96868607946764">
        <ele>1201.3</ele>
      </trkpt>
      <trkpt lat="50.08186979235539" lon="-122.96869588795775">
        <ele>1201.3</ele>
      </trkpt>
      <trkpt lat="50.08186975618446" lon="-122.96870571671869">
        <ele>1201.3</ele>
      </trkpt>
      <trkpt lat="50.0818692775495" lon="-122.96871551729835">
        <ele>1201.3</ele>
      </trkpt>
      <trkpt lat="50.08186835881001" lon="-122.96872524138362">
        <ele>1201.3</ele>
      </trkpt>
      <trkpt lat="50.08186700449503" lon="-122.96873484103841">
        <ele>1201.3</ele>
      </trkpt>
      <trkpt lat="50.081865221280815" lon="-122.96874426894007">
        <ele>1201.3</ele>
      </trkpt>
      <trkpt lat="50.08192522128081" lon="-122.96876426899549">
        <ele>1201.3</ele>
      </trkpt>
      <trkpt lat="50.08192457978146" lon="-122.968767162257">
        <ele>1201.3</ele>
      </trkpt>
      <trkpt lat="50.08192389784095" lon="-122.96877003296824">
        <ele>1201.3</ele>
      </trkpt>
      <trkpt lat="50.08192317578536" lon="-122.96877287975663">
        <ele>1201.3</ele>
      </trkpt>
      <trkpt lat="50.08192241395994" lon="-122.96877570126097">
        <ele>1201.3</ele>
      </trkpt>
      <trkpt lat="50.081921612728934" lon="-122.9687784961322">
        <ele>1201.3</ele>
      </trkpt>
      <trkpt lat="50.081920772475456" lon="-122.96878126303399">
        <ele>1201.3</ele>
      </trkpt>
      <trkpt lat="50.08191989360126" lon="-122.96878400064332">
        <ele>1201.3</ele>
      </trkpt>
      <trkpt lat="50.08191897652657" lon="-122.96878670765128">
        <ele>1201.3</ele>
      </trkpt>
      <trkpt lat="50.081918021689894" lon="-122.9687893827635">
        <ele>1201.3</ele>
      </trkpt>
      <trkpt lat="50.08191702954777" lon="-122.9687920247009">
        <ele>1201.3</ele>
      </trkpt>
      <trkpt lat="50.08196702954777" lon="-122.96882202477602">
        <ele>1201.3</ele>
      </trkpt>
      <trkpt lat="50.081968021689896" lon="-122.96881938283586">
        <ele>1201.3</ele>
      </trkpt>
      <trkpt lat="50.081968976526575" lon="-122.96881670772085">
        <ele>1201.3</ele>
      </trkpt>
      <trkpt lat="50.08196989360126" lon="-122.96881400071008">
        <ele>1201.3</ele>
      </trkpt>
      <trkpt lat="50.08197077247546" lon="-122.96881126309788">
        <ele>1201.3</ele>
      </trkpt>
      <trkpt lat="50.081971612728935" lon="-122.96880849619322">
        <ele>1201.3</ele>
      </trkpt>
      <trkpt lat="50.08197241395994" lon="-122.96880570131907">
        <ele>1201.3</ele>
      </trkpt>
      <trkpt lat="50.081973175785365" lon="-122.96880287981178">
        <ele>1201.3</ele>
      </trkpt>
      <trkpt lat="50.08197389784095" lon="-122.96880003302041">
        <ele>1201.3</ele>
      </trkpt>
      <trkpt lat="50.08197457978146" lon="-122.96879716230617">
        <ele>1201.3</ele>
      </trkpt>
      <trkpt lat="50.081975221280814" lon="-122.96879426904165">
        <ele>1201.3</ele>
      </trkpt>
      <trkpt lat="50.08203522128081" lon="-122.96881426909707">
        <ele>1196.0</ele>
      </trkpt>
      <trkpt lat="50.08203609101474" lon="-122.96880997383988">
        <ele>1196.0</ele>
      </trkpt>
      <trkpt lat="50.082036871632006" lon="-122.96880563720399">
        <ele>1196.0</ele>
      </trkpt>
      <trkpt lat="50.08203756232454" lon="-122.96880126367842">
        <ele>1196.0</ele>
      </trkpt>
      <trkpt lat="50.08203816237738" lon="-122.9687968577904">
        <ele>1196.0</ele>
      </trkpt>
      <trkpt lat="50.082038671169386" lon="-122.96879242410068">
        <ele>1196.0</ele>
      </trkpt>
      <trkpt lat="50.082039088173886" lon="-122.96878796719878">
        <ele>1196.0</ele>
      </trkpt>
      <trkpt lat="50.08203941295922" lon="-122.96878349169822">
        <ele>1196.0</ele>
      </trkpt>
      <trkpt lat="50.082039645189184" lon="-122.9687790022318">
        <ele>1196.0</ele>
      </trkpt>
      <trkpt lat="50.08203978462339" lon="-122.96877450344677">
        <ele>1196.0</ele>
      </trkpt>
      <trkpt lat="50.0820398311175" lon="-122.96877">
        <ele>1196.0</ele>
      </trkpt>
      <trkpt lat="50.0820798311175" lon="-122.96877">
        <ele>1196.0</ele>
      </trkpt>
      <trkpt lat="50.0820797660943" lon="-122.96876467452732">
        <ele>1196.0</ele>
      </trkpt>
      <trkpt lat="50.08207957111886" lon="-122.96875935676418">
        <ele>1196.0</ele>
      </trkpt>
      <trkpt lat="50.08207924647343" lon="-122.96875405440902">
        <ele>1196.0</ele>
      </trkpt>
      <trkpt lat="50.08207879262798" lon="-122.9687487751379">
        <ele>1196.0</ele>
      </trkpt>
      <trkpt lat="50.08207821023955" lon="-122.96874352659351">
        <ele>1196.0</ele>
      </trkpt>
      <trkpt lat="50.08207750015124" lon="-122.96873831637406">
        <ele>1196.0</ele>
      </trkpt>
      <trkpt lat="50.082076663391035" lon="-122.96873315202222">
        <ele>1196.0</ele>
      </trkpt>
      <trkpt lat="50.08207570117029" lon="-122.96872804101434">
        <ele>1196.0</ele>
      </trkpt>
      <trkpt lat="50.08207461488198" lon="-122.9687229907495">
        <ele>1196.0</ele>
      </trkpt>
      <trkpt lat="50.08207340609871" lon="-122.96871800853884">
        <ele>1196.0</ele>
      </trkpt>
      <trkpt lat="50.08212340609871" lon="-122.96869800848461">
        <ele>1196.0</ele>
      </trkpt>
      <trkpt lat="50.08212249994251" lon="-122.96869460848424">
        <ele>1196.0</ele>
      </trkpt>
      <trkpt lat="50.08212153672749" lon="-122.9686912467939">
        <ele>1196.0</ele>
      </trkpt>
      <trkpt lat="50.08212051711985" lon="-122.96868792573858">
        <ele>1196.0</ele>
      </trkpt>
      <trkpt lat="50.08211944182476" lon="-122.96868464761522">
        <ele>1196.0</ele>
      </trkpt>
      <trkpt lat="50.08211831158593" lon="-122.96868141469103">
        <ele>1196.0</ele>
      </trkpt>
      <trkpt lat="50.08211712718504" lon="-122.96867822920198">
        <ele>1196.0</ele>
      </trkpt>
      <trkpt lat="50.08211588944127" lon="-122.96867509335122">
        <ele>1196.0</ele>
      </trkpt>
      <trkpt lat="50.082114599210655" lon="-122.96867200930758">
        <ele>1196.0</ele>
      </trkpt>
      <trkpt lat="50.08211325738555" lon="-122.96866897920405">
        <ele>1196.0</ele>
      </trkpt>
      <trkpt lat="50.082111864894" lon="-122.96866600513633">
        <ele>1196.0</ele>
      </trkpt>
      <trkpt lat="50.082151864894" lon="-122.96863600506624">
        <ele>1196.0</ele>
      </trkpt>
      <trkpt lat="50.08215109287861" lon="-122.96863442442437">
        <ele>1196.0</ele>
      </trkpt>
      <trkpt lat="50.08215030654907" lon="-122.96863286101265">
        <ele>1196.0</ele>
      </trkpt>
      <trkpt lat="50.0821495060637" lon="-122.96863131514587">
        <ele>1196.0</ele>
      </trkpt>
      <trkpt lat="50.08214869158368" lon="-122.9686297871353">
        <ele>1196.0</ele>
      </trkpt>
      <trkpt lat="50.082147863273" lon="-122.96862827728856">
        <ele>1196.0</ele>
      </trkpt>
      <trkpt lat="50.082147021298425" lon="-122.96862678590969">
        <ele>1196.0</ele>
      </trkpt>
      <trkpt lat="50.08214616582949" lon="-122.96862531329894">
        <ele>1196.0</ele>
      </trkpt>
      <trkpt lat="50.082145297038444" lon="-122.96862385975282">
        <ele>1196.0</ele>
      </trkpt>
      <trkpt lat="50.0821444151002" lon="-122.96862242556402">
        <ele>1196.0</ele>
      </trkpt>
      <trkpt lat="50.082143520192346" lon="-122.96862101102127">
        <ele>1196.0</ele>
      </trkpt>
      <trkpt lat="50.08218352019235" lon="-122.96858101093866">
        <ele>1196.0</ele>
      </trkpt>
      <trkpt lat="50.082185057086164" lon="-122.96858346541933">
        <ele>1196.0</ele>
      </trkpt>
      <trkpt lat="50.08218655493821" lon="-122.96858597783189">
        <ele>1196.0</ele>
      </trkpt>
      <trkpt lat="50.08218801284961" lon="-122.96858854666861">
        <ele>1196.0</ele>
      </trkpt>
      <trkpt lat="50.08218942994546" lon="-122.96859117038788">
        <ele>1196.0</ele>
      </trkpt>
      <trkpt lat="50.08219080537532" lon="-122.96859384741516">
        <ele>1196.0</ele>
      </trkpt>
      <trkpt lat="50.08219213831378" lon="-122.96859657614395">
        <ele>1196.0</ele>
      </trkpt>
      <trkpt lat="50.082193427960924" lon="-122.96859935493669">
        <ele>1196.0</ele>
      </trkpt>
      <trkpt lat="50.082194673542816" lon="-122.96860218212576">
        <ele>1196.0</ele>
      </trkpt>
      <trkpt lat="50.08219587431196" lon="-122.96860505601455">
        <ele>1196.0</ele>
      </trkpt>
      <trkpt lat="50.08219702954776" lon="-122.96860797487838">
        <ele>1196.0</ele>
      </trkpt>
      <trkpt lat="50.08217" lon="-122.96865">
        <ele>1196.0</ele>
      </trkpt>
      <trkpt lat="50.08229702954777" lon="-122.96854797472817">
        <ele>1196.0</ele>
      </trkpt>
      <trkpt lat="50.082295337518794" lon="-122.96854375204234">
        <ele>1196.0</ele>
      </trkpt>
      <trkpt lat="50.08229355021531" lon="-122.96853962578238">
        <ele>1196.0</ele>
      </trkpt>
      <trkpt lat="50.082291669897614" lon="-122.96853560116651">
        <ele>1196.0</ele>
      </trkpt>
      <trkpt lat="50.082289698943626" lon="-122.96853168328441">
        <ele>1196.0</ele>
      </trkpt>
      <trkpt lat="50.082287639845866" lon="-122.96852787709076">
        <ele>1196.0</ele>
      </trkpt>
      <trkpt lat="50.08228549520837" lon="-122.96852418739903">
        <ele>1196.0</ele>
      </trkpt>
      <trkpt lat="50.08228326774329" lon="-122.9685206188753">
        <ele>1196.0</ele>
      </trkpt>
      <trkpt lat="50.08228096026758" lon="-122.96851717603248">
        <ele>1196.0</ele>
      </trkpt>
      <trkpt lat="50.082278575699355" lon="-122.9685138632245">
        <ele>1196.0</ele>
      </trkpt>
      <trkpt lat="50.082276117054214" lon="-122.96851068464086">
        <ele>1196.0</ele>
      </trkpt>
      <trkpt lat="50.08231611705421" lon="-122.96846068454964">
        <ele>1196.3</ele>
      </trkpt>
      <trkpt lat="50.082313292800364" lon="-122.96845730437707">
        <ele>1196.3</ele>
      </trkpt>
      <trkpt lat="50.082310384799484" lon="-122.96845410130015">
        <ele>1196.3</ele>
      </trkpt>
      <trkpt lat="50.08230739762136" lon="-122.96845108035238">
        <ele>1196.3</ele>
      </trkpt>
      <trkpt lat="50.082304335960195" lon="-122.968448246281">
        <ele>1196.3</ele>
      </trkpt>
      <trkpt lat="50.082301204627235" lon="-122.96844560353965">
        <ele>1196.3</ele>
      </trkpt>
      <trkpt lat="50.08229800854322" lon="-122.96844315628124">
        <ele>1196.3</ele>
      </trkpt>
      <trkpt lat="50.08229475273063" lon="-122.96844090835154">
        <ele>1196.3</ele>
      </trkpt>
      <trkpt lat="50.08229144230584" lon="-122.96843886328304">
        <ele>1196.3</ele>
      </trkpt>
      <trkpt lat="50.082288082470996" lon="-122.96843702428947">
        <ele>1196.3</ele>
      </trkpt>
      <trkpt lat="50.08228467850592" lon="-122.96843539426074">
        <ele>1196.3</ele>
      </trkpt>
      <trkpt lat="50.08230467850592" lon="-122.96836539420458">
        <ele>1196.3</ele>
      </trkpt>
      <trkpt lat="50.082303227098286" lon="-122.96836476841646">
        <ele>1196.3</ele>
      </trkpt>
      <trkpt lat="50.08230176916307" lon="-122.96836418063292">
        <ele>1196.3</ele>
      </trkpt>
      <trkpt lat="50.082300305109996" lon="-122.96836363101913">
        <ele>1196.3</ele>
      </trkpt>
      <trkpt lat="50.08229883535051" lon="-122.96836311972957">
        <ele>1196.3</ele>
      </trkpt>
      <trkpt lat="50.08229736029765" lon="-122.96836264690792">
        <ele>1196.3</ele>
      </trkpt>
      <trkpt lat="50.08229588036598" lon="-122.96836221268707">
        <ele>1196.3</ele>
      </trkpt>
      <trkpt lat="50.0822943959714" lon="-122.96836181718903">
        <ele>1196.3</ele>
      </trkpt>
      <trkpt lat="50.08229290753107" lon="-122.96836146052496">
        <ele>1196.3</ele>
      </trkpt>
      <trkpt lat="50.082291415463295" lon="-122.9683611427951">
        <ele>1196.3</ele>
      </trkpt>
      <trkpt lat="50.08228992018739" lon="-122.96836086408874">
        <ele>1196.3</ele>
      </trkpt>
      <trkpt lat="50.08229" lon="-122.96841">
        <ele>1196.3</ele>
      </trkpt>
      <trkpt lat="50.08231270403846" lon="-122.96820141479373">
        <ele>1196.3</ele>
      </trkpt>
      <trkpt lat="50.08231482213221" lon="-122.9682019265944">
        <ele>1196.3</ele>
      </trkpt>
      <trkpt lat="50.082316931787474" lon="-122.96820251700261">
        <ele>1196.3</ele>
      </trkpt>
      <trkpt lat="50.08231903180317" lon="-122.96820318568226">
        <ele>1196.3</ele>
      </trkpt>
      <trkpt lat="50.08232112098375" lon="-122.9682039322526">
        <ele>1196.3</ele>
      </trkpt>
      <trkpt lat="50.08232319813979" lon="-122.96820475628867">
        <ele>1196.3</ele>
      </trkpt>
      <trkpt lat="50.08232526208873" lon="-122.96820565732128">
        <ele>1196.3</ele>
      </trkpt>
      <trkpt lat="50.08232731165553" lon="-122.96820663483746">
        <ele>1196.3</ele>
      </trkpt>
      <trkpt lat="50.08232934567334" lon="-122.96820768828071">
        <ele>1196.3</ele>
      </trkpt>
      <trkpt lat="50.082331362984156" lon="-122.96820881705129">
        <ele>1196.3</ele>
      </trkpt>
      <trkpt lat="50.08233336243949" lon="-122.96821002050656">
        <ele>1196.3</ele>
      </trkpt>
      <trkpt lat="50.0823533624395" lon="-122.96816002045233">
        <ele>1200.6</ele>
      </trkpt>
      <trkpt lat="50.08235554418599" lon="-122.96816143260054">
        <ele>1200.6</ele>
      </trkpt>
      <trkpt lat="50.08235770134932" lon="-122.96816293366885">
        <ele>1200.6</ele>
      </trkpt>
      <trkpt lat="50.08235983243756" lon="-122.96816452261909">
        <ele>1200.6</ele>
      </trkpt>
      <trkpt lat="50.08236193597679" lon="-122.9681661983523">
        <ele>1200.6</ele>
      </trkpt>
      <trkpt lat="50.082364010512165" lon="-122.9681679597095">
        <ele>1200.6</ele>
      </trkpt>
      <trkpt lat="50.082366054608876" lon="-122.9681698054725">
        <ele>1200.6</ele>
      </trkpt>
      <trkpt lat="50.082368066853185" lon="-122.96817173436473">
        <ele>1200.6</ele>
      </trkpt>
      <trkpt lat="50.08237004585339" lon="-122.96817374505213">
        <ele>1200.6</ele>
      </trkpt>
      <trkpt lat="50.08237199024075" lon="-122.96817583614406">
        <ele>1200.6</ele>
      </trkpt>
      <trkpt lat="50.0823738986705" lon="-122.96817800619426">
        <ele>1200.6</ele>
      </trkpt>
      <trkpt lat="50.08240389867049" lon="-122.96813800612418">
        <ele>1200.6</ele>
      </trkpt>
      <trkpt lat="50.08241123706844" lon="-122.96814757597903">
        <ele>1200.6</ele>
      </trkpt>
      <trkpt lat="50.082417880640286" lon="-122.96815830798755">
        <ele>1200.6</ele>
      </trkpt>
      <trkpt lat="50.082423754004765" lon="-122.96817008037905">
        <ele>1200.6</ele>
      </trkpt>
      <trkpt lat="50.08242879051978" lon="-122.96818275957816">
        <ele>1200.6</ele>
      </trkpt>
      <trkpt lat="50.082432933038525" lon="-122.96819620172039">
        <ele>1200.6</ele>
      </trkpt>
      <trkpt lat="50.08243613455795" lon="-122.96821025428456">
        <ele>1200.6</ele>
      </trkpt>
      <trkpt lat="50.08243835875202" lon="-122.96822475782328">
        <ele>1200.6</ele>
      </trkpt>
      <trkpt lat="50.082439580383934" lon="-122.96823954777226">
        <ele>1200.6</ele>
      </trkpt>
      <trkpt lat="50.082439785592435" lon="-122.96825445631737">
        <ele>1200.6</ele>
      </trkpt>
      <trkpt lat="50.08243897204915" lon="-122.96826931429891">
        <ele>1200.6</ele>
      </trkpt>
      <trkpt lat="50.082437148984916" lon="-122.96828395313085">
        <ele>1200.6</ele>
      </trkpt>
      <trkpt lat="50.082477148984914" lon="-122.96829395315918">
        <ele>1200.6</ele>
      </trkpt>
      <trkpt lat="50.08247584490293" lon="-122.96830123959826">
        <ele>1200.6</ele>
      </trkpt>
      <trkpt lat="50.082474290169145" lon="-122.96830840562507">
        <ele>1200.6</ele>
      </trkpt>
      <trkpt lat="50.082472489323095" lon="-122.96831543031608">
        <ele>1200.6</ele>
      </trkpt>
      <trkpt lat="50.08247044762294" lon="-122.96832229316047">
        <ele>1200.6</ele>
      </trkpt>
      <trkpt lat="50.082468171030065" lon="-122.96832897411993">
        <ele>1200.6</ele>
      </trkpt>
      <trkpt lat="50.08246566619174" lon="-122.96833545368726">
        <ele>1200.6</ele>
      </trkpt>
      <trkpt lat="50.082462940421614" lon="-122.96834171294329">
        <ele>1200.6</ele>
      </trkpt>
      <trkpt lat="50.08246000167848" lon="-122.96834773361209">
        <ele>1200.6</ele>
      </trkpt>
      <trkpt lat="50.08245685854292" lon="-122.9683534981144">
        <ele>1200.6</ele>
      </trkpt>
      <trkpt lat="50.082453520192345" lon="-122.96835898961889">
        <ele>1200.6</ele>
      </trkpt>
      <trkpt lat="50.08249352019235" lon="-122.96839898970148">
        <ele>1200.6</ele>
      </trkpt>
      <trkpt lat="50.082492813420906" lon="-122.96840007901108">
        <ele>1200.6</ele>
      </trkpt>
      <trkpt lat="50.08249209895803" lon="-122.96840115606608">
        <ele>1200.6</ele>
      </trkpt>
      <trkpt lat="50.08249137689119" lon="-122.96840222073465">
        <ele>1200.6</ele>
      </trkpt>
      <trkpt lat="50.08249064730882" lon="-122.96840327288638">
        <ele>1200.6</ele>
      </trkpt>
      <trkpt lat="50.082489910300254" lon="-122.96840431239245">
        <ele>1200.6</ele>
      </trkpt>
      <trkpt lat="50.08248916595573" lon="-122.96840533912558">
        <ele>1200.6</ele>
      </trkpt>
      <trkpt lat="50.082488414366395" lon="-122.96840635296006">
        <ele>1200.6</ele>
      </trkpt>
      <trkpt lat="50.082487655624284" lon="-122.96840735377171">
        <ele>1200.6</ele>
      </trkpt>
      <trkpt lat="50.0824868898223" lon="-122.96840834143802">
        <ele>1200.6</ele>
      </trkpt>
      <trkpt lat="50.082486117054216" lon="-122.96840931583803">
        <ele>1200.6</ele>
      </trkpt>
      <trkpt lat="50.082526117054215" lon="-122.96845931592924">
        <ele>1196.3</ele>
      </trkpt>
      <trkpt lat="50.0825268898223" lon="-122.96845834152842">
        <ele>1196.3</ele>
      </trkpt>
      <trkpt lat="50.08252765562428" lon="-122.9684573538613">
        <ele>1196.3</ele>
      </trkpt>
      <trkpt lat="50.082528414366394" lon="-122.96845635304881">
        <ele>1196.3</ele>
      </trkpt>
      <trkpt lat="50.08252916595573" lon="-122.96845533921349">
        <ele>1196.3</ele>
      </trkpt>
      <trkpt lat="50.082529910300245" lon="-122.96845431247951">
        <ele>1196.3</ele>
      </trkpt>
      <trkpt lat="50.082530647308815" lon="-122.96845327297255">
        <ele>1196.3</ele>
      </trkpt>
      <trkpt lat="50.08253137689119" lon="-122.96845222081994">
        <ele>1196.3</ele>
      </trkpt>
      <trkpt lat="50.08253209895802" lon="-122.96845115615051">
        <ele>1196.3</ele>
      </trkpt>
      <trkpt lat="50.082532813420904" lon="-122.9684500790946">
        <ele>1196.3</ele>
      </trkpt>
      <trkpt lat="50.08253352019235" lon="-122.9684489897841">
        <ele>1196.3</ele>
      </trkpt>
      <trkpt lat="50.08258352019235" lon="-122.96849898988735">
        <ele>1189.1</ele>
      </trkpt>
      <trkpt lat="50.08258441510021" lon="-122.96849757533161">
        <ele>1189.1</ele>
      </trkpt>
      <trkpt lat="50.08258529703845" lon="-122.96849614112963">
        <ele>1189.1</ele>
      </trkpt>
      <trkpt lat="50.0825861658295" lon="-122.96849468757019">
        <ele>1189.1</ele>
      </trkpt>
      <trkpt lat="50.08258702129843" lon="-122.96849321494592">
        <ele>1189.1</ele>
      </trkpt>
      <trkpt lat="50.082587863273" lon="-122.96849172355336">
        <ele>1189.1</ele>
      </trkpt>
      <trkpt lat="50.08258869158369" lon="-122.96849021369276">
        <ele>1189.1</ele>
      </trkpt>
      <trkpt lat="50.082589506063705" lon="-122.96848868566816">
        <ele>1189.1</ele>
      </trkpt>
      <trkpt lat="50.08259030654907" lon="-122.96848713978719">
        <ele>1189.1</ele>
      </trkpt>
      <trkpt lat="50.082591092878616" lon="-122.96848557636112">
        <ele>1189.1</ele>
      </trkpt>
      <trkpt lat="50.082591864894006" lon="-122.96848399570473">
        <ele>1189.1</ele>
      </trkpt>
      <trkpt lat="50.082631864894005" lon="-122.96851399577481">
        <ele>1189.1</ele>
      </trkpt>
      <trkpt lat="50.08263313038754" lon="-122.96851129982828">
        <ele>1189.1</ele>
      </trkpt>
      <trkpt lat="50.0826343542467" lon="-122.96850855759637">
        <ele>1189.1</ele>
      </trkpt>
      <trkpt lat="50.08263553577471" lon="-122.96850577064026">
        <ele>1189.1</ele>
      </trkpt>
      <trkpt lat="50.082636674298925" lon="-122.96850294054666">
        <ele>1189.1</ele>
      </trkpt>
      <trkpt lat="50.08263776917114" lon="-122.96850006892673">
        <ele>1189.1</ele>
      </trkpt>
      <trkpt lat="50.08263881976805" lon="-122.96849715741538">
        <ele>1189.1</ele>
      </trkpt>
      <trkpt lat="50.08263982549152" lon="-122.96849420767016">
        <ele>1189.1</ele>
      </trkpt>
      <trkpt lat="50.082640785768966" lon="-122.96849122137043">
        <ele>1189.1</ele>
      </trkpt>
      <trkpt lat="50.0826417000537" lon="-122.96848820021631">
        <ele>1189.1</ele>
      </trkpt>
      <trkpt lat="50.0826425678252" lon="-122.96848514592783">
        <ele>1189.1</ele>
      </trkpt>
      <trkpt lat="50.0827125678252" lon="-122.96851514600836">
        <ele>1189.1</ele>
      </trkpt>
      <trkpt lat="50.082713469803736" lon="-122.96851174326942">
        <ele>1189.1</ele>
      </trkpt>
      <trkpt lat="50.082714314052694" lon="-122.96850830474366">
        <ele>1189.1</ele>
      </trkpt>
      <trkpt lat="50.08271509998816" lon="-122.96850483280927">
        <ele>1189.1</ele>
      </trkpt>
      <trkpt lat="50.082715827066565" lon="-122.96850132986751">
        <ele>1189.1</ele>
      </trkpt>
      <trkpt lat="50.082716494785046" lon="-122.96849779834109">
        <ele>1189.1</ele>
      </trkpt>
      <trkpt lat="50.0827171026818" lon="-122.96849424067247">
        <ele>1189.1</ele>
      </trkpt>
      <trkpt lat="50.08271765033638" lon="-122.96849065932226">
        <ele>1189.1</ele>
      </trkpt>
      <trkpt lat="50.08271813737002" lon="-122.96848705676734">
        <ele>1189.1</ele>
      </trkpt>
      <trkpt lat="50.08271856344589" lon="-122.96848343549938">
        <ele>1189.1</ele>
      </trkpt>
      <trkpt lat="50.08271892826929" lon="-122.9684797980229">
        <ele>1189.1</ele>
      </trkpt>
      <trkpt lat="50.08278892826929" lon="-122.96848979805182">
        <ele>1189.1</ele>
      </trkpt>
      <trkpt lat="50.08278927636388" lon="-122.9684855341535">
        <ele>1189.1</ele>
      </trkpt>
      <trkpt lat="50.08278954029794" lon="-122.9684812556112">
        <ele>1189.1</ele>
      </trkpt>
      <trkpt lat="50.08278971982265" lon="-122.96847696645825">
        <ele>1189.1</ele>
      </trkpt>
      <trkpt lat="50.08278981476877" lon="-122.96847267073807">
        <ele>1189.1</ele>
      </trkpt>
      <trkpt lat="50.08278982504681" lon="-122.96846837250018">
        <ele>1189.1</ele>
      </trkpt>
      <trkpt lat="50.08278975064706" lon="-122.96846407579653">
        <ele>1189.1</ele>
      </trkpt>
      <trkpt lat="50.082789591639674" lon="-122.9684597846776">
        <ele>1189.1</ele>
      </trkpt>
      <trkpt lat="50.082789348174536" lon="-122.96845550318864">
        <ele>1189.1</ele>
      </trkpt>
      <trkpt lat="50.082789020481165" lon="-122.96845123536576">
        <ele>1189.1</ele>
      </trkpt>
      <trkpt lat="50.082788608868476" lon="-122.96844698523223">
        <ele>1189.1</ele>
      </trkpt>
      <trkpt lat="50.082848608868474" lon="-122.96843698520343">
        <ele>1189.1</ele>
      </trkpt>
      <trkpt lat="50.08284752307356" lon="-122.96842847000049">
        <ele>1189.1</ele>
      </trkpt>
      <trkpt lat="50.08284610067707" lon="-122.96842007605754">
        <ele>1189.1</ele>
      </trkpt>
      <trkpt lat="50.08284434714933" lon="-122.96841183565652">
        <ele>1189.1</ele>
      </trkpt>
      <trkpt lat="50.082842269234185" lon="-122.96840378048888">
        <ele>1189.1</ele>
      </trkpt>
      <trkpt lat="50.08283987492299" lon="-122.96839594153367">
        <ele>1189.1</ele>
      </trkpt>
      <trkpt lat="50.08283717342394" lon="-122.96838834893842">
        <ele>1189.1</ele>
      </trkpt>
      <trkpt lat="50.08283417512662" lon="-122.9683810319032">
        <ele>1189.1</ele>
      </trkpt>
      <trkpt lat="50.082830891562075" lon="-122.96837401856831">
        <ele>1189.1</ele>
      </trkpt>
      <trkpt lat="50.082827335358424" lon="-122.96836733590605">
        <ele>1189.1</ele>
      </trkpt>
      <trkpt lat="50.08282352019235" lon="-122.96836100961703">
        <ele>1189.1</ele>
      </trkpt>
      <trkpt lat="50.08286352019235" lon="-122.96832100953444">
        <ele>1182.2</ele>
      </trkpt>
      <trkpt lat="50.08286225403845" lon="-122.96831907491868">
        <ele>1182.2</ele>
      </trkpt>
      <trkpt lat="50.082860963628065" lon="-122.96831717962714">
        <ele>1182.2</ele>
      </trkpt>
      <trkpt lat="50.08285964946396" lon="-122.96831532439823">
        <ele>1182.2</ele>
      </trkpt>
      <trkpt lat="50.0828583120582" lon="-122.96831350995487">
        <ele>1182.2</ele>
      </trkpt>
      <trkpt lat="50.08285695193187" lon="-122.96831173700402">
        <ele>1182.2</ele>
      </trkpt>
      <trkpt lat="50.08285556961494" lon="-122.96831000623648">
        <ele>1182.2</ele>
      </trkpt>
      <trkpt lat="50.08285416564601" lon="-122.96830831832662">
        <ele>1182.2</ele>
      </trkpt>
      <trkpt lat="50.08285274057212" lon="-122.96830667393212">
        <ele>1182.2</ele>
      </trkpt>
      <trkpt lat="50.08285129494853" lon="-122.9683050736937">
        <ele>1182.2</ele>
      </trkpt>
      <trkpt lat="50.08284982933851" lon="-122.96830351823488">
        <ele>1182.2</ele>
      </trkpt>
      <trkpt lat="50.082889829338505" lon="-122.96824351813768">
        <ele>1182.2</ele>
      </trkpt>
      <trkpt lat="50.08289129494853" lon="-122.96824507359781">
        <ele>1182.2</ele>
      </trkpt>
      <trkpt lat="50.08289274057212" lon="-122.96824667383757">
        <ele>1182.2</ele>
      </trkpt>
      <trkpt lat="50.08289416564601" lon="-122.96824831823344">
        <ele>1182.2</ele>
      </trkpt>
      <trkpt lat="50.08289556961494" lon="-122.9682500061447">
        <ele>1182.2</ele>
      </trkpt>
      <trkpt lat="50.08289695193187" lon="-122.96825173691369">
        <ele>1182.2</ele>
      </trkpt>
      <trkpt lat="50.0828983120582" lon="-122.96825350986602">
        <ele>1182.2</ele>
      </trkpt>
      <trkpt lat="50.08289964946396" lon="-122.9682553243109">
        <ele>1182.2</ele>
      </trkpt>
      <trkpt lat="50.08290096362806" lon="-122.96825717954134">
        <ele>1182.2</ele>
      </trkpt>
      <trkpt lat="50.08290225403845" lon="-122.96825907483448">
        <ele>1182.2</ele>
      </trkpt>
      <trkpt lat="50.082903520192346" lon="-122.96826100945184">
        <ele>1182.2</ele>
      </trkpt>
      <trkpt lat="50.08296352019235" lon="-122.96820100932793">
        <ele>1186.5</ele>
      </trkpt>
      <trkpt lat="50.08296476159639" lon="-122.96820298251818">
        <ele>1186.5</ele>
      </trkpt>
      <trkpt lat="50.0829659777669" lon="-122.96820499351007">
        <ele>1186.5</ele>
      </trkpt>
      <trkpt lat="50.08296716822999" lon="-122.96820704152006">
        <ele>1186.5</ele>
      </trkpt>
      <trkpt lat="50.08296833252184" lon="-122.96820912575014">
        <ele>1186.5</ele>
      </trkpt>
      <trkpt lat="50.082969470188765" lon="-122.96821124538822">
        <ele>1186.5</ele>
      </trkpt>
      <trkpt lat="50.08297058078752" lon="-122.96821339960843">
        <ele>1186.5</ele>
      </trkpt>
      <trkpt lat="50.08297166388535" lon="-122.96821558757138">
        <ele>1186.5</ele>
      </trkpt>
      <trkpt lat="50.08297271906025" lon="-122.96821780842458">
        <ele>1186.5</ele>
      </trkpt>
      <trkpt lat="50.082973745901086" lon="-122.9682200613027">
        <ele>1186.5</ele>
      </trkpt>
      <trkpt lat="50.08297474400776" lon="-122.96822234532792">
        <ele>1186.5</ele>
      </trkpt>
      <trkpt lat="50.08296" lon="-122.96826">
        <ele>1186.5</ele>
      </trkpt>
    </trkseg>
  </trk>
</gpx>