<?xml version="1.0" encoding="UTF-8"?>
<gpx xmlns="http://www.topografix.com/GPX/1/1" xmlns:xsi="http://www.w3.org/2001/XMLSchema-instance" xsi:schemaLocation="http://www.topografix.com/GPX/1/1 http://www.topografix.com/GPX/1/1/gpx.xsd" version="1.1" creator="Trailforks.com">
  <metadata>
    <name>EZ Does It - Upper Trailforks Trail</name>
    <link href="https://www.trailforks.com/">
      <text>Trailforks</text>
    </link>
  </metadata>
  <trk>
    <name>
EZ Does It - Upper
</name>
    <trkseg>
      <trkpt lat="50.09715" lon="-122.95326">
        <ele>1024.9</ele>
      </trkpt>
      <trkpt lat="50.09703351612774" lon="-122.95356796592029">
        <ele>1025.1</ele>
      </trkpt>
      <trkpt lat="50.09703628674729" lon="-122.95356979947287">
        <ele>1025.1</ele>
      </trkpt>
      <trkpt lat="50.09703909521677" lon="-122.95357148729936">
        <ele>1025.1</ele>
      </trkpt>
      <trkpt lat="50.0970419383831" lon="-122.95357302750482">
        <ele>1025.1</ele>
      </trkpt>
      <trkpt lat="50.09704481305426" lon="-122.95357441836006">
        <ele>1025.1</ele>
      </trkpt>
      <trkpt lat="50.097047716002855" lon="-122.95357565830358">
        <ele>1025.1</ele>
      </trkpt>
      <trkpt lat="50.09705064396972" lon="-122.95357674594328">
        <ele>1025.1</ele>
      </trkpt>
      <trkpt lat="50.097053593667646" lon="-122.95357768005806">
        <ele>1025.1</ele>
      </trkpt>
      <trkpt lat="50.09705656178499" lon="-122.95357845959921">
        <ele>1025.1</ele>
      </trkpt>
      <trkpt lat="50.097059544989435" lon="-122.95357908369151">
        <ele>1025.1</ele>
      </trkpt>
      <trkpt lat="50.09706253993174" lon="-122.9535795516343">
        <ele>1025.1</ele>
      </trkpt>
      <trkpt lat="50.09704253993174" lon="-122.95381955157606">
        <ele>1024.0</ele>
      </trkpt>
      <trkpt lat="50.09704508086159" lon="-122.9538198251764">
        <ele>1024.0</ele>
      </trkpt>
      <trkpt lat="50.09704762574591" lon="-122.95381998637207">
        <ele>1024.0</ele>
      </trkpt>
      <trkpt lat="50.09705017253887" lon="-122.95382003503352">
        <ele>1024.0</ele>
      </trkpt>
      <trkpt lat="50.09705271919313" lon="-122.95381997112159">
        <ele>1024.0</ele>
      </trkpt>
      <trkpt lat="50.097055263661446" lon="-122.9538197946877">
        <ele>1024.0</ele>
      </trkpt>
      <trkpt lat="50.09705780389833" lon="-122.95381950587365">
        <ele>1024.0</ele>
      </trkpt>
      <trkpt lat="50.09706033786171" lon="-122.95381910491164">
        <ele>1024.0</ele>
      </trkpt>
      <trkpt lat="50.097062863514545" lon="-122.95381859212401">
        <ele>1024.0</ele>
      </trkpt>
      <trkpt lat="50.09706537882647" lon="-122.95381796792294">
        <ele>1024.0</ele>
      </trkpt>
      <trkpt lat="50.09706788177545" lon="-122.95381723281027">
        <ele>1024.0</ele>
      </trkpt>
      <trkpt lat="50.09719788177545" lon="-122.95445723318262">
        <ele>1026.0</ele>
      </trkpt>
      <trkpt lat="50.09719664344387" lon="-122.9544576111987">
        <ele>1026.0</ele>
      </trkpt>
      <trkpt lat="50.09719540182828" lon="-122.9544579620619">
        <ele>1026.0</ele>
      </trkpt>
      <trkpt lat="50.097194157173654" lon="-122.95445828570294">
        <ele>1026.0</ele>
      </trkpt>
      <trkpt lat="50.09719290972559" lon="-122.954458582058">
        <ele>1026.0</ele>
      </trkpt>
      <trkpt lat="50.097191659730235" lon="-122.9544588510686">
        <ele>1026.0</ele>
      </trkpt>
      <trkpt lat="50.097190407434226" lon="-122.95445909268163">
        <ele>1026.0</ele>
      </trkpt>
      <trkpt lat="50.09718915308466" lon="-122.95445930684944">
        <ele>1026.0</ele>
      </trkpt>
      <trkpt lat="50.09718789692904" lon="-122.95445949352978">
        <ele>1026.0</ele>
      </trkpt>
      <trkpt lat="50.09718663921524" lon="-122.9544596526858">
        <ele>1026.0</ele>
      </trkpt>
      <trkpt lat="50.097185380191405" lon="-122.9544597842861">
        <ele>1026.0</ele>
      </trkpt>
      <trkpt lat="50.09724" lon="-122.95532">
        <ele>1023.7</ele>
      </trkpt>
      <trkpt lat="50.09728029681172" lon="-122.955719112949">
        <ele>1024.0</ele>
      </trkpt>
      <trkpt lat="50.097282140599916" lon="-122.95571875114217">
        <ele>1024.0</ele>
      </trkpt>
      <trkpt lat="50.09728397919251" lon="-122.95571832995638">
        <ele>1024.0</ele>
      </trkpt>
      <trkpt lat="50.097285811802664" lon="-122.95571784957187">
        <ele>1024.0</ele>
      </trkpt>
      <trkpt lat="50.09728763764611" lon="-122.9557173101942">
        <ele>1024.0</ele>
      </trkpt>
      <trkpt lat="50.09728945594147" lon="-122.95571671205423">
        <ele>1024.0</ele>
      </trkpt>
      <trkpt lat="50.097291265910606" lon="-122.95571605540792">
        <ele>1024.0</ele>
      </trkpt>
      <trkpt lat="50.09729306677893" lon="-122.95571534053627">
        <ele>1024.0</ele>
      </trkpt>
      <trkpt lat="50.09729485777575" lon="-122.95571456774523">
        <ele>1024.0</ele>
      </trkpt>
      <trkpt lat="50.097296638134615" lon="-122.95571373736551">
        <ele>1024.0</ele>
      </trkpt>
      <trkpt lat="50.097298407093604" lon="-122.95571284975249">
        <ele>1024.0</ele>
      </trkpt>
      <trkpt lat="50.0973584070936" lon="-122.95589284991887">
        <ele>1024.0</ele>
      </trkpt>
      <trkpt lat="50.09735926724295" lon="-122.95589239541751">
        <ele>1024.0</ele>
      </trkpt>
      <trkpt lat="50.09736012440065" lon="-122.95589192738294">
        <ele>1024.0</ele>
      </trkpt>
      <trkpt lat="50.0973609784791" lon="-122.95589144586302">
        <ele>1024.0</ele>
      </trkpt>
      <trkpt lat="50.09736182939099" lon="-122.95589095090696">
        <ele>1024.0</ele>
      </trkpt>
      <trkpt lat="50.09736267704934" lon="-122.95589044256536">
        <ele>1024.0</ele>
      </trkpt>
      <trkpt lat="50.097363521367505" lon="-122.95588992089017">
        <ele>1024.0</ele>
      </trkpt>
      <trkpt lat="50.097364362259185" lon="-122.95588938593471">
        <ele>1024.0</ele>
      </trkpt>
      <trkpt lat="50.09736519963842" lon="-122.95588883775369">
        <ele>1024.0</ele>
      </trkpt>
      <trkpt lat="50.09736603341962" lon="-122.95588827640312">
        <ele>1024.0</ele>
      </trkpt>
      <trkpt lat="50.09736686351754" lon="-122.95588770194038">
        <ele>1024.0</ele>
      </trkpt>
      <trkpt lat="50.09745686351754" lon="-122.95608770218027">
        <ele>1026.4</ele>
      </trkpt>
      <trkpt lat="50.09745808902127" lon="-122.95608682519037">
        <ele>1026.4</ele>
      </trkpt>
      <trkpt lat="50.09745930594231" lon="-122.95608591962261">
        <ele>1026.4</ele>
      </trkpt>
      <trkpt lat="50.09746051400643" lon="-122.95608498568106">
        <ele>1026.4</ele>
      </trkpt>
      <trkpt lat="50.09746171294143" lon="-122.95608402357617">
        <ele>1026.4</ele>
      </trkpt>
      <trkpt lat="50.09746290247715" lon="-122.95608303352473">
        <ele>1026.4</ele>
      </trkpt>
      <trkpt lat="50.09746408234554" lon="-122.95608201574984">
        <ele>1026.4</ele>
      </trkpt>
      <trkpt lat="50.09746525228075" lon="-122.95608097048084">
        <ele>1026.4</ele>
      </trkpt>
      <trkpt lat="50.09746641201914" lon="-122.95607989795324">
        <ele>1026.4</ele>
      </trkpt>
      <trkpt lat="50.097467561299396" lon="-122.95607879840873">
        <ele>1026.4</ele>
      </trkpt>
      <trkpt lat="50.09746869986254" lon="-122.95607767209508">
        <ele>1026.4</ele>
      </trkpt>
      <trkpt lat="50.09766869986254" lon="-122.95638767258629">
        <ele>1018.7</ele>
      </trkpt>
      <trkpt lat="50.09766710083337" lon="-122.95638924389496">
        <ele>1018.7</ele>
      </trkpt>
      <trkpt lat="50.09766548094995" lon="-122.95639076240751">
        <ele>1018.7</ele>
      </trkpt>
      <trkpt lat="50.097663840929506" lon="-122.9563922274516">
        <ele>1018.7</ele>
      </trkpt>
      <trkpt lat="50.09766218149816" lon="-122.95639363837859">
        <ele>1018.7</ele>
      </trkpt>
      <trkpt lat="50.09766050339064" lon="-122.95639499456375">
        <ele>1018.7</ele>
      </trkpt>
      <trkpt lat="50.097658807349944" lon="-122.95639629540665">
        <ele>1018.7</ele>
      </trkpt>
      <trkpt lat="50.09765709412701" lon="-122.95639754033131">
        <ele>1018.7</ele>
      </trkpt>
      <trkpt lat="50.09765536448037" lon="-122.95639872878654">
        <ele>1018.7</ele>
      </trkpt>
      <trkpt lat="50.097653619175844" lon="-122.95639986024615">
        <ele>1018.7</ele>
      </trkpt>
      <trkpt lat="50.097651858986175" lon="-122.95640093420916">
        <ele>1018.7</ele>
      </trkpt>
      <trkpt lat="50.097761858986175" lon="-122.95669093450977">
        <ele>1018.0</ele>
      </trkpt>
      <trkpt lat="50.09776091152805" lon="-122.95669148525772">
        <ele>1018.0</ele>
      </trkpt>
      <trkpt lat="50.097759960153155" lon="-122.95669201934533">
        <ele>1018.0</ele>
      </trkpt>
      <trkpt lat="50.097759004982045" lon="-122.9566925367049">
        <ele>1018.0</ele>
      </trkpt>
      <trkpt lat="50.09775804613575" lon="-122.95669303727092">
        <ele>1018.0</ele>
      </trkpt>
      <trkpt lat="50.097757083735765" lon="-122.95669352097995">
        <ele>1018.0</ele>
      </trkpt>
      <trkpt lat="50.09775611790403" lon="-122.95669398777068">
        <ele>1018.0</ele>
      </trkpt>
      <trkpt lat="50.09775514876292" lon="-122.95669443758398">
        <ele>1018.0</ele>
      </trkpt>
      <trkpt lat="50.09775417643524" lon="-122.95669487036284">
        <ele>1018.0</ele>
      </trkpt>
      <trkpt lat="50.09775320104419" lon="-122.95669528605244">
        <ele>1018.0</ele>
      </trkpt>
      <trkpt lat="50.097752222713375" lon="-122.95669568460009">
        <ele>1018.0</ele>
      </trkpt>
      <trkpt lat="50.09787222271338" lon="-122.95716568493994">
        <ele>1005.0</ele>
      </trkpt>
      <trkpt lat="50.097870691924676" lon="-122.95716627196482">
        <ele>1005.0</ele>
      </trkpt>
      <trkpt lat="50.09786915476372" lon="-122.95716681702355">
        <ele>1005.0</ele>
      </trkpt>
      <trkpt lat="50.09786761170388" lon="-122.95716731994824">
        <ele>1005.0</ele>
      </trkpt>
      <trkpt lat="50.097866063220366" lon="-122.95716778058404">
        <ele>1005.0</ele>
      </trkpt>
      <trkpt lat="50.097864509790035" lon="-122.95716819878908">
        <ele>1005.0</ele>
      </trkpt>
      <trkpt lat="50.09786295189129" lon="-122.95716857443456">
        <ele>1005.0</ele>
      </trkpt>
      <trkpt lat="50.097861390003885" lon="-122.95716890740482">
        <ele>1005.0</ele>
      </trkpt>
      <trkpt lat="50.09785982460883" lon="-122.95716919759731">
        <ele>1005.0</ele>
      </trkpt>
      <trkpt lat="50.09785825618821" lon="-122.95716944492266">
        <ele>1005.0</ele>
      </trkpt>
      <trkpt lat="50.09785668522501" lon="-122.9571696493047">
        <ele>1005.0</ele>
      </trkpt>
      <trkpt lat="50.09790668522501" lon="-122.95783964945045">
        <ele>1007.0</ele>
      </trkpt>
      <trkpt lat="50.09790468265185" lon="-122.95783984738775">
        <ele>1007.0</ele>
      </trkpt>
      <trkpt lat="50.097902677742226" lon="-122.95783997554683">
        <ele>1007.0</ele>
      </trkpt>
      <trkpt lat="50.097900671496525" lon="-122.95784003386372">
        <ele>1007.0</ele>
      </trkpt>
      <trkpt lat="50.09789866491577" lon="-122.95784002230934">
        <ele>1007.0</ele>
      </trkpt>
      <trkpt lat="50.097896659001165" lon="-122.95783994088946">
        <ele>1007.0</ele>
      </trkpt>
      <trkpt lat="50.09789465475358" lon="-122.95783978964468">
        <ele>1007.0</ele>
      </trkpt>
      <trkpt lat="50.09789265317307" lon="-122.95783956865047">
        <ele>1007.0</ele>
      </trkpt>
      <trkpt lat="50.097890655258325" lon="-122.95783927801712">
        <ele>1007.0</ele>
      </trkpt>
      <trkpt lat="50.097888662006234" lon="-122.95783891788963">
        <ele>1007.0</ele>
      </trkpt>
      <trkpt lat="50.09788667441135" lon="-122.95783848844769">
        <ele>1007.0</ele>
      </trkpt>
      <trkpt lat="50.09779667441135" lon="-122.95843848818753">
        <ele>1008.4</ele>
      </trkpt>
      <trkpt lat="50.09779799853693" lon="-122.95843878211869">
        <ele>1008.4</ele>
      </trkpt>
      <trkpt lat="50.09779932532299" lon="-122.9584390452849">
        <ele>1008.4</ele>
      </trkpt>
      <trkpt lat="50.097800654475385" lon="-122.95843927762782">
        <ele>1008.4</ele>
      </trkpt>
      <trkpt lat="50.097801985699476" lon="-122.95843947909594">
        <ele>1008.4</ele>
      </trkpt>
      <trkpt lat="50.09780331870016" lon="-122.9584396496446">
        <ele>1008.4</ele>
      </trkpt>
      <trkpt lat="50.097804653181946" lon="-122.95843978923601">
        <ele>1008.4</ele>
      </trkpt>
      <trkpt lat="50.097805988849004" lon="-122.9584398978392">
        <ele>1008.4</ele>
      </trkpt>
      <trkpt lat="50.09780732540524" lon="-122.95843997543011">
        <ele>1008.4</ele>
      </trkpt>
      <trkpt lat="50.09780866255438" lon="-122.95844002199154">
        <ele>1008.4</ele>
      </trkpt>
      <trkpt lat="50.09781" lon="-122.95844003751316">
        <ele>1008.4</ele>
      </trkpt>
      <trkpt lat="50.09781" lon="-122.95872003751316">
        <ele>1009.6</ele>
      </trkpt>
      <trkpt lat="50.09781372249539" lon="-122.958719917227">
        <ele>1009.6</ele>
      </trkpt>
      <trkpt lat="50.097817438595854" lon="-122.95871955657513">
        <ele>1009.6</ele>
      </trkpt>
      <trkpt lat="50.09782114191745" lon="-122.95871895617715">
        <ele>1009.6</ele>
      </trkpt>
      <trkpt lat="50.097824826098204" lon="-122.95871811706448">
        <ele>1009.6</ele>
      </trkpt>
      <trkpt lat="50.09782848480899" lon="-122.95871704067864">
        <ele>1009.6</ele>
      </trkpt>
      <trkpt lat="50.09783211176449" lon="-122.95871572886875">
        <ele>1009.6</ele>
      </trkpt>
      <trkpt lat="50.09783570073388" lon="-122.95871418388842">
        <ele>1009.6</ele>
      </trkpt>
      <trkpt lat="50.09783924555163" lon="-122.95871240839178">
        <ele>1009.6</ele>
      </trkpt>
      <trkpt lat="50.09784274012806" lon="-122.95871040542896">
        <ele>1009.6</ele>
      </trkpt>
      <trkpt lat="50.09784617845978" lon="-122.9587081784409">
        <ele>1009.6</ele>
      </trkpt>
      <trkpt lat="50.09795617845978" lon="-122.9589581787352">
        <ele>1011.0</ele>
      </trkpt>
      <trkpt lat="50.09795492856498" lon="-122.95895901849842">
        <ele>1011.0</ele>
      </trkpt>
      <trkpt lat="50.09795367065215" lon="-122.9589598286448">
        <ele>1011.0</ele>
      </trkpt>
      <trkpt lat="50.09795240501007" lon="-122.95896060898838">
        <ele>1011.0</ele>
      </trkpt>
      <trkpt lat="50.09795113192925" lon="-122.95896135935003">
        <ele>1011.0</ele>
      </trkpt>
      <trkpt lat="50.09794985170195" lon="-122.9589620795575">
        <ele>1011.0</ele>
      </trkpt>
      <trkpt lat="50.09794856462204" lon="-122.95896276944545">
        <ele>1011.0</ele>
      </trkpt>
      <trkpt lat="50.09794727098498" lon="-122.95896342885553">
        <ele>1011.0</ele>
      </trkpt>
      <trkpt lat="50.09794597108774" lon="-122.95896405763635">
        <ele>1011.0</ele>
      </trkpt>
      <trkpt lat="50.0979446652287" lon="-122.95896465564358">
        <ele>1011.0</ele>
      </trkpt>
      <trkpt lat="50.09794335370764" lon="-122.95896522273996">
        <ele>1011.0</ele>
      </trkpt>
      <trkpt lat="50.098083353707636" lon="-122.9594852231351">
        <ele>1002.3</ele>
      </trkpt>
      <trkpt lat="50.09808841913822" lon="-122.95948284568279">
        <ele>1002.3</ele>
      </trkpt>
      <trkpt lat="50.09809338601486" lon="-122.95948000753855">
        <ele>1002.3</ele>
      </trkpt>
      <trkpt lat="50.09809823711304" lon="-122.9594767185447">
        <ele>1002.3</ele>
      </trkpt>
      <trkpt lat="50.098102955609775" lon="-122.95947299010707">
        <ele>1002.3</ele>
      </trkpt>
      <trkpt lat="50.09810752514193" lon="-122.9594688351554">
        <ele>1002.3</ele>
      </trkpt>
      <trkpt lat="50.09811192986293" lon="-122.95946426809854">
        <ele>1002.3</ele>
      </trkpt>
      <trkpt lat="50.09811615449778" lon="-122.95945930477444">
        <ele>1002.3</ele>
      </trkpt>
      <trkpt lat="50.098120184395974" lon="-122.95945396239529">
        <ele>1002.3</ele>
      </trkpt>
      <trkpt lat="50.09812400558234" lon="-122.95944825948779">
        <ele>1002.3</ele>
      </trkpt>
      <trkpt lat="50.09812760480549" lon="-122.95944221582887">
        <ele>1002.3</ele>
      </trkpt>
      <trkpt lat="50.098207604805495" lon="-122.95951221598285">
        <ele>1002.3</ele>
      </trkpt>
      <trkpt lat="50.09821324776081" lon="-122.95950106915713">
        <ele>1002.3</ele>
      </trkpt>
      <trkpt lat="50.09821813758898" lon="-122.95948908878533">
        <ele>1002.3</ele>
      </trkpt>
      <trkpt lat="50.09822222401322" lon="-122.95947639804862">
        <ele>1002.3</ele>
      </trkpt>
      <trkpt lat="50.098225465017265" lon="-122.95946312743206">
        <ele>1002.3</ele>
      </trkpt>
      <trkpt lat="50.0982278272774" lon="-122.95944941338297">
        <ele>1002.3</ele>
      </trkpt>
      <trkpt lat="50.09822928650506" lon="-122.95943539690802">
        <ele>1002.3</ele>
      </trkpt>
      <trkpt lat="50.0982298276966" lon="-122.95942122212338">
        <ele>1002.3</ele>
      </trkpt>
      <trkpt lat="50.09822944528753" lon="-122.959407034773">
        <ele>1002.3</ele>
      </trkpt>
      <trkpt lat="50.09822814320975" lon="-122.95939298072994">
        <ele>1002.3</ele>
      </trkpt>
      <trkpt lat="50.098225934851115" lon="-122.95937920449668">
        <ele>1002.3</ele>
      </trkpt>
      <trkpt lat="50.09822284291777" lon="-122.95936584771927">
        <ele>1002.3</ele>
      </trkpt>
      <trkpt lat="50.09821889920071" lon="-122.95935304773091">
        <ele>1002.3</ele>
      </trkpt>
      <trkpt lat="50.09821414424889" lon="-122.95934093614001">
        <ele>1002.3</ele>
      </trkpt>
      <trkpt lat="50.09820862695232" lon="-122.95932963747686">
        <ele>1002.3</ele>
      </trkpt>
      <trkpt lat="50.09820240403936" lon="-122.95931926791337">
        <ele>1002.3</ele>
      </trkpt>
      <trkpt lat="50.09819553949347" lon="-122.95930993406847">
        <ele>1002.3</ele>
      </trkpt>
      <trkpt lat="50.0981881038953" lon="-122.95930173191198">
        <ele>1002.3</ele>
      </trkpt>
      <trkpt lat="50.098180173697045" lon="-122.95929474577773">
        <ele>1002.3</ele>
      </trkpt>
      <trkpt lat="50.098220173697044" lon="-122.95921474567315">
        <ele>1002.3</ele>
      </trkpt>
      <trkpt lat="50.09821506379697" lon="-122.95921106997532">
        <ele>1002.3</ele>
      </trkpt>
      <trkpt lat="50.098209816283195" lon="-122.95920790028482">
        <ele>1002.3</ele>
      </trkpt>
      <trkpt lat="50.09820445175045" lon="-122.95920524904164">
        <ele>1002.3</ele>
      </trkpt>
      <trkpt lat="50.098198991252744" lon="-122.959203126651">
        <ele>1002.3</ele>
      </trkpt>
      <trkpt lat="50.09819345622071" lon="-122.95920154144261">
        <ele>1002.3</ele>
      </trkpt>
      <trkpt lat="50.0981878683775" lon="-122.95920049963784">
        <ele>1002.3</ele>
      </trkpt>
      <trkpt lat="50.098182249653526" lon="-122.95920000532547">
        <ele>1002.3</ele>
      </trkpt>
      <trkpt lat="50.09817662210042" lon="-122.95920006044548">
        <ele>1002.3</ele>
      </trkpt>
      <trkpt lat="50.09817100780444" lon="-122.95920066478155">
        <ele>1002.3</ele>
      </trkpt>
      <trkpt lat="50.09816542879983" lon="-122.95920181596188">
        <ele>1002.3</ele>
      </trkpt>
      <trkpt lat="50.09804542879983" lon="-122.95847181630798">
        <ele>1000.6</ele>
      </trkpt>
      <trkpt lat="50.09804780758953" lon="-122.95847125761064">
        <ele>1000.6</ele>
      </trkpt>
      <trkpt lat="50.09805019512295" lon="-122.95847079841154">
        <ele>1000.6</ele>
      </trkpt>
      <trkpt lat="50.098052589687875" lon="-122.95847043903998">
        <ele>1000.6</ele>
      </trkpt>
      <trkpt lat="50.09805498956705" lon="-122.9584701797537">
        <ele>1000.6</ele>
      </trkpt>
      <trkpt lat="50.09805739303943" lon="-122.95847002073863">
        <ele>1000.6</ele>
      </trkpt>
      <trkpt lat="50.098059798381385" lon="-122.95846996210881">
        <ele>1000.6</ele>
      </trkpt>
      <trkpt lat="50.09806220386792" lon="-122.95847000390629">
        <ele>1000.6</ele>
      </trkpt>
      <trkpt lat="50.09806460777397" lon="-122.95847014610108">
        <ele>1000.6</ele>
      </trkpt>
      <trkpt lat="50.09806700837558" lon="-122.95847038859122">
        <ele>1000.6</ele>
      </trkpt>
      <trkpt lat="50.09806940395118" lon="-122.95847073120282">
        <ele>1000.6</ele>
      </trkpt>
      <trkpt lat="50.098089403951185" lon="-122.9582807311447">
        <ele>1000.6</ele>
      </trkpt>
      <trkpt lat="50.09809545710181" lon="-122.95828205036973">
        <ele>1000.6</ele>
      </trkpt>
      <trkpt lat="50.09810143869681" lon="-122.95828400820558">
        <ele>1000.6</ele>
      </trkpt>
      <trkpt lat="50.09810732104555" lon="-122.95828659558886">
        <ele>1000.6</ele>
      </trkpt>
      <trkpt lat="50.09811307691686" lon="-122.95828980054176">
        <ele>1000.6</ele>
      </trkpt>
      <trkpt lat="50.09811867966505" lon="-122.95829360822759">
        <ele>1000.6</ele>
      </trkpt>
      <trkpt lat="50.09812410335329" lon="-122.9582980010194">
        <ele>1000.6</ele>
      </trkpt>
      <trkpt lat="50.098129322873696" lon="-122.95830295858163">
        <ele>1000.6</ele>
      </trkpt>
      <trkpt lat="50.0981343140635" lon="-122.95830845796421">
        <ele>1000.6</ele>
      </trkpt>
      <trkpt lat="50.098139053816965" lon="-122.95831447370884">
        <ele>1000.6</ele>
      </trkpt>
      <trkpt lat="50.098143520192345" lon="-122.95832097796678">
        <ele>1000.6</ele>
      </trkpt>
      <trkpt lat="50.09819352019234" lon="-122.95827097786344">
        <ele>1000.6</ele>
      </trkpt>
      <trkpt lat="50.098199771821164" lon="-122.95828179386818">
        <ele>1000.6</ele>
      </trkpt>
      <trkpt lat="50.098205269314406" lon="-122.95829356325758">
        <ele>1000.6</ele>
      </trkpt>
      <trkpt lat="50.09820995325185" lon="-122.95830615882105">
        <ele>1000.6</ele>
      </trkpt>
      <trkpt lat="50.098213773006705" lon="-122.95831944441817">
        <ele>1000.6</ele>
      </trkpt>
      <trkpt lat="50.09821668729278" lon="-122.95833327645026">
        <ele>1000.6</ele>
      </trkpt>
      <trkpt lat="50.09821866461072" lon="-122.95834750541246">
        <ele>1000.6</ele>
      </trkpt>
      <trkpt lat="50.098219683588496" lon="-122.95836197750963">
        <ele>1000.6</ele>
      </trkpt>
      <trkpt lat="50.09821973321238" lon="-122.95837653631867">
        <ele>1000.6</ele>
      </trkpt>
      <trkpt lat="50.09821881294601" lon="-122.95839102447927">
        <ele>1000.6</ele>
      </trkpt>
      <trkpt lat="50.09821693273618" lon="-122.9584052853947">
        <ele>1000.6</ele>
      </trkpt>
      <trkpt lat="50.09821411290531" lon="-122.95841916492449">
        <ele>1000.6</ele>
      </trkpt>
      <trkpt lat="50.098210383931836" lon="-122.95843251305035">
        <ele>1000.6</ele>
      </trkpt>
      <trkpt lat="50.09820578612072" lon="-122.95844518549775">
        <ele>1000.6</ele>
      </trkpt>
      <trkpt lat="50.09820036916786" lon="-122.9584570452953">
        <ele>1000.6</ele>
      </trkpt>
      <trkpt lat="50.09819419162294" lon="-122.95846796425523">
        <ele>1000.6</ele>
      </trkpt>
      <trkpt lat="50.098187320256535" lon="-122.95847782435885">
        <ele>1000.6</ele>
      </trkpt>
      <trkpt lat="50.098179829338505" lon="-122.95848651903229">
        <ele>1000.6</ele>
      </trkpt>
      <trkpt lat="50.098199829338505" lon="-122.95851651908093">
        <ele>1000.6</ele>
      </trkpt>
      <trkpt lat="50.09819586596831" lon="-122.95852040934822">
        <ele>1000.6</ele>
      </trkpt>
      <trkpt lat="50.0981917779196" lon="-122.95852397230405">
        <ele>1000.6</ele>
      </trkpt>
      <trkpt lat="50.09818757630504" lon="-122.95852719826314">
        <ele>1000.6</ele>
      </trkpt>
      <trkpt lat="50.09818327254594" lon="-122.9585300784563">
        <ele>1000.6</ele>
      </trkpt>
      <trkpt lat="50.09817887834132" lon="-122.95853260505424">
        <ele>1000.6</ele>
      </trkpt>
      <trkpt lat="50.09817440563605" lon="-122.95853477118884">
        <ele>1000.6</ele>
      </trkpt>
      <trkpt lat="50.09816986658839" lon="-122.95853657097184">
        <ele>1000.6</ele>
      </trkpt>
      <trkpt lat="50.09816527353693" lon="-122.95853799951087">
        <ele>1000.6</ele>
      </trkpt>
      <trkpt lat="50.09816063896706" lon="-122.95853905292267">
        <ele>1000.6</ele>
      </trkpt>
      <trkpt lat="50.09815597547705" lon="-122.95853972834378">
        <ele>1000.6</ele>
      </trkpt>
      <trkpt lat="50.098175975477055" lon="-122.9588397284021">
        <ele>1002.9</ele>
      </trkpt>
      <trkpt lat="50.09817930282087" lon="-122.95883928562176">
        <ele>1002.9</ele>
      </trkpt>
      <trkpt lat="50.09818261730857" lon="-122.95883865035452">
        <ele>1002.9</ele>
      </trkpt>
      <trkpt lat="50.098185914359675" lon="-122.95883782347829">
        <ele>1002.9</ele>
      </trkpt>
      <trkpt lat="50.0981891894178" lon="-122.95883680613575">
        <ele>1002.9</ele>
      </trkpt>
      <trkpt lat="50.09819243795695" lon="-122.95883559973286">
        <ele>1002.9</ele>
      </trkpt>
      <trkpt lat="50.098195655487785" lon="-122.9588342059368">
        <ele>1002.9</ele>
      </trkpt>
      <trkpt lat="50.09819883756381" lon="-122.95883262667374">
        <ele>1002.9</ele>
      </trkpt>
      <trkpt lat="50.09820197978752" lon="-122.95883086412617">
        <ele>1002.9</ele>
      </trkpt>
      <trkpt lat="50.0982050778165" lon="-122.95882892072983">
        <ele>1002.9</ele>
      </trkpt>
      <trkpt lat="50.09820812736941" lon="-122.95882679917044">
        <ele>1002.9</ele>
      </trkpt>
      <trkpt lat="50.09835812736941" lon="-122.95914679956743">
        <ele>1003.9</ele>
      </trkpt>
      <trkpt lat="50.09835452652922" lon="-122.95914928229107">
        <ele>1003.9</ele>
      </trkpt>
      <trkpt lat="50.09835085936075" lon="-122.95915151665285">
        <ele>1003.9</ele>
      </trkpt>
      <trkpt lat="50.09834713290892" lon="-122.95915349836038">
        <ele>1003.9</ele>
      </trkpt>
      <trkpt lat="50.09834335433255" lon="-122.95915522360666">
        <ele>1003.9</ele>
      </trkpt>
      <trkpt lat="50.098339530890605" lon="-122.95915668907732">
        <ele>1003.9</ele>
      </trkpt>
      <trkpt lat="50.09833566992822" lon="-122.95915789195709">
        <ele>1003.9</ele>
      </trkpt>
      <trkpt lat="50.09833177886262" lon="-122.95915882993513">
        <ele>1003.9</ele>
      </trkpt>
      <trkpt lat="50.09832786516886" lon="-122.95915950120951">
        <ele>1003.9</ele>
      </trkpt>
      <trkpt lat="50.098323936365475" lon="-122.95915990449068">
        <ele>1003.9</ele>
      </trkpt>
      <trkpt lat="50.09832" lon="-122.95916003900386">
        <ele>1003.9</ele>
      </trkpt>
      <trkpt lat="50.09832" lon="-122.95940003900387">
        <ele>1002.3</ele>
      </trkpt>
      <trkpt lat="50.09831872536568" lon="-122.95940002490583">
        <ele>1002.3</ele>
      </trkpt>
      <trkpt lat="50.09831745098799" lon="-122.95939998261458">
        <ele>1002.3</ele>
      </trkpt>
      <trkpt lat="50.09831617712354" lon="-122.95939991213861">
        <ele>1002.3</ele>
      </trkpt>
      <trkpt lat="50.098314904028804" lon="-122.95939981349213">
        <ele>1002.3</ele>
      </trkpt>
      <trkpt lat="50.09831363196011" lon="-122.95939968669498">
        <ele>1002.3</ele>
      </trkpt>
      <trkpt lat="50.09831236117358" lon="-122.9593995317727">
        <ele>1002.3</ele>
      </trkpt>
      <trkpt lat="50.09831109192509" lon="-122.95939934875649">
        <ele>1002.3</ele>
      </trkpt>
      <trkpt lat="50.09830982447019" lon="-122.95939913768319">
        <ele>1002.3</ele>
      </trkpt>
      <trkpt lat="50.09830855906408" lon="-122.95939889859531">
        <ele>1002.3</ele>
      </trkpt>
      <trkpt lat="50.09830729596153" lon="-122.95939863154098">
        <ele>1002.3</ele>
      </trkpt>
      <trkpt lat="50.09827729596153" lon="-122.95960863145416">
        <ele>1000.6</ele>
      </trkpt>
      <trkpt lat="50.098280410176855" lon="-122.95960923866005">
        <ele>1000.6</ele>
      </trkpt>
      <trkpt lat="50.09828353609784" lon="-122.95960967590672">
        <ele>1000.6</ele>
      </trkpt>
      <trkpt lat="50.098286669908866" lon="-122.95960994266044">
        <ele>1000.6</ele>
      </trkpt>
      <trkpt lat="50.09828980778471" lon="-122.95961003859559">
        <ele>1000.6</ele>
      </trkpt>
      <trkpt lat="50.09829294589518" lon="-122.9596099635951">
        <ele>1000.6</ele>
      </trkpt>
      <trkpt lat="50.098296080409796" lon="-122.9596097177505">
        <ele>1000.6</ele>
      </trkpt>
      <trkpt lat="50.098299207502464" lon="-122.95960930136187">
        <ele>1000.6</ele>
      </trkpt>
      <trkpt lat="50.09830232335616" lon="-122.95960871493747">
        <ele>1000.6</ele>
      </trkpt>
      <trkpt lat="50.09830542416756" lon="-122.95960795919314">
        <ele>1000.6</ele>
      </trkpt>
      <trkpt lat="50.09830850615173" lon="-122.9596070350513">
        <ele>1000.6</ele>
      </trkpt>
      <trkpt lat="50.098388506151736" lon="-122.95998703528014">
        <ele>988.3</ele>
      </trkpt>
      <trkpt lat="50.09839101618941" lon="-122.95998615279686">
        <ele>988.3</ele>
      </trkpt>
      <trkpt lat="50.09839350898431" lon="-122.95998515860673">
        <ele>988.3</ele>
      </trkpt>
      <trkpt lat="50.098395982491205" lon="-122.95998405352543">
        <ele>988.3</ele>
      </trkpt>
      <trkpt lat="50.098398434680725" lon="-122.95998283845964">
        <ele>988.3</ele>
      </trkpt>
      <trkpt lat="50.09840086354094" lon="-122.95998151440625">
        <ele>988.3</ele>
      </trkpt>
      <trkpt lat="50.09840326707911" lon="-122.9599800824516">
        <ele>988.3</ele>
      </trkpt>
      <trkpt lat="50.098405643323225" lon="-122.95997854377052">
        <ele>988.3</ele>
      </trkpt>
      <trkpt lat="50.0984079903237" lon="-122.95997689962545">
        <ele>988.3</ele>
      </trkpt>
      <trkpt lat="50.09841030615494" lon="-122.9599751513653">
        <ele>988.3</ele>
      </trkpt>
      <trkpt lat="50.09841258891691" lon="-122.95997330042445">
        <ele>988.3</ele>
      </trkpt>
      <trkpt lat="50.0984825889169" lon="-122.9601033006046">
        <ele>988.3</ele>
      </trkpt>
      <trkpt lat="50.09847732307481" lon="-122.96010738009103">
        <ele>988.3</ele>
      </trkpt>
      <trkpt lat="50.09847189730916" lon="-122.96011091377366">
        <ele>988.3</ele>
      </trkpt>
      <trkpt lat="50.09846633486853" lon="-122.96011388651121">
        <ele>988.3</ele>
      </trkpt>
      <trkpt lat="50.0984606595871" lon="-122.96011628556597">
        <ele>988.3</ele>
      </trkpt>
      <trkpt lat="50.09845489578256" lon="-122.96011810065836">
        <ele>988.3</ele>
      </trkpt>
      <trkpt lat="50.09844906815192" lon="-122.96011932401099">
        <ele>988.3</ele>
      </trkpt>
      <trkpt lat="50.09844320166567" lon="-122.960119950382">
        <ele>988.3</ele>
      </trkpt>
      <trkpt lat="50.09843732146078" lon="-122.96011997708746">
        <ele>988.3</ele>
      </trkpt>
      <trkpt lat="50.09843145273301" lon="-122.96011940401297">
        <ele>988.3</ele>
      </trkpt>
      <trkpt lat="50.098425620628944" lon="-122.96011823361405">
        <ele>988.3</ele>
      </trkpt>
      <trkpt lat="50.09836562062895" lon="-122.96048823344094">
        <ele>986.8</ele>
      </trkpt>
      <trkpt lat="50.0983670479537" lon="-122.96048857593233">
        <ele>986.8</ele>
      </trkpt>
      <trkpt lat="50.09836847862579" lon="-122.96048888261002">
        <ele>986.8</ele>
      </trkpt>
      <trkpt lat="50.09836991227547" lon="-122.96048915339476">
        <ele>986.8</ele>
      </trkpt>
      <trkpt lat="50.09837134853225" lon="-122.96048938821654">
        <ele>986.8</ele>
      </trkpt>
      <trkpt lat="50.09837278702491" lon="-122.96048958701469">
        <ele>986.8</ele>
      </trkpt>
      <trkpt lat="50.0983742273817" lon="-122.96048974973783">
        <ele>986.8</ele>
      </trkpt>
      <trkpt lat="50.09837566923037" lon="-122.9604898763439">
        <ele>986.8</ele>
      </trkpt>
      <trkpt lat="50.09837711219829" lon="-122.9604899668002">
        <ele>986.8</ele>
      </trkpt>
      <trkpt lat="50.09837855591254" lon="-122.96049002108332">
        <ele>986.8</ele>
      </trkpt>
      <trkpt lat="50.09838" lon="-122.96049003917925">
        <ele>986.8</ele>
      </trkpt>
      <trkpt lat="50.09838" lon="-122.96080003917925">
        <ele>986.3</ele>
      </trkpt>
      <trkpt lat="50.09838239148933" lon="-122.9607999895452">
        <ele>986.3</ele>
      </trkpt>
      <trkpt lat="50.098384781283436" lon="-122.96079984067819">
        <ele>986.3</ele>
      </trkpt>
      <trkpt lat="50.09838716768828" lon="-122.96079959268377">
        <ele>986.3</ele>
      </trkpt>
      <trkpt lat="50.09838954901223" lon="-122.96079924573772">
        <ele>986.3</ele>
      </trkpt>
      <trkpt lat="50.098391923567284" lon="-122.960798800086">
        <ele>986.3</ele>
      </trkpt>
      <trkpt lat="50.098394289670196" lon="-122.96079825604448">
        <ele>986.3</ele>
      </trkpt>
      <trkpt lat="50.09839664564374" lon="-122.96079761399885">
        <ele>986.3</ele>
      </trkpt>
      <trkpt lat="50.09839898981786" lon="-122.9607968744042">
        <ele>986.3</ele>
      </trkpt>
      <trkpt lat="50.098401320530854" lon="-122.96079603778479">
        <ele>986.3</ele>
      </trkpt>
      <trkpt lat="50.09840363613059" lon="-122.9607951047337">
        <ele>986.3</ele>
      </trkpt>
      <trkpt lat="50.09846363613059" lon="-122.9610151049029">
        <ele>989.4</ele>
      </trkpt>
      <trkpt lat="50.0984681014878" lon="-122.9610130108536">
        <ele>989.4</ele>
      </trkpt>
      <trkpt lat="50.098472491124944" lon="-122.9610105584037">
        <ele>989.4</ele>
      </trkpt>
      <trkpt lat="50.09847679321405" lon="-122.96100775416136">
        <ele>989.4</ele>
      </trkpt>
      <trkpt lat="50.09848099616304" lon="-122.96100460568266">
        <ele>989.4</ele>
      </trkpt>
      <trkpt lat="50.09848508864698" lon="-122.96100112145125">
        <ele>989.4</ele>
      </trkpt>
      <trkpt lat="50.098489059638595" lon="-122.96099731085548">
        <ele>989.4</ele>
      </trkpt>
      <trkpt lat="50.09849289843795" lon="-122.96099318416306">
        <ele>989.4</ele>
      </trkpt>
      <trkpt lat="50.09849659470131" lon="-122.96098875249348">
        <ele>989.4</ele>
      </trkpt>
      <trkpt lat="50.098500138469035" lon="-122.96098402778794">
        <ele>989.4</ele>
      </trkpt>
      <trkpt lat="50.09850352019235" lon="-122.96097902277728">
        <ele>989.4</ele>
      </trkpt>
      <trkpt lat="50.09856352019236" lon="-122.96103902290129">
        <ele>989.4</ele>
      </trkpt>
      <trkpt lat="50.09856714326633" lon="-122.96103303254849">
        <ele>989.4</ele>
      </trkpt>
      <trkpt lat="50.09857053426131" lon="-122.96102672063105">
        <ele>989.4</ele>
      </trkpt>
      <trkpt lat="50.09857368145642" lon="-122.96102010896597">
        <ele>989.4</ele>
      </trkpt>
      <trkpt lat="50.098576573973446" lon="-122.96101322040627">
        <ele>989.4</ele>
      </trkpt>
      <trkpt lat="50.09857920181448" lon="-122.96100607876211">
        <ele>989.4</ele>
      </trkpt>
      <trkpt lat="50.09858155589646" lon="-122.96099870871839">
        <ele>989.4</ele>
      </trkpt>
      <trkpt lat="50.09858362808256" lon="-122.96099113574948">
        <ele>989.4</ele>
      </trkpt>
      <trkpt lat="50.098585411210315" lon="-122.96098338603115">
        <ele>989.4</ele>
      </trkpt>
      <trkpt lat="50.0985868991164" lon="-122.96097548635011">
        <ele>989.4</ele>
      </trkpt>
      <trkpt lat="50.0985880866579" lon="-122.96096746401139">
        <ele>989.4</ele>
      </trkpt>
      <trkpt lat="50.0987880866579" lon="-122.96100746412606">
        <ele>984.4</ele>
      </trkpt>
      <trkpt lat="50.0987868991164" lon="-122.96101548649825">
        <ele>984.4</ele>
      </trkpt>
      <trkpt lat="50.098785411210315" lon="-122.96102338621228">
        <ele>984.4</ele>
      </trkpt>
      <trkpt lat="50.09878362808256" lon="-122.96103113596297">
        <ele>984.4</ele>
      </trkpt>
      <trkpt lat="50.09878155589646" lon="-122.9610387089635">
        <ele>984.4</ele>
      </trkpt>
      <trkpt lat="50.09877920181448" lon="-122.96104607903798">
        <ele>984.4</ele>
      </trkpt>
      <trkpt lat="50.09877657397344" lon="-122.96105322071196">
        <ele>984.4</ele>
      </trkpt>
      <trkpt lat="50.098773681456414" lon="-122.9610601093004">
        <ele>984.4</ele>
      </trkpt>
      <trkpt lat="50.09877053426131" lon="-122.9610667209931">
        <ele>984.4</ele>
      </trkpt>
      <trkpt lat="50.09876714326632" lon="-122.96107303293688">
        <ele>984.4</ele>
      </trkpt>
      <trkpt lat="50.09876352019235" lon="-122.96107902331468">
        <ele>984.4</ele>
      </trkpt>
      <trkpt lat="50.09884352019235" lon="-122.96115902348004">
        <ele>984.4</ele>
      </trkpt>
      <trkpt lat="50.09884177602895" lon="-122.96116166981635">
        <ele>984.4</ele>
      </trkpt>
      <trkpt lat="50.09883998651719" lon="-122.96116424151917">
        <ele>984.4</ele>
      </trkpt>
      <trkpt lat="50.098838152970714" lon="-122.96116673670069">
        <ele>984.4</ele>
      </trkpt>
      <trkpt lat="50.09883627673547" lon="-122.96116915352926">
        <ele>984.4</ele>
      </trkpt>
      <trkpt lat="50.098834359188764" lon="-122.96117149023071">
        <ele>984.4</ele>
      </trkpt>
      <trkpt lat="50.09883240173823" lon="-122.96117374508975">
        <ele>984.4</ele>
      </trkpt>
      <trkpt lat="50.09883040582078" lon="-122.96117591645114">
        <ele>984.4</ele>
      </trkpt>
      <trkpt lat="50.09882837290157" lon="-122.96117800272091">
        <ele>984.4</ele>
      </trkpt>
      <trkpt lat="50.09882630447293" lon="-122.9611800023676">
        <ele>984.4</ele>
      </trkpt>
      <trkpt lat="50.09882420205324" lon="-122.9611819139233">
        <ele>984.4</ele>
      </trkpt>
      <trkpt lat="50.098954202053235" lon="-122.96141191425411">
        <ele>980.2</ele>
      </trkpt>
      <trkpt lat="50.09895259710711" lon="-122.96141329493831">
        <ele>980.2</ele>
      </trkpt>
      <trkpt lat="50.09895097442328" lon="-122.9614146242817">
        <ele>980.2</ele>
      </trkpt>
      <trkpt lat="50.09894933467744" lon="-122.96141590173077">
        <ele>980.2</ele>
      </trkpt>
      <trkpt lat="50.09894767855239" lon="-122.96141712675356">
        <ele>980.2</ele>
      </trkpt>
      <trkpt lat="50.098946006737755" lon="-122.96141829883996">
        <ele>980.2</ele>
      </trkpt>
      <trkpt lat="50.098944319929686" lon="-122.96141941750192">
        <ele>980.2</ele>
      </trkpt>
      <trkpt lat="50.098942618830584" lon="-122.9614204822736">
        <ele>980.2</ele>
      </trkpt>
      <trkpt lat="50.09894090414879" lon="-122.96142149271164">
        <ele>980.2</ele>
      </trkpt>
      <trkpt lat="50.098939176598314" lon="-122.96142244839528">
        <ele>980.2</ele>
      </trkpt>
      <trkpt lat="50.098937436898524" lon="-122.96142334892659">
        <ele>980.2</ele>
      </trkpt>
      <trkpt lat="50.09910743689853" lon="-122.96195334939976">
        <ele>980.6</ele>
      </trkpt>
      <trkpt lat="50.09910924415101" lon="-122.96195241265356">
        <ele>980.6</ele>
      </trkpt>
      <trkpt lat="50.099111038258506" lon="-122.96195141638904">
        <ele>980.6</ele>
      </trkpt>
      <trkpt lat="50.09911281841459" lon="-122.96195036105402">
        <ele>980.6</ele>
      </trkpt>
      <trkpt lat="50.09911458381908" lon="-122.96194924712287">
        <ele>980.6</ele>
      </trkpt>
      <trkpt lat="50.09911633367845" lon="-122.96194807509629">
        <ele>980.6</ele>
      </trkpt>
      <trkpt lat="50.09911806720616" lon="-122.96194684550109">
        <ele>980.6</ele>
      </trkpt>
      <trkpt lat="50.099119783622996" lon="-122.96194555888997">
        <ele>980.6</ele>
      </trkpt>
      <trkpt lat="50.09912148215745" lon="-122.96194421584123">
        <ele>980.6</ele>
      </trkpt>
      <trkpt lat="50.09912316204604" lon="-122.96194281695858">
        <ele>980.6</ele>
      </trkpt>
      <trkpt lat="50.099124822533675" lon="-122.9619413628708">
        <ele>980.6</ele>
      </trkpt>
      <trkpt lat="50.09931482253367" lon="-122.96227136335212">
        <ele>970.2</ele>
      </trkpt>
      <trkpt lat="50.09931685420267" lon="-122.96226948389659">
        <ele>970.2</ele>
      </trkpt>
      <trkpt lat="50.09931885346625" lon="-122.96226752180333">
        <ele>970.2</ele>
      </trkpt>
      <trkpt lat="50.09932081894168" lon="-122.96226547842934">
        <ele>970.2</ele>
      </trkpt>
      <trkpt lat="50.09932274926958" lon="-122.9622633551879">
        <ele>970.2</ele>
      </trkpt>
      <trkpt lat="50.09932464311492" lon="-122.96226115354746">
        <ele>970.2</ele>
      </trkpt>
      <trkpt lat="50.099326499167844" lon="-122.96225887503073">
        <ele>970.2</ele>
      </trkpt>
      <trkpt lat="50.09932831614468" lon="-122.96225652121359">
        <ele>970.2</ele>
      </trkpt>
      <trkpt lat="50.09933009278876" lon="-122.962254093724">
        <ele>970.2</ele>
      </trkpt>
      <trkpt lat="50.099331827871325" lon="-122.96225159424084">
        <ele>970.2</ele>
      </trkpt>
      <trkpt lat="50.099333520192346" lon="-122.96224902449283">
        <ele>970.2</ele>
      </trkpt>
      <trkpt lat="50.09938352019235" lon="-122.96229902459618">
        <ele>970.2</ele>
      </trkpt>
      <trkpt lat="50.09938531096276" lon="-122.96229615185872">
        <ele>970.2</ele>
      </trkpt>
      <trkpt lat="50.09938704829584" lon="-122.96229320044998">
        <ele>970.2</ele>
      </trkpt>
      <trkpt lat="50.09938873077011" lon="-122.96229017278475">
        <ele>970.2</ele>
      </trkpt>
      <trkpt lat="50.099390357008964" lon="-122.96228707134028">
        <ele>970.2</ele>
      </trkpt>
      <trkpt lat="50.09939192568182" lon="-122.96228389865419">
        <ele>970.2</ele>
      </trkpt>
      <trkpt lat="50.0993934355052" lon="-122.96228065732234">
        <ele>970.2</ele>
      </trkpt>
      <trkpt lat="50.099394885243754" lon="-122.9622773499968">
        <ele>970.2</ele>
      </trkpt>
      <trkpt lat="50.099396273711314" lon="-122.9622739793836">
        <ele>970.2</ele>
      </trkpt>
      <trkpt lat="50.09939759977185" lon="-122.96227054824058">
        <ele>970.2</ele>
      </trkpt>
      <trkpt lat="50.09939886234036" lon="-122.9622670593751">
        <ele>970.2</ele>
      </trkpt>
      <trkpt lat="50.09950886234036" lon="-122.96232705952907">
        <ele>969.7</ele>
      </trkpt>
      <trkpt lat="50.09951091112872" lon="-122.96232083939996">
        <ele>969.7</ele>
      </trkpt>
      <trkpt lat="50.0995127582094" lon="-122.96231446760105">
        <ele>969.7</ele>
      </trkpt>
      <trkpt lat="50.09951439897772" lon="-122.96230796001696">
        <ele>969.7</ele>
      </trkpt>
      <trkpt lat="50.099515829343325" lon="-122.96230133287077">
        <ele>969.7</ele>
      </trkpt>
      <trkpt lat="50.09951704574037" lon="-122.96229460268366">
        <ele>969.7</ele>
      </trkpt>
      <trkpt lat="50.09951804513644" lon="-122.96228778623367">
        <ele>969.7</ele>
      </trkpt>
      <trkpt lat="50.09951882504009" lon="-122.9622809005139">
        <ele>969.7</ele>
      </trkpt>
      <trkpt lat="50.09951938350706" lon="-122.96227396269012">
        <ele>969.7</ele>
      </trkpt>
      <trkpt lat="50.0995197191451" lon="-122.96226699005801">
        <ele>969.7</ele>
      </trkpt>
      <trkpt lat="50.0995198311175" lon="-122.96226">
        <ele>969.7</ele>
      </trkpt>
      <trkpt lat="50.099559831117496" lon="-122.96226">
        <ele>965.8</ele>
      </trkpt>
      <trkpt lat="50.099559714093715" lon="-122.96225285410542">
        <ele>965.8</ele>
      </trkpt>
      <trkpt lat="50.09955936332728" lon="-122.96224572682887">
        <ele>965.8</ele>
      </trkpt>
      <trkpt lat="50.09955877973208" lon="-122.96223863673988">
        <ele>965.8</ele>
      </trkpt>
      <trkpt lat="50.09955796482861" lon="-122.9622316023111">
        <ele>965.8</ele>
      </trkpt>
      <trkpt lat="50.099556920740056" lon="-122.96222464187016">
        <ele>965.8</ele>
      </trkpt>
      <trkpt lat="50.099555650186694" lon="-122.96221777355191">
        <ele>965.8</ele>
      </trkpt>
      <trkpt lat="50.099554156478845" lon="-122.96221101525119">
        <ele>965.8</ele>
      </trkpt>
      <trkpt lat="50.099552443508244" lon="-122.96220438457617">
        <ele>965.8</ele>
      </trkpt>
      <trkpt lat="50.09955051573789" lon="-122.96219789880254">
        <ele>965.8</ele>
      </trkpt>
      <trkpt lat="50.099548378190434" lon="-122.96219157482847">
        <ele>965.8</ele>
      </trkpt>
      <trkpt lat="50.099798378190435" lon="-122.96205157447139">
        <ele>965.0</ele>
      </trkpt>
      <trkpt lat="50.09979656374732" lon="-122.96204675174471">
        <ele>965.0</ele>
      </trkpt>
      <trkpt lat="50.0997946272683" lon="-122.96204204576931">
        <ele>965.0</ele>
      </trkpt>
      <trkpt lat="50.099792571839956" lon="-122.96203746404613">
        <ele>965.0</ele>
      </trkpt>
      <trkpt lat="50.09979040073846" lon="-122.96203301387803">
        <ele>965.0</ele>
      </trkpt>
      <trkpt lat="50.09978811742437" lon="-122.96202870235817">
        <ele>965.0</ele>
      </trkpt>
      <trkpt lat="50.09978572553707" lon="-122.96202453635875">
        <ele>965.0</ele>
      </trkpt>
      <trkpt lat="50.099783228889024" lon="-122.96202052252">
        <ele>965.0</ele>
      </trkpt>
      <trkpt lat="50.09978063145967" lon="-122.96201666723965">
        <ele>965.0</ele>
      </trkpt>
      <trkpt lat="50.09977793738909" lon="-122.96201297666266">
        <ele>965.0</ele>
      </trkpt>
      <trkpt lat="50.09977515097139" lon="-122.96200945667148">
        <ele>965.0</ele>
      </trkpt>
      <trkpt lat="50.09984515097139" lon="-122.96191945650996">
        <ele>961.2</ele>
      </trkpt>
      <trkpt lat="50.09984262615121" lon="-122.96191650458933">
        <ele>961.2</ele>
      </trkpt>
      <trkpt lat="50.09984003637601" lon="-122.96191369275296">
        <ele>961.2</ele>
      </trkpt>
      <trkpt lat="50.09983738484229" lon="-122.96191102447143">
        <ele>961.2</ele>
      </trkpt>
      <trkpt lat="50.09983467482276" lon="-122.96190850303813">
        <ele>961.2</ele>
      </trkpt>
      <trkpt lat="50.09983190966231" lon="-122.96190613156521">
        <ele>961.2</ele>
      </trkpt>
      <trkpt lat="50.09982909277393" lon="-122.9619039129797">
        <ele>961.2</ele>
      </trkpt>
      <trkpt lat="50.09982622763441" lon="-122.96190185001993">
        <ele>961.2</ele>
      </trkpt>
      <trkpt lat="50.09982331778011" lon="-122.96189994523216">
        <ele>961.2</ele>
      </trkpt>
      <trkpt lat="50.09982036680258" lon="-122.96189820096744">
        <ele>961.2</ele>
      </trkpt>
      <trkpt lat="50.099817378344156" lon="-122.96189661937863">
        <ele>961.2</ele>
      </trkpt>
      <trkpt lat="50.09989737834416" lon="-122.9616466191559">
        <ele>959.4</ele>
      </trkpt>
      <trkpt lat="50.09989507533007" lon="-122.9616455230796">
        <ele>959.4</ele>
      </trkpt>
      <trkpt lat="50.099892754298835" lon="-122.96164452362771">
        <ele>959.4</ele>
      </trkpt>
      <trkpt lat="50.09989041691817" lon="-122.96164362151839">
        <ele>959.4</ele>
      </trkpt>
      <trkpt lat="50.099888064867535" lon="-122.96164281739982">
        <ele>959.4</ele>
      </trkpt>
      <trkpt lat="50.09988569983692" lon="-122.96164211184976">
        <ele>959.4</ele>
      </trkpt>
      <trkpt lat="50.099883323525646" lon="-122.96164150537517">
        <ele>959.4</ele>
      </trkpt>
      <trkpt lat="50.099880937641146" lon="-122.96164099841182">
        <ele>959.4</ele>
      </trkpt>
      <trkpt lat="50.09987854389773" lon="-122.96164059132398">
        <ele>959.4</ele>
      </trkpt>
      <trkpt lat="50.09987614401534" lon="-122.96164028440414">
        <ele>959.4</ele>
      </trkpt>
      <trkpt lat="50.099873739718355" lon="-122.96164007787281">
        <ele>959.4</ele>
      </trkpt>
      <trkpt lat="50.09988373971835" lon="-122.9614000778436">
        <ele>958.4</ele>
      </trkpt>
      <trkpt lat="50.099880866709086" lon="-122.9613999629544">
        <ele>958.4</ele>
      </trkpt>
      <trkpt lat="50.09987799281271" lon="-122.96139999139915">
        <ele>958.4</ele>
      </trkpt>
      <trkpt lat="50.09987512097078" lon="-122.96140016314871">
        <ele>958.4</ele>
      </trkpt>
      <trkpt lat="50.09987225412274" lon="-122.96140047802731">
        <ele>958.4</ele>
      </trkpt>
      <trkpt lat="50.09986939520294" lon="-122.96140093571266">
        <ele>958.4</ele>
      </trkpt>
      <trkpt lat="50.09986654713761" lon="-122.9614015357363">
        <ele>958.4</ele>
      </trkpt>
      <trkpt lat="50.09986371284186" lon="-122.96140227748407">
        <ele>958.4</ele>
      </trkpt>
      <trkpt lat="50.099860895216715" lon="-122.96140316019675">
        <ele>958.4</ele>
      </trkpt>
      <trkpt lat="50.09985809714614" lon="-122.96140418297088">
        <ele>958.4</ele>
      </trkpt>
      <trkpt lat="50.09985532149408" lon="-122.96140534475957">
        <ele>958.4</ele>
      </trkpt>
      <trkpt lat="50.09973532149409" lon="-122.96098534509686">
        <ele>959.2</ele>
      </trkpt>
      <trkpt lat="50.099732448842914" lon="-122.96098670597306">
        <ele>959.2</ele>
      </trkpt>
      <trkpt lat="50.09972960696765" lon="-122.96098821574476">
        <ele>959.2</ele>
      </trkpt>
      <trkpt lat="50.09972679904279" lon="-122.96098987272552">
        <ele>959.2</ele>
      </trkpt>
      <trkpt lat="50.099724028204925" lon="-122.96099167506439">
        <ele>959.2</ele>
      </trkpt>
      <trkpt lat="50.09972129754919" lon="-122.96099362074808">
        <ele>959.2</ele>
      </trkpt>
      <trkpt lat="50.09971861012587" lon="-122.96099570760317">
        <ele>959.2</ele>
      </trkpt>
      <trkpt lat="50.09971596893693" lon="-122.96099793329856">
        <ele>959.2</ele>
      </trkpt>
      <trkpt lat="50.09971337693269" lon="-122.96100029534803">
        <ele>959.2</ele>
      </trkpt>
      <trkpt lat="50.09971083700856" lon="-122.96100279111307">
        <ele>959.2</ele>
      </trkpt>
      <trkpt lat="50.099708352001734" lon="-122.96100541780581">
        <ele>959.2</ele>
      </trkpt>
      <trkpt lat="50.09944835200173" lon="-122.96063541842767">
        <ele>957.2</ele>
      </trkpt>
      <trkpt lat="50.09944961010343" lon="-122.96063406498187">
        <ele>957.2</ele>
      </trkpt>
      <trkpt lat="50.09945088279545" lon="-122.9606327451049">
        <ele>957.2</ele>
      </trkpt>
      <trkpt lat="50.099452169709295" lon="-122.96063145917893">
        <ele>957.2</ele>
      </trkpt>
      <trkpt lat="50.09945347047233" lon="-122.96063020757629">
        <ele>957.2</ele>
      </trkpt>
      <trkpt lat="50.09945478470793" lon="-122.96062899065937">
        <ele>957.2</ele>
      </trkpt>
      <trkpt lat="50.099456112035554" lon="-122.96062780878054">
        <ele>957.2</ele>
      </trkpt>
      <trkpt lat="50.09945745207088" lon="-122.96062666228201">
        <ele>957.2</ele>
      </trkpt>
      <trkpt lat="50.09945880442589" lon="-122.96062555149574">
        <ele>957.2</ele>
      </trkpt>
      <trkpt lat="50.09946016870903" lon="-122.96062447674336">
        <ele>957.2</ele>
      </trkpt>
      <trkpt lat="50.09946154452526" lon="-122.96062343833609">
        <ele>957.2</ele>
      </trkpt>
      <trkpt lat="50.09937154452526" lon="-122.96043343857384">
        <ele>964.1</ele>
      </trkpt>
      <trkpt lat="50.09937354469459" lon="-122.96043200804573">
        <ele>964.1</ele>
      </trkpt>
      <trkpt lat="50.09937556674131" lon="-122.96043065432757">
        <ele>964.1</ele>
      </trkpt>
      <trkpt lat="50.099377609451956" lon="-122.96042937823174">
        <ele>964.1</ele>
      </trkpt>
      <trkpt lat="50.09937967160067" lon="-122.96042818052405">
        <ele>964.1</ele>
      </trkpt>
      <trkpt lat="50.099381751949934" lon="-122.96042706192326">
        <ele>964.1</ele>
      </trkpt>
      <trkpt lat="50.09938384925128" lon="-122.96042602310067">
        <ele>964.1</ele>
      </trkpt>
      <trkpt lat="50.099385962246096" lon="-122.96042506467967">
        <ele>964.1</ele>
      </trkpt>
      <trkpt lat="50.09938808966634" lon="-122.96042418723545">
        <ele>964.1</ele>
      </trkpt>
      <trkpt lat="50.099390230235315" lon="-122.96042339129457">
        <ele>964.1</ele>
      </trkpt>
      <trkpt lat="50.09939238266843" lon="-122.96042267733468">
        <ele>964.1</ele>
      </trkpt>
      <trkpt lat="50.09938238266843" lon="-122.96037267736334">
        <ele>962.8</ele>
      </trkpt>
      <trkpt lat="50.09938475565835" lon="-122.96037198904338">
        <ele>962.8</ele>
      </trkpt>
      <trkpt lat="50.09938713965422" lon="-122.96037140036316">
        <ele>962.8</ele>
      </trkpt>
      <trkpt lat="50.099389532934865" lon="-122.96037091174766">
        <ele>962.8</ele>
      </trkpt>
      <trkpt lat="50.09939193377242" lon="-122.96037052354967">
        <ele>962.8</ele>
      </trkpt>
      <trkpt lat="50.09939434043354" lon="-122.96037023604947">
        <ele>962.8</ele>
      </trkpt>
      <trkpt lat="50.099396751180706" lon="-122.9603700494546">
        <ele>962.8</ele>
      </trkpt>
      <trkpt lat="50.099399164273414" lon="-122.96036996389978">
        <ele>962.8</ele>
      </trkpt>
      <trkpt lat="50.099401577969495" lon="-122.96036997944678">
        <ele>962.8</ele>
      </trkpt>
      <trkpt lat="50.099403990526326" lon="-122.96037009608439">
        <ele>962.8</ele>
      </trkpt>
      <trkpt lat="50.09940640020212" lon="-122.96037031372838">
        <ele>962.8</ele>
      </trkpt>
      <trkpt lat="50.09941640020212" lon="-122.96023031369921">
        <ele>962.8</ele>
      </trkpt>
      <trkpt lat="50.09942339594752" lon="-122.96023152368466">
        <ele>962.8</ele>
      </trkpt>
      <trkpt lat="50.09943030944954" lon="-122.96023358383476">
        <ele>962.8</ele>
      </trkpt>
      <trkpt lat="50.09943709826326" lon="-122.9602364815014">
        <ele>962.8</ele>
      </trkpt>
      <trkpt lat="50.099443720709274" lon="-122.96024019889455">
        <ele>962.8</ele>
      </trkpt>
      <trkpt lat="50.099450136129605" lon="-122.96024471319159">
        <ele>962.8</ele>
      </trkpt>
      <trkpt lat="50.09945630513725" lon="-122.96024999667733">
        <ele>962.8</ele>
      </trkpt>
      <trkpt lat="50.09946218985809" lon="-122.96025601691422">
        <ele>962.8</ele>
      </trkpt>
      <trkpt lat="50.09946775416331" lon="-122.96026273694147">
        <ele>962.8</ele>
      </trkpt>
      <trkpt lat="50.099472963891294" lon="-122.96027011550201">
        <ele>962.8</ele>
      </trkpt>
      <trkpt lat="50.099477787057324" lon="-122.96027810729572">
        <ele>962.8</ele>
      </trkpt>
      <trkpt lat="50.099707787057326" lon="-122.96007810685455">
        <ele>954.6</ele>
      </trkpt>
      <trkpt lat="50.09970614491332" lon="-122.96007524310026">
        <ele>954.6</ele>
      </trkpt>
      <trkpt lat="50.09970445300599" lon="-122.96007245063518">
        <ele>954.6</ele>
      </trkpt>
      <trkpt lat="50.09970271260822" lon="-122.96006973156018">
        <ele>954.6</ele>
      </trkpt>
      <trkpt lat="50.099700925029374" lon="-122.96006708792093">
        <ele>954.6</ele>
      </trkpt>
      <trkpt lat="50.099699091614326" lon="-122.96006452170634">
        <ele>954.6</ele>
      </trkpt>
      <trkpt lat="50.09969721374242" lon="-122.96006203484706">
        <ele>954.6</ele>
      </trkpt>
      <trkpt lat="50.09969529282644" lon="-122.96005962921406">
        <ele>954.6</ele>
      </trkpt>
      <trkpt lat="50.099693330311574" lon="-122.96005730661717">
        <ele>954.6</ele>
      </trkpt>
      <trkpt lat="50.09969132767429" lon="-122.9600550688038">
        <ele>954.6</ele>
      </trkpt>
      <trkpt lat="50.09968928642126" lon="-122.9600529174575">
        <ele>954.6</ele>
      </trkpt>
      <trkpt lat="50.09989928642126" lon="-122.95973291694428">
        <ele>948.9</ele>
      </trkpt>
      <trkpt lat="50.0998918996744" lon="-122.95972612319837">
        <ele>948.9</ele>
      </trkpt>
      <trkpt lat="50.09988413101048" lon="-122.959720458594">
        <ele>948.9</ele>
      </trkpt>
      <trkpt lat="50.09987605124115" lon="-122.95971597476428">
        <ele>948.9</ele>
      </trkpt>
      <trkpt lat="50.09986773401381" lon="-122.95971271257946">
        <ele>948.9</ele>
      </trkpt>
      <trkpt lat="50.09985925514029" lon="-122.95971070177448">
        <ele>948.9</ele>
      </trkpt>
      <trkpt lat="50.09985069190583" lon="-122.9597099606779">
        <ele>948.9</ele>
      </trkpt>
      <trkpt lat="50.09984212236462" lon="-122.95971049604483">
        <ele>948.9</ele>
      </trkpt>
      <trkpt lat="50.099833624628346" lon="-122.95971230299541">
        <ele>948.9</ele>
      </trkpt>
      <trkpt lat="50.099825276154185" lon="-122.95971536505918">
        <ele>948.9</ele>
      </trkpt>
      <trkpt lat="50.09981715303877" lon="-122.95971965432535">
        <ele>948.9</ele>
      </trkpt>
      <trkpt lat="50.099707153038764" lon="-122.95943965462465">
        <ele>948.3</ele>
      </trkpt>
      <trkpt lat="50.09970888333029" lon="-122.95943862687312">
        <ele>948.3</ele>
      </trkpt>
      <trkpt lat="50.099710626842274" lon="-122.9594376549378">
        <ele>948.3</ele>
      </trkpt>
      <trkpt lat="50.099712382833964" lon="-122.95943673923162">
        <ele>948.3</ele>
      </trkpt>
      <trkpt lat="50.0997141505593" lon="-122.95943588014364">
        <ele>948.3</ele>
      </trkpt>
      <trkpt lat="50.099715929267234" lon="-122.95943507803887">
        <ele>948.3</ele>
      </trkpt>
      <trkpt lat="50.09971771820204" lon="-122.95943433325807">
        <ele>948.3</ele>
      </trkpt>
      <trkpt lat="50.09971951660366" lon="-122.9594336461177">
        <ele>948.3</ele>
      </trkpt>
      <trkpt lat="50.09972132370802" lon="-122.95943301690968">
        <ele>948.3</ele>
      </trkpt>
      <trkpt lat="50.09972313874733" lon="-122.95943244590136">
        <ele>948.3</ele>
      </trkpt>
      <trkpt lat="50.09972496095044" lon="-122.95943193333534">
        <ele>948.3</ele>
      </trkpt>
      <trkpt lat="50.09963496095044" lon="-122.95890193359472">
        <ele>953.3</ele>
      </trkpt>
      <trkpt lat="50.09963771412238" lon="-122.95890127304544">
        <ele>953.3</ele>
      </trkpt>
      <trkpt lat="50.09964047910802" lon="-122.95890074589141">
        <ele>953.3</ele>
      </trkpt>
      <trkpt lat="50.09964325324862" lon="-122.9589003526395">
        <ele>953.3</ele>
      </trkpt>
      <trkpt lat="50.09964603387668" lon="-122.95890009366785">
        <ele>953.3</ele>
      </trkpt>
      <trkpt lat="50.09964881831843" lon="-122.95889996922547">
        <ele>953.3</ele>
      </trkpt>
      <trkpt lat="50.09965160389645" lon="-122.95889997943205">
        <ele>953.3</ele>
      </trkpt>
      <trkpt lat="50.099654387932205" lon="-122.95890012427773">
        <ele>953.3</ele>
      </trkpt>
      <trkpt lat="50.09965716774868" lon="-122.95890040362328">
        <ele>953.3</ele>
      </trkpt>
      <trkpt lat="50.099659940672886" lon="-122.95890081720005">
        <ele>953.3</ele>
      </trkpt>
      <trkpt lat="50.099662704038465" lon="-122.95890136461038">
        <ele>953.3</ele>
      </trkpt>
      <trkpt lat="50.09969270403847" lon="-122.95869136452357">
        <ele>953.0</ele>
      </trkpt>
      <trkpt lat="50.099688043176855" lon="-122.95869051949934">
        <ele>953.0</ele>
      </trkpt>
      <trkpt lat="50.099683360369966" lon="-122.9586900550383">
        <ele>953.0</ele>
      </trkpt>
      <trkpt lat="50.09967866839454" lon="-122.95868997240768">
        <ele>953.0</ele>
      </trkpt>
      <trkpt lat="50.09967398005231" lon="-122.95869027183295">
        <ele>953.0</ele>
      </trkpt>
      <trkpt lat="50.0996693081351" lon="-122.95869095249715">
        <ele>953.0</ele>
      </trkpt>
      <trkpt lat="50.09966466538992" lon="-122.95869201254311">
        <ele>953.0</ele>
      </trkpt>
      <trkpt lat="50.099660064484205" lon="-122.9586934490786">
        <ele>953.0</ele>
      </trkpt>
      <trkpt lat="50.0996555179712" lon="-122.95869525818411">
        <ele>953.0</ele>
      </trkpt>
      <trkpt lat="50.09965103825577" lon="-122.95869743492361">
        <ele>953.0</ele>
      </trkpt>
      <trkpt lat="50.09964663756052" lon="-122.95869997335802">
        <ele>953.0</ele>
      </trkpt>
      <trkpt lat="50.09956663756052" lon="-122.95849997357514">
        <ele>953.0</ele>
      </trkpt>
      <trkpt lat="50.09956857815851" lon="-122.95849880390814">
        <ele>953.0</ele>
      </trkpt>
      <trkpt lat="50.099570535612365" lon="-122.95849770461966">
        <ele>953.0</ele>
      </trkpt>
      <trkpt lat="50.09957250887203" lon="-122.95849667629942">
        <ele>953.0</ele>
      </trkpt>
      <trkpt lat="50.09957449687897" lon="-122.95849571949904">
        <ele>953.0</ele>
      </trkpt>
      <trkpt lat="50.09957649856675" lon="-122.9584948347318">
        <ele>953.0</ele>
      </trkpt>
      <trkpt lat="50.099578512861584" lon="-122.9584940224723">
        <ele>953.0</ele>
      </trkpt>
      <trkpt lat="50.09958053868293" lon="-122.95849328315626">
        <ele>953.0</ele>
      </trkpt>
      <trkpt lat="50.09958257494406" lon="-122.9584926171803">
        <ele>953.0</ele>
      </trkpt>
      <trkpt lat="50.09958462055264" lon="-122.95849202490167">
        <ele>953.0</ele>
      </trkpt>
      <trkpt lat="50.09958667441134" lon="-122.9584915066381">
        <ele>953.0</ele>
      </trkpt>
      <trkpt lat="50.09955667441134" lon="-122.95829150672482">
        <ele>953.0</ele>
      </trkpt>
      <trkpt lat="50.09955910651674" lon="-122.95829099085492">
        <ele>953.0</ele>
      </trkpt>
      <trkpt lat="50.09956154675501" lon="-122.95829057876666">
        <ele>953.0</ele>
      </trkpt>
      <trkpt lat="50.09956399330432" lon="-122.95829027076773">
        <ele>953.0</ele>
      </trkpt>
      <trkpt lat="50.09956644433812" lon="-122.95829006708806">
        <ele>953.0</ele>
      </trkpt>
      <trkpt lat="50.09956889802651" lon="-122.95828996787972">
        <ele>953.0</ele>
      </trkpt>
      <trkpt lat="50.099571352537616" lon="-122.95828997321678">
        <ele>953.0</ele>
      </trkpt>
      <trkpt lat="50.09957380603894" lon="-122.95829008309524">
        <ele>953.0</ele>
      </trkpt>
      <trkpt lat="50.09957625669875" lon="-122.95829029743308">
        <ele>953.0</ele>
      </trkpt>
      <trkpt lat="50.09957870268741" lon="-122.95829061607029">
        <ele>953.0</ele>
      </trkpt>
      <trkpt lat="50.09958114217881" lon="-122.95829103876895">
        <ele>953.0</ele>
      </trkpt>
      <trkpt lat="50.09965" lon="-122.95779">
        <ele>953.0</ele>
      </trkpt>
      <trkpt lat="50.09973978628022" lon="-122.9573433962219">
        <ele>951.4</ele>
      </trkpt>
      <trkpt lat="50.0997434603042" lon="-122.95734481702968">
        <ele>951.4</ele>
      </trkpt>
      <trkpt lat="50.09974709267021" lon="-122.95734647787897">
        <ele>951.4</ele>
      </trkpt>
      <trkpt lat="50.09975067692835" lon="-122.95734837582064">
        <ele>951.4</ele>
      </trkpt>
      <trkpt lat="50.099754206714124" lon="-122.95735050748456">
        <ele>951.4</ele>
      </trkpt>
      <trkpt lat="50.09975767575976" lon="-122.95735286908557">
        <ele>951.4</ele>
      </trkpt>
      <trkpt lat="50.099761077905356" lon="-122.95735545643024">
        <ele>951.4</ele>
      </trkpt>
      <trkpt lat="50.099764407109795" lon="-122.95735826492427">
        <ele>951.4</ele>
      </trkpt>
      <trkpt lat="50.09976765746147" lon="-122.95736128958067">
        <ele>951.4</ele>
      </trkpt>
      <trkpt lat="50.09977082318881" lon="-122.95736452502864">
        <ele>951.4</ele>
      </trkpt>
      <trkpt lat="50.0997738986705" lon="-122.95736796552303">
        <ele>951.4</ele>
      </trkpt>
      <trkpt lat="50.0998038986705" lon="-122.95732796545289">
        <ele>945.2</ele>
      </trkpt>
      <trkpt lat="50.099809433949936" lon="-122.95733498996019">
        <ele>945.2</ele>
      </trkpt>
      <trkpt lat="50.09981459403168" lon="-122.95734267738028">
        <ele>945.2</ele>
      </trkpt>
      <trkpt lat="50.09981934634089" lon="-122.95735097918362">
        <ele>945.2</ele>
      </trkpt>
      <trkpt lat="50.09982366087695" lon="-122.95735984296215">
        <ele>945.2</ele>
      </trkpt>
      <trkpt lat="50.09982751040284" lon="-122.95736921276014">
        <ele>945.2</ele>
      </trkpt>
      <trkpt lat="50.09983087061707" lon="-122.95737902942747">
        <ele>945.2</ele>
      </trkpt>
      <trkpt lat="50.0998337203071" lon="-122.95738923099296">
        <ele>945.2</ele>
      </trkpt>
      <trkpt lat="50.09983604148328" lon="-122.95739975305565">
        <ele>945.2</ele>
      </trkpt>
      <trkpt lat="50.09983781949235" lon="-122.95741052919134">
        <ele>945.2</ele>
      </trkpt>
      <trkpt lat="50.099839043110016" lon="-122.95742149137185">
        <ele>945.2</ele>
      </trkpt>
      <trkpt lat="50.099989043110014" lon="-122.95740149131389">
        <ele>945.2</ele>
      </trkpt>
      <trkpt lat="50.099989592316575" lon="-122.957409795444">
        <ele>945.2</ele>
      </trkpt>
      <trkpt lat="50.09998982315851" lon="-122.9574181358358">
        <ele>945.2</ele>
      </trkpt>
      <trkpt lat="50.09998973481552" lon="-122.95742648285189">
        <ele>945.2</ele>
      </trkpt>
      <trkpt lat="50.09998932760154" lon="-122.95743480683127">
        <ele>945.2</ele>
      </trkpt>
      <trkpt lat="50.099988602963585" lon="-122.95744307819486">
        <ele>945.2</ele>
      </trkpt>
      <trkpt lat="50.099987563476645" lon="-122.95745126755051">
        <ele>945.2</ele>
      </trkpt>
      <trkpt lat="50.09998621283452" lon="-122.9574593457975">
        <ele>945.2</ele>
      </trkpt>
      <trkpt lat="50.0999845558367" lon="-122.95746728422993">
        <ele>945.2</ele>
      </trkpt>
      <trkpt lat="50.09998259837128" lon="-122.95747505463875">
        <ele>945.2</ele>
      </trkpt>
      <trkpt lat="50.09998034739408" lon="-122.95748262941191">
        <ele>945.2</ele>
      </trkpt>
      <trkpt lat="50.10002034739408" lon="-122.95750262946422">
        <ele>945.2</ele>
      </trkpt>
      <trkpt lat="50.100018004804696" lon="-122.9575094550833">
        <ele>945.2</ele>
      </trkpt>
      <trkpt lat="50.100015423867276" lon="-122.95751606847851">
        <ele>945.2</ele>
      </trkpt>
      <trkpt lat="50.10001261246802" lon="-122.95752244944224">
        <ele>945.2</ele>
      </trkpt>
      <trkpt lat="50.10000957919732" lon="-122.9575285784771">
        <ele>945.2</ele>
      </trkpt>
      <trkpt lat="50.10000633332349" lon="-122.95753443685547">
        <ele>945.2</ele>
      </trkpt>
      <trkpt lat="50.1000028847645" lon="-122.95754000667675">
        <ele>945.2</ele>
      </trkpt>
      <trkpt lat="50.0999992440576" lon="-122.95754527092207">
        <ele>945.2</ele>
      </trkpt>
      <trkpt lat="50.09999542232717" lon="-122.9575502135062">
        <ele>945.2</ele>
      </trkpt>
      <trkpt lat="50.09999143125073" lon="-122.9575548193268">
        <ele>945.2</ele>
      </trkpt>
      <trkpt lat="50.09998728302323" lon="-122.95755907431057">
        <ele>945.2</ele>
      </trkpt>
      <trkpt lat="50.10011728302324" lon="-122.95776907463367">
        <ele>941.8</ele>
      </trkpt>
      <trkpt lat="50.10012009836672" lon="-122.95776624305302">
        <ele>941.8</ele>
      </trkpt>
      <trkpt lat="50.10012284402153" lon="-122.95776324977396">
        <ele>941.8</ele>
      </trkpt>
      <trkpt lat="50.10012551616833" lon="-122.95776009896026">
        <ele>941.8</ele>
      </trkpt>
      <trkpt lat="50.100128111090086" lon="-122.95775679499482">
        <ele>941.8</ele>
      </trkpt>
      <trkpt lat="50.10013062517716" lon="-122.95775334247358">
        <ele>941.8</ele>
      </trkpt>
      <trkpt lat="50.10013305493236" lon="-122.95774974619911">
        <ele>941.8</ele>
      </trkpt>
      <trkpt lat="50.1001353969758" lon="-122.95774601117398">
        <ele>941.8</ele>
      </trkpt>
      <trkpt lat="50.10013764804963" lon="-122.95774214259374">
        <ele>941.8</ele>
      </trkpt>
      <trkpt lat="50.10013980502251" lon="-122.95773814583974">
        <ele>941.8</ele>
      </trkpt>
      <trkpt lat="50.100141864894006" lon="-122.9577340264716">
        <ele>941.8</ele>
      </trkpt>
      <trkpt lat="50.100181864894004" lon="-122.95776402654175">
        <ele>941.8</ele>
      </trkpt>
      <trkpt lat="50.100184441808274" lon="-122.9577583846451">
        <ele>941.8</ele>
      </trkpt>
      <trkpt lat="50.10018683664508" lon="-122.9577525510272">
        <ele>941.8</ele>
      </trkpt>
      <trkpt lat="50.10018904354688" lon="-122.9577465399565">
        <ele>941.8</ele>
      </trkpt>
      <trkpt lat="50.1001910571158" lon="-122.9577403661355">
        <ele>941.8</ele>
      </trkpt>
      <trkpt lat="50.10019287242686" lon="-122.95773404466476">
        <ele>941.8</ele>
      </trkpt>
      <trkpt lat="50.10019448503998" lon="-122.95772759100599">
        <ele>941.8</ele>
      </trkpt>
      <trkpt lat="50.100195891010856" lon="-122.95772102094423">
        <ele>941.8</ele>
      </trkpt>
      <trkpt lat="50.10019708690063" lon="-122.95771435054921">
        <ele>941.8</ele>
      </trkpt>
      <trkpt lat="50.100198069784255" lon="-122.95770759613606">
        <ele>941.8</ele>
      </trkpt>
      <trkpt lat="50.100198837257715" lon="-122.95770077422544">
        <ele>941.8</ele>
      </trkpt>
      <trkpt lat="50.100398837257714" lon="-122.95773077431218">
        <ele>940.8</ele>
      </trkpt>
      <trkpt lat="50.10039940636763" lon="-122.95772360258034">
        <ele>940.8</ele>
      </trkpt>
      <trkpt lat="50.10039973742171" lon="-122.95771639462991">
        <ele>940.8</ele>
      </trkpt>
      <trkpt lat="50.10039982953849" lon="-122.95770916965297">
        <ele>940.8</ele>
      </trkpt>
      <trkpt lat="50.100399682472684" lon="-122.95770194688693">
        <ele>940.8</ele>
      </trkpt>
      <trkpt lat="50.10039929661589" lon="-122.95769474556332">
        <ele>940.8</ele>
      </trkpt>
      <trkpt lat="50.10039867299549" lon="-122.9576875848566">
        <ele>940.8</ele>
      </trkpt>
      <trkpt lat="50.100397813271954" lon="-122.95768048383304">
        <ele>940.8</ele>
      </trkpt>
      <trkpt lat="50.100396719734405" lon="-122.95767346140003">
        <ele>940.8</ele>
      </trkpt>
      <trkpt lat="50.100395395294534" lon="-122.9576665362557">
        <ele>940.8</ele>
      </trkpt>
      <trkpt lat="50.10039384347882" lon="-122.95765972683913">
        <ele>940.8</ele>
      </trkpt>
      <trkpt lat="50.10052384347882" lon="-122.9576097267027">
        <ele>940.8</ele>
      </trkpt>
      <trkpt lat="50.100525864441295" lon="-122.95761884380694">
        <ele>940.8</ele>
      </trkpt>
      <trkpt lat="50.10052747803786" lon="-122.95762815616814">
        <ele>940.8</ele>
      </trkpt>
      <trkpt lat="50.10052867661313" lon="-122.95763761960575">
        <ele>940.8</ele>
      </trkpt>
      <trkpt lat="50.10052945448073" lon="-122.95764718922248">
        <ele>940.8</ele>
      </trkpt>
      <trkpt lat="50.10052980795022" lon="-122.95765681961727">
        <ele>940.8</ele>
      </trkpt>
      <trkpt lat="50.10052973534463" lon="-122.95766646510071">
        <ele>940.8</ele>
      </trkpt>
      <trkpt lat="50.10052923700843" lon="-122.95767607991183">
        <ele>940.8</ele>
      </trkpt>
      <trkpt lat="50.10052831530588" lon="-122.95768561843518">
        <ele>940.8</ele>
      </trkpt>
      <trkpt lat="50.10052697460979" lon="-122.9576950354172">
        <ele>940.8</ele>
      </trkpt>
      <trkpt lat="50.100525221280826" lon="-122.957704286181">
        <ele>940.8</ele>
      </trkpt>
      <trkpt lat="50.10055522128083" lon="-122.95771428620873">
        <ele>940.8</ele>
      </trkpt>
      <trkpt lat="50.10055727430492" lon="-122.95770317470557">
        <ele>940.8</ele>
      </trkpt>
      <trkpt lat="50.10055873233607" lon="-122.95769183703374">
        <ele>940.8</ele>
      </trkpt>
      <trkpt lat="50.10055958543415" lon="-122.95768035048782">
        <ele>940.8</ele>
      </trkpt>
      <trkpt lat="50.10055982778315" lon="-122.95766879337741">
        <ele>940.8</ele>
      </trkpt>
      <trkpt lat="50.100559457730874" lon="-122.95765724449316">
        <ele>940.8</ele>
      </trkpt>
      <trkpt lat="50.100558477800135" lon="-122.95764578256963">
        <ele>940.8</ele>
      </trkpt>
      <trkpt lat="50.10055689467163" lon="-122.95763448574853">
        <ele>940.8</ele>
      </trkpt>
      <trkpt lat="50.10055471913833" lon="-122.95762343104599">
        <ele>940.8</ele>
      </trkpt>
      <trkpt lat="50.10055196603196" lon="-122.95761269382749">
        <ele>940.8</ele>
      </trkpt>
      <trkpt lat="50.100548654121816" lon="-122.95760234729406">
        <ele>940.8</ele>
      </trkpt>
      <trkpt lat="50.100838654121816" lon="-122.95744234688452">
        <ele>937.2</ele>
      </trkpt>
      <trkpt lat="50.100835387930566" lon="-122.95743384368814">
        <ele>937.2</ele>
      </trkpt>
      <trkpt lat="50.10083174415423" lon="-122.95742572192532">
        <ele>937.2</ele>
      </trkpt>
      <trkpt lat="50.10082774104286" lon="-122.95741802227444">
        <ele>937.2</ele>
      </trkpt>
      <trkpt lat="50.10082339864632" lon="-122.95741078329966">
        <ele>937.2</ele>
      </trkpt>
      <trkpt lat="50.10081873871375" lon="-122.95740404125785">
        <ele>937.2</ele>
      </trkpt>
      <trkpt lat="50.10081378458471" lon="-122.9573978299169">
        <ele>937.2</ele>
      </trkpt>
      <trkpt lat="50.10080856107226" lon="-122.95739218038675">
        <ele>937.2</ele>
      </trkpt>
      <trkpt lat="50.1008030943387" lon="-122.95738712096338">
        <ele>937.2</ele>
      </trkpt>
      <trkpt lat="50.10079741176448" lon="-122.95738267698724">
        <ele>937.2</ele>
      </trkpt>
      <trkpt lat="50.10079154181114" lon="-122.95737887071624">
        <ele>937.2</ele>
      </trkpt>
      <trkpt lat="50.10097154181114" lon="-122.95689887022354">
        <ele>936.6</ele>
      </trkpt>
      <trkpt lat="50.100975100449936" lon="-122.9569010867882">
        <ele>936.6</ele>
      </trkpt>
      <trkpt lat="50.100978595211735" lon="-122.95690353795355">
        <ele>936.6</ele>
      </trkpt>
      <trkpt lat="50.10098201973665" lon="-122.95690621925884">
        <ele>936.6</ele>
      </trkpt>
      <trkpt lat="50.10098536779261" lon="-122.95690912582454">
        <ele>936.6</ele>
      </trkpt>
      <trkpt lat="50.10098863328672" lon="-122.95691225236119">
        <ele>936.6</ele>
      </trkpt>
      <trkpt lat="50.10099181027631" lon="-122.95691559317902">
        <ele>936.6</ele>
      </trkpt>
      <trkpt lat="50.10099489297979" lon="-122.95691914219827">
        <ele>936.6</ele>
      </trkpt>
      <trkpt lat="50.10099787578716" lon="-122.95692289296035">
        <ele>936.6</ele>
      </trkpt>
      <trkpt lat="50.10100075327019" lon="-122.95692683863948">
        <ele>936.6</ele>
      </trkpt>
      <trkpt lat="50.10100352019235" lon="-122.95693097205516">
        <ele>936.6</ele>
      </trkpt>
      <trkpt lat="50.10104352019235" lon="-122.95689097197247">
        <ele>936.6</ele>
      </trkpt>
      <trkpt lat="50.101049716699606" lon="-122.95690168275931">
        <ele>936.6</ele>
      </trkpt>
      <trkpt lat="50.101055173695734" lon="-122.95691333036018">
        <ele>936.6</ele>
      </trkpt>
      <trkpt lat="50.101059833296326" lon="-122.95692579122463">
        <ele>936.6</ele>
      </trkpt>
      <trkpt lat="50.10106364607526" lon="-122.95693893317559">
        <ele>936.6</ele>
      </trkpt>
      <trkpt lat="50.10106657158895" lon="-122.95695261681149">
        <ele>936.6</ele>
      </trkpt>
      <trkpt lat="50.10106857880539" lon="-122.95696669698486">
        <ele>936.6</ele>
      </trkpt>
      <trkpt lat="50.101069646433274" lon="-122.95698102434204">
        <ele>936.6</ele>
      </trkpt>
      <trkpt lat="50.101069763147876" lon="-122.95699544690737">
        <ele>936.6</ele>
      </trkpt>
      <trkpt lat="50.10106892771116" lon="-122.95700981169533">
        <ele>936.6</ele>
      </trkpt>
      <trkpt lat="50.101067148984924" lon="-122.95702396633321">
        <ele>936.6</ele>
      </trkpt>
      <trkpt lat="50.10114714898492" lon="-122.95704396638993">
        <ele>936.6</ele>
      </trkpt>
      <trkpt lat="50.10114452614539" lon="-122.95705741422138">
        <ele>936.6</ele>
      </trkpt>
      <trkpt lat="50.101141051870556" lon="-122.95707038444745">
        <ele>936.6</ele>
      </trkpt>
      <trkpt lat="50.10113676115694" lon="-122.95708274641852">
        <ele>936.6</ele>
      </trkpt>
      <trkpt lat="50.10113169722505" lon="-122.95709437561194">
        <ele>936.6</ele>
      </trkpt>
      <trkpt lat="50.1011259110841" lon="-122.9571051548864">
        <ele>936.6</ele>
      </trkpt>
      <trkpt lat="50.101119461018115" lon="-122.95711497566182">
        <ele>936.6</ele>
      </trkpt>
      <trkpt lat="50.101112411998876" lon="-122.95712373901313">
        <ele>936.6</ele>
      </trkpt>
      <trkpt lat="50.101104835031435" lon="-122.95713135666671">
        <ele>936.6</ele>
      </trkpt>
      <trkpt lat="50.101096806438896" lon="-122.95713775188966">
        <ele>936.6</ele>
      </trkpt>
      <trkpt lat="50.101088407093606" lon="-122.95714286026262">
        <ele>936.6</ele>
      </trkpt>
      <trkpt lat="50.10112840709361" lon="-122.95726286037356">
        <ele>936.6</ele>
      </trkpt>
      <trkpt lat="50.10112523093794" lon="-122.95726440961548">
        <ele>936.6</ele>
      </trkpt>
      <trkpt lat="50.10112202015308" lon="-122.95726577438165">
        <ele>936.6</ele>
      </trkpt>
      <trkpt lat="50.10111877914579" lon="-122.95726695279895">
        <ele>936.6</ele>
      </trkpt>
      <trkpt lat="50.10111551236434" lon="-122.95726794325">
        <ele>936.6</ele>
      </trkpt>
      <trkpt lat="50.10111222429232" lon="-122.95726874437544">
        <ele>936.6</ele>
      </trkpt>
      <trkpt lat="50.1011089194426" lon="-122.95726935507571">
        <ele>936.6</ele>
      </trkpt>
      <trkpt lat="50.10110560235104" lon="-122.95726977451264">
        <ele>936.6</ele>
      </trkpt>
      <trkpt lat="50.10110227757031" lon="-122.95727000211056">
        <ele>936.6</ele>
      </trkpt>
      <trkpt lat="50.101098949663644" lon="-122.9572700375571">
        <ele>936.6</ele>
      </trkpt>
      <trkpt lat="50.10109562319855" lon="-122.9572698808036">
        <ele>936.6</ele>
      </trkpt>
      <trkpt lat="50.101075623198554" lon="-122.95767988074519">
        <ele>932.4</ele>
      </trkpt>
      <trkpt lat="50.10107691288829" lon="-122.95767996434948">
        <ele>932.4</ele>
      </trkpt>
      <trkpt lat="50.10107820321543" lon="-122.95768001905466">
        <ele>932.4</ele>
      </trkpt>
      <trkpt lat="50.101079493913566" lon="-122.95768004484943">
        <ele>932.4</ele>
      </trkpt>
      <trkpt lat="50.101080784716196" lon="-122.95768004172845">
        <ele>932.4</ele>
      </trkpt>
      <trkpt lat="50.1010820753568" lon="-122.9576800096924">
        <ele>932.4</ele>
      </trkpt>
      <trkpt lat="50.1010833655689" lon="-122.95767994874785">
        <ele>932.4</ele>
      </trkpt>
      <trkpt lat="50.10108465508608" lon="-122.95767985890743">
        <ele>932.4</ele>
      </trkpt>
      <trkpt lat="50.10108594364212" lon="-122.95767974018965">
        <ele>932.4</ele>
      </trkpt>
      <trkpt lat="50.10108723097094" lon="-122.95767959261903">
        <ele>932.4</ele>
      </trkpt>
      <trkpt lat="50.10108851680674" lon="-122.95767941622606">
        <ele>932.4</ele>
      </trkpt>
      <trkpt lat="50.10110851680674" lon="-122.95788941628427">
        <ele>932.4</ele>
      </trkpt>
      <trkpt lat="50.101110542624596" lon="-122.95788907931771">
        <ele>932.4</ele>
      </trkpt>
      <trkpt lat="50.1011125630198" lon="-122.95788867081498">
        <ele>932.4</ele>
      </trkpt>
      <trkpt lat="50.101114576953144" lon="-122.9578881909862">
        <ele>932.4</ele>
      </trkpt>
      <trkpt lat="50.10111658338876" lon="-122.95788764007818">
        <ele>932.4</ele>
      </trkpt>
      <trkpt lat="50.10111858129462" lon="-122.9578870183743">
        <ele>932.4</ele>
      </trkpt>
      <trkpt lat="50.1011205696431" lon="-122.9578863261943">
        <ele>932.4</ele>
      </trkpt>
      <trkpt lat="50.10112254741148" lon="-122.95788556389422">
        <ele>932.4</ele>
      </trkpt>
      <trkpt lat="50.101124513582484" lon="-122.95788473186616">
        <ele>932.4</ele>
      </trkpt>
      <trkpt lat="50.1011264671448" lon="-122.95788383053807">
        <ele>932.4</ele>
      </trkpt>
      <trkpt lat="50.101128407093604" lon="-122.95788286037356">
        <ele>932.4</ele>
      </trkpt>
      <trkpt lat="50.1011584070936" lon="-122.95797286045676">
        <ele>928.0</ele>
      </trkpt>
      <trkpt lat="50.10116066579127" lon="-122.95797163436075">
        <ele>928.0</ele>
      </trkpt>
      <trkpt lat="50.10116290275119" lon="-122.95797031495442">
        <ele>928.0</ele>
      </trkpt>
      <trkpt lat="50.10116511638768" lon="-122.9579689031731">
        <ele>928.0</ele>
      </trkpt>
      <trkpt lat="50.10116730513158" lon="-122.95796740001751">
        <ele>928.0</ele>
      </trkpt>
      <trkpt lat="50.10116946743138" lon="-122.95796580655319">
        <ele>928.0</ele>
      </trkpt>
      <trkpt lat="50.10117160175431" lon="-122.95796412390968">
        <ele>928.0</ele>
      </trkpt>
      <trkpt lat="50.10117370658743" lon="-122.95796235327973">
        <ele>928.0</ele>
      </trkpt>
      <trkpt lat="50.101175780438716" lon="-122.95796049591848">
        <ele>928.0</ele>
      </trkpt>
      <trkpt lat="50.1011778218381" lon="-122.95795855314253">
        <ele>928.0</ele>
      </trkpt>
      <trkpt lat="50.101179829338506" lon="-122.95795652632906">
        <ele>928.0</ele>
      </trkpt>
      <trkpt lat="50.10123982933851" lon="-122.958046526475">
        <ele>928.0</ele>
      </trkpt>
      <trkpt lat="50.10124381214992" lon="-122.95804213895275">
        <ele>928.0</ele>
      </trkpt>
      <trkpt lat="50.101247636364256" lon="-122.95803742093062">
        <ele>928.0</ele>
      </trkpt>
      <trkpt lat="50.10125129071068" lon="-122.95803238631373">
        <ele>928.0</ele>
      </trkpt>
      <trkpt lat="50.10125476441895" lon="-122.9580270499403">
        <ele>928.0</ele>
      </trkpt>
      <trkpt lat="50.101258047251235" lon="-122.95802142753784">
        <ele>928.0</ele>
      </trkpt>
      <trkpt lat="50.10126112953227" lon="-122.95801553567694">
        <ele>928.0</ele>
      </trkpt>
      <trkpt lat="50.101264002177835" lon="-122.95800939172226">
        <ele>928.0</ele>
      </trkpt>
      <trkpt lat="50.10126665672157" lon="-122.95800301378151">
        <ele>928.0</ele>
      </trkpt>
      <trkpt lat="50.101269085339915" lon="-122.95799642065195">
        <ele>928.0</ele>
      </trkpt>
      <trkpt lat="50.10127128087515" lon="-122.9579896317651">
        <ele>928.0</ele>
      </trkpt>
      <trkpt lat="50.10144128087515" lon="-122.95806963197673">
        <ele>928.0</ele>
      </trkpt>
      <trkpt lat="50.10144288411194" lon="-122.95806400250545">
        <ele>928.0</ele>
      </trkpt>
      <trkpt lat="50.10144432702573" lon="-122.95805826857696">
        <ele>928.0</ele>
      </trkpt>
      <trkpt lat="50.10144560682549" lon="-122.95805244128242">
        <ele>928.0</ele>
      </trkpt>
      <trkpt lat="50.10144672103571" lon="-122.95804653189357">
        <ele>928.0</ele>
      </trkpt>
      <trkpt lat="50.101447667501155" lon="-122.95804055184098">
        <ele>928.0</ele>
      </trkpt>
      <trkpt lat="50.10144844439108" lon="-122.95803451269185">
        <ele>928.0</ele>
      </trkpt>
      <trkpt lat="50.10144905020275" lon="-122.95802842612775">
        <ele>928.0</ele>
      </trkpt>
      <trkpt lat="50.101449483764334" lon="-122.95802230392194">
        <ele>928.0</ele>
      </trkpt>
      <trkpt lat="50.10144974423719" lon="-122.9580161579166">
        <ele>928.0</ele>
      </trkpt>
      <trkpt lat="50.1014498311175" lon="-122.95801">
        <ele>928.0</ele>
      </trkpt>
      <trkpt lat="50.1014798311175" lon="-122.95801">
        <ele>923.4</ele>
      </trkpt>
      <trkpt lat="50.10147951370345" lon="-122.95799823728612">
        <ele>923.4</ele>
      </trkpt>
      <trkpt lat="50.10147856370444" lon="-122.95798655769822">
        <ele>923.4</ele>
      </trkpt>
      <trkpt lat="50.10147698783402" lon="-122.95797504377488">
        <ele>923.4</ele>
      </trkpt>
      <trkpt lat="50.101474797228725" lon="-122.95796377688391">
        <ele>923.4</ele>
      </trkpt>
      <trkpt lat="50.101472007369345" lon="-122.95795283664738">
        <ele>923.4</ele>
      </trkpt>
      <trkpt lat="50.10146863797157" lon="-122.9579423003789">
        <ele>923.4</ele>
      </trkpt>
      <trkpt lat="50.10146471284661" lon="-122.95793224253732">
        <ele>923.4</ele>
      </trkpt>
      <trkpt lat="50.10146025973295" lon="-122.95792273420044">
        <ele>923.4</ele>
      </trkpt>
      <trkpt lat="50.10145531010034" lon="-122.9579138425628">
        <ele>923.4</ele>
      </trkpt>
      <trkpt lat="50.10144989892737" lon="-122.95790563046076">
        <ele>923.4</ele>
      </trkpt>
      <trkpt lat="50.10161989892737" lon="-122.95771563009038">
        <ele>923.4</ele>
      </trkpt>
      <trkpt lat="50.101626661072444" lon="-122.95772612253458">
        <ele>923.4</ele>
      </trkpt>
      <trkpt lat="50.10163267131223" lon="-122.95773767387209">
        <ele>923.4</ele>
      </trkpt>
      <trkpt lat="50.101637861854066" lon="-122.95775015380929">
        <ele>923.4</ele>
      </trkpt>
      <trkpt lat="50.10164217415112" lon="-122.95776342157839">
        <ele>923.4</ele>
      </trkpt>
      <trkpt lat="50.1016455595627" lon="-122.95777732752528">
        <ele>923.4</ele>
      </trkpt>
      <trkpt lat="50.10164797990298" lon="-122.95779171479744">
        <ele>923.4</ele>
      </trkpt>
      <trkpt lat="50.101649407871676" lon="-122.95780642111326">
        <ele>923.4</ele>
      </trkpt>
      <trkpt lat="50.10164982736197" lon="-122.9578212805925">
        <ele>923.4</ele>
      </trkpt>
      <trkpt lat="50.10164923364221" lon="-122.95783612562727">
        <ele>923.4</ele>
      </trkpt>
      <trkpt lat="50.101647633409286" lon="-122.95785078877259">
        <ele>923.4</ele>
      </trkpt>
      <trkpt lat="50.101645044713045" lon="-122.95786510463516">
        <ele>923.4</ele>
      </trkpt>
      <trkpt lat="50.10164149675277" lon="-122.95787891173885">
        <ele>923.4</ele>
      </trkpt>
      <trkpt lat="50.10163702954777" lon="-122.95789205434603">
        <ele>923.4</ele>
      </trkpt>
      <trkpt lat="50.10168702954777" lon="-122.95792205442125">
        <ele>923.4</ele>
      </trkpt>
      <trkpt lat="50.101682917064814" lon="-122.95793179635452">
        <ele>923.4</ele>
      </trkpt>
      <trkpt lat="50.1016782989336" lon="-122.95794097106551">
        <ele>923.4</ele>
      </trkpt>
      <trkpt lat="50.10167320717887" lon="-122.95794951493157">
        <ele>923.4</ele>
      </trkpt>
      <trkpt lat="50.101667677109724" lon="-122.95795736870468">
        <ele>923.4</ele>
      </trkpt>
      <trkpt lat="50.10166174707481" lon="-122.95796447792233">
        <ele>923.4</ele>
      </trkpt>
      <trkpt lat="50.10165545819635" lon="-122.95797079328518">
        <ele>923.4</ele>
      </trkpt>
      <trkpt lat="50.10164885408498" lon="-122.95797627099891">
        <ele>923.4</ele>
      </trkpt>
      <trkpt lat="50.101641980537366" lon="-122.95798087307797">
        <ele>923.4</ele>
      </trkpt>
      <trkpt lat="50.10163488521857" lon="-122.95798456760892">
        <ele>923.4</ele>
      </trkpt>
      <trkpt lat="50.10162761733157" lon="-122.95798732897178">
        <ele>923.4</ele>
      </trkpt>
      <trkpt lat="50.10163761733157" lon="-122.95803732900045">
        <ele>923.4</ele>
      </trkpt>
      <trkpt lat="50.101634727123695" lon="-122.95803815378157">
        <ele>923.4</ele>
      </trkpt>
      <trkpt lat="50.10163182116021" lon="-122.95803883076078">
        <ele>923.4</ele>
      </trkpt>
      <trkpt lat="50.10162890255002" lon="-122.9580393592138">
        <ele>923.4</ele>
      </trkpt>
      <trkpt lat="50.101625974415555" lon="-122.95803973857528">
        <ele>923.4</ele>
      </trkpt>
      <trkpt lat="50.101623039889446" lon="-122.95803996843937">
        <ele>923.4</ele>
      </trkpt>
      <trkpt lat="50.10162010211115" lon="-122.95804004856014">
        <ele>923.4</ele>
      </trkpt>
      <trkpt lat="50.10161716422362" lon="-122.95803997885189">
        <ele>923.4</ele>
      </trkpt>
      <trkpt lat="50.1016142293699" lon="-122.95803975938918">
        <ele>923.4</ele>
      </trkpt>
      <trkpt lat="50.10161130068981" lon="-122.95803939040681">
        <ele>923.4</ele>
      </trkpt>
      <trkpt lat="50.10160838131656" lon="-122.95803887229954">
        <ele>923.4</ele>
      </trkpt>
      <trkpt lat="50.10154838131656" lon="-122.9584988721256">
        <ele>920.4</ele>
      </trkpt>
      <trkpt lat="50.10155160200288" lon="-122.95849943513949">
        <ele>920.4</ele>
      </trkpt>
      <trkpt lat="50.10155483361983" lon="-122.95849981666792">
        <ele>920.4</ele>
      </trkpt>
      <trkpt lat="50.10155807196122" lon="-122.95850001621432">
        <ele>920.4</ele>
      </trkpt>
      <trkpt lat="50.1015613128121" lon="-122.95850003351894">
        <ele>920.4</ele>
      </trkpt>
      <trkpt lat="50.101564551954255" lon="-122.95849986855927">
        <ele>920.4</ele>
      </trkpt>
      <trkpt lat="50.101567785171696" lon="-122.95849952155002">
        <ele>920.4</ele>
      </trkpt>
      <trkpt lat="50.101571008256144" lon="-122.95849899294286">
        <ele>920.4</ele>
      </trkpt>
      <trkpt lat="50.101574217012505" lon="-122.95849828342578">
        <ele>920.4</ele>
      </trkpt>
      <trkpt lat="50.101577407264344" lon="-122.9584973939223">
        <ele>920.4</ele>
      </trkpt>
      <trkpt lat="50.1015805748593" lon="-122.95849632559016">
        <ele>920.4</ele>
      </trkpt>
      <trkpt lat="50.1016205748593" lon="-122.958666325704">
        <ele>920.4</ele>
      </trkpt>
      <trkpt lat="50.1016274909428" lon="-122.95866332935957">
        <ele>920.4</ele>
      </trkpt>
      <trkpt lat="50.10163423149161" lon="-122.95865948168276">
        <ele>920.4</ele>
      </trkpt>
      <trkpt lat="50.101640753466064" lon="-122.95865480724169">
        <ele>920.4</ele>
      </trkpt>
      <trkpt lat="50.10164701522218" lon="-122.9586493358835">
        <ele>920.4</ele>
      </trkpt>
      <trkpt lat="50.10165297677748" lon="-122.95864310254386">
        <ele>920.4</ele>
      </trkpt>
      <trkpt lat="50.10165860006635" lon="-122.95863614702374">
        <ele>920.4</ele>
      </trkpt>
      <trkpt lat="50.10166384918307" lon="-122.95862851373542">
        <ele>920.4</ele>
      </trkpt>
      <trkpt lat="50.10166869061105" lon="-122.95862025141886">
        <ele>920.4</ele>
      </trkpt>
      <trkpt lat="50.1016730934369" lon="-122.95861141283045">
        <ele>920.4</ele>
      </trkpt>
      <trkpt lat="50.10167702954776" lon="-122.95860205440621">
        <ele>920.4</ele>
      </trkpt>
      <trkpt lat="50.10177702954776" lon="-122.95866205455663">
        <ele>913.8</ele>
      </trkpt>
      <trkpt lat="50.101780723249725" lon="-122.95865144586075">
        <ele>913.8</ele>
      </trkpt>
      <trkpt lat="50.10178381727735" lon="-122.9586403806978">
        <ele>913.8</ele>
      </trkpt>
      <trkpt lat="50.10178628864581" lon="-122.9586289412683">
        <ele>913.8</ele>
      </trkpt>
      <trkpt lat="50.1017881189959" lon="-122.95861721255312">
        <ele>913.8</ele>
      </trkpt>
      <trkpt lat="50.10178929473035" lon="-122.9586052816822">
        <ele>913.8</ele>
      </trkpt>
      <trkpt lat="50.10178980711492" lon="-122.95859323728718">
        <ele>913.8</ele>
      </trkpt>
      <trkpt lat="50.10178965234321" lon="-122.95858116884311">
        <ele>913.8</ele>
      </trkpt>
      <trkpt lat="50.10178883156499" lon="-122.95856916600366">
        <ele>913.8</ele>
      </trkpt>
      <trkpt lat="50.101787350877636" lon="-122.95855731793515">
        <ele>913.8</ele>
      </trkpt>
      <trkpt lat="50.10178522128082" lon="-122.95854571265413">
        <ele>913.8</ele>
      </trkpt>
      <trkpt lat="50.10187522128082" lon="-122.95851571257093">
        <ele>913.8</ele>
      </trkpt>
      <trkpt lat="50.10187324896667" lon="-122.9585073787535">
        <ele>913.8</ele>
      </trkpt>
      <trkpt lat="50.101870941736415" lon="-122.95849925663482">
        <ele>913.8</ele>
      </trkpt>
      <trkpt lat="50.1018683088722" lon="-122.95849137889073">
        <ele>913.8</ele>
      </trkpt>
      <trkpt lat="50.101865360966215" lon="-122.9584837772139">
        <ele>913.8</ele>
      </trkpt>
      <trkpt lat="50.10186210987808" lon="-122.95847648218637">
        <ele>913.8</ele>
      </trkpt>
      <trkpt lat="50.10185856868713" lon="-122.95846952315654">
        <ele>913.8</ele>
      </trkpt>
      <trkpt lat="50.10185475163981" lon="-122.95846292812104">
        <ele>913.8</ele>
      </trkpt>
      <trkpt lat="50.10185067409237" lon="-122.95845672361212">
        <ele>913.8</ele>
      </trkpt>
      <trkpt lat="50.101846352449044" lon="-122.95845093459094">
        <ele>913.8</ele>
      </trkpt>
      <trkpt lat="50.10184180409608" lon="-122.95844558434712">
        <ele>913.8</ele>
      </trkpt>
      <trkpt lat="50.10196180409608" lon="-122.95827558406049">
        <ele>913.8</ele>
      </trkpt>
      <trkpt lat="50.101955773456744" lon="-122.95826949567274">
        <ele>913.8</ele>
      </trkpt>
      <trkpt lat="50.10194945001552" lon="-122.95826417812243">
        <ele>913.8</ele>
      </trkpt>
      <trkpt lat="50.10194287422195" lon="-122.9582596654247">
        <ele>913.8</ele>
      </trkpt>
      <trkpt lat="50.101936088139816" lon="-122.95825598644618">
        <ele>913.8</ele>
      </trkpt>
      <trkpt lat="50.10192913517807" lon="-122.95825316472042">
        <ele>913.8</ele>
      </trkpt>
      <trkpt lat="50.10192205981315" lon="-122.95825121829732">
        <ele>913.8</ele>
      </trkpt>
      <trkpt lat="50.10191490730448" lon="-122.9582501596277">
        <ele>913.8</ele>
      </trkpt>
      <trkpt lat="50.101907723404956" lon="-122.9582499954836">
        <ele>913.8</ele>
      </trkpt>
      <trkpt lat="50.101900554068266" lon="-122.95825072691503">
        <ele>913.8</ele>
      </trkpt>
      <trkpt lat="50.10189344515495" lon="-122.95825234924317">
        <ele>913.8</ele>
      </trkpt>
      <trkpt lat="50.10183344515495" lon="-122.9579323494156">
        <ele>916.6</ele>
      </trkpt>
      <trkpt lat="50.101835778196474" lon="-122.9579317169345">
        <ele>916.6</ele>
      </trkpt>
      <trkpt lat="50.10183812112087" lon="-122.95793118054769">
        <ele>916.6</ele>
      </trkpt>
      <trkpt lat="50.10184047230001" lon="-122.9579307406279">
        <ele>916.6</ele>
      </trkpt>
      <trkpt lat="50.101842830100054" lon="-122.95793039748084">
        <ele>916.6</ele>
      </trkpt>
      <trkpt lat="50.10184519288253" lon="-122.95793015134497">
        <ele>916.6</ele>
      </trkpt>
      <trkpt lat="50.10184755900552" lon="-122.95793000239134">
        <ele>916.6</ele>
      </trkpt>
      <trkpt lat="50.10184992682478" lon="-122.95792995072344">
        <ele>916.6</ele>
      </trkpt>
      <trkpt lat="50.10185229469489" lon="-122.95792999637717">
        <ele>916.6</ele>
      </trkpt>
      <trkpt lat="50.101854660970396" lon="-122.95793013932084">
        <ele>916.6</ele>
      </trkpt>
      <trkpt lat="50.10185702400695" lon="-122.95793037945508">
        <ele>916.6</ele>
      </trkpt>
      <trkpt lat="50.101897024006945" lon="-122.9574203793385">
        <ele>916.6</ele>
      </trkpt>
      <trkpt lat="50.101902528006825" lon="-122.95742131919937">
        <ele>916.6</ele>
      </trkpt>
      <trkpt lat="50.101907984411376" lon="-122.95742278592441">
        <ele>916.6</ele>
      </trkpt>
      <trkpt lat="50.101913372491104" lon="-122.95742477394134">
        <ele>916.6</ele>
      </trkpt>
      <trkpt lat="50.101918671776076" lon="-122.95742727569747">
        <ele>916.6</ele>
      </trkpt>
      <trkpt lat="50.1019238621337" lon="-122.95743028168836">
        <ele>916.6</ele>
      </trkpt>
      <trkpt lat="50.10192892384523" lon="-122.95743378049389">
        <ele>916.6</ele>
      </trkpt>
      <trkpt lat="50.101933837680626" lon="-122.95743775882168">
        <ele>916.6</ele>
      </trkpt>
      <trkpt lat="50.10193858497169" lon="-122.95744220155765">
        <ele>916.6</ele>
      </trkpt>
      <trkpt lat="50.10194314768291" lon="-122.95744709182331">
        <ele>916.6</ele>
      </trkpt>
      <trkpt lat="50.10194750848002" lon="-122.95745241104001">
        <ele>916.6</ele>
      </trkpt>
      <trkpt lat="50.101997508480025" lon="-122.95739241092771">
        <ele>916.4</ele>
      </trkpt>
      <trkpt lat="50.102004351917785" lon="-122.95740228387992">
        <ele>916.4</ele>
      </trkpt>
      <trkpt lat="50.10201050207494" lon="-122.9574132095543">
        <ele>916.4</ele>
      </trkpt>
      <trkpt lat="50.1020158926942" lon="-122.95742507024559">
        <ele>916.4</ele>
      </trkpt>
      <trkpt lat="50.10202046570096" lon="-122.95743773817539">
        <ele>916.4</ele>
      </trkpt>
      <trkpt lat="50.10202417182897" lon="-122.95745107686864">
        <ele>916.4</ele>
      </trkpt>
      <trkpt lat="50.10202697115114" lon="-122.957464942624">
        <ele>916.4</ele>
      </trkpt>
      <trkpt lat="50.10202883350959" lon="-122.95747918606195">
        <ele>916.4</ele>
      </trkpt>
      <trkpt lat="50.10202973884064" lon="-122.95749365373406">
        <ele>916.4</ele>
      </trkpt>
      <trkpt lat="50.10202967739092" lon="-122.95750818977622">
        <ele>916.4</ele>
      </trkpt>
      <trkpt lat="50.10202864982242" lon="-122.95752263758772">
        <ele>916.4</ele>
      </trkpt>
      <trkpt lat="50.10202666720544" lon="-122.95753684151835">
        <ele>916.4</ele>
      </trkpt>
      <trkpt lat="50.10202375089924" lon="-122.95755064854536">
        <ele>916.4</ele>
      </trkpt>
      <trkpt lat="50.10201993232198" lon="-122.9575639099219">
        <ele>916.4</ele>
      </trkpt>
      <trkpt lat="50.102015252612205" lon="-122.95757648277959">
        <ele>916.4</ele>
      </trkpt>
      <trkpt lat="50.102009762185716" lon="-122.95758823166763">
        <ele>916.4</ele>
      </trkpt>
      <trkpt lat="50.10200352019235" lon="-122.95759903001208">
        <ele>916.4</ele>
      </trkpt>
      <trkpt lat="50.10205352019235" lon="-122.95764903011543">
        <ele>912.4</ele>
      </trkpt>
      <trkpt lat="50.10204967756244" lon="-122.95765467860957">
        <ele>912.4</ele>
      </trkpt>
      <trkpt lat="50.10204562865856" lon="-122.95765996528476">
        <ele>912.4</ele>
      </trkpt>
      <trkpt lat="50.10204138747563" lon="-122.95766487186775">
        <ele>912.4</ele>
      </trkpt>
      <trkpt lat="50.102036968673204" lon="-122.95766938139904">
        <ele>912.4</ele>
      </trkpt>
      <trkpt lat="50.10203238752475" lon="-122.95767347829157">
        <ele>912.4</ele>
      </trkpt>
      <trkpt lat="50.102027659864895" lon="-122.95767714838452">
        <ele>912.4</ele>
      </trkpt>
      <trkpt lat="50.102022802034675" lon="-122.95768037899231">
        <ele>912.4</ele>
      </trkpt>
      <trkpt lat="50.10201783082506" lon="-122.95768315894844">
        <ele>912.4</ele>
      </trkpt>
      <trkpt lat="50.102012763418905" lon="-122.95768547864404">
        <ele>912.4</ele>
      </trkpt>
      <trkpt lat="50.10200761733157" lon="-122.95768733006116">
        <ele>912.4</ele>
      </trkpt>
      <trkpt lat="50.10201761733157" lon="-122.95773733008984">
        <ele>912.4</ele>
      </trkpt>
      <trkpt lat="50.102015875220786" lon="-122.95773784546715">
        <ele>912.4</ele>
      </trkpt>
      <trkpt lat="50.10201412692442" lon="-122.95773830713472">
        <ele>912.4</ele>
      </trkpt>
      <trkpt lat="50.102012373123685" lon="-122.95773871491265">
        <ele>912.4</ele>
      </trkpt>
      <trkpt lat="50.10201061450191" lon="-122.95773906864207">
        <ele>912.4</ele>
      </trkpt>
      <trkpt lat="50.10200885174433" lon="-122.95773936818513">
        <ele>912.4</ele>
      </trkpt>
      <trkpt lat="50.10200708553778" lon="-122.95773961342513">
        <ele>912.4</ele>
      </trkpt>
      <trkpt lat="50.10200531657044" lon="-122.95773980426652">
        <ele>912.4</ele>
      </trkpt>
      <trkpt lat="50.10200354553156" lon="-122.95773994063495">
        <ele>912.4</ele>
      </trkpt>
      <trkpt lat="50.10200177311121" lon="-122.95774002247725">
        <ele>912.4</ele>
      </trkpt>
      <trkpt lat="50.102" lon="-122.95774004976157">
        <ele>912.4</ele>
      </trkpt>
      <trkpt lat="50.102" lon="-122.95823004976157">
        <ele>909.8</ele>
      </trkpt>
      <trkpt lat="50.10200902623358" lon="-122.95822934098024">
        <ele>909.8</ele>
      </trkpt>
      <trkpt lat="50.102017961104984" lon="-122.95822722181043">
        <ele>909.8</ele>
      </trkpt>
      <trkpt lat="50.10202671417677" lon="-122.95822371370207">
        <ele>909.8</ele>
      </trkpt>
      <trkpt lat="50.10203519685169" lon="-122.95821885216368">
        <ele>909.8</ele>
      </trkpt>
      <trkpt lat="50.10204332326934" lon="-122.95821268640306">
        <ele>909.8</ele>
      </trkpt>
      <trkpt lat="50.10205101117538" lon="-122.95820527882907">
        <ele>909.8</ele>
      </trkpt>
      <trkpt lat="50.10205818275396" lon="-122.95819670442009">
        <ele>909.8</ele>
      </trkpt>
      <trkpt lat="50.102064765415435" lon="-122.95818704996499">
        <ele>909.8</ele>
      </trkpt>
      <trkpt lat="50.1020706925311" lon="-122.95817641318472">
        <ele>909.8</ele>
      </trkpt>
      <trkpt lat="50.10207590410758" lon="-122.95816490174317">
        <ele>909.8</ele>
      </trkpt>
      <trkpt lat="50.102080347394086" lon="-122.95815263215742">
        <ele>909.8</ele>
      </trkpt>
      <trkpt lat="50.10210034739409" lon="-122.95816263218357">
        <ele>909.8</ele>
      </trkpt>
      <trkpt lat="50.10210417813402" lon="-122.95814889683854">
        <ele>909.8</ele>
      </trkpt>
      <trkpt lat="50.10210704611672" lon="-122.95813460225344">
        <ele>909.8</ele>
      </trkpt>
      <trkpt lat="50.102108918540665" lon="-122.95811991191746">
        <ele>909.8</ele>
      </trkpt>
      <trkpt lat="50.102109773990676" lon="-122.95810499384608">
        <ele>909.8</ele>
      </trkpt>
      <trkpt lat="50.102109602682845" lon="-122.95809001865938">
        <ele>909.8</ele>
      </trkpt>
      <trkpt lat="50.102108406576455" lon="-122.95807515763066">
        <ele>909.8</ele>
      </trkpt>
      <trkpt lat="50.10210619935153" lon="-122.95806058072765">
        <ele>909.8</ele>
      </trkpt>
      <trkpt lat="50.102103006252435" lon="-122.95804645466843">
        <ele>909.8</ele>
      </trkpt>
      <trkpt lat="50.10209886379907" lon="-122.95803294101476">
        <ele>909.8</ele>
      </trkpt>
      <trkpt lat="50.10209381936928" lon="-122.95802019432418">
        <ele>909.8</ele>
      </trkpt>
      <trkpt lat="50.10208793065692" lon="-122.95800836038242">
        <ele>909.8</ele>
      </trkpt>
      <trkpt lat="50.10208126501202" lon="-122.95799757453592">
        <ele>909.8</ele>
      </trkpt>
      <trkpt lat="50.102073898670504" lon="-122.95798796014397">
        <ele>909.8</ele>
      </trkpt>
      <trkpt lat="50.1021338986705" lon="-122.95790796000364">
        <ele>910.0</ele>
      </trkpt>
      <trkpt lat="50.10213064017793" lon="-122.95790432408906">
        <ele>910.0</ele>
      </trkpt>
      <trkpt lat="50.10212728092297" lon="-122.95790091834313">
        <ele>910.0</ele>
      </trkpt>
      <trkpt lat="50.10212382758978" lon="-122.9578977495425">
        <ele>910.0</ele>
      </trkpt>
      <trkpt lat="50.10212028704969" lon="-122.95789482399235">
        <ele>910.0</ele>
      </trkpt>
      <trkpt lat="50.10211666634757" lon="-122.95789214751387">
        <ele>910.0</ele>
      </trkpt>
      <trkpt lat="50.1021129726878" lon="-122.95788972543264">
        <ele>910.0</ele>
      </trkpt>
      <trkpt lat="50.102109213419915" lon="-122.95788756256803">
        <ele>910.0</ele>
      </trkpt>
      <trkpt lat="50.102105396023994" lon="-122.95788566322366">
        <ele>910.0</ele>
      </trkpt>
      <trkpt lat="50.10210152809578" lon="-122.95788403117879">
        <ele>910.0</ele>
      </trkpt>
      <trkpt lat="50.10209761733158" lon="-122.95788266968083">
        <ele>910.0</ele>
      </trkpt>
      <trkpt lat="50.10216761733158" lon="-122.95753266948013">
        <ele>912.4</ele>
      </trkpt>
      <trkpt lat="50.10217276341891" lon="-122.95753452090344">
        <ele>912.4</ele>
      </trkpt>
      <trkpt lat="50.10217783082507" lon="-122.95753684060679">
        <ele>912.4</ele>
      </trkpt>
      <trkpt lat="50.10218280203468" lon="-122.9575396205722">
        <ele>912.4</ele>
      </trkpt>
      <trkpt lat="50.1021876598649" lon="-122.9575428511908">
        <ele>912.4</ele>
      </trkpt>
      <trkpt lat="50.10219238752475" lon="-122.957546521296">
        <ele>912.4</ele>
      </trkpt>
      <trkpt lat="50.102196968673205" lon="-122.9575506182022">
        <ele>912.4</ele>
      </trkpt>
      <trkpt lat="50.10220138747563" lon="-122.95755512774856">
        <ele>912.4</ele>
      </trkpt>
      <trkpt lat="50.10220562865856" lon="-122.95756003434794">
        <ele>912.4</ele>
      </trkpt>
      <trkpt lat="50.10220967756244" lon="-122.95756532104078">
        <ele>912.4</ele>
      </trkpt>
      <trkpt lat="50.10221352019235" lon="-122.95757096955379">
        <ele>912.4</ele>
      </trkpt>
      <trkpt lat="50.102243520192346" lon="-122.95754096949177">
        <ele>912.4</ele>
      </trkpt>
      <trkpt lat="50.10224894950369" lon="-122.95755022860345">
        <ele>912.4</ele>
      </trkpt>
      <trkpt lat="50.102253825579275" lon="-122.95756020802122">
        <ele>912.4</ele>
      </trkpt>
      <trkpt lat="50.102258109294525" lon="-122.9575708276724">
        <ele>912.4</ele>
      </trkpt>
      <trkpt lat="50.10226176627785" lon="-122.95758200234724">
        <ele>912.4</ele>
      </trkpt>
      <trkpt lat="50.10226476718641" lon="-122.95759364238258">
        <ele>912.4</ele>
      </trkpt>
      <trkpt lat="50.10226708794158" lon="-122.95760565438133">
        <ele>912.4</ele>
      </trkpt>
      <trkpt lat="50.10226870992211" lon="-122.95761794196181">
        <ele>912.4</ele>
      </trkpt>
      <trkpt lat="50.102269620113596" lon="-122.9576304065312">
        <ele>912.4</ele>
      </trkpt>
      <trkpt lat="50.10226981121285" lon="-122.95764294807647">
        <ele>912.4</ele>
      </trkpt>
      <trkpt lat="50.102269281686546" lon="-122.95765546596701">
        <ele>912.4</ele>
      </trkpt>
      <trkpt lat="50.102359281686546" lon="-122.95766546599607">
        <ele>909.8</ele>
      </trkpt>
      <trkpt lat="50.102358760040715" lon="-122.95767156245958">
        <ele>909.8</ele>
      </trkpt>
      <trkpt lat="50.10235806721042" lon="-122.95767761733728">
        <ele>909.8</ele>
      </trkpt>
      <trkpt lat="50.102357204531856" lon="-122.95768361895162">
        <ele>909.8</ele>
      </trkpt>
      <trkpt lat="50.10235617366882" lon="-122.95768955572773">
        <ele>909.8</ele>
      </trkpt>
      <trkpt lat="50.10235497660944" lon="-122.95769541621584">
        <ele>909.8</ele>
      </trkpt>
      <trkpt lat="50.1023536156624" lon="-122.9577011891133">
        <ele>909.8</ele>
      </trkpt>
      <trkpt lat="50.102352093452446" lon="-122.95770686328635">
        <ele>909.8</ele>
      </trkpt>
      <trkpt lat="50.10235041291534" lon="-122.95771242779169">
        <ele>909.8</ele>
      </trkpt>
      <trkpt lat="50.10234857729222" lon="-122.95771787189749">
        <ele>909.8</ele>
      </trkpt>
      <trkpt lat="50.10234659012328" lon="-122.95772318510411">
        <ele>909.8</ele>
      </trkpt>
      <trkpt lat="50.10265659012329" lon="-122.95791318557774">
        <ele>902.4</ele>
      </trkpt>
      <trkpt lat="50.1026610063433" lon="-122.95790053467078">
        <ele>902.4</ele>
      </trkpt>
      <trkpt lat="50.10266456580585" lon="-122.95788724352346">
        <ele>902.4</ele>
      </trkpt>
      <trkpt lat="50.102667230864576" lon="-122.9578734527086">
        <ele>902.4</ele>
      </trkpt>
      <trkpt lat="50.10266897333267" lon="-122.9578593080837">
        <ele>902.4</ele>
      </trkpt>
      <trkpt lat="50.102669774781056" lon="-122.95784495924832">
        <ele>902.4</ele>
      </trkpt>
      <trkpt lat="50.102669626733274" lon="-122.95783055796183">
        <ele>902.4</ele>
      </trkpt>
      <trkpt lat="50.10266853075514" lon="-122.95781625653834">
        <ele>902.4</ele>
      </trkpt>
      <trkpt lat="50.10266649843818" lon="-122.95780220623575">
        <ele>902.4</ele>
      </trkpt>
      <trkpt lat="50.102663551277054" lon="-122.95778855565607">
        <ele>902.4</ele>
      </trkpt>
      <trkpt lat="50.10265972044217" lon="-122.95777544917358">
        <ele>902.4</ele>
      </trkpt>
      <trkpt lat="50.10265504645008" lon="-122.95776302540803">
        <ele>902.4</ele>
      </trkpt>
      <trkpt lat="50.10303504645008" lon="-122.95751302479738">
        <ele>900.7</ele>
      </trkpt>
      <trkpt lat="50.10303779082668" lon="-122.95751995966731">
        <ele>900.7</ele>
      </trkpt>
      <trkpt lat="50.103040271867314" lon="-122.9575271316364">
        <ele>900.7</ele>
      </trkpt>
      <trkpt lat="50.103042481173205" lon="-122.95753451642622">
        <ele>900.7</ele>
      </trkpt>
      <trkpt lat="50.10304441126546" lon="-122.95754208903794">
        <ele>900.7</ele>
      </trkpt>
      <trkpt lat="50.103046055610356" lon="-122.95754982383691">
        <ele>900.7</ele>
      </trkpt>
      <trkpt lat="50.103047408641494" lon="-122.95755769463945">
        <ele>900.7</ele>
      </trkpt>
      <trkpt lat="50.10304846577863" lon="-122.95756567480144">
        <ele>900.7</ele>
      </trkpt>
      <trkpt lat="50.10304922344316" lon="-122.95757373730862">
        <ele>900.7</ele>
      </trkpt>
      <trkpt lat="50.10304967907024" lon="-122.95758185486794">
        <ele>900.7</ele>
      </trkpt>
      <trkpt lat="50.1030498311175" lon="-122.95759">
        <ele>900.7</ele>
      </trkpt>
      <trkpt lat="50.1030798311175" lon="-122.95759">
        <ele>900.7</ele>
      </trkpt>
      <trkpt lat="50.1030794974502" lon="-122.9576020599666">
        <ele>900.7</ele>
      </trkpt>
      <trkpt lat="50.10307849892707" lon="-122.95761403034251">
        <ele>900.7</ele>
      </trkpt>
      <trkpt lat="50.103076842965876" lon="-122.95762582220256">
        <ele>900.7</ele>
      </trkpt>
      <trkpt lat="50.103074541868395" lon="-122.95763734794775">
        <ele>900.7</ele>
      </trkpt>
      <trkpt lat="50.10307161272893" lon="-122.957648521956">
        <ele>900.7</ele>
      </trkpt>
      <trkpt lat="50.10306807730739" lon="-122.95765926121818">
        <ele>900.7</ele>
      </trkpt>
      <trkpt lat="50.103063961867605" lon="-122.95766948595481">
        <ele>900.7</ele>
      </trkpt>
      <trkpt lat="50.103059296982224" lon="-122.95767912020867">
        <ele>900.7</ele>
      </trkpt>
      <trkpt lat="50.10305411730559" lon="-122.95768809240911">
        <ele>900.7</ele>
      </trkpt>
      <trkpt lat="50.103048461316334" lon="-122.95769633590375">
        <ele>900.7</ele>
      </trkpt>
      <trkpt lat="50.10310846131634" lon="-122.95776633603695">
        <ele>900.7</ele>
      </trkpt>
      <trkpt lat="50.10310228629717" lon="-122.95777388427344">
        <ele>900.7</ele>
      </trkpt>
      <trkpt lat="50.103095712335104" lon="-122.9577805635763">
        <ele>900.7</ele>
      </trkpt>
      <trkpt lat="50.10308878958928" lon="-122.95778632298266">
        <ele>900.7</ele>
      </trkpt>
      <trkpt lat="50.10308157088004" lon="-122.9577911185484">
        <ele>900.7</ele>
      </trkpt>
      <trkpt lat="50.10307411128593" lon="-122.95779491368351">
        <ele>900.7</ele>
      </trkpt>
      <trkpt lat="50.103066467723416" lon="-122.95779767943122">
        <ele>900.7</ele>
      </trkpt>
      <trkpt lat="50.10305869851266" lon="-122.95779939468896">
        <ele>900.7</ele>
      </trkpt>
      <trkpt lat="50.10305086293251" lon="-122.95780004636937">
        <ele>900.7</ele>
      </trkpt>
      <trkpt lat="50.10304302076822" lon="-122.95779962950013">
        <ele>900.7</ele>
      </trkpt>
      <trkpt lat="50.10303523185525" lon="-122.95779814726195">
        <ele>900.7</ele>
      </trkpt>
      <trkpt lat="50.103015231855245" lon="-122.95791814720427">
        <ele>898.0</ele>
      </trkpt>
      <trkpt lat="50.103011917801005" lon="-122.95791718609978">
        <ele>898.0</ele>
      </trkpt>
      <trkpt lat="50.10300862920861" lon="-122.95791603182127">
        <ele>898.0</ele>
      </trkpt>
      <trkpt lat="50.103005370708786" lon="-122.95791468599408">
        <ele>898.0</ele>
      </trkpt>
      <trkpt lat="50.10300214688987" lon="-122.9579131505133">
        <ele>898.0</ele>
      </trkpt>
      <trkpt lat="50.10299896229139" lon="-122.95791142754108">
        <ele>898.0</ele>
      </trkpt>
      <trkpt lat="50.10299582139762" lon="-122.95790951950354">
        <ele>898.0</ele>
      </trkpt>
      <trkpt lat="50.10299272863131" lon="-122.95790742908744">
        <ele>898.0</ele>
      </trkpt>
      <trkpt lat="50.10298968834743" lon="-122.95790515923632">
        <ele>898.0</ele>
      </trkpt>
      <trkpt lat="50.10298670482706" lon="-122.9579027131464">
        <ele>898.0</ele>
      </trkpt>
      <trkpt lat="50.102983782271345" lon="-122.95790009426204">
        <ele>898.0</ele>
      </trkpt>
      <trkpt lat="50.10295378227135" lon="-122.95795009418684">
        <ele>898.0</ele>
      </trkpt>
      <trkpt lat="50.10295170442853" lon="-122.95794809007555">
        <ele>898.0</ele>
      </trkpt>
      <trkpt lat="50.10294966231426" lon="-122.95794599860247">
        <ele>898.0</ele>
      </trkpt>
      <trkpt lat="50.10294765743929" lon="-122.95794382131481">
        <ele>898.0</ele>
      </trkpt>
      <trkpt lat="50.1029456912868" lon="-122.95794155982335">
        <ele>898.0</ele>
      </trkpt>
      <trkpt lat="50.10294376531132" lon="-122.95793921580109">
        <ele>898.0</ele>
      </trkpt>
      <trkpt lat="50.102941880937685" lon="-122.95793679098213">
        <ele>898.0</ele>
      </trkpt>
      <trkpt lat="50.102940039559925" lon="-122.95793428716031">
        <ele>898.0</ele>
      </trkpt>
      <trkpt lat="50.102938242540276" lon="-122.95793170618794">
        <ele>898.0</ele>
      </trkpt>
      <trkpt lat="50.10293649120814" lon="-122.9579290499744">
        <ele>898.0</ele>
      </trkpt>
      <trkpt lat="50.10293478685915" lon="-122.9579263204847">
        <ele>898.0</ele>
      </trkpt>
      <trkpt lat="50.10274478685915" lon="-122.95810632010266">
        <ele>898.0</ele>
      </trkpt>
      <trkpt lat="50.10274215234794" lon="-122.95810179047214">
        <ele>898.0</ele>
      </trkpt>
      <trkpt lat="50.102739647163176" lon="-122.95809708587707">
        <ele>898.0</ele>
      </trkpt>
      <trkpt lat="50.102737276080056" lon="-122.958092215285">
        <ele>898.0</ele>
      </trkpt>
      <trkpt lat="50.10273504361817" lon="-122.95808718797993">
        <ele>898.0</ele>
      </trkpt>
      <trkpt lat="50.10273295403289" lon="-122.95808201354453">
        <ele>898.0</ele>
      </trkpt>
      <trkpt lat="50.10273101130723" lon="-122.95807670184195">
        <ele>898.0</ele>
      </trkpt>
      <trkpt lat="50.10272921914428" lon="-122.958071262997">
        <ele>898.0</ele>
      </trkpt>
      <trkpt lat="50.10272758096014" lon="-122.95806570737682">
        <ele>898.0</ele>
      </trkpt>
      <trkpt lat="50.102726099877394" lon="-122.95806004557114">
        <ele>898.0</ele>
      </trkpt>
      <trkpt lat="50.10272477871918" lon="-122.95805428837211">
        <ele>898.0</ele>
      </trkpt>
      <trkpt lat="50.10263477871918" lon="-122.95808428828889">
        <ele>902.4</ele>
      </trkpt>
      <trkpt lat="50.10263566450592" lon="-122.9580882339727">
        <ele>902.4</ele>
      </trkpt>
      <trkpt lat="50.102636625431366" lon="-122.95809213668247">
        <ele>902.4</ele>
      </trkpt>
      <trkpt lat="50.10263766063938" lon="-122.95809599294105">
        <ele>902.4</ele>
      </trkpt>
      <trkpt lat="50.102638769207644" lon="-122.95809979931273">
        <ele>902.4</ele>
      </trkpt>
      <trkpt lat="50.102639950148486" lon="-122.95810355240621">
        <ele>902.4</ele>
      </trkpt>
      <trkpt lat="50.102641202409735" lon="-122.95810724887768">
        <ele>902.4</ele>
      </trkpt>
      <trkpt lat="50.10264252487569" lon="-122.95811088543375">
        <ele>902.4</ele>
      </trkpt>
      <trkpt lat="50.102643916368116" lon="-122.95811445883446">
        <ele>902.4</ele>
      </trkpt>
      <trkpt lat="50.10264537564724" lon="-122.95811796589607">
        <ele>902.4</ele>
      </trkpt>
      <trkpt lat="50.10264690141293" lon="-122.95812140349398">
        <ele>902.4</ele>
      </trkpt>
      <trkpt lat="50.10257690141293" lon="-122.95817140337502">
        <ele>899.7</ele>
      </trkpt>
      <trkpt lat="50.1025788858797" lon="-122.95817556942578">
        <ele>899.7</ele>
      </trkpt>
      <trkpt lat="50.102580967977055" lon="-122.95817961800068">
        <ele>899.7</ele>
      </trkpt>
      <trkpt lat="50.102583144846534" lon="-122.95818354354155">
        <ele>899.7</ele>
      </trkpt>
      <trkpt lat="50.10258541349958" lon="-122.95818734065911">
        <ele>899.7</ele>
      </trkpt>
      <trkpt lat="50.10258777082162" lon="-122.9581910041404">
        <ele>899.7</ele>
      </trkpt>
      <trkpt lat="50.102590213576356" lon="-122.95819452895594">
        <ele>899.7</ele>
      </trkpt>
      <trkpt lat="50.102592738410195" lon="-122.9581979102666">
        <ele>899.7</ele>
      </trkpt>
      <trkpt lat="50.10259534185686" lon="-122.9582011434303">
        <ele>899.7</ele>
      </trkpt>
      <trkpt lat="50.10259802034217" lon="-122.9582042240083">
        <ele>899.7</ele>
      </trkpt>
      <trkpt lat="50.102600770188886" lon="-122.95820714777135">
        <ele>899.7</ele>
      </trkpt>
      <trkpt lat="50.10241077018889" lon="-122.9584971473067">
        <ele>902.3</ele>
      </trkpt>
      <trkpt lat="50.10241392887552" lon="-122.95850022967541">
        <ele>902.3</ele>
      </trkpt>
      <trkpt lat="50.10241716684099" lon="-122.9585031051538">
        <ele>902.3</ele>
      </trkpt>
      <trkpt lat="50.102420478513444" lon="-122.95850576879377">
        <ele>902.3</ele>
      </trkpt>
      <trkpt lat="50.102423858194165" lon="-122.95850821601177">
        <ele>902.3</ele>
      </trkpt>
      <trkpt lat="50.102427300067426" lon="-122.95851044259662">
        <ele>902.3</ele>
      </trkpt>
      <trkpt lat="50.10243079821049" lon="-122.95851244471685">
        <ele>902.3</ele>
      </trkpt>
      <trkpt lat="50.102434346603765" lon="-122.95851421892722">
        <ele>902.3</ele>
      </trkpt>
      <trkpt lat="50.10243793914122" lon="-122.95851576217467">
        <ele>902.3</ele>
      </trkpt>
      <trkpt lat="50.102441569640824" lon="-122.95851707180361">
        <ele>902.3</ele>
      </trkpt>
      <trkpt lat="50.10244523185525" lon="-122.95851814556042">
        <ele>902.3</ele>
      </trkpt>
      <trkpt lat="50.102435231855246" lon="-122.95857814553158">
        <ele>902.3</ele>
      </trkpt>
      <trkpt lat="50.10244049830833" lon="-122.95857926543545">
        <ele>902.3</ele>
      </trkpt>
      <trkpt lat="50.10244579802654" lon="-122.95857989777541">
        <ele>902.3</ele>
      </trkpt>
      <trkpt lat="50.102451112455725" lon="-122.95858004033768">
        <ele>902.3</ele>
      </trkpt>
      <trkpt lat="50.10245642299024" lon="-122.95857969262313">
        <ele>902.3</ele>
      </trkpt>
      <trkpt lat="50.10246171103806" lon="-122.95857885584913">
        <ele>902.3</ele>
      </trkpt>
      <trkpt lat="50.10246695808591" lon="-122.95857753294516">
        <ele>902.3</ele>
      </trkpt>
      <trkpt lat="50.10247214576404" lon="-122.95857572854268">
        <ele>902.3</ele>
      </trkpt>
      <trkpt lat="50.10247725591054" lon="-122.95857344895886">
        <ele>902.3</ele>
      </trkpt>
      <trkpt lat="50.102482270634965" lon="-122.95857070217444">
        <ele>902.3</ele>
      </trkpt>
      <trkpt lat="50.102487172380904" lon="-122.95856749780582">
        <ele>902.3</ele>
      </trkpt>
      <trkpt lat="50.102537172380906" lon="-122.95867749793891">
        <ele>897.6</ele>
      </trkpt>
      <trkpt lat="50.10254436580812" lon="-122.95867177873632">
        <ele>897.6</ele>
      </trkpt>
      <trkpt lat="50.10255120076035" lon="-122.95866507556357">
        <ele>897.6</ele>
      </trkpt>
      <trkpt lat="50.1025576220113" lon="-122.95865744258221">
        <ele>897.6</ele>
      </trkpt>
      <trkpt lat="50.10256357767735" lon="-122.95864894146658">
        <ele>897.6</ele>
      </trkpt>
      <trkpt lat="50.10256901963684" lon="-122.95863964090556">
        <ele>897.6</ele>
      </trkpt>
      <trkpt lat="50.10257390391882" lon="-122.95862961604753">
        <ele>897.6</ele>
      </trkpt>
      <trkpt lat="50.10257819105837" lon="-122.95861894789316">
        <ele>897.6</ele>
      </trkpt>
      <trkpt lat="50.10258184641548" lon="-122.95860772264098">
        <ele>897.6</ele>
      </trkpt>
      <trkpt lat="50.10258484045493" lon="-122.9585960309908">
        <ele>897.6</ele>
      </trkpt>
      <trkpt lat="50.10258714898492" lon="-122.95858396741102">
        <ele>897.6</ele>
      </trkpt>
      <trkpt lat="50.102627148984915" lon="-122.95859396743938">
        <ele>897.6</ele>
      </trkpt>
      <trkpt lat="50.102628674568116" lon="-122.95858240106078">
        <ele>897.6</ele>
      </trkpt>
      <trkpt lat="50.102629569765675" lon="-122.9585706754335">
        <ele>897.6</ele>
      </trkpt>
      <trkpt lat="50.102629828213665" lon="-122.9585588739148">
        <ele>897.6</ele>
      </trkpt>
      <trkpt lat="50.10262944807477" lon="-122.95854708040142">
        <ele>897.6</ele>
      </trkpt>
      <trkpt lat="50.1026284320514" lon="-122.95853537873317">
        <ele>897.6</ele>
      </trkpt>
      <trkpt lat="50.10262678736644" lon="-122.958523852097">
        <ele>897.6</ele>
      </trkpt>
      <trkpt lat="50.10262452571192" lon="-122.95851258243552">
        <ele>897.6</ele>
      </trkpt>
      <trkpt lat="50.1026216631659" lon="-122.9585016498645">
        <ele>897.6</ele>
      </trkpt>
      <trkpt lat="50.10261822007815" lon="-122.95849113210336">
        <ele>897.6</ele>
      </trkpt>
      <trkpt lat="50.10261422092551" lon="-122.95848110392265">
        <ele>897.6</ele>
      </trkpt>
      <trkpt lat="50.102834220925516" lon="-122.9583311035603">
        <ele>897.6</ele>
      </trkpt>
      <trkpt lat="50.10283711457296" lon="-122.95833816524308">
        <ele>897.6</ele>
      </trkpt>
      <trkpt lat="50.10283973215152" lon="-122.95834548409307">
        <ele>897.6</ele>
      </trkpt>
      <trkpt lat="50.10284206429033" lon="-122.95835303390892">
        <ele>897.6</ele>
      </trkpt>
      <trkpt lat="50.10284410264035" lon="-122.95836078766243">
        <ele>897.6</ele>
      </trkpt>
      <trkpt lat="50.10284583990433" lon="-122.95836871759528">
        <ele>897.6</ele>
      </trkpt>
      <trkpt lat="50.102847269862906" lon="-122.95837679531843">
        <ele>897.6</ele>
      </trkpt>
      <trkpt lat="50.10284838739684" lon="-122.95838499191379">
        <ele>897.6</ele>
      </trkpt>
      <trkpt lat="50.102849188505374" lon="-122.95839327803769">
        <ele>897.6</ele>
      </trkpt>
      <trkpt lat="50.10284967032056" lon="-122.95840162402592">
        <ele>897.6</ele>
      </trkpt>
      <trkpt lat="50.1028498311175" lon="-122.95841">
        <ele>897.6</ele>
      </trkpt>
      <trkpt lat="50.10288" lon="-122.95841">
        <ele>892.7</ele>
      </trkpt>
    </trkseg>
  </trk>
</gpx>