<?xml version="1.0" encoding="UTF-8"?>
<gpx xmlns="http://www.topografix.com/GPX/1/1" xmlns:xsi="http://www.w3.org/2001/XMLSchema-instance" xsi:schemaLocation="http://www.topografix.com/GPX/1/1 http://www.topografix.com/GPX/1/1/gpx.xsd" version="1.1" creator="Trailforks.com">
  <metadata>
    <name>Freight Train - Lower Trailforks Trail</name>
    <link href="https://www.trailforks.com/">
      <text>Trailforks</text>
    </link>
  </metadata>
  <trk>
    <name>
Freight Train - Lower
</name>
    <trkseg>
      <trkpt lat="50.08582" lon="-122.96416">
        <ele>1301.5</ele>
      </trkpt>
      <trkpt lat="50.08582" lon="-122.9644600024794">
        <ele>1302.9</ele>
      </trkpt>
      <trkpt lat="50.085823883157005" lon="-122.96445987161394">
        <ele>1302.9</ele>
      </trkpt>
      <trkpt lat="50.08582775905455" lon="-122.96445947926219">
        <ele>1302.9</ele>
      </trkpt>
      <trkpt lat="50.085831620446754" lon="-122.96445882615765">
        <ele>1302.9</ele>
      </trkpt>
      <trkpt lat="50.085835460114836" lon="-122.9644579135213">
        <ele>1302.9</ele>
      </trkpt>
      <trkpt lat="50.08583927088065" lon="-122.96445674305926">
        <ele>1302.9</ele>
      </trkpt>
      <trkpt lat="50.08584304562005" lon="-122.9644553169597">
        <ele>1302.9</ele>
      </trkpt>
      <trkpt lat="50.08584677727628" lon="-122.96445363788865">
        <ele>1302.9</ele>
      </trkpt>
      <trkpt lat="50.085850458873104" lon="-122.96445170898512">
        <ele>1302.9</ele>
      </trkpt>
      <trkpt lat="50.08585408352787" lon="-122.96444953385513">
        <ele>1302.9</ele>
      </trkpt>
      <trkpt lat="50.08585764446438" lon="-122.96444711656503">
        <ele>1302.9</ele>
      </trkpt>
      <trkpt lat="50.08588" lon="-122.96445">
        <ele>1297.1</ele>
      </trkpt>
      <trkpt lat="50.085967172380904" lon="-122.96468745385651">
        <ele>1297.1</ele>
      </trkpt>
      <trkpt lat="50.08596907902609" lon="-122.96468606091037">
        <ele>1297.1</ele>
      </trkpt>
      <trkpt lat="50.08597096419807" lon="-122.96468459869604">
        <ele>1297.1</ele>
      </trkpt>
      <trkpt lat="50.08597282686096" lon="-122.96468306801697">
        <ele>1297.1</ele>
      </trkpt>
      <trkpt lat="50.08597466599126" lon="-122.96468146971425">
        <ele>1297.1</ele>
      </trkpt>
      <trkpt lat="50.08597648057841" lon="-122.96467980466612">
        <ele>1297.1</ele>
      </trkpt>
      <trkpt lat="50.085978269625315" lon="-122.96467807378748">
        <ele>1297.1</ele>
      </trkpt>
      <trkpt lat="50.08598003214894" lon="-122.96467627802944">
        <ele>1297.1</ele>
      </trkpt>
      <trkpt lat="50.0859817671808" lon="-122.96467441837872">
        <ele>1297.1</ele>
      </trkpt>
      <trkpt lat="50.08598347376753" lon="-122.96467249585717">
        <ele>1297.1</ele>
      </trkpt>
      <trkpt lat="50.08598515097139" lon="-122.96467051152118">
        <ele>1297.1</ele>
      </trkpt>
      <trkpt lat="50.08605515097139" lon="-122.96476051168257">
        <ele>1297.1</ele>
      </trkpt>
      <trkpt lat="50.08605680202238" lon="-122.96475846133873">
        <ele>1297.1</ele>
      </trkpt>
      <trkpt lat="50.08605842170263" lon="-122.96475635109364">
        <ele>1297.1</ele>
      </trkpt>
      <trkpt lat="50.08606000911764" lon="-122.96475418211277">
        <ele>1297.1</ele>
      </trkpt>
      <trkpt lat="50.08606156339068" lon="-122.96475195559398">
        <ele>1297.1</ele>
      </trkpt>
      <trkpt lat="50.086063083663376" lon="-122.96474967276696">
        <ele>1297.1</ele>
      </trkpt>
      <trkpt lat="50.086064569096095" lon="-122.96474733489246">
        <ele>1297.1</ele>
      </trkpt>
      <trkpt lat="50.086066018868465" lon="-122.96474494326165">
        <ele>1297.1</ele>
      </trkpt>
      <trkpt lat="50.08606743217981" lon="-122.9647424991954">
        <ele>1297.1</ele>
      </trkpt>
      <trkpt lat="50.08606880824957" lon="-122.96474000404349">
        <ele>1297.1</ele>
      </trkpt>
      <trkpt lat="50.08607014631777" lon="-122.96473745918398">
        <ele>1297.1</ele>
      </trkpt>
      <trkpt lat="50.08617014631778" lon="-122.96481745936644">
        <ele>1289.9</ele>
      </trkpt>
      <trkpt lat="50.08616952106005" lon="-122.9648186637384">
        <ele>1289.9</ele>
      </trkpt>
      <trkpt lat="50.08616888728954" lon="-122.96481985725359">
        <ele>1289.9</ele>
      </trkpt>
      <trkpt lat="50.086168245083854" lon="-122.96482103976584">
        <ele>1289.9</ele>
      </trkpt>
      <trkpt lat="50.08616759452163" lon="-122.96482221113037">
        <ele>1289.9</ele>
      </trkpt>
      <trkpt lat="50.086166935682535" lon="-122.96482337120375">
        <ele>1289.9</ele>
      </trkpt>
      <trkpt lat="50.086166268647226" lon="-122.96482451984392">
        <ele>1289.9</ele>
      </trkpt>
      <trkpt lat="50.08616559349739" lon="-122.96482565691022">
        <ele>1289.9</ele>
      </trkpt>
      <trkpt lat="50.0861649103157" lon="-122.96482678226344">
        <ele>1289.9</ele>
      </trkpt>
      <trkpt lat="50.08616421918581" lon="-122.96482789576578">
        <ele>1289.9</ele>
      </trkpt>
      <trkpt lat="50.08616352019235" lon="-122.96482899728088">
        <ele>1289.9</ele>
      </trkpt>
      <trkpt lat="50.08616" lon="-122.96479">
        <ele>1290.1</ele>
      </trkpt>
      <trkpt lat="50.08628901017603" lon="-122.96492962815121">
        <ele>1290.1</ele>
      </trkpt>
      <trkpt lat="50.086290320599154" lon="-122.96492711897396">
        <ele>1290.1</ele>
      </trkpt>
      <trkpt lat="50.08629159347071" lon="-122.96492456327472">
        <ele>1290.1</ele>
      </trkpt>
      <trkpt lat="50.086292828110984" lon="-122.96492196241826">
        <ele>1290.1</ele>
      </trkpt>
      <trkpt lat="50.08629402386067" lon="-122.96491931779344">
        <ele>1290.1</ele>
      </trkpt>
      <trkpt lat="50.08629518008122" lon="-122.96491663081251">
        <ele>1290.1</ele>
      </trkpt>
      <trkpt lat="50.086296296155226" lon="-122.96491390291033">
        <ele>1290.1</ele>
      </trkpt>
      <trkpt lat="50.08629737148669" lon="-122.9649111355436">
        <ele>1290.1</ele>
      </trkpt>
      <trkpt lat="50.08629840550137" lon="-122.96490833019013">
        <ele>1290.1</ele>
      </trkpt>
      <trkpt lat="50.0862993976471" lon="-122.96490548834797">
        <ele>1290.1</ele>
      </trkpt>
      <trkpt lat="50.086300347394086" lon="-122.9649026115347">
        <ele>1290.1</ele>
      </trkpt>
      <trkpt lat="50.08640034739409" lon="-122.96495261166534">
        <ele>1290.1</ele>
      </trkpt>
      <trkpt lat="50.08640175609277" lon="-122.96494801333633">
        <ele>1290.1</ele>
      </trkpt>
      <trkpt lat="50.08640305649237" lon="-122.96494333815934">
        <ele>1290.1</ele>
      </trkpt>
      <trkpt lat="50.08640424687032" lon="-122.9649385923274">
        <ele>1290.1</ele>
      </trkpt>
      <trkpt lat="50.086405325649764" lon="-122.96493378212712">
        <ele>1290.1</ele>
      </trkpt>
      <trkpt lat="50.08640629140169" lon="-122.96492891393038">
        <ele>1290.1</ele>
      </trkpt>
      <trkpt lat="50.08640714284679" lon="-122.96492399418588">
        <ele>1290.1</ele>
      </trkpt>
      <trkpt lat="50.0864078788572" lon="-122.96491902941064">
        <ele>1290.1</ele>
      </trkpt>
      <trkpt lat="50.086408498457956" lon="-122.96491402618128">
        <ele>1290.1</ele>
      </trkpt>
      <trkpt lat="50.0864090008283" lon="-122.96490899112538">
        <ele>1290.1</ele>
      </trkpt>
      <trkpt lat="50.08640938530275" lon="-122.9649039309127">
        <ele>1290.1</ele>
      </trkpt>
      <trkpt lat="50.08642" lon="-122.9649">
        <ele>1288.0</ele>
      </trkpt>
      <trkpt lat="50.08660938530275" lon="-122.96492393097084">
        <ele>1288.0</ele>
      </trkpt>
      <trkpt lat="50.08660955351936" lon="-122.96492099806204">
        <ele>1288.0</ele>
      </trkpt>
      <trkpt lat="50.08660968212167" lon="-122.96491806028821">
        <ele>1288.0</ele>
      </trkpt>
      <trkpt lat="50.08660977105278" lon="-122.9649151189489">
        <ele>1288.0</ele>
      </trkpt>
      <trkpt lat="50.08660982027336" lon="-122.96491217534519">
        <ele>1288.0</ele>
      </trkpt>
      <trkpt lat="50.08660982976163" lon="-122.96490923077921">
        <ele>1288.0</ele>
      </trkpt>
      <trkpt lat="50.0866097995134" lon="-122.9649062865535">
        <ele>1288.0</ele>
      </trkpt>
      <trkpt lat="50.08660972954205" lon="-122.96490334397045">
        <ele>1288.0</ele>
      </trkpt>
      <trkpt lat="50.08660961987853" lon="-122.9649004043317">
        <ele>1288.0</ele>
      </trkpt>
      <trkpt lat="50.08660947057135" lon="-122.96489746893765">
        <ele>1288.0</ele>
      </trkpt>
      <trkpt lat="50.08660928168655" lon="-122.96489453908674">
        <ele>1288.0</ele>
      </trkpt>
      <trkpt lat="50.08669928168655" lon="-122.9648845390577">
        <ele>1288.0</ele>
      </trkpt>
      <trkpt lat="50.086699140387076" lon="-122.96488267144619">
        <ele>1288.0</ele>
      </trkpt>
      <trkpt lat="50.086698983004915" lon="-122.96488080696108">
        <ele>1288.0</ele>
      </trkpt>
      <trkpt lat="50.08669880956846" lon="-122.96487894593878">
        <ele>1288.0</ele>
      </trkpt>
      <trkpt lat="50.086698620109" lon="-122.96487708871504">
        <ele>1288.0</ele>
      </trkpt>
      <trkpt lat="50.08669841466072" lon="-122.96487523562494">
        <ele>1288.0</ele>
      </trkpt>
      <trkpt lat="50.08669819326069" lon="-122.96487338700284">
        <ele>1288.0</ele>
      </trkpt>
      <trkpt lat="50.08669795594884" lon="-122.96487154318226">
        <ele>1288.0</ele>
      </trkpt>
      <trkpt lat="50.08669770276801" lon="-122.96486970449584">
        <ele>1288.0</ele>
      </trkpt>
      <trkpt lat="50.08669743376385" lon="-122.96486787127532">
        <ele>1288.0</ele>
      </trkpt>
      <trkpt lat="50.08669714898492" lon="-122.96486604385147">
        <ele>1288.0</ele>
      </trkpt>
      <trkpt lat="50.086777148984915" lon="-122.9648460437948">
        <ele>1284.5</ele>
      </trkpt>
      <trkpt lat="50.08677765652285" lon="-122.9648493810691">
        <ele>1284.5</ele>
      </trkpt>
      <trkpt lat="50.08677811145675" lon="-122.9648527367183">
        <ele>1284.5</ele>
      </trkpt>
      <trkpt lat="50.08677851351361" lon="-122.96485610872863">
        <ele>1284.5</ele>
      </trkpt>
      <trkpt lat="50.08677886245214" lon="-122.96485949507647">
        <ele>1284.5</ele>
      </trkpt>
      <trkpt lat="50.08677915806294" lon="-122.96486289372963">
        <ele>1284.5</ele>
      </trkpt>
      <trkpt lat="50.08677940016861" lon="-122.96486630264853">
        <ele>1284.5</ele>
      </trkpt>
      <trkpt lat="50.086779588623855" lon="-122.96486971978742">
        <ele>1284.5</ele>
      </trkpt>
      <trkpt lat="50.086779723315594" lon="-122.96487314309563">
        <ele>1284.5</ele>
      </trkpt>
      <trkpt lat="50.08677980416297" lon="-122.96487657051877">
        <ele>1284.5</ele>
      </trkpt>
      <trkpt lat="50.0867798311175" lon="-122.96488">
        <ele>1284.5</ele>
      </trkpt>
      <trkpt lat="50.08677" lon="-122.96488">
        <ele>1284.5</ele>
      </trkpt>
      <trkpt lat="50.0869398311175" lon="-122.96488">
        <ele>1284.5</ele>
      </trkpt>
      <trkpt lat="50.08693978462339" lon="-122.96487549609284">
        <ele>1284.5</ele>
      </trkpt>
      <trkpt lat="50.08693964518918" lon="-122.9648709968479">
        <ele>1284.5</ele>
      </trkpt>
      <trkpt lat="50.08693941295922" lon="-122.96486650692252">
        <ele>1284.5</ele>
      </trkpt>
      <trkpt lat="50.086939088173885" lon="-122.96486203096443">
        <ele>1284.5</ele>
      </trkpt>
      <trkpt lat="50.086938671169385" lon="-122.96485757360689">
        <ele>1284.5</ele>
      </trkpt>
      <trkpt lat="50.08693816237738" lon="-122.96485313946393">
        <ele>1284.5</ele>
      </trkpt>
      <trkpt lat="50.08693756232454" lon="-122.9648487331255">
        <ele>1284.5</ele>
      </trkpt>
      <trkpt lat="50.08693687163201" lon="-122.96484435915282">
        <ele>1284.5</ele>
      </trkpt>
      <trkpt lat="50.08693609101475" lon="-122.96484002207359">
        <ele>1284.5</ele>
      </trkpt>
      <trkpt lat="50.08693522128082" lon="-122.9648357263773">
        <ele>1284.5</ele>
      </trkpt>
      <trkpt lat="50.08699522128082" lon="-122.96481572632189">
        <ele>1284.5</ele>
      </trkpt>
      <trkpt lat="50.086994165657664" lon="-122.96481106642075">
        <ele>1284.5</ele>
      </trkpt>
      <trkpt lat="50.08699300517312" lon="-122.96480646748562">
        <ele>1284.5</ele>
      </trkpt>
      <trkpt lat="50.08699174127303" lon="-122.96480193524626">
        <ele>1284.5</ele>
      </trkpt>
      <trkpt lat="50.08699037553208" lon="-122.96479747534936">
        <ele>1284.5</ele>
      </trkpt>
      <trkpt lat="50.086988909651836" lon="-122.96479309335146">
        <ele>1284.5</ele>
      </trkpt>
      <trkpt lat="50.08698734545863" lon="-122.96478879471206">
        <ele>1284.5</ele>
      </trkpt>
      <trkpt lat="50.08698568490127" lon="-122.96478458478684">
        <ele>1284.5</ele>
      </trkpt>
      <trkpt lat="50.086983930048646" lon="-122.96478046882086">
        <ele>1284.5</ele>
      </trkpt>
      <trkpt lat="50.08698208308711" lon="-122.96477645194223">
        <ele>1284.5</ele>
      </trkpt>
      <trkpt lat="50.08698014631777" lon="-122.9647725391555">
        <ele>1284.5</ele>
      </trkpt>
      <trkpt lat="50.087030146317765" lon="-122.96473253906426">
        <ele>1278.2</ele>
      </trkpt>
      <trkpt lat="50.087031010943925" lon="-122.9647342506411">
        <ele>1278.2</ele>
      </trkpt>
      <trkpt lat="50.08703185837886" lon="-122.96473598297723">
        <ele>1278.2</ele>
      </trkpt>
      <trkpt lat="50.0870326884174" lon="-122.96473773565327">
        <ele>1278.2</ele>
      </trkpt>
      <trkpt lat="50.087033500858624" lon="-122.96473950824489">
        <ele>1278.2</ele>
      </trkpt>
      <trkpt lat="50.08703429550582" lon="-122.96474130032297">
        <ele>1278.2</ele>
      </trkpt>
      <trkpt lat="50.08703507216663" lon="-122.96474311145367">
        <ele>1278.2</ele>
      </trkpt>
      <trkpt lat="50.08703583065302" lon="-122.96474494119852">
        <ele>1278.2</ele>
      </trkpt>
      <trkpt lat="50.08703657078137" lon="-122.96474678911454">
        <ele>1278.2</ele>
      </trkpt>
      <trkpt lat="50.0870372923725" lon="-122.96474865475439">
        <ele>1278.2</ele>
      </trkpt>
      <trkpt lat="50.08703799525172" lon="-122.96475053766639">
        <ele>1278.2</ele>
      </trkpt>
      <trkpt lat="50.08710799525172" lon="-122.96471053756494">
        <ele>1278.2</ele>
      </trkpt>
      <trkpt lat="50.08710918771593" lon="-122.96471389601176">
        <ele>1278.2</ele>
      </trkpt>
      <trkpt lat="50.08711032066021" lon="-122.96471730414439">
        <ele>1278.2</ele>
      </trkpt>
      <trkpt lat="50.08711139323301" lon="-122.96472075940115">
        <ele>1278.2</ele>
      </trkpt>
      <trkpt lat="50.087112404628144" lon="-122.96472425918496">
        <ele>1278.2</ele>
      </trkpt>
      <trkpt lat="50.08711335408542" lon="-122.9647278008653">
        <ele>1278.2</ele>
      </trkpt>
      <trkpt lat="50.0871142408912" lon="-122.96473138178011">
        <ele>1278.2</ele>
      </trkpt>
      <trkpt lat="50.08711506437892" lon="-122.96473499923788">
        <ele>1278.2</ele>
      </trkpt>
      <trkpt lat="50.087115823929636" lon="-122.9647386505196">
        <ele>1278.2</ele>
      </trkpt>
      <trkpt lat="50.087116518972444" lon="-122.96474233288087">
        <ele>1278.2</ele>
      </trkpt>
      <trkpt lat="50.087117148984916" lon="-122.96474604355392">
        <ele>1278.2</ele>
      </trkpt>
      <trkpt lat="50.08719714898492" lon="-122.96472604349724">
        <ele>1278.2</ele>
      </trkpt>
      <trkpt lat="50.08719765652286" lon="-122.96472938080079">
        <ele>1278.2</ele>
      </trkpt>
      <trkpt lat="50.08719811145676" lon="-122.9647327364794">
        <ele>1278.2</ele>
      </trkpt>
      <trkpt lat="50.08719851351361" lon="-122.96473610851928">
        <ele>1278.2</ele>
      </trkpt>
      <trkpt lat="50.08719886245215" lon="-122.96473949489679">
        <ele>1278.2</ele>
      </trkpt>
      <trkpt lat="50.087199158062944" lon="-122.96474289357974">
        <ele>1278.2</ele>
      </trkpt>
      <trkpt lat="50.087199400168615" lon="-122.96474630252851">
        <ele>1278.2</ele>
      </trkpt>
      <trkpt lat="50.08719958862386" lon="-122.96474971969734">
        <ele>1278.2</ele>
      </trkpt>
      <trkpt lat="50.0871997233156" lon="-122.96475314303555">
        <ele>1278.2</ele>
      </trkpt>
      <trkpt lat="50.08719980416298" lon="-122.96475657048872">
        <ele>1278.2</ele>
      </trkpt>
      <trkpt lat="50.0871998311175" lon="-122.96476">
        <ele>1278.2</ele>
      </trkpt>
      <trkpt lat="50.087269831117496" lon="-122.96476">
        <ele>1278.2</ele>
      </trkpt>
      <trkpt lat="50.08726981886747" lon="-122.96475768791706">
        <ele>1278.2</ele>
      </trkpt>
      <trkpt lat="50.08726978212072" lon="-122.96475537646471">
        <ele>1278.2</ele>
      </trkpt>
      <trkpt lat="50.08726972088728" lon="-122.96475306627336">
        <ele>1278.2</ele>
      </trkpt>
      <trkpt lat="50.08726963518384" lon="-122.96475075797308">
        <ele>1278.2</ele>
      </trkpt>
      <trkpt lat="50.087269525033776" lon="-122.96474845219342">
        <ele>1278.2</ele>
      </trkpt>
      <trkpt lat="50.087269390467135" lon="-122.96474614956324">
        <ele>1278.2</ele>
      </trkpt>
      <trkpt lat="50.087269231520615" lon="-122.96474385071056">
        <ele>1278.2</ele>
      </trkpt>
      <trkpt lat="50.08726904823757" lon="-122.96474155626234">
        <ele>1278.2</ele>
      </trkpt>
      <trkpt lat="50.08726884066798" lon="-122.96473926684438">
        <ele>1278.2</ele>
      </trkpt>
      <trkpt lat="50.08726860886847" lon="-122.96473698308107">
        <ele>1278.2</ele>
      </trkpt>
      <trkpt lat="50.08724" lon="-122.96475">
        <ele>1269.0</ele>
      </trkpt>
      <trkpt lat="50.08729" lon="-122.96474">
        <ele>1269.0</ele>
      </trkpt>
      <trkpt lat="50.08737" lon="-122.96473">
        <ele>1269.0</ele>
      </trkpt>
      <trkpt lat="50.087528928269286" lon="-122.96470019999026">
        <ele>1272.8</ele>
      </trkpt>
      <trkpt lat="50.08752827324956" lon="-122.96469403871366">
        <ele>1272.8</ele>
      </trkpt>
      <trkpt lat="50.08752744258624" lon="-122.9646879290941">
        <ele>1272.8</ele>
      </trkpt>
      <trkpt lat="50.08752643793214" lon="-122.9646818832883">
        <ele>1272.8</ele>
      </trkpt>
      <trkpt lat="50.0875252612863" lon="-122.96467591332608">
        <ele>1272.8</ele>
      </trkpt>
      <trkpt lat="50.08752391498998" lon="-122.96467003108624">
        <ele>1272.8</ele>
      </trkpt>
      <trkpt lat="50.087522401722" lon="-122.96466424827314">
        <ele>1272.8</ele>
      </trkpt>
      <trkpt lat="50.0875207244934" lon="-122.96465857639325">
        <ele>1272.8</ele>
      </trkpt>
      <trkpt lat="50.087518886641504" lon="-122.9646530267323">
        <ele>1272.8</ele>
      </trkpt>
      <trkpt lat="50.08751689182321" lon="-122.96464761033285">
        <ele>1272.8</ele>
      </trkpt>
      <trkpt lat="50.087514744007755" lon="-122.9646423379723">
        <ele>1272.8</ele>
      </trkpt>
      <trkpt lat="50.08757474400775" lon="-122.96460233787508">
        <ele>1265.8</ele>
      </trkpt>
      <trkpt lat="50.087574207903494" lon="-122.9646010989246">
        <ele>1265.8</ele>
      </trkpt>
      <trkpt lat="50.08757366334517" lon="-122.96459986896285">
        <ele>1265.8</ele>
      </trkpt>
      <trkpt lat="50.08757311039483" lon="-122.96459864812995">
        <ele>1265.8</ele>
      </trkpt>
      <trkpt lat="50.08757254911546" lon="-122.96459743656496">
        <ele>1265.8</ele>
      </trkpt>
      <trkpt lat="50.08757197957101" lon="-122.96459623440593">
        <ele>1265.8</ele>
      </trkpt>
      <trkpt lat="50.08757140182636" lon="-122.96459504178982">
        <ele>1265.8</ele>
      </trkpt>
      <trkpt lat="50.08757081594734" lon="-122.96459385885248">
        <ele>1265.8</ele>
      </trkpt>
      <trkpt lat="50.08757022200068" lon="-122.96459268572868">
        <ele>1265.8</ele>
      </trkpt>
      <trkpt lat="50.087569620054055" lon="-122.96459152255206">
        <ele>1265.8</ele>
      </trkpt>
      <trkpt lat="50.08756901017603" lon="-122.96459036945514">
        <ele>1265.8</ele>
      </trkpt>
      <trkpt lat="50.08756" lon="-122.96463">
        <ele>1265.8</ele>
      </trkpt>
      <trkpt lat="50.08768352019234" lon="-122.9644709995795">
        <ele>1265.8</ele>
      </trkpt>
      <trkpt lat="50.087686039310555" lon="-122.96447508806833">
        <ele>1265.8</ele>
      </trkpt>
      <trkpt lat="50.08768845018045" lon="-122.96447933213202">
        <ele>1265.8</ele>
      </trkpt>
      <trkpt lat="50.087690748850264" lon="-122.9644837248139">
        <ele>1265.8</ele>
      </trkpt>
      <trkpt lat="50.08769293155212" lon="-122.96448825891373">
        <ele>1265.8</ele>
      </trkpt>
      <trkpt lat="50.08769499470825" lon="-122.96449292699944">
        <ele>1265.8</ele>
      </trkpt>
      <trkpt lat="50.08769693493684" lon="-122.96449772141932">
        <ele>1265.8</ele>
      </trkpt>
      <trkpt lat="50.087698749057544" lon="-122.96450263431461">
        <ele>1265.8</ele>
      </trkpt>
      <trkpt lat="50.08770043409676" lon="-122.96450765763235">
        <ele>1265.8</ele>
      </trkpt>
      <trkpt lat="50.08770198729246" lon="-122.96451278313855">
        <ele>1265.8</ele>
      </trkpt>
      <trkpt lat="50.08770340609872" lon="-122.96451800243175">
        <ele>1265.8</ele>
      </trkpt>
      <trkpt lat="50.08767" lon="-122.96455">
        <ele>1265.8</ele>
      </trkpt>
      <trkpt lat="50.08779034739408" lon="-122.96446738651879">
        <ele>1265.8</ele>
      </trkpt>
      <trkpt lat="50.087792123025096" lon="-122.96447325784472">
        <ele>1265.8</ele>
      </trkpt>
      <trkpt lat="50.0877937221486" lon="-122.9644792511269">
        <ele>1265.8</ele>
      </trkpt>
      <trkpt lat="50.08779514132759" lon="-122.96448535348395">
        <ele>1265.8</ele>
      </trkpt>
      <trkpt lat="50.08779637751181" lon="-122.96449155180002">
        <ele>1265.8</ele>
      </trkpt>
      <trkpt lat="50.087797428044325" lon="-122.96449783275303">
        <ele>1265.8</ele>
      </trkpt>
      <trkpt lat="50.08779829066723" lon="-122.9645041828433">
        <ele>1265.8</ele>
      </trkpt>
      <trkpt lat="50.08779896352647" lon="-122.96451058842254">
        <ele>1265.8</ele>
      </trkpt>
      <trkpt lat="50.08779944517587" lon="-122.96451703572319">
        <ele>1265.8</ele>
      </trkpt>
      <trkpt lat="50.08779973458022" lon="-122.96452351088806">
        <ele>1265.8</ele>
      </trkpt>
      <trkpt lat="50.0877998311175" lon="-122.96453">
        <ele>1265.8</ele>
      </trkpt>
      <trkpt lat="50.0878498311175" lon="-122.96453">
        <ele>1265.8</ele>
      </trkpt>
      <trkpt lat="50.08784964518919" lon="-122.96453900332304">
        <ele>1265.8</ele>
      </trkpt>
      <trkpt lat="50.08784908817389" lon="-122.96454796937675">
        <ele>1265.8</ele>
      </trkpt>
      <trkpt lat="50.087848162377384" lon="-122.96455686104608">
        <ele>1265.8</ele>
      </trkpt>
      <trkpt lat="50.08784687163201" lon="-122.96456564152389">
        <ele>1265.8</ele>
      </trkpt>
      <trkpt lat="50.087845221280816" lon="-122.96457427446335">
        <ele>1265.8</ele>
      </trkpt>
      <trkpt lat="50.08784321815545" lon="-122.96458272412829">
        <ele>1265.8</ele>
      </trkpt>
      <trkpt lat="50.08784087054786" lon="-122.96459095554128">
        <ele>1265.8</ele>
      </trkpt>
      <trkpt lat="50.087838188175986" lon="-122.96459893462833">
        <ele>1265.8</ele>
      </trkpt>
      <trkpt lat="50.087835182143536" lon="-122.96460662835992">
        <ele>1265.8</ele>
      </trkpt>
      <trkpt lat="50.08783186489399" lon="-122.9646140048878">
        <ele>1265.8</ele>
      </trkpt>
      <trkpt lat="50.08787186489399" lon="-122.96464400495792">
        <ele>1258.0</ele>
      </trkpt>
      <trkpt lat="50.08786755238235" lon="-122.96465228938045">
        <ele>1258.0</ele>
      </trkpt>
      <trkpt lat="50.08786284767088" lon="-122.96466003798353">
        <ele>1258.0</ele>
      </trkpt>
      <trkpt lat="50.08785777807448" lon="-122.96466720577988">
        <ele>1258.0</ele>
      </trkpt>
      <trkpt lat="50.087852373026536" lon="-122.96467375115421">
        <ele>1258.0</ele>
      </trkpt>
      <trkpt lat="50.08784666390801" lon="-122.964679636105">
        <ele>1258.0</ele>
      </trkpt>
      <trkpt lat="50.08784068386526" lon="-122.96468482646505">
        <ele>1258.0</ele>
      </trkpt>
      <trkpt lat="50.08783446761759" lon="-122.96468929209983">
        <ele>1258.0</ele>
      </trkpt>
      <trkpt lat="50.087828051255684" lon="-122.96469300708247">
        <ele>1258.0</ele>
      </trkpt>
      <trkpt lat="50.08782147203205" lon="-122.96469594984431">
        <ele>1258.0</ele>
      </trkpt>
      <trkpt lat="50.087814768144746" lon="-122.96469810330008">
        <ele>1258.0</ele>
      </trkpt>
      <trkpt lat="50.08782476814474" lon="-122.96475810332888">
        <ele>1258.0</ele>
      </trkpt>
      <trkpt lat="50.08782204091379" lon="-122.96475874485702">
        <ele>1258.0</ele>
      </trkpt>
      <trkpt lat="50.08781930233191" lon="-122.96475925559083">
        <ele>1258.0</ele>
      </trkpt>
      <trkpt lat="50.087816554980755" lon="-122.96475963504885">
        <ele>1258.0</ele>
      </trkpt>
      <trkpt lat="50.08781380145024" lon="-122.96475988287337">
        <ele>1258.0</ele>
      </trkpt>
      <trkpt lat="50.08781104433611" lon="-122.96475999883076">
        <ele>1258.0</ele>
      </trkpt>
      <trkpt lat="50.08780828623748" lon="-122.96475998281169">
        <ele>1258.0</ele>
      </trkpt>
      <trkpt lat="50.08780552975441" lon="-122.9647598348313">
        <ele>1258.0</ele>
      </trkpt>
      <trkpt lat="50.087802777485436" lon="-122.96475955502905">
        <ele>1258.0</ele>
      </trkpt>
      <trkpt lat="50.08780003202509" lon="-122.96475914366874">
        <ele>1258.0</ele>
      </trkpt>
      <trkpt lat="50.087797295961536" lon="-122.96475860113814">
        <ele>1258.0</ele>
      </trkpt>
      <trkpt lat="50.08778729596154" lon="-122.96482860110923">
        <ele>1258.0</ele>
      </trkpt>
      <trkpt lat="50.08778855906409" lon="-122.96482886810495">
        <ele>1258.0</ele>
      </trkpt>
      <trkpt lat="50.0877898244702" lon="-122.96482910714035">
        <ele>1258.0</ele>
      </trkpt>
      <trkpt lat="50.0877910919251" lon="-122.9648293181673">
        <ele>1258.0</ele>
      </trkpt>
      <trkpt lat="50.087792361173584" lon="-122.96482950114334">
        <ele>1258.0</ele>
      </trkpt>
      <trkpt lat="50.08779363196011" lon="-122.96482965603161">
        <ele>1258.0</ele>
      </trkpt>
      <trkpt lat="50.087794904028804" lon="-122.96482978280092">
        <ele>1258.0</ele>
      </trkpt>
      <trkpt lat="50.08779617712354" lon="-122.96482988142576">
        <ele>1258.0</ele>
      </trkpt>
      <trkpt lat="50.087797450988" lon="-122.96482995188626">
        <ele>1258.0</ele>
      </trkpt>
      <trkpt lat="50.08779872536568" lon="-122.96482999416823">
        <ele>1258.0</ele>
      </trkpt>
      <trkpt lat="50.0878" lon="-122.96483000826316">
        <ele>1258.0</ele>
      </trkpt>
      <trkpt lat="50.0878" lon="-122.96476">
        <ele>1258.0</ele>
      </trkpt>
      <trkpt lat="50.0878" lon="-122.96496000826316">
        <ele>1258.0</ele>
      </trkpt>
      <trkpt lat="50.08780111706602" lon="-122.96495999743775">
        <ele>1258.0</ele>
      </trkpt>
      <trkpt lat="50.0878022339593" lon="-122.96495996496319">
        <ele>1258.0</ele>
      </trkpt>
      <trkpt lat="50.08780335050712" lon="-122.96495991084447">
        <ele>1258.0</ele>
      </trkpt>
      <trkpt lat="50.08780446653682" lon="-122.96495983509001">
        <ele>1258.0</ele>
      </trkpt>
      <trkpt lat="50.08780558187581" lon="-122.9649597377115">
        <ele>1258.0</ele>
      </trkpt>
      <trkpt lat="50.08780669635163" lon="-122.96495961872398">
        <ele>1258.0</ele>
      </trkpt>
      <trkpt lat="50.08780780979192" lon="-122.96495947814589">
        <ele>1258.0</ele>
      </trkpt>
      <trkpt lat="50.087808922024514" lon="-122.96495931599893">
        <ele>1258.0</ele>
      </trkpt>
      <trkpt lat="50.08781003287741" lon="-122.9649591323082">
        <ele>1258.0</ele>
      </trkpt>
      <trkpt lat="50.087811142178815" lon="-122.96495892710209">
        <ele>1258.0</ele>
      </trkpt>
      <trkpt lat="50.08781" lon="-122.9649">
        <ele>1258.0</ele>
      </trkpt>
      <trkpt lat="50.08783476814475" lon="-122.9650981033577">
        <ele>1258.0</ele>
      </trkpt>
      <trkpt lat="50.08784023218391" lon="-122.96509641106746">
        <ele>1258.0</ele>
      </trkpt>
      <trkpt lat="50.087845618412906" lon="-122.9650941941592">
        <ele>1258.0</ele>
      </trkpt>
      <trkpt lat="50.08785090611704" lon="-122.96509146115888">
        <ele>1258.0</ele>
      </trkpt>
      <trkpt lat="50.08785607496054" lon="-122.96508822257718">
        <ele>1258.0</ele>
      </trkpt>
      <trkpt lat="50.08786110506476" lon="-122.96508449086926">
        <ele>1258.0</ele>
      </trkpt>
      <trkpt lat="50.08786597708461" lon="-122.96508028038677">
        <ele>1258.0</ele>
      </trkpt>
      <trkpt lat="50.08787067228298" lon="-122.96507560732262">
        <ele>1258.0</ele>
      </trkpt>
      <trkpt lat="50.08787517260279" lon="-122.96507048964875">
        <ele>1258.0</ele>
      </trkpt>
      <trkpt lat="50.08787946073644" lon="-122.96506494704707">
        <ele>1258.0</ele>
      </trkpt>
      <trkpt lat="50.08788352019236" lon="-122.9650590008336">
        <ele>1258.0</ele>
      </trkpt>
      <trkpt lat="50.08791352019236" lon="-122.96508900089557">
        <ele>1258.0</ele>
      </trkpt>
      <trkpt lat="50.0879147615964" lon="-122.96508702750154">
        <ele>1258.0</ele>
      </trkpt>
      <trkpt lat="50.0879159777669" lon="-122.96508501630196">
        <ele>1258.0</ele>
      </trkpt>
      <trkpt lat="50.08791716822999" lon="-122.96508296808047">
        <ele>1258.0</ele>
      </trkpt>
      <trkpt lat="50.08791833252183" lon="-122.96508088363514">
        <ele>1258.0</ele>
      </trkpt>
      <trkpt lat="50.087919470188766" lon="-122.96507876377814">
        <ele>1258.0</ele>
      </trkpt>
      <trkpt lat="50.08792058078751" lon="-122.96507660933545">
        <ele>1258.0</ele>
      </trkpt>
      <trkpt lat="50.087921663885346" lon="-122.96507442114654">
        <ele>1258.0</ele>
      </trkpt>
      <trkpt lat="50.087922719060245" lon="-122.96507220006399">
        <ele>1258.0</ele>
      </trkpt>
      <trkpt lat="50.08792374590108" lon="-122.9650699469532">
        <ele>1258.0</ele>
      </trkpt>
      <trkpt lat="50.08792474400775" lon="-122.96506766269209">
        <ele>1258.0</ele>
      </trkpt>
      <trkpt lat="50.087954744007746" lon="-122.96508766274071">
        <ele>1251.7</ele>
      </trkpt>
      <trkpt lat="50.08795956171551" lon="-122.96507500513785">
        <ele>1251.7</ele>
      </trkpt>
      <trkpt lat="50.0879635003067" lon="-122.96506162926121">
        <ele>1251.7</ele>
      </trkpt>
      <trkpt lat="50.087966516261886" lon="-122.96504768290745">
        <ele>1251.7</ele>
      </trkpt>
      <trkpt lat="50.0879685762563" lon="-122.96503332017669">
        <ele>1251.7</ele>
      </trkpt>
      <trkpt lat="50.087969657528035" lon="-122.9650186997698">
        <ele>1251.7</ele>
      </trkpt>
      <trkpt lat="50.087969748129595" lon="-122.96500398323488">
        <ele>1251.7</ele>
      </trkpt>
      <trkpt lat="50.08796884705988" lon="-122.96498933318216">
        <ele>1251.7</ele>
      </trkpt>
      <trkpt lat="50.087966964275246" lon="-122.96497491148729">
        <ele>1251.7</ele>
      </trkpt>
      <trkpt lat="50.087964120579514" lon="-122.96496087750266">
        <ele>1251.7</ele>
      </trkpt>
      <trkpt lat="50.08796034739408" lon="-122.9649473862967">
        <ele>1251.7</ele>
      </trkpt>
      <trkpt lat="50.08800034739408" lon="-122.96492738624444">
        <ele>1258.0</ele>
      </trkpt>
      <trkpt lat="50.087998683010355" lon="-122.964922446683">
        <ele>1258.0</ele>
      </trkpt>
      <trkpt lat="50.08799689367871" lon="-122.96491761439563">
        <ele>1258.0</ele>
      </trkpt>
      <trkpt lat="50.08799498224057" lon="-122.96491289705597">
        <ele>1258.0</ele>
      </trkpt>
      <trkpt lat="50.087992951731295" lon="-122.96490830215511">
        <ele>1258.0</ele>
      </trkpt>
      <trkpt lat="50.08799080537531" lon="-122.96490383698969">
        <ele>1258.0</ele>
      </trkpt>
      <trkpt lat="50.087988546581016" lon="-122.96489950865039">
        <ele>1258.0</ele>
      </trkpt>
      <trkpt lat="50.08798617893535" lon="-122.96489532401056">
        <ele>1258.0</ele>
      </trkpt>
      <trkpt lat="50.087983706198116" lon="-122.96489128971535">
        <ele>1258.0</ele>
      </trkpt>
      <trkpt lat="50.087981132296" lon="-122.96488741217122">
        <ele>1258.0</ele>
      </trkpt>
      <trkpt lat="50.08797846131634" lon="-122.96488369753565">
        <ele>1258.0</ele>
      </trkpt>
      <trkpt lat="50.08798" lon="-122.96492">
        <ele>1258.0</ele>
      </trkpt>
      <trkpt lat="50.08803" lon="-122.96486">
        <ele>1258.0</ele>
      </trkpt>
      <trkpt lat="50.08807" lon="-122.96481">
        <ele>1254.9</ele>
      </trkpt>
      <trkpt lat="50.08815389867049" lon="-122.96465799268836">
        <ele>1254.9</ele>
      </trkpt>
      <trkpt lat="50.088156637924435" lon="-122.96466132565769">
        <ele>1254.9</ele>
      </trkpt>
      <trkpt lat="50.08815929241737" lon="-122.96466482126267">
        <ele>1254.9</ele>
      </trkpt>
      <trkpt lat="50.08816185817675" lon="-122.964668474272">
        <ele>1254.9</ele>
      </trkpt>
      <trkpt lat="50.08816433136279" lon="-122.96467227921882">
        <ele>1254.9</ele>
      </trkpt>
      <trkpt lat="50.08816670827427" lon="-122.96467623040883">
        <ele>1254.9</ele>
      </trkpt>
      <trkpt lat="50.08816898535406" lon="-122.96468032192892">
        <ele>1254.9</ele>
      </trkpt>
      <trkpt lat="50.08817115919439" lon="-122.96468454765599">
        <ele>1254.9</ele>
      </trkpt>
      <trkpt lat="50.08817322654203" lon="-122.96468890126603">
        <ele>1254.9</ele>
      </trkpt>
      <trkpt lat="50.08817518430312" lon="-122.9646933762437">
        <ele>1254.9</ele>
      </trkpt>
      <trkpt lat="50.088177029547765" lon="-122.964697965892">
        <ele>1254.9</ele>
      </trkpt>
      <trkpt lat="50.08822702954777" lon="-122.96466796581684">
        <ele>1254.9</ele>
      </trkpt>
      <trkpt lat="50.08823135747537" lon="-122.96468063882247">
        <ele>1254.9</ele>
      </trkpt>
      <trkpt lat="50.088234829992885" lon="-122.96469393596436">
        <ele>1254.9</ele>
      </trkpt>
      <trkpt lat="50.0882374105895" lon="-122.96470771743348">
        <ele>1254.9</ele>
      </trkpt>
      <trkpt lat="50.08823907213226" lon="-122.96472183832849">
        <ele>1254.9</ele>
      </trkpt>
      <trkpt lat="50.08823979715135" lon="-122.96473615017925">
        <ele>1254.9</ele>
      </trkpt>
      <trkpt lat="50.08823957802377" lon="-122.96475050250785">
        <ele>1254.9</ele>
      </trkpt>
      <trkpt lat="50.08823841705346" lon="-122.96476474441081">
        <ele>1254.9</ele>
      </trkpt>
      <trkpt lat="50.088236326447124" lon="-122.96477872614568">
        <ele>1254.9</ele>
      </trkpt>
      <trkpt lat="50.088233328185844" lon="-122.96479230070548">
        <ele>1254.9</ele>
      </trkpt>
      <trkpt lat="50.088229453793986" lon="-122.96480532536435">
        <ele>1254.9</ele>
      </trkpt>
      <trkpt lat="50.08822474400775" lon="-122.96481766317821">
        <ele>1254.9</ele>
      </trkpt>
      <trkpt lat="50.08828474400775" lon="-122.96485766327544">
        <ele>1254.9</ele>
      </trkpt>
      <trkpt lat="50.08828149107869" lon="-122.9648647769463">
        <ele>1254.9</ele>
      </trkpt>
      <trkpt lat="50.088277959850274" lon="-122.96487156059881">
        <ele>1254.9</ele>
      </trkpt>
      <trkpt lat="50.08827416406883" lon="-122.96487798782567">
        <ele>1254.9</ele>
      </trkpt>
      <trkpt lat="50.08827011851051" lon="-122.96488403360706">
        <ele>1254.9</ele>
      </trkpt>
      <trkpt lat="50.0882658389238" lon="-122.96488967440807">
        <ele>1254.9</ele>
      </trkpt>
      <trkpt lat="50.088261341968206" lon="-122.96489488827027">
        <ele>1254.9</ele>
      </trkpt>
      <trkpt lat="50.088256645149414" lon="-122.96489965489721">
        <ele>1254.9</ele>
      </trkpt>
      <trkpt lat="50.088251766751114" lon="-122.96490395573346">
        <ele>1254.9</ele>
      </trkpt>
      <trkpt lat="50.08824672576386" lon="-122.9649077740368">
        <ele>1254.9</ele>
      </trkpt>
      <trkpt lat="50.088241541811136" lon="-122.96491109494337">
        <ele>1254.9</ele>
      </trkpt>
      <trkpt lat="50.08827154181114" lon="-122.96499109502543">
        <ele>1254.9</ele>
      </trkpt>
      <trkpt lat="50.08826850448712" lon="-122.96499277402512">
        <ele>1254.9</ele>
      </trkpt>
      <trkpt lat="50.08826543047708" lon="-122.96499428214119">
        <ele>1254.9</ele>
      </trkpt>
      <trkpt lat="50.08826232373736" lon="-122.96499561743269">
        <ele>1254.9</ele>
      </trkpt>
      <trkpt lat="50.08825918826641" lon="-122.96499677818103">
        <ele>1254.9</ele>
      </trkpt>
      <trkpt lat="50.088256028099664" lon="-122.96499776289232">
        <ele>1254.9</ele>
      </trkpt>
      <trkpt lat="50.08825284730435" lon="-122.9649985702992">
        <ele>1254.9</ele>
      </trkpt>
      <trkpt lat="50.08824964997421" lon="-122.96499919936252">
        <ele>1254.9</ele>
      </trkpt>
      <trkpt lat="50.08824644022431" lon="-122.96499964927267">
        <ele>1254.9</ele>
      </trkpt>
      <trkpt lat="50.088243222185675" lon="-122.96499991945058">
        <ele>1254.9</ele>
      </trkpt>
      <trkpt lat="50.08824" lon="-122.96500000954853">
        <ele>1254.9</ele>
      </trkpt>
      <trkpt lat="50.08824" lon="-122.96507000954853">
        <ele>1254.9</ele>
      </trkpt>
      <trkpt lat="50.08823711017748" lon="-122.96506993708344">
        <ele>1254.9</ele>
      </trkpt>
      <trkpt lat="50.08823422334635" lon="-122.96506971976319">
        <ele>1254.9</ele>
      </trkpt>
      <trkpt lat="50.088231342494886" lon="-122.96506935781277">
        <ele>1254.9</ele>
      </trkpt>
      <trkpt lat="50.0882284706052" lon="-122.96506885160679">
        <ele>1254.9</ele>
      </trkpt>
      <trkpt lat="50.088225610650106" lon="-122.9650682016693">
        <ele>1254.9</ele>
      </trkpt>
      <trkpt lat="50.088222765590075" lon="-122.96506740867305">
        <ele>1254.9</ele>
      </trkpt>
      <trkpt lat="50.08821993837016" lon="-122.96506647343891">
        <ele>1254.9</ele>
      </trkpt>
      <trkpt lat="50.08821713191693" lon="-122.965065396935">
        <ele>1254.9</ele>
      </trkpt>
      <trkpt lat="50.088214349135484" lon="-122.96506418027565">
        <ele>1254.9</ele>
      </trkpt>
      <trkpt lat="50.0882115929064" lon="-122.96506282472025">
        <ele>1254.9</ele>
      </trkpt>
      <trkpt lat="50.08822" lon="-122.96499">
        <ele>1254.9</ele>
      </trkpt>
      <trkpt lat="50.0881715929064" lon="-122.9651828246094">
        <ele>1250.2</ele>
      </trkpt>
      <trkpt lat="50.088168602997875" lon="-122.96518117933098">
        <ele>1250.2</ele>
      </trkpt>
      <trkpt lat="50.088165652206655" lon="-122.9651793706172">
        <ele>1250.2</ele>
      </trkpt>
      <trkpt lat="50.0881627442091" lon="-122.96517740072149">
        <ele>1250.2</ele>
      </trkpt>
      <trkpt lat="50.08815988262827" lon="-122.96517527209814">
        <ele>1250.2</ele>
      </trkpt>
      <trkpt lat="50.08815707102938" lon="-122.96517298739919">
        <ele>1250.2</ele>
      </trkpt>
      <trkpt lat="50.08815431291538" lon="-122.96517054947113">
        <ele>1250.2</ele>
      </trkpt>
      <trkpt lat="50.088151611722594" lon="-122.96516796135136">
        <ele>1250.2</ele>
      </trkpt>
      <trkpt lat="50.088148970816405" lon="-122.96516522626439">
        <ele>1250.2</ele>
      </trkpt>
      <trkpt lat="50.088146393487115" lon="-122.96516234761785">
        <ele>1250.2</ele>
      </trkpt>
      <trkpt lat="50.088143882945786" lon="-122.96515932899823">
        <ele>1250.2</ele>
      </trkpt>
      <trkpt lat="50.08810388294579" lon="-122.96520932890698">
        <ele>1250.2</ele>
      </trkpt>
      <trkpt lat="50.08810234437572" lon="-122.96520736660611">
        <ele>1250.2</ele>
      </trkpt>
      <trkpt lat="50.088100834044276" lon="-122.96520535171913">
        <ele>1250.2</ele>
      </trkpt>
      <trkpt lat="50.08809935269119" lon="-122.96520328523289">
        <ele>1250.2</ele>
      </trkpt>
      <trkpt lat="50.088097901041984" lon="-122.96520116815954">
        <ele>1250.2</ele>
      </trkpt>
      <trkpt lat="50.08809647980765" lon="-122.96519900153595">
        <ele>1250.2</ele>
      </trkpt>
      <trkpt lat="50.0880950896843" lon="-122.9651967864233">
        <ele>1250.2</ele>
      </trkpt>
      <trkpt lat="50.088093731352785" lon="-122.96519452390653">
        <ele>1250.2</ele>
      </trkpt>
      <trkpt lat="50.08809240547837" lon="-122.96519221509375">
        <ele>1250.2</ele>
      </trkpt>
      <trkpt lat="50.088091112710465" lon="-122.96518986111579">
        <ele>1250.2</ele>
      </trkpt>
      <trkpt lat="50.08808985368223" lon="-122.96518746312559">
        <ele>1250.2</ele>
      </trkpt>
      <trkpt lat="50.08811" lon="-122.96514">
        <ele>1250.2</ele>
      </trkpt>
      <trkpt lat="50.08798098982397" lon="-122.96527963157345">
        <ele>1251.7</ele>
      </trkpt>
      <trkpt lat="50.08798341954024" lon="-122.9652839899028">
        <ele>1251.7</ele>
      </trkpt>
      <trkpt lat="50.08798596248208" lon="-122.96528818839455">
        <ele>1251.7</ele>
      </trkpt>
      <trkpt lat="50.08798861432501" lon="-122.96529221990882">
        <ele>1251.7</ele>
      </trkpt>
      <trkpt lat="50.087991370559365" lon="-122.96529607758968">
        <ele>1251.7</ele>
      </trkpt>
      <trkpt lat="50.087994226497926" lon="-122.96529975487684">
        <ele>1251.7</ele>
      </trkpt>
      <trkpt lat="50.08799717728394" lon="-122.96530324551675">
        <ele>1251.7</ele>
      </trkpt>
      <trkpt lat="50.08800021789934" lon="-122.96530654357329">
        <ele>1251.7</ele>
      </trkpt>
      <trkpt lat="50.08800334317333" lon="-122.96530964343786">
        <ele>1251.7</ele>
      </trkpt>
      <trkpt lat="50.0880065477911" lon="-122.96531253983886">
        <ele>1251.7</ele>
      </trkpt>
      <trkpt lat="50.08800982630295" lon="-122.96531522785075">
        <ele>1251.7</ele>
      </trkpt>
      <trkpt lat="50.08797982630295" lon="-122.96537522777236">
        <ele>1251.7</ele>
      </trkpt>
      <trkpt lat="50.08798359342889" lon="-122.96537799523381">
        <ele>1251.7</ele>
      </trkpt>
      <trkpt lat="50.087987438803694" lon="-122.96538048759435">
        <ele>1251.7</ele>
      </trkpt>
      <trkpt lat="50.08799135416247" lon="-122.96538269949711">
        <ele>1251.7</ele>
      </trkpt>
      <trkpt lat="50.087995331089914" lon="-122.96538462618805">
        <ele>1251.7</ele>
      </trkpt>
      <trkpt lat="50.08799936103839" lon="-122.96538626352613">
        <ele>1251.7</ele>
      </trkpt>
      <trkpt lat="50.08800343534632" lon="-122.96538760799218">
        <ele>1251.7</ele>
      </trkpt>
      <trkpt lat="50.08800754525676" lon="-122.96538865669656">
        <ele>1251.7</ele>
      </trkpt>
      <trkpt lat="50.088011681936244" lon="-122.96538940738526">
        <ele>1251.7</ele>
      </trkpt>
      <trkpt lat="50.088015836493796" lon="-122.96538985844485">
        <ele>1251.7</ele>
      </trkpt>
      <trkpt lat="50.08802" lon="-122.96539000890584">
        <ele>1251.7</ele>
      </trkpt>
      <trkpt lat="50.08802" lon="-122.96546000890585">
        <ele>1246.0</ele>
      </trkpt>
      <trkpt lat="50.088023417306545" lon="-122.96545990756205">
        <ele>1246.0</ele>
      </trkpt>
      <trkpt lat="50.088026829665935" lon="-122.96545960367739">
        <ele>1246.0</ele>
      </trkpt>
      <trkpt lat="50.08803023213817" lon="-122.96545909769179">
        <ele>1246.0</ele>
      </trkpt>
      <trkpt lat="50.0880336197976" lon="-122.96545839033776">
        <ele>1246.0</ele>
      </trkpt>
      <trkpt lat="50.088036987739954" lon="-122.9654574826393">
        <ele>1246.0</ele>
      </trkpt>
      <trkpt lat="50.088040331089566" lon="-122.96545637591046">
        <ele>1246.0</ele>
      </trkpt>
      <trkpt lat="50.088043645006344" lon="-122.96545507175347">
        <ele>1246.0</ele>
      </trkpt>
      <trkpt lat="50.0880469246928" lon="-122.96545357205628">
        <ele>1246.0</ele>
      </trkpt>
      <trkpt lat="50.088050165401015" lon="-122.96545187898998">
        <ele>1246.0</ele>
      </trkpt>
      <trkpt lat="50.08805336243949" lon="-122.96544999500559">
        <ele>1246.0</ele>
      </trkpt>
      <trkpt lat="50.08807336243949" lon="-122.96549999505983">
        <ele>1246.0</ele>
      </trkpt>
      <trkpt lat="50.08807671121827" lon="-122.96549778373706">
        <ele>1246.0</ele>
      </trkpt>
      <trkpt lat="50.08807999982187" lon="-122.96549536295764">
        <ele>1246.0</ele>
      </trkpt>
      <trkpt lat="50.08808322285978" lon="-122.96549273668957">
        <ele>1246.0</ele>
      </trkpt>
      <trkpt lat="50.08808637504895" lon="-122.9654899092377">
        <ele>1246.0</ele>
      </trkpt>
      <trkpt lat="50.08808945122249" lon="-122.96548688523664">
        <ele>1246.0</ele>
      </trkpt>
      <trkpt lat="50.08809244633806" lon="-122.9654836696432">
        <ele>1246.0</ele>
      </trkpt>
      <trkpt lat="50.08809535548624" lon="-122.9654802677282">
        <ele>1246.0</ele>
      </trkpt>
      <trkpt lat="50.088098173898494" lon="-122.9654766850679">
        <ele>1246.0</ele>
      </trkpt>
      <trkpt lat="50.08810089695503" lon="-122.9654729275348">
        <ele>1246.0</ele>
      </trkpt>
      <trkpt lat="50.088103520192334" lon="-122.96546900128807">
        <ele>1246.0</ele>
      </trkpt>
      <trkpt lat="50.08814352019233" lon="-122.9655090013707">
        <ele>1244.4</ele>
      </trkpt>
      <trkpt lat="50.088145057086145" lon="-122.96550654658482">
        <ele>1244.4</ele>
      </trkpt>
      <trkpt lat="50.0881465549382" lon="-122.96550403385984">
        <ele>1244.4</ele>
      </trkpt>
      <trkpt lat="50.0881480128496" lon="-122.96550146470368">
        <ele>1244.4</ele>
      </trkpt>
      <trkpt lat="50.088149429945446" lon="-122.96549884065814">
        <ele>1244.4</ele>
      </trkpt>
      <trkpt lat="50.088150805375314" lon="-122.96549616329796">
        <ele>1244.4</ele>
      </trkpt>
      <trkpt lat="50.088152138313774" lon="-122.96549343422984">
        <ele>1244.4</ele>
      </trkpt>
      <trkpt lat="50.08815342796092" lon="-122.96549065509156">
        <ele>1244.4</ele>
      </trkpt>
      <trkpt lat="50.08815467354282" lon="-122.96548782755092">
        <ele>1244.4</ele>
      </trkpt>
      <trkpt lat="50.088155874311965" lon="-122.96548495330475">
        <ele>1244.4</ele>
      </trkpt>
      <trkpt lat="50.088157029547766" lon="-122.96548203407795">
        <ele>1244.4</ele>
      </trkpt>
      <trkpt lat="50.08813" lon="-122.96544">
        <ele>1244.4</ele>
      </trkpt>
      <trkpt lat="50.088250347394094" lon="-122.96552261408212">
        <ele>1244.4</ele>
      </trkpt>
      <trkpt lat="50.088251078161875" lon="-122.9655202823818">
        <ele>1244.4</ele>
      </trkpt>
      <trkpt lat="50.08825178107698" lon="-122.96551792997273">
        <ele>1244.4</ele>
      </trkpt>
      <trkpt lat="50.08825245589792" lon="-122.96551555766307">
        <ele>1244.4</ele>
      </trkpt>
      <trkpt lat="50.0882531023929" lon="-122.96551316626774">
        <ele>1244.4</ele>
      </trkpt>
      <trkpt lat="50.0882537203398" lon="-122.96551075660827">
        <ele>1244.4</ele>
      </trkpt>
      <trkpt lat="50.08825430952636" lon="-122.96550832951243">
        <ele>1244.4</ele>
      </trkpt>
      <trkpt lat="50.08825486975017" lon="-122.96550588581403">
        <ele>1244.4</ele>
      </trkpt>
      <trkpt lat="50.08825540081878" lon="-122.96550342635251">
        <ele>1244.4</ele>
      </trkpt>
      <trkpt lat="50.08825590254975" lon="-122.9655009519728">
        <ele>1244.4</ele>
      </trkpt>
      <trkpt lat="50.088256374770715" lon="-122.96549846352491">
        <ele>1244.4</ele>
      </trkpt>
      <trkpt lat="50.088326374770716" lon="-122.9655184635811">
        <ele>1244.4</ele>
      </trkpt>
      <trkpt lat="50.08832674443338" lon="-122.96551638666323">
        <ele>1244.4</ele>
      </trkpt>
      <trkpt lat="50.08832709353893" lon="-122.96551430112227">
        <ele>1244.4</ele>
      </trkpt>
      <trkpt lat="50.08832742200462" lon="-122.96551220745246">
        <ele>1244.4</ele>
      </trkpt>
      <trkpt lat="50.088327729752606" lon="-122.96551010614998">
        <ele>1244.4</ele>
      </trkpt>
      <trkpt lat="50.08832801670997" lon="-122.96550799771279">
        <ele>1244.4</ele>
      </trkpt>
      <trkpt lat="50.0883282828087" lon="-122.96550588264056">
        <ele>1244.4</ele>
      </trkpt>
      <trkpt lat="50.088328527985745" lon="-122.96550376143455">
        <ele>1244.4</ele>
      </trkpt>
      <trkpt lat="50.08832875218299" lon="-122.96550163459742">
        <ele>1244.4</ele>
      </trkpt>
      <trkpt lat="50.0883289553473" lon="-122.96549950263322">
        <ele>1244.4</ele>
      </trkpt>
      <trkpt lat="50.088329137430534" lon="-122.9654973660472">
        <ele>1244.4</ele>
      </trkpt>
      <trkpt lat="50.08832" lon="-122.96549">
        <ele>1244.4</ele>
      </trkpt>
      <trkpt lat="50.08847892826928" lon="-122.96551980040222">
        <ele>1240.2</ele>
      </trkpt>
      <trkpt lat="50.08847909957719" lon="-122.96551783174175">
        <ele>1240.2</ele>
      </trkpt>
      <trkpt lat="50.088479252945405" lon="-122.96551585949095">
        <ele>1240.2</ele>
      </trkpt>
      <trkpt lat="50.088479388343046" lon="-122.96551388404693">
        <ele>1240.2</ele>
      </trkpt>
      <trkpt lat="50.08847950574284" lon="-122.96551190580743">
        <ele>1240.2</ele>
      </trkpt>
      <trkpt lat="50.088479605121165" lon="-122.96550992517078">
        <ele>1240.2</ele>
      </trkpt>
      <trkpt lat="50.088479686457994" lon="-122.96550794253574">
        <ele>1240.2</ele>
      </trkpt>
      <trkpt lat="50.08847974973697" lon="-122.9655059583015">
        <ele>1240.2</ele>
      </trkpt>
      <trkpt lat="50.088479794945336" lon="-122.96550397286762">
        <ele>1240.2</ele>
      </trkpt>
      <trkpt lat="50.088479822074" lon="-122.96550198663381">
        <ele>1240.2</ele>
      </trkpt>
      <trkpt lat="50.088479831117496" lon="-122.9655">
        <ele>1240.2</ele>
      </trkpt>
      <trkpt lat="50.0885398311175" lon="-122.9655">
        <ele>1240.2</ele>
      </trkpt>
      <trkpt lat="50.08853981361672" lon="-122.96550276355896">
        <ele>1240.2</ele>
      </trkpt>
      <trkpt lat="50.08853976112119" lon="-122.96550552604111">
        <ele>1240.2</ele>
      </trkpt>
      <trkpt lat="50.08853967365137" lon="-122.96550828637014">
        <ele>1240.2</ele>
      </trkpt>
      <trkpt lat="50.08853955124134" lon="-122.96551104347046">
        <ele>1240.2</ele>
      </trkpt>
      <trkpt lat="50.088539393938795" lon="-122.96551379626784">
        <ele>1240.2</ele>
      </trkpt>
      <trkpt lat="50.088539201805034" lon="-122.96551654368969">
        <ele>1240.2</ele>
      </trkpt>
      <trkpt lat="50.088538974914904" lon="-122.96551928466549">
        <ele>1240.2</ele>
      </trkpt>
      <trkpt lat="50.08853871335682" lon="-122.96552201812726">
        <ele>1240.2</ele>
      </trkpt>
      <trkpt lat="50.08853841723269" lon="-122.96552474300995">
        <ele>1240.2</ele>
      </trkpt>
      <trkpt lat="50.0885380866579" lon="-122.96552745825183">
        <ele>1240.2</ele>
      </trkpt>
      <trkpt lat="50.0885880866579" lon="-122.96553745828047">
        <ele>1240.2</ele>
      </trkpt>
      <trkpt lat="50.08858841723269" lon="-122.96553474303575">
        <ele>1240.2</ele>
      </trkpt>
      <trkpt lat="50.08858871335682" lon="-122.96553201815021">
        <ele>1240.2</ele>
      </trkpt>
      <trkpt lat="50.088588974914906" lon="-122.9655292846856">
        <ele>1240.2</ele>
      </trkpt>
      <trkpt lat="50.088589201805036" lon="-122.96552654370693">
        <ele>1240.2</ele>
      </trkpt>
      <trkpt lat="50.0885893939388" lon="-122.96552379628223">
        <ele>1240.2</ele>
      </trkpt>
      <trkpt lat="50.08858955124134" lon="-122.96552104348197">
        <ele>1240.2</ele>
      </trkpt>
      <trkpt lat="50.08858967365137" lon="-122.96551828637877">
        <ele>1240.2</ele>
      </trkpt>
      <trkpt lat="50.08858976112119" lon="-122.96551552604687">
        <ele>1240.2</ele>
      </trkpt>
      <trkpt lat="50.08858981361672" lon="-122.96551276356183">
        <ele>1240.2</ele>
      </trkpt>
      <trkpt lat="50.0885898311175" lon="-122.96551">
        <ele>1240.2</ele>
      </trkpt>
      <trkpt lat="50.0886398311175" lon="-122.96551">
        <ele>1240.2</ele>
      </trkpt>
      <trkpt lat="50.088639813616716" lon="-122.96550723643527">
        <ele>1240.2</ele>
      </trkpt>
      <trkpt lat="50.088639761121186" lon="-122.96550447394735">
        <ele>1240.2</ele>
      </trkpt>
      <trkpt lat="50.088639673651365" lon="-122.96550171361258">
        <ele>1240.2</ele>
      </trkpt>
      <trkpt lat="50.088639551241336" lon="-122.9654989565065">
        <ele>1240.2</ele>
      </trkpt>
      <trkpt lat="50.08863939393879" lon="-122.96549620370337">
        <ele>1240.2</ele>
      </trkpt>
      <trkpt lat="50.08863920180503" lon="-122.9654934562758">
        <ele>1240.2</ele>
      </trkpt>
      <trkpt lat="50.0886389749149" lon="-122.96549071529428">
        <ele>1240.2</ele>
      </trkpt>
      <trkpt lat="50.088638713356815" lon="-122.9654879818268">
        <ele>1240.2</ele>
      </trkpt>
      <trkpt lat="50.08863841723269" lon="-122.96548525693842">
        <ele>1240.2</ele>
      </trkpt>
      <trkpt lat="50.088638086657895" lon="-122.96548254169087">
        <ele>1240.2</ele>
      </trkpt>
      <trkpt lat="50.0886" lon="-122.9655">
        <ele>1240.2</ele>
      </trkpt>
      <trkpt lat="50.0887380866579" lon="-122.96546254163356">
        <ele>1239.0</ele>
      </trkpt>
      <trkpt lat="50.08873841723268" lon="-122.96546525688677">
        <ele>1239.0</ele>
      </trkpt>
      <trkpt lat="50.08873871335681" lon="-122.96546798178083">
        <ele>1239.0</ele>
      </trkpt>
      <trkpt lat="50.0887389749149" lon="-122.96547071525401">
        <ele>1239.0</ele>
      </trkpt>
      <trkpt lat="50.088739201805026" lon="-122.96547345624126">
        <ele>1239.0</ele>
      </trkpt>
      <trkpt lat="50.088739393938795" lon="-122.96547620367457">
        <ele>1239.0</ele>
      </trkpt>
      <trkpt lat="50.08873955124134" lon="-122.96547895648344">
        <ele>1239.0</ele>
      </trkpt>
      <trkpt lat="50.08873967365137" lon="-122.96548171359528">
        <ele>1239.0</ele>
      </trkpt>
      <trkpt lat="50.08873976112119" lon="-122.96548447393582">
        <ele>1239.0</ele>
      </trkpt>
      <trkpt lat="50.08873981361672" lon="-122.96548723642951">
        <ele>1239.0</ele>
      </trkpt>
      <trkpt lat="50.0887398311175" lon="-122.96549">
        <ele>1239.0</ele>
      </trkpt>
      <trkpt lat="50.08869" lon="-122.96549">
        <ele>1239.0</ele>
      </trkpt>
      <trkpt lat="50.08874" lon="-122.96549">
        <ele>1239.0</ele>
      </trkpt>
      <trkpt lat="50.08878" lon="-122.96549">
        <ele>1239.0</ele>
      </trkpt>
      <trkpt lat="50.0889098311175" lon="-122.96549">
        <ele>1239.0</ele>
      </trkpt>
      <trkpt lat="50.08890978462339" lon="-122.96548549590773">
        <ele>1239.0</ele>
      </trkpt>
      <trkpt lat="50.08890964518918" lon="-122.96548099647784">
        <ele>1239.0</ele>
      </trkpt>
      <trkpt lat="50.08890941295922" lon="-122.96547650636789">
        <ele>1239.0</ele>
      </trkpt>
      <trkpt lat="50.088909088173885" lon="-122.96547203022581">
        <ele>1239.0</ele>
      </trkpt>
      <trkpt lat="50.088908671169385" lon="-122.96546757268506">
        <ele>1239.0</ele>
      </trkpt>
      <trkpt lat="50.08890816237738" lon="-122.96546313835982">
        <ele>1239.0</ele>
      </trkpt>
      <trkpt lat="50.088907562324536" lon="-122.96545873184027">
        <ele>1239.0</ele>
      </trkpt>
      <trkpt lat="50.088906871632005" lon="-122.9654543576878">
        <ele>1239.0</ele>
      </trkpt>
      <trkpt lat="50.08890609101475" lon="-122.9654500204303">
        <ele>1239.0</ele>
      </trkpt>
      <trkpt lat="50.08890522128081" lon="-122.96544572455743">
        <ele>1239.0</ele>
      </trkpt>
      <trkpt lat="50.08888" lon="-122.96547">
        <ele>1239.0</ele>
      </trkpt>
      <trkpt lat="50.08894" lon="-122.96545">
        <ele>1235.6</ele>
      </trkpt>
      <trkpt lat="50.08899" lon="-122.96543">
        <ele>1235.6</ele>
      </trkpt>
      <trkpt lat="50.08903" lon="-122.96541">
        <ele>1235.6</ele>
      </trkpt>
      <trkpt lat="50.0892020887126" lon="-122.9653131356926">
        <ele>1235.6</ele>
      </trkpt>
      <trkpt lat="50.089200694092845" lon="-122.96530847728076">
        <ele>1235.6</ele>
      </trkpt>
      <trkpt lat="50.08919919069627" lon="-122.96530390180247">
        <ele>1235.6</ele>
      </trkpt>
      <trkpt lat="50.08919758054947" lon="-122.96529941542552">
        <ele>1235.6</ele>
      </trkpt>
      <trkpt lat="50.08919586582294" lon="-122.96529502419763">
        <ele>1235.6</ele>
      </trkpt>
      <trkpt lat="50.089194048828155" lon="-122.96529073403822">
        <ele>1235.6</ele>
      </trkpt>
      <trkpt lat="50.08919213201445" lon="-122.9652865507305">
        <ele>1235.6</ele>
      </trkpt>
      <trkpt lat="50.089190117965735" lon="-122.96528247991363">
        <ele>1235.6</ele>
      </trkpt>
      <trkpt lat="50.089188009396956" lon="-122.96527852707513">
        <ele>1235.6</ele>
      </trkpt>
      <trkpt lat="50.089185809150514" lon="-122.96527469754348">
        <ele>1235.6</ele>
      </trkpt>
      <trkpt lat="50.08918352019236" lon="-122.96527099648095">
        <ele>1235.6</ele>
      </trkpt>
      <trkpt lat="50.08923352019236" lon="-122.96522099637768">
        <ele>1226.0</ele>
      </trkpt>
      <trkpt lat="50.089232462550385" lon="-122.96521937492113">
        <ele>1226.0</ele>
      </trkpt>
      <trkpt lat="50.089231387872715" lon="-122.96521778090853">
        <ele>1226.0</ele>
      </trkpt>
      <trkpt lat="50.08923029645244" lon="-122.96521621477461">
        <ele>1226.0</ele>
      </trkpt>
      <trkpt lat="50.08922918858723" lon="-122.96521467694653">
        <ele>1226.0</ele>
      </trkpt>
      <trkpt lat="50.089228064579245" lon="-122.96521316784369">
        <ele>1226.0</ele>
      </trkpt>
      <trkpt lat="50.08922692473504" lon="-122.96521168787768">
        <ele>1226.0</ele>
      </trkpt>
      <trkpt lat="50.089225769365484" lon="-122.96521023745214">
        <ele>1226.0</ele>
      </trkpt>
      <trkpt lat="50.089224598785684" lon="-122.96520881696266">
        <ele>1226.0</ele>
      </trkpt>
      <trkpt lat="50.08922341331491" lon="-122.96520742679664">
        <ele>1226.0</ele>
      </trkpt>
      <trkpt lat="50.08922221327647" lon="-122.96520606733323">
        <ele>1226.0</ele>
      </trkpt>
      <trkpt lat="50.089272213276466" lon="-122.96513606721436">
        <ele>1226.2</ele>
      </trkpt>
      <trkpt lat="50.08927000835576" lon="-122.96513368912824">
        <ele>1226.2</ele>
      </trkpt>
      <trkpt lat="50.08926775888011" lon="-122.96513141466929">
        <ele>1226.2</ele>
      </trkpt>
      <trkpt lat="50.08926546685369" lon="-122.96512924586392">
        <ele>1226.2</ele>
      </trkpt>
      <trkpt lat="50.08926313431858" lon="-122.96512718464446">
        <ele>1226.2</ele>
      </trkpt>
      <trkpt lat="50.08926076335295" lon="-122.96512523284733">
        <ele>1226.2</ele>
      </trkpt>
      <trkpt lat="50.08925835606921" lon="-122.9651233922115">
        <ele>1226.2</ele>
      </trkpt>
      <trkpt lat="50.08925591461213" lon="-122.96512166437685">
        <ele>1226.2</ele>
      </trkpt>
      <trkpt lat="50.08925344115693" lon="-122.96512005088285">
        <ele>1226.2</ele>
      </trkpt>
      <trkpt lat="50.08925093790733" lon="-122.96511855316699">
        <ele>1226.2</ele>
      </trkpt>
      <trkpt lat="50.089248407093606" lon="-122.96511717256368">
        <ele>1226.2</ele>
      </trkpt>
      <trkpt lat="50.08928840709361" lon="-122.96499717245283">
        <ele>1226.2</ele>
      </trkpt>
      <trkpt lat="50.089287345155306" lon="-122.96499663214492">
        <ele>1226.2</ele>
      </trkpt>
      <trkpt lat="50.08928627898835" lon="-122.96499611246098">
        <ele>1226.2</ele>
      </trkpt>
      <trkpt lat="50.08928520875762" lon="-122.96499561348135">
        <ele>1226.2</ele>
      </trkpt>
      <trkpt lat="50.08928413462862" lon="-122.96499513528322">
        <ele>1226.2</ele>
      </trkpt>
      <trkpt lat="50.08928305676745" lon="-122.96499467794051">
        <ele>1226.2</ele>
      </trkpt>
      <trkpt lat="50.08928197534078" lon="-122.96499424152397">
        <ele>1226.2</ele>
      </trkpt>
      <trkpt lat="50.08928089051586" lon="-122.96499382610106">
        <ele>1226.2</ele>
      </trkpt>
      <trkpt lat="50.08927980246044" lon="-122.96499343173605">
        <ele>1226.2</ele>
      </trkpt>
      <trkpt lat="50.089278711342764" lon="-122.9649930584899">
        <ele>1226.2</ele>
      </trkpt>
      <trkpt lat="50.08927761733158" lon="-122.96499270642033">
        <ele>1226.2</ele>
      </trkpt>
      <trkpt lat="50.08928" lon="-122.96503">
        <ele>1226.2</ele>
      </trkpt>
      <trkpt lat="50.08929" lon="-122.96495">
        <ele>1225.0</ele>
      </trkpt>
      <trkpt lat="50.08932761733158" lon="-122.96471270627708">
        <ele>1225.0</ele>
      </trkpt>
      <trkpt lat="50.08933104374559" lon="-122.96471388328612">
        <ele>1225.0</ele>
      </trkpt>
      <trkpt lat="50.08933443805643" lon="-122.96471526794728">
        <ele>1225.0</ele>
      </trkpt>
      <trkpt lat="50.08933779508593" lon="-122.96471685814821">
        <ele>1225.0</ele>
      </trkpt>
      <trkpt lat="50.08934110971278" lon="-122.96471865146297">
        <ele>1225.0</ele>
      </trkpt>
      <trkpt lat="50.089344376880376" lon="-122.9647206451558">
        <ele>1225.0</ele>
      </trkpt>
      <trkpt lat="50.08934759160451" lon="-122.9647228361852">
        <ele>1225.0</ele>
      </trkpt>
      <trkpt lat="50.08935074898096" lon="-122.96472522120868">
        <ele>1225.0</ele>
      </trkpt>
      <trkpt lat="50.089353844193035" lon="-122.9647277965878">
        <ele>1225.0</ele>
      </trkpt>
      <trkpt lat="50.08935687251883" lon="-122.96473055839365">
        <ele>1225.0</ele>
      </trkpt>
      <trkpt lat="50.089359829338505" lon="-122.96473350241303">
        <ele>1225.0</ele>
      </trkpt>
      <trkpt lat="50.08935" lon="-122.96479">
        <ele>1225.0</ele>
      </trkpt>
      <trkpt lat="50.08943389867049" lon="-122.96463798969683">
        <ele>1225.0</ele>
      </trkpt>
      <trkpt lat="50.08943717155309" lon="-122.96464200367187">
        <ele>1225.0</ele>
      </trkpt>
      <trkpt lat="50.08944032155652" lon="-122.96464624976407">
        <ele>1225.0</ele>
      </trkpt>
      <trkpt lat="50.089443341910474" lon="-122.96465071884728">
        <ele>1225.0</ele>
      </trkpt>
      <trkpt lat="50.08944622612328" lon="-122.96465540131605">
        <ele>1225.0</ele>
      </trkpt>
      <trkpt lat="50.08944896799588" lon="-122.96466028710635">
        <ele>1225.0</ele>
      </trkpt>
      <trkpt lat="50.08945156163515" lon="-122.96466536571711">
        <ele>1225.0</ele>
      </trkpt>
      <trkpt lat="50.08945400146658" lon="-122.96467062623283">
        <ele>1225.0</ele>
      </trkpt>
      <trkpt lat="50.0894562822462" lon="-122.96467605734706">
        <ele>1225.0</ele>
      </trkpt>
      <trkpt lat="50.089458399071944" lon="-122.9646816473867">
        <ele>1225.0</ele>
      </trkpt>
      <trkpt lat="50.089460347394095" lon="-122.964687384337">
        <ele>1225.0</ele>
      </trkpt>
      <trkpt lat="50.0895203473941" lon="-122.96465738425862">
        <ele>1224.5</ele>
      </trkpt>
      <trkpt lat="50.089522123025105" lon="-122.96466325579648">
        <ele>1224.5</ele>
      </trkpt>
      <trkpt lat="50.089523722148606" lon="-122.96466924929501">
        <ele>1224.5</ele>
      </trkpt>
      <trkpt lat="50.08952514132759" lon="-122.96467535187233">
        <ele>1224.5</ele>
      </trkpt>
      <trkpt lat="50.08952637751182" lon="-122.96468155041214">
        <ele>1224.5</ele>
      </trkpt>
      <trkpt lat="50.089527428044335" lon="-122.96468783159187">
        <ele>1224.5</ele>
      </trkpt>
      <trkpt lat="50.08952829066723" lon="-122.96469418191137">
        <ele>1224.5</ele>
      </trkpt>
      <trkpt lat="50.089528963526476" lon="-122.96470058772184">
        <ele>1224.5</ele>
      </trkpt>
      <trkpt lat="50.08952944517588" lon="-122.96470703525523">
        <ele>1224.5</ele>
      </trkpt>
      <trkpt lat="50.089529734580225" lon="-122.96471351065382">
        <ele>1224.5</ele>
      </trkpt>
      <trkpt lat="50.0895298311175" lon="-122.96472">
        <ele>1224.5</ele>
      </trkpt>
      <trkpt lat="50.089599831117496" lon="-122.96472">
        <ele>1218.0</ele>
      </trkpt>
      <trkpt lat="50.08959969997208" lon="-122.96472756290699">
        <ele>1218.0</ele>
      </trkpt>
      <trkpt lat="50.089599306918736" lon="-122.96473510373164">
        <ele>1218.0</ele>
      </trkpt>
      <trkpt lat="50.08959865310512" lon="-122.96474260045609">
        <ele>1218.0</ele>
      </trkpt>
      <trkpt lat="50.089597740440254" lon="-122.96475003119124">
        <ele>1218.0</ele>
      </trkpt>
      <trkpt lat="50.08959657158895" lon="-122.96475737424066">
        <ele>1218.0</ele>
      </trkpt>
      <trkpt lat="50.08959514996405" lon="-122.96476460816397">
        <ele>1218.0</ele>
      </trkpt>
      <trkpt lat="50.089593479716434" lon="-122.9647717118394">
        <ele>1218.0</ele>
      </trkpt>
      <trkpt lat="50.08959156572294" lon="-122.96477866452548">
        <ele>1218.0</ele>
      </trkpt>
      <trkpt lat="50.089589413572085" lon="-122.9647854459216">
        <ele>1218.0</ele>
      </trkpt>
      <trkpt lat="50.089587029547765" lon="-122.96479203622732">
        <ele>1218.0</ele>
      </trkpt>
      <trkpt lat="50.08956" lon="-122.96475">
        <ele>1219.4</ele>
      </trkpt>
      <trkpt lat="50.08968702954776" lon="-122.96485203637766">
        <ele>1219.4</ele>
      </trkpt>
      <trkpt lat="50.08968870932391" lon="-122.96484748119217">
        <ele>1219.4</ele>
      </trkpt>
      <trkpt lat="50.08969027826815" lon="-122.96484283098528">
        <ele>1219.4</ele>
      </trkpt>
      <trkpt lat="50.08969173417123" lon="-122.96483809230503">
        <ele>1219.4</ele>
      </trkpt>
      <trkpt lat="50.08969307498306" lon="-122.96483327182403">
        <ele>1219.4</ele>
      </trkpt>
      <trkpt lat="50.08969429881562" lon="-122.96482837633012">
        <ele>1219.4</ele>
      </trkpt>
      <trkpt lat="50.08969540394562" lon="-122.96482341271667">
        <ele>1219.4</ele>
      </trkpt>
      <trkpt lat="50.089696388816904" lon="-122.96481838797305">
        <ele>1219.4</ele>
      </trkpt>
      <trkpt lat="50.089697252042654" lon="-122.9648133091747">
        <ele>1219.4</ele>
      </trkpt>
      <trkpt lat="50.08969799240735" lon="-122.96480818347314">
        <ele>1219.4</ele>
      </trkpt>
      <trkpt lat="50.089698608868474" lon="-122.96480301808596">
        <ele>1219.4</ele>
      </trkpt>
      <trkpt lat="50.08975860886847" lon="-122.96481301811477">
        <ele>1219.4</ele>
      </trkpt>
      <trkpt lat="50.08975884066799" lon="-122.9648107342328">
        <ele>1219.4</ele>
      </trkpt>
      <trkpt lat="50.089759048237575" lon="-122.96480844469589">
        <ele>1219.4</ele>
      </trkpt>
      <trkpt lat="50.089759231520624" lon="-122.96480615012847">
        <ele>1219.4</ele>
      </trkpt>
      <trkpt lat="50.08975939046714" lon="-122.96480385115635">
        <ele>1219.4</ele>
      </trkpt>
      <trkpt lat="50.08975952503378" lon="-122.96480154840654">
        <ele>1219.4</ele>
      </trkpt>
      <trkpt lat="50.08975963518384" lon="-122.96479924250708">
        <ele>1219.4</ele>
      </trkpt>
      <trkpt lat="50.08975972088728" lon="-122.96479693408688">
        <ele>1219.4</ele>
      </trkpt>
      <trkpt lat="50.08975978212072" lon="-122.96479462377549">
        <ele>1219.4</ele>
      </trkpt>
      <trkpt lat="50.08975981886747" lon="-122.96479231220306">
        <ele>1219.4</ele>
      </trkpt>
      <trkpt lat="50.0897598311175" lon="-122.96479">
        <ele>1219.4</ele>
      </trkpt>
      <trkpt lat="50.0898098311175" lon="-122.96479">
        <ele>1219.4</ele>
      </trkpt>
      <trkpt lat="50.089809822074" lon="-122.96479198668894">
        <ele>1219.4</ele>
      </trkpt>
      <trkpt lat="50.08980979494534" lon="-122.96479397297786">
        <ele>1219.4</ele>
      </trkpt>
      <trkpt lat="50.08980974973697" lon="-122.96479595846685">
        <ele>1219.4</ele>
      </trkpt>
      <trkpt lat="50.089809686458" lon="-122.96479794275614">
        <ele>1219.4</ele>
      </trkpt>
      <trkpt lat="50.08980960512117" lon="-122.9647999254462">
        <ele>1219.4</ele>
      </trkpt>
      <trkpt lat="50.08980950574284" lon="-122.96480190613782">
        <ele>1219.4</ele>
      </trkpt>
      <trkpt lat="50.08980938834305" lon="-122.96480388443221">
        <ele>1219.4</ele>
      </trkpt>
      <trkpt lat="50.08980925294541" lon="-122.96480585993106">
        <ele>1219.4</ele>
      </trkpt>
      <trkpt lat="50.089809099577195" lon="-122.9648078322366">
        <ele>1219.4</ele>
      </trkpt>
      <trkpt lat="50.089808928269285" lon="-122.96480980095171">
        <ele>1219.4</ele>
      </trkpt>
      <trkpt lat="50.089878928269286" lon="-122.96481980098064">
        <ele>1212.8</ele>
      </trkpt>
      <trkpt lat="50.089879099577196" lon="-122.96481783226264">
        <ele>1212.8</ele>
      </trkpt>
      <trkpt lat="50.08987925294541" lon="-122.96481585995423">
        <ele>1212.8</ele>
      </trkpt>
      <trkpt lat="50.08987938834305" lon="-122.96481388445251">
        <ele>1212.8</ele>
      </trkpt>
      <trkpt lat="50.08987950574284" lon="-122.96481190615522">
        <ele>1212.8</ele>
      </trkpt>
      <trkpt lat="50.08987960512117" lon="-122.9648099254607">
        <ele>1212.8</ele>
      </trkpt>
      <trkpt lat="50.089879686458" lon="-122.96480794276775">
        <ele>1212.8</ele>
      </trkpt>
      <trkpt lat="50.08987974973697" lon="-122.96480595847557">
        <ele>1212.8</ele>
      </trkpt>
      <trkpt lat="50.08987979494534" lon="-122.96480397298366">
        <ele>1212.8</ele>
      </trkpt>
      <trkpt lat="50.089879822074" lon="-122.96480198669184">
        <ele>1212.8</ele>
      </trkpt>
      <trkpt lat="50.0898798311175" lon="-122.9648">
        <ele>1212.8</ele>
      </trkpt>
      <trkpt lat="50.0899298311175" lon="-122.9648">
        <ele>1212.8</ele>
      </trkpt>
      <trkpt lat="50.08992932700112" lon="-122.9647851874782">
        <ele>1212.8</ele>
      </trkpt>
      <trkpt lat="50.08992782031001" lon="-122.96477054120693">
        <ele>1212.8</ele>
      </trkpt>
      <trkpt lat="50.08992532795474" lon="-122.96475622557074">
        <ele>1212.8</ele>
      </trkpt>
      <trkpt lat="50.089921877908615" lon="-122.9647424012433">
        <ele>1212.8</ele>
      </trkpt>
      <trkpt lat="50.08991750889374" lon="-122.96472922338398">
        <ele>1212.8</ele>
      </trkpt>
      <trkpt lat="50.08991226994641" lon="-122.96471683989643">
        <ele>1212.8</ele>
      </trkpt>
      <trkpt lat="50.0899062198667" lon="-122.96470538976851">
        <ele>1212.8</ele>
      </trkpt>
      <trkpt lat="50.08989942655858" lon="-122.96469500151244">
        <ele>1212.8</ele>
      </trkpt>
      <trkpt lat="50.08989196626774" lon="-122.96468579172235">
        <ele>1212.8</ele>
      </trkpt>
      <trkpt lat="50.08988392272585" lon="-122.96467786376563">
        <ele>1212.8</ele>
      </trkpt>
      <trkpt lat="50.0898753862108" lon="-122.96467130662292">
        <ele>1212.8</ele>
      </trkpt>
      <trkpt lat="50.089905386210795" lon="-122.96460130654236">
        <ele>1212.8</ele>
      </trkpt>
      <trkpt lat="50.08990650194962" lon="-122.96460206583251">
        <ele>1212.8</ele>
      </trkpt>
      <trkpt lat="50.08990761098396" lon="-122.96460284862093">
        <ele>1212.8</ele>
      </trkpt>
      <trkpt lat="50.089908713110106" lon="-122.96460365476385">
        <ele>1212.8</ele>
      </trkpt>
      <trkpt lat="50.089909808125626" lon="-122.96460448411321">
        <ele>1212.8</ele>
      </trkpt>
      <trkpt lat="50.089910895829405" lon="-122.96460533651668">
        <ele>1212.8</ele>
      </trkpt>
      <trkpt lat="50.08991197602165" lon="-122.96460621181768">
        <ele>1212.8</ele>
      </trkpt>
      <trkpt lat="50.08991304850395" lon="-122.96460710985546">
        <ele>1212.8</ele>
      </trkpt>
      <trkpt lat="50.08991411307933" lon="-122.96460803046506">
        <ele>1212.8</ele>
      </trkpt>
      <trkpt lat="50.08991516955225" lon="-122.9646089734774">
        <ele>1212.8</ele>
      </trkpt>
      <trkpt lat="50.08991621772866" lon="-122.96460993871925">
        <ele>1212.8</ele>
      </trkpt>
      <trkpt lat="50.08994621772866" lon="-122.96455993864409">
        <ele>1211.7</ele>
      </trkpt>
      <trkpt lat="50.089951122566795" lon="-122.96456487024851">
        <ele>1211.7</ele>
      </trkpt>
      <trkpt lat="50.08995581157415" lon="-122.96457028791116">
        <ele>1211.7</ele>
      </trkpt>
      <trkpt lat="50.089960264954534" lon="-122.96457616875959">
        <ele>1211.7</ele>
      </trkpt>
      <trkpt lat="50.08996446390653" lon="-122.96458248796584">
        <ele>1211.7</ele>
      </trkpt>
      <trkpt lat="50.08996839070289" lon="-122.9645892188513">
        <ele>1211.7</ele>
      </trkpt>
      <trkpt lat="50.08997202876534" lon="-122.96459633299934">
        <ele>1211.7</ele>
      </trkpt>
      <trkpt lat="50.089975362734585" lon="-122.96460380037522">
        <ele>1211.7</ele>
      </trkpt>
      <trkpt lat="50.0899783785352" lon="-122.96461158945294">
        <ele>1211.7</ele>
      </trkpt>
      <trkpt lat="50.08998106343497" lon="-122.96461966734836">
        <ele>1211.7</ele>
      </trkpt>
      <trkpt lat="50.08998340609871" lon="-122.96462799995795">
        <ele>1211.7</ele>
      </trkpt>
      <trkpt lat="50.09003340609871" lon="-122.96460799990369">
        <ele>1211.7</ele>
      </trkpt>
      <trkpt lat="50.09003564244517" lon="-122.96461774380484">
        <ele>1211.7</ele>
      </trkpt>
      <trkpt lat="50.090037410942635" lon="-122.96462771854384">
        <ele>1211.7</ele>
      </trkpt>
      <trkpt lat="50.090038701930126" lon="-122.96463786963052">
        <ele>1211.7</ele>
      </trkpt>
      <trkpt lat="50.090039508355225" lon="-122.96464814161136">
        <ele>1211.7</ele>
      </trkpt>
      <trkpt lat="50.09003982581257" lon="-122.9646584783724">
        <ele>1211.7</ele>
      </trkpt>
      <trkpt lat="50.090039652567945" lon="-122.96466882344582">
        <ele>1211.7</ele>
      </trkpt>
      <trkpt lat="50.090038989567766" lon="-122.96467912031837">
        <ele>1211.7</ele>
      </trkpt>
      <trkpt lat="50.09003784043388" lon="-122.96468931274012">
        <ele>1211.7</ele>
      </trkpt>
      <trkpt lat="50.09003621144379" lon="-122.96469934503173">
        <ele>1211.7</ele>
      </trkpt>
      <trkpt lat="50.090034111496365" lon="-122.96470916238866">
        <ele>1211.7</ele>
      </trkpt>
      <trkpt lat="50.09011411149636" lon="-122.96473916247074">
        <ele>1210.2</ele>
      </trkpt>
      <trkpt lat="50.090113366422464" lon="-122.9647421545202">
        <ele>1210.2</ele>
      </trkpt>
      <trkpt lat="50.0901125775437" lon="-122.96474511916507">
        <ele>1210.2</ele>
      </trkpt>
      <trkpt lat="50.090111745274584" lon="-122.9647480548476">
        <ele>1210.2</ele>
      </trkpt>
      <trkpt lat="50.09011087005243" lon="-122.96475096002521">
        <ele>1210.2</ele>
      </trkpt>
      <trkpt lat="50.09010995233712" lon="-122.9647538331714">
        <ele>1210.2</ele>
      </trkpt>
      <trkpt lat="50.09010899261088" lon="-122.96475667277646">
        <ele>1210.2</ele>
      </trkpt>
      <trkpt lat="50.090107991377984" lon="-122.96475947734832">
        <ele>1210.2</ele>
      </trkpt>
      <trkpt lat="50.09010694916454" lon="-122.96476224541334">
        <ele>1210.2</ele>
      </trkpt>
      <trkpt lat="50.09010586651817" lon="-122.96476497551701">
        <ele>1210.2</ele>
      </trkpt>
      <trkpt lat="50.09010474400776" lon="-122.96476766622482">
        <ele>1210.2</ele>
      </trkpt>
      <trkpt lat="50.09019474400776" lon="-122.96482766637065">
        <ele>1211.7</ele>
      </trkpt>
      <trkpt lat="50.09019288875377" lon="-122.96483183803365">
        <ele>1211.7</ele>
      </trkpt>
      <trkpt lat="50.09019093770652" lon="-122.96483590214187">
        <ele>1211.7</ele>
      </trkpt>
      <trkpt lat="50.090188893430145" lon="-122.96483985335414">
        <ele>1211.7</ele>
      </trkpt>
      <trkpt lat="50.090186758611324" lon="-122.9648436864776">
        <ele>1211.7</ele>
      </trkpt>
      <trkpt lat="50.090184536055716" lon="-122.9648473964746">
        <ele>1211.7</ele>
      </trkpt>
      <trkpt lat="50.09018222868428" lon="-122.96485097846933">
        <ele>1211.7</ele>
      </trkpt>
      <trkpt lat="50.09017983952947" lon="-122.96485442775419">
        <ele>1211.7</ele>
      </trkpt>
      <trkpt lat="50.090177371731194" lon="-122.96485773979599">
        <ele>1211.7</ele>
      </trkpt>
      <trkpt lat="50.09017482853274" lon="-122.96486091024192">
        <ele>1211.7</ele>
      </trkpt>
      <trkpt lat="50.09017221327647" lon="-122.96486393492526">
        <ele>1211.7</ele>
      </trkpt>
      <trkpt lat="50.09017" lon="-122.96482">
        <ele>1211.7</ele>
      </trkpt>
      <trkpt lat="50.090267610397056" lon="-122.96501873276499">
        <ele>1211.7</ele>
      </trkpt>
      <trkpt lat="50.090266001632315" lon="-122.96502026360739">
        <ele>1211.7</ele>
      </trkpt>
      <trkpt lat="50.09026437261476" lon="-122.96502174150216">
        <ele>1211.7</ele>
      </trkpt>
      <trkpt lat="50.09026272406158" lon="-122.96502316579864">
        <ele>1211.7</ele>
      </trkpt>
      <trkpt lat="50.09026105669857" lon="-122.96502453586977">
        <ele>1211.7</ele>
      </trkpt>
      <trkpt lat="50.09025937125982" lon="-122.96502585111237">
        <ele>1211.7</ele>
      </trkpt>
      <trkpt lat="50.090257668487354" lon="-122.96502711094737">
        <ele>1211.7</ele>
      </trkpt>
      <trkpt lat="50.09025594913084" lon="-122.96502831482012">
        <ele>1211.7</ele>
      </trkpt>
      <trkpt lat="50.09025421394726" lon="-122.96502946220059">
        <ele>1211.7</ele>
      </trkpt>
      <trkpt lat="50.090252463700544" lon="-122.96503055258364">
        <ele>1211.7</ele>
      </trkpt>
      <trkpt lat="50.09025069916125" lon="-122.96503158548921">
        <ele>1211.7</ele>
      </trkpt>
      <trkpt lat="50.09026" lon="-122.96501">
        <ele>1213.7</ele>
      </trkpt>
      <trkpt lat="50.09032154181114" lon="-122.96522110063316">
        <ele>1212.1</ele>
      </trkpt>
      <trkpt lat="50.090322422195946" lon="-122.96522057782894">
        <ele>1212.1</ele>
      </trkpt>
      <trkpt lat="50.09032329901461" lon="-122.96522004066239">
        <ele>1212.1</ele>
      </trkpt>
      <trkpt lat="50.09032417217068" lon="-122.96521948919256">
        <ele>1212.1</ele>
      </trkpt>
      <trkpt lat="50.090325041568136" lon="-122.96521892348012">
        <ele>1212.1</ele>
      </trkpt>
      <trkpt lat="50.09032590711135" lon="-122.9652183435873">
        <ele>1212.1</ele>
      </trkpt>
      <trkpt lat="50.090326768705104" lon="-122.96521774957787">
        <ele>1212.1</ele>
      </trkpt>
      <trkpt lat="50.09032762625465" lon="-122.96521714151719">
        <ele>1212.1</ele>
      </trkpt>
      <trkpt lat="50.09032847966566" lon="-122.96521651947211">
        <ele>1212.1</ele>
      </trkpt>
      <trkpt lat="50.090329328844255" lon="-122.96521588351105">
        <ele>1212.1</ele>
      </trkpt>
      <trkpt lat="50.09033017369705" lon="-122.96521523370399">
        <ele>1212.1</ele>
      </trkpt>
      <trkpt lat="50.090370173697046" lon="-122.96529523380852">
        <ele>1212.1</ele>
      </trkpt>
      <trkpt lat="50.090371169725046" lon="-122.96529444547305">
        <ele>1212.1</ele>
      </trkpt>
      <trkpt lat="50.090372159386575" lon="-122.96529363789338">
        <ele>1212.1</ele>
      </trkpt>
      <trkpt lat="50.09037314252859" lon="-122.96529281119439">
        <ele>1212.1</ele>
      </trkpt>
      <trkpt lat="50.09037411899906" lon="-122.96529196550392">
        <ele>1212.1</ele>
      </trkpt>
      <trkpt lat="50.09037508864698" lon="-122.96529110095274">
        <ele>1212.1</ele>
      </trkpt>
      <trkpt lat="50.09037605132241" lon="-122.96529021767455">
        <ele>1212.1</ele>
      </trkpt>
      <trkpt lat="50.09037700687648" lon="-122.96528931580595">
        <ele>1212.1</ele>
      </trkpt>
      <trkpt lat="50.09037795516142" lon="-122.9652883954864">
        <ele>1212.1</ele>
      </trkpt>
      <trkpt lat="50.09037889603059" lon="-122.96528745685819">
        <ele>1212.1</ele>
      </trkpt>
      <trkpt lat="50.0903798293385" lon="-122.96528650006651">
        <ele>1212.1</ele>
      </trkpt>
      <trkpt lat="50.09037" lon="-122.96523">
        <ele>1212.1</ele>
      </trkpt>
      <trkpt lat="50.0904838986705" lon="-122.9654220127573">
        <ele>1208.0</ele>
      </trkpt>
      <trkpt lat="50.09048491295186" lon="-122.96542080944971">
        <ele>1208.0</ele>
      </trkpt>
      <trkpt lat="50.09048591617681" lon="-122.96541958383126">
        <ele>1208.0</ele>
      </trkpt>
      <trkpt lat="50.09048690814335" lon="-122.96541833614873">
        <ele>1208.0</ele>
      </trkpt>
      <trkpt lat="50.09048788865176" lon="-122.96541706665332">
        <ele>1208.0</ele>
      </trkpt>
      <trkpt lat="50.09048885750461" lon="-122.96541577560065">
        <ele>1208.0</ele>
      </trkpt>
      <trkpt lat="50.09048981450684" lon="-122.96541446325065">
        <ele>1208.0</ele>
      </trkpt>
      <trkpt lat="50.09049075946575" lon="-122.96541312986757">
        <ele>1208.0</ele>
      </trkpt>
      <trkpt lat="50.09049169219109" lon="-122.96541177571987">
        <ele>1208.0</ele>
      </trkpt>
      <trkpt lat="50.090492612495055" lon="-122.96541040108019">
        <ele>1208.0</ele>
      </trkpt>
      <trkpt lat="50.09049352019235" lon="-122.96540900622534">
        <ele>1208.0</ele>
      </trkpt>
      <trkpt lat="50.09054352019235" lon="-122.96545900632864">
        <ele>1208.0</ele>
      </trkpt>
      <trkpt lat="50.09054757735972" lon="-122.96545225010918">
        <ele>1208.0</ele>
      </trkpt>
      <trkpt lat="50.09055133933638" lon="-122.96544509092374">
        <ele>1208.0</ele>
      </trkpt>
      <trkpt lat="50.09055478968928" lon="-122.965437560045">
        <ele>1208.0</ele>
      </trkpt>
      <trkpt lat="50.09055791334662" lon="-122.96542969036929">
        <ele>1208.0</ele>
      </trkpt>
      <trkpt lat="50.090560696663694" lon="-122.96542151627281">
        <ele>1208.0</ele>
      </trkpt>
      <trkpt lat="50.09056312748243" lon="-122.96541307346159">
        <ele>1208.0</ele>
      </trkpt>
      <trkpt lat="50.09056519518455" lon="-122.96540439881542">
        <ele>1208.0</ele>
      </trkpt>
      <trkpt lat="50.09056689073795" lon="-122.9653955302268">
        <ele>1208.0</ele>
      </trkpt>
      <trkpt lat="50.09056820673612" lon="-122.96538650643541">
        <ele>1208.0</ele>
      </trkpt>
      <trkpt lat="50.090569137430535" lon="-122.96537736685889">
        <ele>1208.0</ele>
      </trkpt>
      <trkpt lat="50.09064913743054" lon="-122.96538736688787">
        <ele>1205.8</ele>
      </trkpt>
      <trkpt lat="50.09064926909344" lon="-122.96538563786218">
        <ele>1205.8</ele>
      </trkpt>
      <trkpt lat="50.09064938695179" lon="-122.96538390641828">
        <ele>1205.8</ele>
      </trkpt>
      <trkpt lat="50.09064949098738" lon="-122.9653821728239">
        <ele>1205.8</ele>
      </trkpt>
      <trkpt lat="50.09064958118411" lon="-122.96538043734711">
        <ele>1205.8</ele>
      </trkpt>
      <trkpt lat="50.09064965752804" lon="-122.96537870025628">
        <ele>1205.8</ele>
      </trkpt>
      <trkpt lat="50.09064972000736" lon="-122.96537696182006">
        <ele>1205.8</ele>
      </trkpt>
      <trkpt lat="50.09064976861241" lon="-122.96537522230726">
        <ele>1205.8</ele>
      </trkpt>
      <trkpt lat="50.09064980333567" lon="-122.96537348198689">
        <ele>1205.8</ele>
      </trkpt>
      <trkpt lat="50.09064982417178" lon="-122.96537174112807">
        <ele>1205.8</ele>
      </trkpt>
      <trkpt lat="50.0906498311175" lon="-122.96537">
        <ele>1205.8</ele>
      </trkpt>
      <trkpt lat="50.09063" lon="-122.96537">
        <ele>1205.8</ele>
      </trkpt>
      <trkpt lat="50.0908098311175" lon="-122.96537">
        <ele>1205.8</ele>
      </trkpt>
      <trkpt lat="50.09080979633233" lon="-122.96536610384037">
        <ele>1205.8</ele>
      </trkpt>
      <trkpt lat="50.09080969200376" lon="-122.96536221069816">
        <ele>1205.8</ele>
      </trkpt>
      <trkpt lat="50.09080951821259" lon="-122.96535832358843">
        <ele>1205.8</ele>
      </trkpt>
      <trkpt lat="50.09080927509341" lon="-122.96535444552157">
        <ele>1205.8</ele>
      </trkpt>
      <trkpt lat="50.09080896283451" lon="-122.96535057950099">
        <ele>1205.8</ele>
      </trkpt>
      <trkpt lat="50.09080858167772" lon="-122.96534672852076">
        <ele>1205.8</ele>
      </trkpt>
      <trkpt lat="50.09080813191822" lon="-122.96534289556328">
        <ele>1205.8</ele>
      </trkpt>
      <trkpt lat="50.090807613904346" lon="-122.96533908359703">
        <ele>1205.8</ele>
      </trkpt>
      <trkpt lat="50.09080702803727" lon="-122.9653352955742">
        <ele>1205.8</ele>
      </trkpt>
      <trkpt lat="50.09080637477072" lon="-122.96533153442846">
        <ele>1205.8</ele>
      </trkpt>
      <trkpt lat="50.09087637477072" lon="-122.96531153437228">
        <ele>1205.8</ele>
      </trkpt>
      <trkpt lat="50.09087575540461" lon="-122.96530830333306">
        <ele>1205.8</ele>
      </trkpt>
      <trkpt lat="50.090875086296755" lon="-122.96530509647967">
        <ele>1205.8</ele>
      </trkpt>
      <trkpt lat="50.09087436783527" lon="-122.9653019156722">
        <ele>1205.8</ele>
      </trkpt>
      <trkpt lat="50.09087360043688" lon="-122.96529876275567">
        <ele>1205.8</ele>
      </trkpt>
      <trkpt lat="50.090872784546725" lon="-122.9652956395589">
        <ele>1205.8</ele>
      </trkpt>
      <trkpt lat="50.09087192063804" lon="-122.96529254789347">
        <ele>1205.8</ele>
      </trkpt>
      <trkpt lat="50.09087100921194" lon="-122.96528948955269">
        <ele>1205.8</ele>
      </trkpt>
      <trkpt lat="50.09087005079708" lon="-122.96528646631052">
        <ele>1205.8</ele>
      </trkpt>
      <trkpt lat="50.09086904594939" lon="-122.96528347992056">
        <ele>1205.8</ele>
      </trkpt>
      <trkpt lat="50.09086799525172" lon="-122.96528053211505">
        <ele>1205.8</ele>
      </trkpt>
      <trkpt lat="50.09093799525172" lon="-122.96524053201357">
        <ele>1201.4</ele>
      </trkpt>
      <trkpt lat="50.090936111733164" lon="-122.96523562941803">
        <ele>1201.4</ele>
      </trkpt>
      <trkpt lat="50.09093410144095" lon="-122.96523085069605">
        <ele>1201.4</ele>
      </trkpt>
      <trkpt lat="50.09093196772348" lon="-122.96522620380716">
        <ele>1201.4</ele>
      </trkpt>
      <trkpt lat="50.09092971413472" lon="-122.96522169649138">
        <ele>1201.4</ele>
      </trkpt>
      <trkpt lat="50.0909273444283" lon="-122.96521733625619">
        <ele>1201.4</ele>
      </trkpt>
      <trkpt lat="50.090924862551276" lon="-122.96521313036409">
        <ele>1201.4</ele>
      </trkpt>
      <trkpt lat="50.09092227263753" lon="-122.96520908582056">
        <ele>1201.4</ele>
      </trkpt>
      <trkpt lat="50.09091957900087" lon="-122.96520520936227">
        <ele>1201.4</ele>
      </trkpt>
      <trkpt lat="50.090916786127906" lon="-122.96520150744595">
        <ele>1201.4</ele>
      </trkpt>
      <trkpt lat="50.0909138986705" lon="-122.96519798623763">
        <ele>1201.4</ele>
      </trkpt>
      <trkpt lat="50.0909438986705" lon="-122.96515798616751">
        <ele>1206.2</ele>
      </trkpt>
      <trkpt lat="50.09094216872713" lon="-122.96515601367756">
        <ele>1206.2</ele>
      </trkpt>
      <trkpt lat="50.09094040908321" lon="-122.96515410608197">
        <ele>1206.2</ele>
      </trkpt>
      <trkpt lat="50.09093862074054" lon="-122.96515226446677">
        <ele>1206.2</ele>
      </trkpt>
      <trkpt lat="50.090936804717245" lon="-122.96515048988041">
        <ele>1206.2</ele>
      </trkpt>
      <trkpt lat="50.09093496204723" lon="-122.9651487833332">
        <ele>1206.2</ele>
      </trkpt>
      <trkpt lat="50.090933093779554" lon="-122.96514714579673">
        <ele>1206.2</ele>
      </trkpt>
      <trkpt lat="50.09093120097785" lon="-122.96514557820323">
        <ele>1206.2</ele>
      </trkpt>
      <trkpt lat="50.09092928471973" lon="-122.9651440814452">
        <ele>1206.2</ele>
      </trkpt>
      <trkpt lat="50.090927346096144" lon="-122.96514265637475">
        <ele>1206.2</ele>
      </trkpt>
      <trkpt lat="50.09092538621079" lon="-122.96514130380321">
        <ele>1206.2</ele>
      </trkpt>
      <trkpt lat="50.09095538621079" lon="-122.96507130372264">
        <ele>1206.2</ele>
      </trkpt>
      <trkpt lat="50.09095444734618" lon="-122.96507068635906">
        <ele>1206.2</ele>
      </trkpt>
      <trkpt lat="50.09095350404911" lon="-122.96507008563472">
        <ele>1206.2</ele>
      </trkpt>
      <trkpt lat="50.09095255644095" lon="-122.96506950162693">
        <ele>1206.2</ele>
      </trkpt>
      <trkpt lat="50.09095160464364" lon="-122.96506893441085">
        <ele>1206.2</ele>
      </trkpt>
      <trkpt lat="50.09095064877965" lon="-122.96506838405944">
        <ele>1206.2</ele>
      </trkpt>
      <trkpt lat="50.09094968897197" lon="-122.96506785064352">
        <ele>1206.2</ele>
      </trkpt>
      <trkpt lat="50.0909487253441" lon="-122.96506733423175">
        <ele>1206.2</ele>
      </trkpt>
      <trkpt lat="50.09094775802004" lon="-122.96506683489055">
        <ele>1206.2</ele>
      </trkpt>
      <trkpt lat="50.09094678712425" lon="-122.96506635268419">
        <ele>1206.2</ele>
      </trkpt>
      <trkpt lat="50.090945812781676" lon="-122.9650658876747">
        <ele>1206.2</ele>
      </trkpt>
      <trkpt lat="50.09095" lon="-122.9651">
        <ele>1206.2</ele>
      </trkpt>
      <trkpt lat="50.091005812781674" lon="-122.96486588750679">
        <ele>1204.1</ele>
      </trkpt>
      <trkpt lat="50.09100485093027" lon="-122.96486544684619">
        <ele>1204.1</ele>
      </trkpt>
      <trkpt lat="50.09100388598364" lon="-122.96486502294442">
        <ele>1204.1</ele>
      </trkpt>
      <trkpt lat="50.09100291806197" lon="-122.96486461585425">
        <ele>1204.1</ele>
      </trkpt>
      <trkpt lat="50.09100194728582" lon="-122.96486422562641">
        <ele>1204.1</ele>
      </trkpt>
      <trkpt lat="50.0910009737761" lon="-122.9648638523095">
        <ele>1204.1</ele>
      </trkpt>
      <trkpt lat="50.09099999765405" lon="-122.96486349595001">
        <ele>1204.1</ele>
      </trkpt>
      <trkpt lat="50.09099901904127" lon="-122.96486315659232">
        <ele>1204.1</ele>
      </trkpt>
      <trkpt lat="50.09099803805964" lon="-122.9648628342787">
        <ele>1204.1</ele>
      </trkpt>
      <trkpt lat="50.090997054831334" lon="-122.96486252904931">
        <ele>1204.1</ele>
      </trkpt>
      <trkpt lat="50.09099606947882" lon="-122.96486224094215">
        <ele>1204.1</ele>
      </trkpt>
      <trkpt lat="50.09101606947882" lon="-122.96475224088465">
        <ele>1204.1</ele>
      </trkpt>
      <trkpt lat="50.09101447738196" lon="-122.96475181270793">
        <ele>1204.1</ele>
      </trkpt>
      <trkpt lat="50.09101288060219" lon="-122.96475142922984">
        <ele>1204.1</ele>
      </trkpt>
      <trkpt lat="50.09101127965601" lon="-122.9647510905744">
        <ele>1204.1</ele>
      </trkpt>
      <trkpt lat="50.091009675061265" lon="-122.96475079685119">
        <ele>1204.1</ele>
      </trkpt>
      <trkpt lat="50.091008067336986" lon="-122.9647505481552">
        <ele>1204.1</ele>
      </trkpt>
      <trkpt lat="50.09100645700321" lon="-122.96475034456687">
        <ele>1204.1</ele>
      </trkpt>
      <trkpt lat="50.09100484458083" lon="-122.96475018615205">
        <ele>1204.1</ele>
      </trkpt>
      <trkpt lat="50.0910032305914" lon="-122.96475007296199">
        <ele>1204.1</ele>
      </trkpt>
      <trkpt lat="50.09100161555698" lon="-122.96475000503331">
        <ele>1204.1</ele>
      </trkpt>
      <trkpt lat="50.091" lon="-122.96474998238799">
        <ele>1204.1</ele>
      </trkpt>
      <trkpt lat="50.091" lon="-122.964639982388">
        <ele>1204.1</ele>
      </trkpt>
      <trkpt lat="50.090997799549406" lon="-122.96464002440135">
        <ele>1204.1</ele>
      </trkpt>
      <trkpt lat="50.09099560041934" lon="-122.96464015041623">
        <ele>1204.1</ele>
      </trkpt>
      <trkpt lat="50.090993403929524" lon="-122.96464036035701">
        <ele>1204.1</ele>
      </trkpt>
      <trkpt lat="50.09099121139812" lon="-122.96464065409769">
        <ele>1204.1</ele>
      </trkpt>
      <trkpt lat="50.09098902414089" lon="-122.96464103146201">
        <ele>1204.1</ele>
      </trkpt>
      <trkpt lat="50.09098684347043" lon="-122.96464149222348">
        <ele>1204.1</ele>
      </trkpt>
      <trkpt lat="50.09098467069542" lon="-122.96464203610562">
        <ele>1204.1</ele>
      </trkpt>
      <trkpt lat="50.09098250711976" lon="-122.96464266278201">
        <ele>1204.1</ele>
      </trkpt>
      <trkpt lat="50.09098035404185" lon="-122.96464337187659">
        <ele>1204.1</ele>
      </trkpt>
      <trkpt lat="50.090978212753775" lon="-122.96464416296382">
        <ele>1204.1</ele>
      </trkpt>
      <trkpt lat="50.090958212753776" lon="-122.9645641630205">
        <ele>1200.0</ele>
      </trkpt>
      <trkpt lat="50.09095353715226" lon="-122.964566195661">
        <ele>1200.0</ele>
      </trkpt>
      <trkpt lat="50.09094893881754" lon="-122.96456861898633">
        <ele>1200.0</ele>
      </trkpt>
      <trkpt lat="50.090944431175934" lon="-122.96457142592078">
        <ele>1200.0</ele>
      </trkpt>
      <trkpt lat="50.090940027388946" lon="-122.9645746082686">
        <ele>1200.0</ele>
      </trkpt>
      <trkpt lat="50.090935740314855" lon="-122.96457815673793">
        <ele>1200.0</ele>
      </trkpt>
      <trkpt lat="50.09093158247116" lon="-122.96458206096784">
        <ele>1200.0</ele>
      </trkpt>
      <trkpt lat="50.090927565998" lon="-122.96458630955868">
        <ele>1200.0</ele>
      </trkpt>
      <trkpt lat="50.090923702622774" lon="-122.96459089010534">
        <ele>1200.0</ele>
      </trkpt>
      <trkpt lat="50.090920003625854" lon="-122.96459578923344">
        <ele>1200.0</ele>
      </trkpt>
      <trkpt lat="50.090916479807646" lon="-122.96460099263838">
        <ele>1200.0</ele>
      </trkpt>
      <trkpt lat="50.090866479807644" lon="-122.96455099274169">
        <ele>1200.0</ele>
      </trkpt>
      <trkpt lat="50.090865780814184" lon="-122.96455209436782">
        <ele>1200.0</ele>
      </trkpt>
      <trkpt lat="50.0908650896843" lon="-122.96455320798236">
        <ele>1200.0</ele>
      </trkpt>
      <trkpt lat="50.09086440650261" lon="-122.964554333449">
        <ele>1200.0</ele>
      </trkpt>
      <trkpt lat="50.090863731352776" lon="-122.96455547062992">
        <ele>1200.0</ele>
      </trkpt>
      <trkpt lat="50.090863064317475" lon="-122.96455661938585">
        <ele>1200.0</ele>
      </trkpt>
      <trkpt lat="50.090862405478376" lon="-122.96455777957614">
        <ele>1200.0</ele>
      </trkpt>
      <trkpt lat="50.09086175491615" lon="-122.96455895105872">
        <ele>1200.0</ele>
      </trkpt>
      <trkpt lat="50.09086111271047" lon="-122.96456013369014">
        <ele>1200.0</ele>
      </trkpt>
      <trkpt lat="50.09086047893996" lon="-122.96456132732561">
        <ele>1200.0</ele>
      </trkpt>
      <trkpt lat="50.09085985368223" lon="-122.96456253181896">
        <ele>1200.0</ele>
      </trkpt>
      <trkpt lat="50.09088" lon="-122.96461">
        <ele>1200.0</ele>
      </trkpt>
      <trkpt lat="50.09082" lon="-122.96457">
        <ele>1202.1</ele>
      </trkpt>
      <trkpt lat="50.090699853682224" lon="-122.96444253211101">
        <ele>1202.1</ele>
      </trkpt>
      <trkpt lat="50.09070047893995" lon="-122.96444132762167">
        <ele>1202.1</ele>
      </trkpt>
      <trkpt lat="50.09070111271046" lon="-122.9644401339902">
        <ele>1202.1</ele>
      </trkpt>
      <trkpt lat="50.09070175491615" lon="-122.96443895136271">
        <ele>1202.1</ele>
      </trkpt>
      <trkpt lat="50.09070240547837" lon="-122.96443777988402">
        <ele>1202.1</ele>
      </trkpt>
      <trkpt lat="50.09070306431747" lon="-122.96443661969761">
        <ele>1202.1</ele>
      </trkpt>
      <trkpt lat="50.09070373135278" lon="-122.96443547094552">
        <ele>1202.1</ele>
      </trkpt>
      <trkpt lat="50.09070440650261" lon="-122.9644343337684">
        <ele>1202.1</ele>
      </trkpt>
      <trkpt lat="50.0907050896843" lon="-122.96443320830551">
        <ele>1202.1</ele>
      </trkpt>
      <trkpt lat="50.09070578081419" lon="-122.96443209469467">
        <ele>1202.1</ele>
      </trkpt>
      <trkpt lat="50.09070647980765" lon="-122.96443099307223">
        <ele>1202.1</ele>
      </trkpt>
      <trkpt lat="50.09065647980765" lon="-122.96438099317552">
        <ele>1202.1</ele>
      </trkpt>
      <trkpt lat="50.09065885439197" lon="-122.9643774254521">
        <ele>1202.1</ele>
      </trkpt>
      <trkpt lat="50.09066131140147" lon="-122.96437399600067">
        <ele>1202.1</ele>
      </trkpt>
      <trkpt lat="50.09066384752406" lon="-122.96437070944421">
        <ele>1202.1</ele>
      </trkpt>
      <trkpt lat="50.09066645934103" lon="-122.96436757021303">
        <ele>1202.1</ele>
      </trkpt>
      <trkpt lat="50.090669143331596" lon="-122.96436458253888">
        <ele>1202.1</ele>
      </trkpt>
      <trkpt lat="50.090671895877705" lon="-122.96436175044916">
        <ele>1202.1</ele>
      </trkpt>
      <trkpt lat="50.09067471326888" lon="-122.96435907776157">
        <ele>1202.1</ele>
      </trkpt>
      <trkpt lat="50.09067759170724" lon="-122.96435656807897">
        <ele>1202.1</ele>
      </trkpt>
      <trkpt lat="50.09068052731261" lon="-122.96435422478442">
        <ele>1202.1</ele>
      </trkpt>
      <trkpt lat="50.09068351612773" lon="-122.9643520510367">
        <ele>1202.1</ele>
      </trkpt>
      <trkpt lat="50.090643516127734" lon="-122.9642620511435">
        <ele>1197.6</ele>
      </trkpt>
      <trkpt lat="50.09064698017928" lon="-122.96425978543803">
        <ele>1197.6</ele>
      </trkpt>
      <trkpt lat="50.090650501977905" lon="-122.96425774745974">
        <ele>1197.6</ele>
      </trkpt>
      <trkpt lat="50.09065407536447" lon="-122.96425594077274">
        <ele>1197.6</ele>
      </trkpt>
      <trkpt lat="50.090657694089614" lon="-122.9642543685367">
        <ele>1197.6</ele>
      </trkpt>
      <trkpt lat="50.09066135182469" lon="-122.96425303350122">
        <ele>1197.6</ele>
      </trkpt>
      <trkpt lat="50.09066504217284" lon="-122.96425193800111">
        <ele>1197.6</ele>
      </trkpt>
      <trkpt lat="50.090668758680145" lon="-122.96425108395223">
        <ele>1197.6</ele>
      </trkpt>
      <trkpt lat="50.090672494846956" lon="-122.96425047284822">
        <ele>1197.6</ele>
      </trkpt>
      <trkpt lat="50.09067624413924" lon="-122.96425010575778">
        <ele>1197.6</ele>
      </trkpt>
      <trkpt lat="50.09068" lon="-122.96424998332294">
        <ele>1197.6</ele>
      </trkpt>
      <trkpt lat="50.09068" lon="-122.96414998332295">
        <ele>1197.6</ele>
      </trkpt>
      <trkpt lat="50.090682200450594" lon="-122.96415002533604">
        <ele>1197.6</ele>
      </trkpt>
      <trkpt lat="50.09068439958066" lon="-122.96415015135008">
        <ele>1197.6</ele>
      </trkpt>
      <trkpt lat="50.090686596070476" lon="-122.96415036128946">
        <ele>1197.6</ele>
      </trkpt>
      <trkpt lat="50.09068878860188" lon="-122.96415065502818">
        <ele>1197.6</ele>
      </trkpt>
      <trkpt lat="50.09069097585911" lon="-122.96415103238996">
        <ele>1197.6</ele>
      </trkpt>
      <trkpt lat="50.09069315652957" lon="-122.96415149314836">
        <ele>1197.6</ele>
      </trkpt>
      <trkpt lat="50.09069532930458" lon="-122.96415203702686">
        <ele>1197.6</ele>
      </trkpt>
      <trkpt lat="50.09069749288024" lon="-122.96415266369907">
        <ele>1197.6</ele>
      </trkpt>
      <trkpt lat="50.09069964595815" lon="-122.96415337278891">
        <ele>1197.6</ele>
      </trkpt>
      <trkpt lat="50.090701787246225" lon="-122.96415416387086">
        <ele>1197.6</ele>
      </trkpt>
      <trkpt lat="50.090721787246224" lon="-122.96407416381416">
        <ele>1197.6</ele>
      </trkpt>
      <trkpt lat="50.09072416810042" lon="-122.96407514579337">
        <ele>1197.6</ele>
      </trkpt>
      <trkpt lat="50.090726530789134" lon="-122.96407622913317">
        <ele>1197.6</ele>
      </trkpt>
      <trkpt lat="50.090728873536484" lon="-122.96407741301928">
        <ele>1197.6</ele>
      </trkpt>
      <trkpt lat="50.09073119458159" lon="-122.96407869656184">
        <ele>1197.6</ele>
      </trkpt>
      <trkpt lat="50.0907334921799" lon="-122.96408007879612">
        <ele>1197.6</ele>
      </trkpt>
      <trkpt lat="50.090735764604446" lon="-122.96408155868318">
        <ele>1197.6</ele>
      </trkpt>
      <trkpt lat="50.09073801014721" lon="-122.9640831351107">
        <ele>1197.6</ele>
      </trkpt>
      <trkpt lat="50.09074022712038" lon="-122.96408480689377">
        <ele>1197.6</ele>
      </trkpt>
      <trkpt lat="50.090742413857605" lon="-122.96408657277584">
        <ele>1197.6</ele>
      </trkpt>
      <trkpt lat="50.090744568715266" lon="-122.96408843142963">
        <ele>1197.6</ele>
      </trkpt>
      <trkpt lat="50.090784568715264" lon="-122.96401843132816">
        <ele>1200.8</ele>
      </trkpt>
      <trkpt lat="50.09078771408331" lon="-122.9640213671075">
        <ele>1200.8</ele>
      </trkpt>
      <trkpt lat="50.09079077997755" lon="-122.96402450048485">
        <ele>1200.8</ele>
      </trkpt>
      <trkpt lat="50.090793761291366" lon="-122.96402782624115">
        <ele>1200.8</ele>
      </trkpt>
      <trkpt lat="50.09079665305899" lon="-122.96403133883693">
        <ele>1200.8</ele>
      </trkpt>
      <trkpt lat="50.09079945046382" lon="-122.96403503242155">
        <ele>1200.8</ele>
      </trkpt>
      <trkpt lat="50.090802148846436" lon="-122.96403890084285">
        <ele>1200.8</ele>
      </trkpt>
      <trkpt lat="50.09080474371234" lon="-122.96404293765751">
        <ele>1200.8</ele>
      </trkpt>
      <trkpt lat="50.09080723073945" lon="-122.96404713614169">
        <ele>1200.8</ele>
      </trkpt>
      <trkpt lat="50.09080960578532" lon="-122.9640514893023">
        <ele>1200.8</ele>
      </trkpt>
      <trkpt lat="50.090811864894" lon="-122.9640559898886">
        <ele>1200.8</ele>
      </trkpt>
      <trkpt lat="50.09078" lon="-122.96411">
        <ele>1200.8</ele>
      </trkpt>
      <trkpt lat="50.090914744007755" lon="-122.96399233246245">
        <ele>1195.3</ele>
      </trkpt>
      <trkpt lat="50.090915357865306" lon="-122.96399378718229">
        <ele>1195.3</ele>
      </trkpt>
      <trkpt lat="50.09091596006954" lon="-122.96399525368764">
        <ele>1195.3</ele>
      </trkpt>
      <trkpt lat="50.09091655052733" lon="-122.96399673175175">
        <ele>1195.3</ele>
      </trkpt>
      <trkpt lat="50.09091712914738" lon="-122.96399822114601">
        <ele>1195.3</ele>
      </trkpt>
      <trkpt lat="50.0909176958402" lon="-122.96399972164015">
        <ele>1195.3</ele>
      </trkpt>
      <trkpt lat="50.090918250518165" lon="-122.96400123300211">
        <ele>1195.3</ele>
      </trkpt>
      <trkpt lat="50.09091879309549" lon="-122.96400275499816">
        <ele>1195.3</ele>
      </trkpt>
      <trkpt lat="50.090919323488286" lon="-122.96400428739297">
        <ele>1195.3</ele>
      </trkpt>
      <trkpt lat="50.09091984161453" lon="-122.96400582994954">
        <ele>1195.3</ele>
      </trkpt>
      <trkpt lat="50.09092034739408" lon="-122.96400738242934">
        <ele>1195.3</ele>
      </trkpt>
      <trkpt lat="50.09092" lon="-122.96403">
        <ele>1195.3</ele>
      </trkpt>
      <trkpt lat="50.09113156300616" lon="-122.96391132441349">
        <ele>1195.3</ele>
      </trkpt>
      <trkpt lat="50.09113213342981" lon="-122.96391329048656">
        <ele>1195.3</ele>
      </trkpt>
      <trkpt lat="50.09113268434773" lon="-122.96391527002747">
        <ele>1195.3</ele>
      </trkpt>
      <trkpt lat="50.091133215629064" lon="-122.96391726256611">
        <ele>1195.3</ele>
      </trkpt>
      <trkpt lat="50.09113372714766" lon="-122.9639192676293">
        <ele>1195.3</ele>
      </trkpt>
      <trkpt lat="50.091134218782024" lon="-122.96392128474083">
        <ele>1195.3</ele>
      </trkpt>
      <trkpt lat="50.0911346904154" lon="-122.96392331342167">
        <ele>1195.3</ele>
      </trkpt>
      <trkpt lat="50.09113514193579" lon="-122.96392535319004">
        <ele>1195.3</ele>
      </trkpt>
      <trkpt lat="50.09113557323595" lon="-122.9639274035615">
        <ele>1195.3</ele>
      </trkpt>
      <trkpt lat="50.091135984213466" lon="-122.96392946404912">
        <ele>1195.3</ele>
      </trkpt>
      <trkpt lat="50.09113637477072" lon="-122.96393153416355">
        <ele>1195.3</ele>
      </trkpt>
      <trkpt lat="50.091206374770714" lon="-122.96391153410737">
        <ele>1191.4</ele>
      </trkpt>
      <trkpt lat="50.09120605544767" lon="-122.96390983291732">
        <ele>1191.4</ele>
      </trkpt>
      <trkpt lat="50.09120572233394" lon="-122.9639081381642">
        <ele>1191.4</ele>
      </trkpt>
      <trkpt lat="50.0912053754829" lon="-122.96390645011958">
        <ele>1191.4</ele>
      </trkpt>
      <trkpt lat="50.09120501495014" lon="-122.96390476905398">
        <ele>1191.4</ele>
      </trkpt>
      <trkpt lat="50.091204640793435" lon="-122.9639030952368">
        <ele>1191.4</ele>
      </trkpt>
      <trkpt lat="50.091204253072746" lon="-122.96390142893628">
        <ele>1191.4</ele>
      </trkpt>
      <trkpt lat="50.0912038518502" lon="-122.96389977041945">
        <ele>1191.4</ele>
      </trkpt>
      <trkpt lat="50.0912034371901" lon="-122.96389811995208">
        <ele>1191.4</ele>
      </trkpt>
      <trkpt lat="50.0912030091589" lon="-122.96389647779867">
        <ele>1191.4</ele>
      </trkpt>
      <trkpt lat="50.09120256782519" lon="-122.96389484422238">
        <ele>1191.4</ele>
      </trkpt>
      <trkpt lat="50.09119" lon="-122.96392">
        <ele>1191.4</ele>
      </trkpt>
      <trkpt lat="50.09137340609872" lon="-122.96382799844969">
        <ele>1197.0</ele>
      </trkpt>
      <trkpt lat="50.09137374272297" lon="-122.96382932986958">
        <ele>1197.0</ele>
      </trkpt>
      <trkpt lat="50.09137407059936" lon="-122.96383066658252">
        <ele>1197.0</ele>
      </trkpt>
      <trkpt lat="50.091374389693634" lon="-122.9638320084489">
        <ele>1197.0</ele>
      </trkpt>
      <trkpt lat="50.091374699972455" lon="-122.96383335532855">
        <ele>1197.0</ele>
      </trkpt>
      <trkpt lat="50.091375001403414" lon="-122.96383470708074">
        <ele>1197.0</ele>
      </trkpt>
      <trkpt lat="50.09137529395502" lon="-122.96383606356429">
        <ele>1197.0</ele>
      </trkpt>
      <trkpt lat="50.091375577596715" lon="-122.96383742463749">
        <ele>1197.0</ele>
      </trkpt>
      <trkpt lat="50.091375852298874" lon="-122.96383879015816">
        <ele>1197.0</ele>
      </trkpt>
      <trkpt lat="50.09137611803279" lon="-122.96384015998368">
        <ele>1197.0</ele>
      </trkpt>
      <trkpt lat="50.09137637477072" lon="-122.96384153397092">
        <ele>1197.0</ele>
      </trkpt>
      <trkpt lat="50.09144637477072" lon="-122.96382153391473">
        <ele>1197.0</ele>
      </trkpt>
      <trkpt lat="50.09144664847519" lon="-122.96382305971098">
        <ele>1197.0</ele>
      </trkpt>
      <trkpt lat="50.09144691108605" lon="-122.96382459023671">
        <ele>1197.0</ele>
      </trkpt>
      <trkpt lat="50.091447162569686" lon="-122.96382612529595">
        <ele>1197.0</ele>
      </trkpt>
      <trkpt lat="50.091447402893884" lon="-122.96382766469218">
        <ele>1197.0</ele>
      </trkpt>
      <trkpt lat="50.09144763202788" lon="-122.96382920822829">
        <ele>1197.0</ele>
      </trkpt>
      <trkpt lat="50.09144784994235" lon="-122.96383075570668">
        <ele>1197.0</ele>
      </trkpt>
      <trkpt lat="50.09144805660937" lon="-122.96383230692922">
        <ele>1197.0</ele>
      </trkpt>
      <trkpt lat="50.09144825200251" lon="-122.9638338616973">
        <ele>1197.0</ele>
      </trkpt>
      <trkpt lat="50.091448436096734" lon="-122.96383541981187">
        <ele>1197.0</ele>
      </trkpt>
      <trkpt lat="50.091448608868475" lon="-122.96383698107344">
        <ele>1197.0</ele>
      </trkpt>
      <trkpt lat="50.09150860886847" lon="-122.96382698104462">
        <ele>1192.1</ele>
      </trkpt>
      <trkpt lat="50.09150843609673" lon="-122.96382541978109">
        <ele>1192.1</ele>
      </trkpt>
      <trkpt lat="50.091508252002505" lon="-122.96382386166457">
        <ele>1192.1</ele>
      </trkpt>
      <trkpt lat="50.09150805660937" lon="-122.96382230689454">
        <ele>1192.1</ele>
      </trkpt>
      <trkpt lat="50.091507849942346" lon="-122.96382075567007">
        <ele>1192.1</ele>
      </trkpt>
      <trkpt lat="50.091507632027884" lon="-122.96381920818975">
        <ele>1192.1</ele>
      </trkpt>
      <trkpt lat="50.09150740289388" lon="-122.9638176646517">
        <ele>1192.1</ele>
      </trkpt>
      <trkpt lat="50.091507162569684" lon="-122.96381612525354">
        <ele>1192.1</ele>
      </trkpt>
      <trkpt lat="50.09150691108606" lon="-122.96381459019238">
        <ele>1192.1</ele>
      </trkpt>
      <trkpt lat="50.091506648475196" lon="-122.96381305966474">
        <ele>1192.1</ele>
      </trkpt>
      <trkpt lat="50.091506374770724" lon="-122.96381153386658">
        <ele>1192.1</ele>
      </trkpt>
      <trkpt lat="50.09149" lon="-122.96383">
        <ele>1192.1</ele>
      </trkpt>
      <trkpt lat="50.09163522128081" lon="-122.96376572203515">
        <ele>1192.1</ele>
      </trkpt>
      <trkpt lat="50.091633813081245" lon="-122.9637596130132">
        <ele>1192.1</ele>
      </trkpt>
      <trkpt lat="50.091632224741716" lon="-122.96375361228829">
        <ele>1192.1</ele>
      </trkpt>
      <trkpt lat="50.09163045967606" lon="-122.96374773275784">
        <ele>1192.1</ele>
      </trkpt>
      <trkpt lat="50.09162852167794" lon="-122.96374198705874">
        <ele>1192.1</ele>
      </trkpt>
      <trkpt lat="50.09162641491271" lon="-122.96373638754025">
        <ele>1192.1</ele>
      </trkpt>
      <trkpt lat="50.091624143908454" lon="-122.96373094623748">
        <ele>1192.1</ele>
      </trkpt>
      <trkpt lat="50.091621713546246" lon="-122.96372567484542">
        <ele>1192.1</ele>
      </trkpt>
      <trkpt lat="50.09161912904969" lon="-122.96372058469393">
        <ele>1192.1</ele>
      </trkpt>
      <trkpt lat="50.09161639597365" lon="-122.96371568672329">
        <ele>1192.1</ele>
      </trkpt>
      <trkpt lat="50.09161352019235" lon="-122.96371099146073">
        <ele>1192.1</ele>
      </trkpt>
      <trkpt lat="50.09162" lon="-122.96374">
        <ele>1192.1</ele>
      </trkpt>
      <trkpt lat="50.09175820486906" lon="-122.96358887643392">
        <ele>1189.1</ele>
      </trkpt>
      <trkpt lat="50.09176041499556" lon="-122.96359305650087">
        <ele>1189.1</ele>
      </trkpt>
      <trkpt lat="50.09176251974311" lon="-122.96359736668238">
        <ele>1189.1</ele>
      </trkpt>
      <trkpt lat="50.091764515961835" lon="-122.96360180052807">
        <ele>1189.1</ele>
      </trkpt>
      <trkpt lat="50.09176640066434" lon="-122.96360635140252">
        <ele>1189.1</ele>
      </trkpt>
      <trkpt lat="50.09176817103007" lon="-122.96361101249516">
        <ele>1189.1</ele>
      </trkpt>
      <trkpt lat="50.09176982440961" lon="-122.96361577683047">
        <ele>1189.1</ele>
      </trkpt>
      <trkpt lat="50.09177135832861" lon="-122.96362063727841">
        <ele>1189.1</ele>
      </trkpt>
      <trkpt lat="50.09177277049148" lon="-122.96362558656514">
        <ele>1189.1</ele>
      </trkpt>
      <trkpt lat="50.09177405878488" lon="-122.96363061728384">
        <ele>1189.1</ele>
      </trkpt>
      <trkpt lat="50.09177522128082" lon="-122.96363572190582">
        <ele>1189.1</ele>
      </trkpt>
      <trkpt lat="50.09189522128082" lon="-122.96359572179493">
        <ele>1189.1</ele>
      </trkpt>
      <trkpt lat="50.09189583108424" lon="-122.96359868248749">
        <ele>1189.1</ele>
      </trkpt>
      <trkpt lat="50.09189639855719" lon="-122.96360166355714">
        <ele>1189.1</ele>
      </trkpt>
      <trkpt lat="50.091896923419796" lon="-122.9636046635337">
        <ele>1189.1</ele>
      </trkpt>
      <trkpt lat="50.09189740541322" lon="-122.96360768093763">
        <ele>1189.1</ele>
      </trkpt>
      <trkpt lat="50.09189784429974" lon="-122.96361071428078">
        <ele>1189.1</ele>
      </trkpt>
      <trkpt lat="50.0918982398629" lon="-122.96361376206715">
        <ele>1189.1</ele>
      </trkpt>
      <trkpt lat="50.09189859190762" lon="-122.96361682279364">
        <ele>1189.1</ele>
      </trkpt>
      <trkpt lat="50.09189890026029" lon="-122.96361989495075">
        <ele>1189.1</ele>
      </trkpt>
      <trkpt lat="50.09189916476881" lon="-122.96362297702333">
        <ele>1189.1</ele>
      </trkpt>
      <trkpt lat="50.09189938530275" lon="-122.96362606749138">
        <ele>1189.1</ele>
      </trkpt>
      <trkpt lat="50.09191" lon="-122.96363">
        <ele>1189.1</ele>
      </trkpt>
      <trkpt lat="50.09202" lon="-122.96361">
        <ele>1184.7</ele>
      </trkpt>
      <trkpt lat="50.09221666581218" lon="-122.9635431580604">
        <ele>1184.7</ele>
      </trkpt>
      <trkpt lat="50.09221586059374" lon="-122.96353883144336">
        <ele>1184.7</ele>
      </trkpt>
      <trkpt lat="50.092214966497146" lon="-122.96353454744174">
        <ele>1184.7</ele>
      </trkpt>
      <trkpt lat="50.092213984447916" lon="-122.96353031049009">
        <ele>1184.7</ele>
      </trkpt>
      <trkpt lat="50.09221291546261" lon="-122.9635261249743">
        <ele>1184.7</ele>
      </trkpt>
      <trkpt lat="50.09221176064779" lon="-122.96352199522696">
        <ele>1184.7</ele>
      </trkpt>
      <trkpt lat="50.09221052119886" lon="-122.96351792552295">
        <ele>1184.7</ele>
      </trkpt>
      <trkpt lat="50.09220919839882" lon="-122.96351392007503">
        <ele>1184.7</ele>
      </trkpt>
      <trkpt lat="50.09220779361696" lon="-122.96350998302941">
        <ele>1184.7</ele>
      </trkpt>
      <trkpt lat="50.09220630830743" lon="-122.9635061184615">
        <ele>1184.7</ele>
      </trkpt>
      <trkpt lat="50.09220474400776" lon="-122.96350233037168">
        <ele>1184.7</ele>
      </trkpt>
      <trkpt lat="50.09229474400776" lon="-122.96344233022582">
        <ele>1184.7</ele>
      </trkpt>
      <trkpt lat="50.09229288875377" lon="-122.96343815838001">
        <ele>1184.7</ele>
      </trkpt>
      <trkpt lat="50.092290937706515" lon="-122.96343409409369">
        <ele>1184.7</ele>
      </trkpt>
      <trkpt lat="50.092288893430144" lon="-122.96343014270828">
        <ele>1184.7</ele>
      </trkpt>
      <trkpt lat="50.09228675861132" lon="-122.96342630941683">
        <ele>1184.7</ele>
      </trkpt>
      <trkpt lat="50.092284536055715" lon="-122.96342259925726">
        <ele>1184.7</ele>
      </trkpt>
      <trkpt lat="50.092282228684276" lon="-122.96341901710555">
        <ele>1184.7</ele>
      </trkpt>
      <trkpt lat="50.09227983952947" lon="-122.96341556766953">
        <ele>1184.7</ele>
      </trkpt>
      <trkpt lat="50.09227737173119" lon="-122.96341225548258">
        <ele>1184.7</ele>
      </trkpt>
      <trkpt lat="50.09227482853274" lon="-122.96340908489772">
        <ele>1184.7</ele>
      </trkpt>
      <trkpt lat="50.092272213276466" lon="-122.96340606008182">
        <ele>1184.7</ele>
      </trkpt>
      <trkpt lat="50.09232221327647" lon="-122.96333605996294">
        <ele>1173.3</ele>
      </trkpt>
      <trkpt lat="50.09232298802344" lon="-122.96333693228135">
        <ele>1173.3</ele>
      </trkpt>
      <trkpt lat="50.092323756772515" lon="-122.96333781739828">
        <ele>1173.3</ele>
      </trkpt>
      <trkpt lat="50.09232451943668" lon="-122.96333871521354">
        <ele>1173.3</ele>
      </trkpt>
      <trkpt lat="50.09232527592961" lon="-122.9633396256255">
        <ele>1173.3</ele>
      </trkpt>
      <trkpt lat="50.09232602616568" lon="-122.96334054853108">
        <ele>1173.3</ele>
      </trkpt>
      <trkpt lat="50.092326770059955" lon="-122.96334148382584">
        <ele>1173.3</ele>
      </trkpt>
      <trkpt lat="50.09232750752824" lon="-122.96334243140392">
        <ele>1173.3</ele>
      </trkpt>
      <trkpt lat="50.092328238487056" lon="-122.96334339115805">
        <ele>1173.3</ele>
      </trkpt>
      <trkpt lat="50.092328962853664" lon="-122.96334436297957">
        <ele>1173.3</ele>
      </trkpt>
      <trkpt lat="50.09232968054607" lon="-122.96334534675852">
        <ele>1173.3</ele>
      </trkpt>
      <trkpt lat="50.092409680546076" lon="-122.9632553465838">
        <ele>1173.3</ele>
      </trkpt>
      <trkpt lat="50.09241051727031" lon="-122.96325652060129">
        <ele>1173.3</ele>
      </trkpt>
      <trkpt lat="50.09241134448977" lon="-122.96325771087115">
        <ele>1173.3</ele>
      </trkpt>
      <trkpt lat="50.092412162074524" lon="-122.96325891720642">
        <ele>1173.3</ele>
      </trkpt>
      <trkpt lat="50.092412969896166" lon="-122.96326013941766">
        <ele>1173.3</ele>
      </trkpt>
      <trkpt lat="50.09241376782782" lon="-122.9632613773129">
        <ele>1173.3</ele>
      </trkpt>
      <trkpt lat="50.09241455574417" lon="-122.96326263069771">
        <ele>1173.3</ele>
      </trkpt>
      <trkpt lat="50.09241533352146" lon="-122.96326389937525">
        <ele>1173.3</ele>
      </trkpt>
      <trkpt lat="50.092416101037536" lon="-122.96326518314625">
        <ele>1173.3</ele>
      </trkpt>
      <trkpt lat="50.09241685817185" lon="-122.96326648180909">
        <ele>1173.3</ele>
      </trkpt>
      <trkpt lat="50.0924176048055" lon="-122.9632677951598">
        <ele>1173.3</ele>
      </trkpt>
      <trkpt lat="50.092497604805494" lon="-122.96319779500587">
        <ele>1178.1</ele>
      </trkpt>
      <trkpt lat="50.09249927115292" lon="-122.96320085064741">
        <ele>1178.1</ele>
      </trkpt>
      <trkpt lat="50.092500880675765" lon="-122.96320397942003">
        <ele>1178.1</ele>
      </trkpt>
      <trkpt lat="50.09250243205373" lon="-122.9632071787571">
        <ele>1178.1</ele>
      </trkpt>
      <trkpt lat="50.09250392401417" lon="-122.96321044603418">
        <ele>1178.1</ele>
      </trkpt>
      <trkpt lat="50.092505355333195" lon="-122.96321377857103">
        <ele>1178.1</ele>
      </trkpt>
      <trkpt lat="50.092506724836674" lon="-122.96321717363391">
        <ele>1178.1</ele>
      </trkpt>
      <trkpt lat="50.092508031401174" lon="-122.96322062843777">
        <ele>1178.1</ele>
      </trkpt>
      <trkpt lat="50.092509273954896" lon="-122.96322414014857">
        <ele>1178.1</ele>
      </trkpt>
      <trkpt lat="50.09251045147853" lon="-122.96322770588557">
        <ele>1178.1</ele>
      </trkpt>
      <trkpt lat="50.092511563006155" lon="-122.96323132272373">
        <ele>1178.1</ele>
      </trkpt>
      <trkpt lat="50.092641563006154" lon="-122.96317132256455">
        <ele>1173.7</ele>
      </trkpt>
      <trkpt lat="50.09264217720312" lon="-122.9631734429785">
        <ele>1173.7</ele>
      </trkpt>
      <trkpt lat="50.09264276871335" lon="-122.96317557900619">
        <ele>1173.7</ele>
      </trkpt>
      <trkpt lat="50.092643337373545" lon="-122.96317773005795">
        <ele>1173.7</ele>
      </trkpt>
      <trkpt lat="50.092643883026724" lon="-122.96317989553991">
        <ele>1173.7</ele>
      </trkpt>
      <trkpt lat="50.092644405522236" lon="-122.96318207485426">
        <ele>1173.7</ele>
      </trkpt>
      <trkpt lat="50.09264490471583" lon="-122.96318426739934">
        <ele>1173.7</ele>
      </trkpt>
      <trkpt lat="50.09264538046972" lon="-122.96318647256986">
        <ele>1173.7</ele>
      </trkpt>
      <trkpt lat="50.092645832652536" lon="-122.96318868975705">
        <ele>1173.7</ele>
      </trkpt>
      <trkpt lat="50.09264626113946" lon="-122.96319091834879">
        <ele>1173.7</ele>
      </trkpt>
      <trkpt lat="50.09264666581218" lon="-122.96319315772982">
        <ele>1173.7</ele>
      </trkpt>
      <trkpt lat="50.09275666581218" lon="-122.96316315764525">
        <ele>1173.7</ele>
      </trkpt>
      <trkpt lat="50.09275692872698" lon="-122.96316469463322">
        <ele>1173.7</ele>
      </trkpt>
      <trkpt lat="50.09275718042324" lon="-122.96316623617749">
        <ele>1173.7</ele>
      </trkpt>
      <trkpt lat="50.09275742086849" lon="-122.96316778207914">
        <ele>1173.7</ele>
      </trkpt>
      <trkpt lat="50.092757650031686" lon="-122.96316933213865">
        <ele>1173.7</ele>
      </trkpt>
      <trkpt lat="50.092757867883265" lon="-122.96317088615598">
        <ele>1173.7</ele>
      </trkpt>
      <trkpt lat="50.09275807439511" lon="-122.96317244393057">
        <ele>1173.7</ele>
      </trkpt>
      <trkpt lat="50.09275826954056" lon="-122.96317400526141">
        <ele>1173.7</ele>
      </trkpt>
      <trkpt lat="50.09275845329444" lon="-122.96317556994697">
        <ele>1173.7</ele>
      </trkpt>
      <trkpt lat="50.09275862563303" lon="-122.96317713778534">
        <ele>1173.7</ele>
      </trkpt>
      <trkpt lat="50.092758786534105" lon="-122.96317870857419">
        <ele>1173.7</ele>
      </trkpt>
      <trkpt lat="50.092888786534104" lon="-122.96315870851642">
        <ele>1169.2</ele>
      </trkpt>
      <trkpt lat="50.092889083901326" lon="-122.96316197734755">
        <ele>1169.2</ele>
      </trkpt>
      <trkpt lat="50.0928893317427" lon="-122.96316525619832">
        <ele>1169.2</ele>
      </trkpt>
      <trkpt lat="50.09288952992044" lon="-122.96316854324584">
        <ele>1169.2</ele>
      </trkpt>
      <trkpt lat="50.09288967832436" lon="-122.9631718366627">
        <ele>1169.2</ele>
      </trkpt>
      <trkpt lat="50.09288977687197" lon="-122.96317513461794">
        <ele>1169.2</ele>
      </trkpt>
      <trkpt lat="50.09288982550848" lon="-122.96317843527807">
        <ele>1169.2</ele>
      </trkpt>
      <trkpt lat="50.09288982420684" lon="-122.96318173680808">
        <ele>1169.2</ele>
      </trkpt>
      <trkpt lat="50.09288977296778" lon="-122.96318503737254">
        <ele>1169.2</ele>
      </trkpt>
      <trkpt lat="50.09288967181979" lon="-122.9631883351365">
        <ele>1169.2</ele>
      </trkpt>
      <trkpt lat="50.0928895208191" lon="-122.96319162826656">
        <ele>1169.2</ele>
      </trkpt>
      <trkpt lat="50.0930095208191" lon="-122.96320162829568">
        <ele>1169.2</ele>
      </trkpt>
      <trkpt lat="50.09300894049521" lon="-122.96320966841321">
        <ele>1169.2</ele>
      </trkpt>
      <trkpt lat="50.093008063218825" lon="-122.96321764286232">
        <ele>1169.2</ele>
      </trkpt>
      <trkpt lat="50.09300689191898" lon="-122.96322552501805">
        <ele>1169.2</ele>
      </trkpt>
      <trkpt lat="50.09300543050639" lon="-122.96323328856367">
        <ele>1169.2</ele>
      </trkpt>
      <trkpt lat="50.093003683860374" lon="-122.96324090757842">
        <ele>1169.2</ele>
      </trkpt>
      <trkpt lat="50.0930016578126" lon="-122.96324835662412">
        <ele>1169.2</ele>
      </trkpt>
      <trkpt lat="50.09299935912759" lon="-122.96325561083006">
        <ele>1169.2</ele>
      </trkpt>
      <trkpt lat="50.09299679548014" lon="-122.96326264597606">
        <ele>1169.2</ele>
      </trkpt>
      <trkpt lat="50.0929939754297" lon="-122.96326943857333">
        <ele>1169.2</ele>
      </trkpt>
      <trkpt lat="50.09299090839178" lon="-122.96327596594291">
        <ele>1169.2</ele>
      </trkpt>
      <trkpt lat="50.093080908391784" lon="-122.96334596610438">
        <ele>1169.2</ele>
      </trkpt>
      <trkpt lat="50.09307951494379" lon="-122.96334868817247">
        <ele>1169.2</ele>
      </trkpt>
      <trkpt lat="50.093078078498394" lon="-122.96335135538386">
        <ele>1169.2</ele>
      </trkpt>
      <trkpt lat="50.09307659994408" lon="-122.96335396608877">
        <ele>1169.2</ele>
      </trkpt>
      <trkpt lat="50.09307508019539" lon="-122.9633565186724">
        <ele>1169.2</ele>
      </trkpt>
      <trkpt lat="50.09307352019234" lon="-122.96335901155587">
        <ele>1169.2</ele>
      </trkpt>
      <trkpt lat="50.09307192089985" lon="-122.96336144319726">
        <ele>1169.2</ele>
      </trkpt>
      <trkpt lat="50.093070283307135" lon="-122.96336381209251">
        <ele>1169.2</ele>
      </trkpt>
      <trkpt lat="50.0930686084271" lon="-122.96336611677638">
        <ele>1169.2</ele>
      </trkpt>
      <trkpt lat="50.09306689729572" lon="-122.96336835582335">
        <ele>1169.2</ele>
      </trkpt>
      <trkpt lat="50.09306515097139" lon="-122.96337052784848">
        <ele>1169.2</ele>
      </trkpt>
      <trkpt lat="50.09308" lon="-122.96335">
        <ele>1167.0</ele>
      </trkpt>
      <trkpt lat="50.093212836120884" lon="-122.96357324239956">
        <ele>1167.0</ele>
      </trkpt>
      <trkpt lat="50.09321182240055" lon="-122.96357437489996">
        <ele>1167.0</ele>
      </trkpt>
      <trkpt lat="50.09321079869095" lon="-122.96357548535353">
        <ele>1167.0</ele>
      </trkpt>
      <trkpt lat="50.09320976518942" lon="-122.9635765735462">
        <ele>1167.0</ele>
      </trkpt>
      <trkpt lat="50.093208722095184" lon="-122.96357763926821">
        <ele>1167.0</ele>
      </trkpt>
      <trkpt lat="50.093207669609306" lon="-122.96357868231415">
        <ele>1167.0</ele>
      </trkpt>
      <trkpt lat="50.093206607934654" lon="-122.96357970248293">
        <ele>1167.0</ele>
      </trkpt>
      <trkpt lat="50.09320553727588" lon="-122.96358069957793">
        <ele>1167.0</ele>
      </trkpt>
      <trkpt lat="50.09320445783937" lon="-122.96358167340695">
        <ele>1167.0</ele>
      </trkpt>
      <trkpt lat="50.093203369833184" lon="-122.96358262378227">
        <ele>1167.0</ele>
      </trkpt>
      <trkpt lat="50.09320227346706" lon="-122.96358355052068">
        <ele>1167.0</ele>
      </trkpt>
      <trkpt lat="50.09328227346706" lon="-122.96373355072696">
        <ele>1167.0</ele>
      </trkpt>
      <trkpt lat="50.09328129708929" lon="-122.96373435045975">
        <ele>1167.0</ele>
      </trkpt>
      <trkpt lat="50.09328031448574" lon="-122.96373513144596">
        <ele>1167.0</ele>
      </trkpt>
      <trkpt lat="50.09327932580453" lon="-122.96373589356786">
        <ele>1167.0</ele>
      </trkpt>
      <trkpt lat="50.09327833119473" lon="-122.96373663671055">
        <ele>1167.0</ele>
      </trkpt>
      <trkpt lat="50.09327733080627" lon="-122.96373736076201">
        <ele>1167.0</ele>
      </trkpt>
      <trkpt lat="50.09327632478997" lon="-122.96373806561307">
        <ele>1167.0</ele>
      </trkpt>
      <trkpt lat="50.09327531329749" lon="-122.96373875115748">
        <ele>1167.0</ele>
      </trkpt>
      <trkpt lat="50.09327429648132" lon="-122.96373941729188">
        <ele>1167.0</ele>
      </trkpt>
      <trkpt lat="50.093273274494756" lon="-122.96374006391585">
        <ele>1167.0</ele>
      </trkpt>
      <trkpt lat="50.09327224749185" lon="-122.9637406909319">
        <ele>1167.0</ele>
      </trkpt>
      <trkpt lat="50.093322247491855" lon="-122.96387069106828">
        <ele>1167.0</ele>
      </trkpt>
      <trkpt lat="50.09332081943263" lon="-122.9638715255961">
        <ele>1167.0</ele>
      </trkpt>
      <trkpt lat="50.09331938249001" lon="-122.96387232221302">
        <ele>1167.0</ele>
      </trkpt>
      <trkpt lat="50.0933179370782" lon="-122.96387308068944">
        <ele>1167.0</ele>
      </trkpt>
      <trkpt lat="50.093316483613805" lon="-122.96387380080671">
        <ele>1167.0</ele>
      </trkpt>
      <trkpt lat="50.09331502251579" lon="-122.96387448235728">
        <ele>1167.0</ele>
      </trkpt>
      <trkpt lat="50.09331355420528" lon="-122.9638751251447">
        <ele>1167.0</ele>
      </trkpt>
      <trkpt lat="50.09331207910552" lon="-122.96387572898368">
        <ele>1167.0</ele>
      </trkpt>
      <trkpt lat="50.09331059764169" lon="-122.96387629370018">
        <ele>1167.0</ele>
      </trkpt>
      <trkpt lat="50.0933091102408" lon="-122.96387681913143">
        <ele>1167.0</ele>
      </trkpt>
      <trkpt lat="50.09330761733158" lon="-122.96387730512598">
        <ele>1167.0</ele>
      </trkpt>
      <trkpt lat="50.09333761733158" lon="-122.96402730521194">
        <ele>1164.9</ele>
      </trkpt>
      <trkpt lat="50.093334126924425" lon="-122.96402828207984">
        <ele>1164.9</ele>
      </trkpt>
      <trkpt lat="50.093330614501916" lon="-122.96402904344923">
        <ele>1164.9</ele>
      </trkpt>
      <trkpt lat="50.09332708553778" lon="-122.96402958813361">
        <ele>1164.9</ele>
      </trkpt>
      <trkpt lat="50.09332354553157" lon="-122.96402991528414">
        <ele>1164.9</ele>
      </trkpt>
      <trkpt lat="50.09332" lon="-122.964030024391">
        <ele>1164.9</ele>
      </trkpt>
      <trkpt lat="50.09331645446843" lon="-122.96402991528414">
        <ele>1164.9</ele>
      </trkpt>
      <trkpt lat="50.09331291446221" lon="-122.96402958813361">
        <ele>1164.9</ele>
      </trkpt>
      <trkpt lat="50.09330938549808" lon="-122.96402904344923">
        <ele>1164.9</ele>
      </trkpt>
      <trkpt lat="50.093305873075565" lon="-122.96402828207984">
        <ele>1164.9</ele>
      </trkpt>
      <trkpt lat="50.09330238266842" lon="-122.96402730521194">
        <ele>1164.9</ele>
      </trkpt>
      <trkpt lat="50.093272382668424" lon="-122.96417730512597">
        <ele>1164.9</ele>
      </trkpt>
      <trkpt lat="50.09327110179011" lon="-122.96417689067032">
        <ele>1164.9</ele>
      </trkpt>
      <trkpt lat="50.09326982491958" lon="-122.96417644718393">
        <ele>1164.9</ele>
      </trkpt>
      <trkpt lat="50.093268552327636" lon="-122.96417597476083">
        <ele>1164.9</ele>
      </trkpt>
      <trkpt lat="50.09326728428415" lon="-122.96417547350123">
        <ele>1164.9</ele>
      </trkpt>
      <trkpt lat="50.09326602105804" lon="-122.96417494351142">
        <ele>1164.9</ele>
      </trkpt>
      <trkpt lat="50.093264762917215" lon="-122.96417438490381">
        <ele>1164.9</ele>
      </trkpt>
      <trkpt lat="50.09326351012847" lon="-122.96417379779686">
        <ele>1164.9</ele>
      </trkpt>
      <trkpt lat="50.0932622629575" lon="-122.96417318231506">
        <ele>1164.9</ele>
      </trkpt>
      <trkpt lat="50.0932610216688" lon="-122.96417253858897">
        <ele>1164.9</ele>
      </trkpt>
      <trkpt lat="50.09325978652561" lon="-122.96417186675508">
        <ele>1164.9</ele>
      </trkpt>
      <trkpt lat="50.09324" lon="-122.96418">
        <ele>1155.4</ele>
      </trkpt>
      <trkpt lat="50.09319" lon="-122.96431">
        <ele>1155.4</ele>
      </trkpt>
      <trkpt lat="50.093079826302954" lon="-122.96457524109998">
        <ele>1149.3</ele>
      </trkpt>
      <trkpt lat="50.09307824821065" lon="-122.96457398067909">
        <ele>1149.3</ele>
      </trkpt>
      <trkpt lat="50.09307668638642" lon="-122.96457267195069">
        <ele>1149.3</ele>
      </trkpt>
      <trkpt lat="50.09307514143878" lon="-122.9645713154247">
        <ele>1149.3</ele>
      </trkpt>
      <trkpt lat="50.09307361396972" lon="-122.9645699116297">
        <ele>1149.3</ele>
      </trkpt>
      <trkpt lat="50.09307210457439" lon="-122.96456846111262">
        <ele>1149.3</ele>
      </trkpt>
      <trkpt lat="50.093070613840915" lon="-122.96456696443867">
        <ele>1149.3</ele>
      </trkpt>
      <trkpt lat="50.09306914235013" lon="-122.964565422191">
        <ele>1149.3</ele>
      </trkpt>
      <trkpt lat="50.09306769067539" lon="-122.96456383497052">
        <ele>1149.3</ele>
      </trkpt>
      <trkpt lat="50.09306625938232" lon="-122.96456220339567">
        <ele>1149.3</ele>
      </trkpt>
      <trkpt lat="50.09306484902861" lon="-122.9645605281022">
        <ele>1149.3</ele>
      </trkpt>
      <trkpt lat="50.09299484902861" lon="-122.96465052794073">
        <ele>1154.0</ele>
      </trkpt>
      <trkpt lat="50.09299652623247" lon="-122.96465251257156">
        <ele>1154.0</ele>
      </trkpt>
      <trkpt lat="50.0929982328192" lon="-122.96465443537875">
        <ele>1154.0</ele>
      </trkpt>
      <trkpt lat="50.09299996785106" lon="-122.96465629530577">
        <ele>1154.0</ele>
      </trkpt>
      <trkpt lat="50.09300173037468" lon="-122.96465809133062">
        <ele>1154.0</ele>
      </trkpt>
      <trkpt lat="50.093003519421586" lon="-122.96465982246643">
        <ele>1154.0</ele>
      </trkpt>
      <trkpt lat="50.09300533400874" lon="-122.96466148776194">
        <ele>1154.0</ele>
      </trkpt>
      <trkpt lat="50.093007173139036" lon="-122.96466308630214">
        <ele>1154.0</ele>
      </trkpt>
      <trkpt lat="50.09300903580193" lon="-122.96466461720864">
        <ele>1154.0</ele>
      </trkpt>
      <trkpt lat="50.0930109209739" lon="-122.96466607964022">
        <ele>1154.0</ele>
      </trkpt>
      <trkpt lat="50.09301282761909" lon="-122.96466747279334">
        <ele>1154.0</ele>
      </trkpt>
      <trkpt lat="50.0929628276191" lon="-122.96477747266033">
        <ele>1154.0</ele>
      </trkpt>
      <trkpt lat="50.09297136928238" lon="-122.96478272121472">
        <ele>1154.0</ele>
      </trkpt>
      <trkpt lat="50.09298021003111" lon="-122.96478658332171">
        <ele>1154.0</ele>
      </trkpt>
      <trkpt lat="50.09298925751205" lon="-122.96478901863652">
        <ele>1154.0</ele>
      </trkpt>
      <trkpt lat="50.09299841721239" lon="-122.96479000171908">
        <ele>1154.0</ele>
      </trkpt>
      <trkpt lat="50.09300759344703" lon="-122.96478952229982">
        <ele>1154.0</ele>
      </trkpt>
      <trkpt lat="50.093016690358134" lon="-122.9647875853869">
        <ele>1154.0</ele>
      </trkpt>
      <trkpt lat="50.093025612916534" lon="-122.96478421121391">
        <ele>1154.0</ele>
      </trkpt>
      <trkpt lat="50.093034267914376" lon="-122.96477943502852">
        <ele>1154.0</ele>
      </trkpt>
      <trkpt lat="50.093042564938855" lon="-122.96477330672425">
        <ele>1154.0</ele>
      </trkpt>
      <trkpt lat="50.09305041731663" lon="-122.96476589031931">
        <ele>1154.0</ele>
      </trkpt>
      <trkpt lat="50.09305774301933" lon="-122.96475726328778">
        <ele>1154.0</ele>
      </trkpt>
      <trkpt lat="50.09306446552035" lon="-122.96474751575033">
        <ele>1154.0</ele>
      </trkpt>
      <trkpt lat="50.093070514594345" lon="-122.96473674953279">
        <ele>1154.0</ele>
      </trkpt>
      <trkpt lat="50.09307582705078" lon="-122.96472507710246">
        <ele>1154.0</ele>
      </trkpt>
      <trkpt lat="50.09308034739409" lon="-122.96471262039317">
        <ele>1154.0</ele>
      </trkpt>
      <trkpt lat="50.09306" lon="-122.96468">
        <ele>1149.3</ele>
      </trkpt>
      <trkpt lat="50.09315" lon="-122.96472">
        <ele>1149.3</ele>
      </trkpt>
      <trkpt lat="50.09331411149637" lon="-122.96479916575372">
        <ele>1142.1</ele>
      </trkpt>
      <trkpt lat="50.093315861422184" lon="-122.96479116530355">
        <ele>1142.1</ele>
      </trkpt>
      <trkpt lat="50.093317298466786" lon="-122.96478301484598">
        <ele>1142.1</ele>
      </trkpt>
      <trkpt lat="50.093318417393554" lon="-122.96477474408145">
        <ele>1142.1</ele>
      </trkpt>
      <trkpt lat="50.09331921412509" lon="-122.96476638314887">
        <ele>1142.1</ele>
      </trkpt>
      <trkpt lat="50.09331968575808" lon="-122.96475796251568">
        <ele>1142.1</ele>
      </trkpt>
      <trkpt lat="50.09331983057389" lon="-122.96474951286687">
        <ele>1142.1</ele>
      </trkpt>
      <trkpt lat="50.0933196480448" lon="-122.96474106499319">
        <ele>1142.1</ele>
      </trkpt>
      <trkpt lat="50.093319138835945" lon="-122.96473264967891">
        <ele>1142.1</ele>
      </trkpt>
      <trkpt lat="50.09331830480291" lon="-122.96472429758963">
        <ele>1142.1</ele>
      </trkpt>
      <trkpt lat="50.09331714898492" lon="-122.96471603916059">
        <ele>1142.1</ele>
      </trkpt>
      <trkpt lat="50.09335" lon="-122.96472">
        <ele>1143.9</ele>
      </trkpt>
      <trkpt lat="50.09344" lon="-122.96469">
        <ele>1143.9</ele>
      </trkpt>
      <trkpt lat="50.0936120887126" lon="-122.9645931304594">
        <ele>1143.9</ele>
      </trkpt>
      <trkpt lat="50.093613775661275" lon="-122.96459945996163">
        <ele>1143.9</ele>
      </trkpt>
      <trkpt lat="50.09361526188889" lon="-122.96460591055451">
        <ele>1143.9</ele>
      </trkpt>
      <trkpt lat="50.09361654383454" lon="-122.96461246678284">
        <ele>1143.9</ele>
      </trkpt>
      <trkpt lat="50.09361761842678" lon="-122.96461911293832">
        <ele>1143.9</ele>
      </trkpt>
      <trkpt lat="50.09361848309093" lon="-122.96462583309722">
        <ele>1143.9</ele>
      </trkpt>
      <trkpt lat="50.093619135755326" lon="-122.96463261115845">
        <ele>1143.9</ele>
      </trkpt>
      <trkpt lat="50.09361957485622" lon="-122.96463943088222">
        <ele>1143.9</ele>
      </trkpt>
      <trkpt lat="50.09361979934156" lon="-122.9646462759289">
        <ele>1143.9</ele>
      </trkpt>
      <trkpt lat="50.0936198086735" lon="-122.96465312989821">
        <ele>1143.9</ele>
      </trkpt>
      <trkpt lat="50.09361960282967" lon="-122.9646599763685">
        <ele>1143.9</ele>
      </trkpt>
      <trkpt lat="50.09375960282967" lon="-122.96466997639764">
        <ele>1141.0</ele>
      </trkpt>
      <trkpt lat="50.093759684991" lon="-122.96466798355408">
        <ele>1141.0</ele>
      </trkpt>
      <trkpt lat="50.09375974891159" lon="-122.96466598908677">
        <ele>1141.0</ele>
      </trkpt>
      <trkpt lat="50.093759794578446" lon="-122.96466399340136">
        <ele>1141.0</ele>
      </trkpt>
      <trkpt lat="50.093759821982275" lon="-122.96466199690376">
        <ele>1141.0</ele>
      </trkpt>
      <trkpt lat="50.0937598311175" lon="-122.96466">
        <ele>1141.0</ele>
      </trkpt>
      <trkpt lat="50.093759821982275" lon="-122.96465800309623">
        <ele>1141.0</ele>
      </trkpt>
      <trkpt lat="50.093759794578446" lon="-122.96465600659863">
        <ele>1141.0</ele>
      </trkpt>
      <trkpt lat="50.09375974891159" lon="-122.96465401091322">
        <ele>1141.0</ele>
      </trkpt>
      <trkpt lat="50.093759684991" lon="-122.96465201644591">
        <ele>1141.0</ele>
      </trkpt>
      <trkpt lat="50.09375960282967" lon="-122.96465002360235">
        <ele>1141.0</ele>
      </trkpt>
      <trkpt lat="50.093899602829666" lon="-122.96464002357321">
        <ele>1141.0</ele>
      </trkpt>
      <trkpt lat="50.09389905376761" lon="-122.9646316186915">
        <ele>1141.0</ele>
      </trkpt>
      <trkpt lat="50.093898180530715" lon="-122.9646232807217">
        <ele>1141.0</ele>
      </trkpt>
      <trkpt lat="50.09389698629774" lon="-122.9646150400158">
        <ele>1141.0</ele>
      </trkpt>
      <trkpt lat="50.093895475415955" lon="-122.96460692657176">
        <ele>1141.0</ele>
      </trkpt>
      <trkpt lat="50.0938936533853" lon="-122.96459896992425">
        <ele>1141.0</ele>
      </trkpt>
      <trkpt lat="50.09389152683835" lon="-122.96459119903719">
        <ele>1141.0</ele>
      </trkpt>
      <trkpt lat="50.09388910351619" lon="-122.96458364219825">
        <ele>1141.0</ele>
      </trkpt>
      <trkpt lat="50.09388639224024" lon="-122.96457632691597">
        <ele>1141.0</ele>
      </trkpt>
      <trkpt lat="50.09388340288013" lon="-122.96456927981954">
        <ele>1141.0</ele>
      </trkpt>
      <trkpt lat="50.093880146317765" lon="-122.9645625265619">
        <ele>1141.0</ele>
      </trkpt>
      <trkpt lat="50.09386" lon="-122.96461">
        <ele>1141.0</ele>
      </trkpt>
      <trkpt lat="50.093980146317776" lon="-122.96448252637937">
        <ele>1135.6</ele>
      </trkpt>
      <trkpt lat="50.09398538109764" lon="-122.96449383814088">
        <ele>1135.6</ele>
      </trkpt>
      <trkpt lat="50.093989867965945" lon="-122.96450590556047">
        <ele>1135.6</ele>
      </trkpt>
      <trkpt lat="50.09399356240516" lon="-122.96451860890835">
        <ele>1135.6</ele>
      </trkpt>
      <trkpt lat="50.093996427760025" lon="-122.9645318221452">
        <ele>1135.6</ele>
      </trkpt>
      <trkpt lat="50.09399843560123" lon="-122.96454541417278">
        <ele>1135.6</ele>
      </trkpt>
      <trkpt lat="50.093999566007504" lon="-122.96455925013449">
        <ele>1135.6</ele>
      </trkpt>
      <trkpt lat="50.09399980776325" lon="-122.96457319275356">
        <ele>1135.6</ele>
      </trkpt>
      <trkpt lat="50.09399915846983" lon="-122.96458710369497">
        <ele>1135.6</ele>
      </trkpt>
      <trkpt lat="50.09399762456936" lon="-122.96460084493798">
        <ele>1135.6</ele>
      </trkpt>
      <trkpt lat="50.093995221280814" lon="-122.96461428014557">
        <ele>1135.6</ele>
      </trkpt>
      <trkpt lat="50.09405522128081" lon="-122.96463428020103">
        <ele>1135.6</ele>
      </trkpt>
      <trkpt lat="50.094055655673365" lon="-122.96463219454772">
        <ele>1135.6</ele>
      </trkpt>
      <trkpt lat="50.094056069060024" lon="-122.96463009854676">
        <ele>1135.6</ele>
      </trkpt>
      <trkpt lat="50.094056461339406" lon="-122.96462799271218">
        <ele>1135.6</ele>
      </trkpt>
      <trkpt lat="50.09405683241532" lon="-122.96462587756041">
        <ele>1135.6</ele>
      </trkpt>
      <trkpt lat="50.09405718219676" lon="-122.96462375361016">
        <ele>1135.6</ele>
      </trkpt>
      <trkpt lat="50.09405751059794" lon="-122.96462162138226">
        <ele>1135.6</ele>
      </trkpt>
      <trkpt lat="50.094057817538335" lon="-122.96461948139968">
        <ele>1135.6</ele>
      </trkpt>
      <trkpt lat="50.09405810294267" lon="-122.96461733418717">
        <ele>1135.6</ele>
      </trkpt>
      <trkpt lat="50.09405836674094" lon="-122.96461518027132">
        <ele>1135.6</ele>
      </trkpt>
      <trkpt lat="50.09405860886847" lon="-122.96461302018035">
        <ele>1135.6</ele>
      </trkpt>
      <trkpt lat="50.09411860886847" lon="-122.96462302020917">
        <ele>1135.6</ele>
      </trkpt>
      <trkpt lat="50.09411904823757" lon="-122.96461844637417">
        <ele>1135.6</ele>
      </trkpt>
      <trkpt lat="50.094119390467135" lon="-122.96461385241668">
        <ele>1135.6</ele>
      </trkpt>
      <trkpt lat="50.09411963518384" lon="-122.96460924334806">
        <ele>1135.6</ele>
      </trkpt>
      <trkpt lat="50.09411978212072" lon="-122.96460462419623">
        <ele>1135.6</ele>
      </trkpt>
      <trkpt lat="50.094119831117496" lon="-122.9646">
        <ele>1135.6</ele>
      </trkpt>
      <trkpt lat="50.09411978212072" lon="-122.9645953758038">
        <ele>1135.6</ele>
      </trkpt>
      <trkpt lat="50.09411963518384" lon="-122.96459075665194">
        <ele>1135.6</ele>
      </trkpt>
      <trkpt lat="50.094119390467135" lon="-122.96458614758335">
        <ele>1135.6</ele>
      </trkpt>
      <trkpt lat="50.09411904823757" lon="-122.96458155362583">
        <ele>1135.6</ele>
      </trkpt>
      <trkpt lat="50.09411860886847" lon="-122.96457697979083">
        <ele>1135.6</ele>
      </trkpt>
      <trkpt lat="50.094178608868475" lon="-122.964566979762">
        <ele>1135.6</ele>
      </trkpt>
      <trkpt lat="50.094177992407346" lon="-122.9645618138919">
        <ele>1135.6</ele>
      </trkpt>
      <trkpt lat="50.094177252042655" lon="-122.96455668771114">
        <ele>1135.6</ele>
      </trkpt>
      <trkpt lat="50.094176388816905" lon="-122.96455160843796">
        <ele>1135.6</ele>
      </trkpt>
      <trkpt lat="50.09417540394562" lon="-122.96454658322457">
        <ele>1135.6</ele>
      </trkpt>
      <trkpt lat="50.094174298815624" lon="-122.96454161914707">
        <ele>1135.6</ele>
      </trkpt>
      <trkpt lat="50.09417307498306" lon="-122.96453672319547">
        <ele>1135.6</ele>
      </trkpt>
      <trkpt lat="50.09417173417123" lon="-122.9645319022638">
        <ele>1135.6</ele>
      </trkpt>
      <trkpt lat="50.09417027826816" lon="-122.96452716314053">
        <ele>1135.6</ele>
      </trkpt>
      <trkpt lat="50.09416870932392" lon="-122.96452251249889">
        <ele>1135.6</ele>
      </trkpt>
      <trkpt lat="50.09416702954777" lon="-122.96451795688752">
        <ele>1135.6</ele>
      </trkpt>
      <trkpt lat="50.09421702954777" lon="-122.96448795681235">
        <ele>1135.6</ele>
      </trkpt>
      <trkpt lat="50.09421587431197" lon="-122.96448503721636">
        <ele>1135.6</ele>
      </trkpt>
      <trkpt lat="50.09421467354282" lon="-122.96448216260671">
        <ele>1135.6</ele>
      </trkpt>
      <trkpt lat="50.09421342796092" lon="-122.96447933470849">
        <ele>1135.6</ele>
      </trkpt>
      <trkpt lat="50.09421213831378" lon="-122.96447655521874">
        <ele>1135.6</ele>
      </trkpt>
      <trkpt lat="50.09421080537532" lon="-122.9644738258055">
        <ele>1135.6</ele>
      </trkpt>
      <trkpt lat="50.09420942994545" lon="-122.96447114810672">
        <ele>1135.6</ele>
      </trkpt>
      <trkpt lat="50.094208012849606" lon="-122.96446852372934">
        <ele>1135.6</ele>
      </trkpt>
      <trkpt lat="50.094206554938204" lon="-122.96446595424828">
        <ele>1135.6</ele>
      </trkpt>
      <trkpt lat="50.09420505708615" lon="-122.96446344120552">
        <ele>1135.6</ele>
      </trkpt>
      <trkpt lat="50.09420352019234" lon="-122.9644609861092">
        <ele>1135.6</ele>
      </trkpt>
      <trkpt lat="50.094243520192336" lon="-122.96442098602652">
        <ele>1130.5</ele>
      </trkpt>
      <trkpt lat="50.09424685854292" lon="-122.9644264788821">
        <ele>1130.5</ele>
      </trkpt>
      <trkpt lat="50.094250001678475" lon="-122.96443224480267">
        <ele>1130.5</ele>
      </trkpt>
      <trkpt lat="50.09425294042162" lon="-122.96443826695275">
        <ele>1130.5</ele>
      </trkpt>
      <trkpt lat="50.094255666191735" lon="-122.96444452774875">
        <ele>1130.5</ele>
      </trkpt>
      <trkpt lat="50.09425817103008" lon="-122.96445100891027">
        <ele>1130.5</ele>
      </trkpt>
      <trkpt lat="50.09426044762294" lon="-122.96445769151347">
        <ele>1130.5</ele>
      </trkpt>
      <trkpt lat="50.09426248932311" lon="-122.96446455604634">
        <ele>1130.5</ele>
      </trkpt>
      <trkpt lat="50.09426429016916" lon="-122.96447158246565">
        <ele>1130.5</ele>
      </trkpt>
      <trkpt lat="50.09426584490294" lon="-122.96447875025554">
        <ele>1130.5</ele>
      </trkpt>
      <trkpt lat="50.094267148984926" lon="-122.96448603848732">
        <ele>1130.5</ele>
      </trkpt>
      <trkpt lat="50.094307148984925" lon="-122.96447603845898">
        <ele>1130.5</ele>
      </trkpt>
      <trkpt lat="50.09430892771116" lon="-122.96449019109984">
        <ele>1130.5</ele>
      </trkpt>
      <trkpt lat="50.094309763147876" lon="-122.96450455386113">
        <ele>1130.5</ele>
      </trkpt>
      <trkpt lat="50.094309646433274" lon="-122.96451897439165">
        <ele>1130.5</ele>
      </trkpt>
      <trkpt lat="50.09430857880539" lon="-122.96453329972745">
        <ele>1130.5</ele>
      </trkpt>
      <trkpt lat="50.09430657158895" lon="-122.9645473779143">
        <ele>1130.5</ele>
      </trkpt>
      <trkpt lat="50.094303646075254" lon="-122.96456105961963">
        <ele>1130.5</ele>
      </trkpt>
      <trkpt lat="50.094299833296326" lon="-122.96457419971645">
        <ele>1130.5</ele>
      </trkpt>
      <trkpt lat="50.094295173695734" lon="-122.96458665882285">
        <ele>1130.5</ele>
      </trkpt>
      <trkpt lat="50.094289716699606" lon="-122.96459830478041">
        <ele>1130.5</ele>
      </trkpt>
      <trkpt lat="50.09428352019235" lon="-122.96460901405611">
        <ele>1130.5</ele>
      </trkpt>
      <trkpt lat="50.09432352019235" lon="-122.96464901413876">
        <ele>1130.5</ele>
      </trkpt>
      <trkpt lat="50.0943228134209" lon="-122.96465010371726">
        <ele>1130.5</ele>
      </trkpt>
      <trkpt lat="50.09432209895802" lon="-122.96465118103816">
        <ele>1130.5</ele>
      </trkpt>
      <trkpt lat="50.09432137689119" lon="-122.96465224596955">
        <ele>1130.5</ele>
      </trkpt>
      <trkpt lat="50.09432064730881" lon="-122.96465329838102">
        <ele>1130.5</ele>
      </trkpt>
      <trkpt lat="50.09431991030024" lon="-122.96465433814372">
        <ele>1130.5</ele>
      </trkpt>
      <trkpt lat="50.094319165955724" lon="-122.96465536513031">
        <ele>1130.5</ele>
      </trkpt>
      <trkpt lat="50.09431841436639" lon="-122.96465637921507">
        <ele>1130.5</ele>
      </trkpt>
      <trkpt lat="50.09431765562428" lon="-122.96465738027379">
        <ele>1130.5</ele>
      </trkpt>
      <trkpt lat="50.094316889822295" lon="-122.96465836818392">
        <ele>1130.5</ele>
      </trkpt>
      <trkpt lat="50.09431611705421" lon="-122.96465934282446">
        <ele>1130.5</ele>
      </trkpt>
      <trkpt lat="50.09435611705421" lon="-122.96470934291575">
        <ele>1130.5</ele>
      </trkpt>
      <trkpt lat="50.09435787054533" lon="-122.96470709907932">
        <ele>1130.5</ele>
      </trkpt>
      <trkpt lat="50.09435958712646" lon="-122.96470478693479">
        <ele>1130.5</ele>
      </trkpt>
      <trkpt lat="50.094361265702766" lon="-122.96470240795689">
        <ele>1130.5</ele>
      </trkpt>
      <trkpt lat="50.09436290520363" lon="-122.96469996366291">
        <ele>1130.5</ele>
      </trkpt>
      <trkpt lat="50.09436450458339" lon="-122.96469745561183">
        <ele>1130.5</ele>
      </trkpt>
      <trkpt lat="50.09436606282195" lon="-122.96469488540329">
        <ele>1130.5</ele>
      </trkpt>
      <trkpt lat="50.09436757892546" lon="-122.96469225467659">
        <ele>1130.5</ele>
      </trkpt>
      <trkpt lat="50.09436905192695" lon="-122.9646895651096">
        <ele>1130.5</ele>
      </trkpt>
      <trkpt lat="50.09437048088692" lon="-122.96468681841775">
        <ele>1130.5</ele>
      </trkpt>
      <trkpt lat="50.094371864894" lon="-122.96468401635286">
        <ele>1130.5</ele>
      </trkpt>
      <trkpt lat="50.094411864894006" lon="-122.96471401642299">
        <ele>1130.5</ele>
      </trkpt>
      <trkpt lat="50.094414197048806" lon="-122.96470893713463">
        <ele>1130.5</ele>
      </trkpt>
      <trkpt lat="50.09441638156843" lon="-122.9647037007794">
        <ele>1130.5</ele>
      </trkpt>
      <trkpt lat="50.09441841410617" lon="-122.96469831777644">
        <ele>1130.5</ele>
      </trkpt>
      <trkpt lat="50.094420290617755" lon="-122.96469279883672">
        <ele>1130.5</ele>
      </trkpt>
      <trkpt lat="50.094422007369346" lon="-122.96468715494166">
        <ele>1130.5</ele>
      </trkpt>
      <trkpt lat="50.09442356094501" lon="-122.96468139732131">
        <ele>1130.5</ele>
      </trkpt>
      <trkpt lat="50.094424948253476" lon="-122.96467553743204">
        <ele>1130.5</ele>
      </trkpt>
      <trkpt lat="50.09442616653432" lon="-122.96466958693368">
        <ele>1130.5</ele>
      </trkpt>
      <trkpt lat="50.094427213363446" lon="-122.96466355766637">
        <ele>1130.5</ele>
      </trkpt>
      <trkpt lat="50.0944280866579" lon="-122.96465746162696">
        <ele>1130.5</ele>
      </trkpt>
      <trkpt lat="50.094478086657894" lon="-122.96466746165562">
        <ele>1130.5</ele>
      </trkpt>
      <trkpt lat="50.09447877957255" lon="-122.96466136260612">
        <ele>1130.5</ele>
      </trkpt>
      <trkpt lat="50.09447929877839" lon="-122.96465522175791">
        <ele>1130.5</ele>
      </trkpt>
      <trkpt lat="50.094479643259525" lon="-122.96464905112634">
        <ele>1130.5</ele>
      </trkpt>
      <trkpt lat="50.09447981234194" lon="-122.96464286278506">
        <ele>1130.5</ele>
      </trkpt>
      <trkpt lat="50.09447980569479" lon="-122.96463666884236">
        <ele>1130.5</ele>
      </trkpt>
      <trkpt lat="50.09447962333108" lon="-122.96463048141752">
        <ele>1130.5</ele>
      </trkpt>
      <trkpt lat="50.09447926560764" lon="-122.96462431261702">
        <ele>1130.5</ele>
      </trkpt>
      <trkpt lat="50.0944787332244" lon="-122.96461817451093">
        <ele>1130.5</ele>
      </trkpt>
      <trkpt lat="50.094478027223026" lon="-122.96461207910926">
        <ele>1130.5</ele>
      </trkpt>
      <trkpt lat="50.094477148984915" lon="-122.96460603833845">
        <ele>1130.5</ele>
      </trkpt>
      <trkpt lat="50.09451714898492" lon="-122.96459603831009">
        <ele>1130.5</ele>
      </trkpt>
      <trkpt lat="50.094516081283665" lon="-122.96458996487483">
        <ele>1130.5</ele>
      </trkpt>
      <trkpt lat="50.09451483948335" lon="-122.96458397241048">
        <ele>1130.5</ele>
      </trkpt>
      <trkpt lat="50.0945134260955" lon="-122.96457807303673">
        <ele>1130.5</ele>
      </trkpt>
      <trkpt lat="50.0945118439787" lon="-122.96457227868507">
        <ele>1130.5</ele>
      </trkpt>
      <trkpt lat="50.094510096332776" lon="-122.96456660107454">
        <ele>1130.5</ele>
      </trkpt>
      <trkpt lat="50.094508186692316" lon="-122.9645610516881">
        <ele>1130.5</ele>
      </trkpt>
      <trkpt lat="50.09450611891958" lon="-122.96455564174934">
        <ele>1130.5</ele>
      </trkpt>
      <trkpt lat="50.094503897196624" lon="-122.96455038219987">
        <ele>1130.5</ele>
      </trkpt>
      <trkpt lat="50.09450152601688" lon="-122.96454528367708">
        <ele>1130.5</ele>
      </trkpt>
      <trkpt lat="50.09449901017604" lon="-122.96454035649275">
        <ele>1130.5</ele>
      </trkpt>
      <trkpt lat="50.09449" lon="-122.96458">
        <ele>1115.0</ele>
      </trkpt>
      <trkpt lat="50.09461352019234" lon="-122.96442098526197">
        <ele>1115.0</ele>
      </trkpt>
      <trkpt lat="50.09461272539601" lon="-122.96441976165178">
        <ele>1115.0</ele>
      </trkpt>
      <trkpt lat="50.09461192089985" lon="-122.96441855354243">
        <ele>1115.0</ele>
      </trkpt>
      <trkpt lat="50.09461110682826" lon="-122.96441736112071">
        <ele>1115.0</ele>
      </trkpt>
      <trkpt lat="50.094610283307134" lon="-122.96441618457104">
        <ele>1115.0</ele>
      </trkpt>
      <trkpt lat="50.094609450463814" lon="-122.96441502407535">
        <ele>1115.0</ele>
      </trkpt>
      <trkpt lat="50.0946086084271" lon="-122.9644138798131">
        <ele>1115.0</ele>
      </trkpt>
      <trkpt lat="50.094607757327196" lon="-122.96441275196123">
        <ele>1115.0</ele>
      </trkpt>
      <trkpt lat="50.09460689729572" lon="-122.96441164069418">
        <ele>1115.0</ele>
      </trkpt>
      <trkpt lat="50.09460602846566" lon="-122.96441054618376">
        <ele>1115.0</ele>
      </trkpt>
      <trkpt lat="50.09460515097139" lon="-122.96440946859924">
        <ele>1115.0</ele>
      </trkpt>
      <trkpt lat="50.09467515097139" lon="-122.96431946843776">
        <ele>1124.6</ele>
      </trkpt>
      <trkpt lat="50.094674052882674" lon="-122.96431815814041">
        <ele>1124.6</ele>
      </trkpt>
      <trkpt lat="50.09467294198424" lon="-122.96431687434792">
        <ele>1124.6</ele>
      </trkpt>
      <trkpt lat="50.094671818539354" lon="-122.96431561736448">
        <ele>1124.6</ele>
      </trkpt>
      <trkpt lat="50.094670682814254" lon="-122.96431438748799">
        <ele>1124.6</ele>
      </trkpt>
      <trkpt lat="50.0946695350781" lon="-122.96431318500993">
        <ele>1124.6</ele>
      </trkpt>
      <trkpt lat="50.09466837560287" lon="-122.96431201021527">
        <ele>1124.6</ele>
      </trkpt>
      <trkpt lat="50.09466720466335" lon="-122.9643108633824">
        <ele>1124.6</ele>
      </trkpt>
      <trkpt lat="50.09466602253705" lon="-122.96430974478311">
        <ele>1124.6</ele>
      </trkpt>
      <trkpt lat="50.09466482950409" lon="-122.9643086546825">
        <ele>1124.6</ele>
      </trkpt>
      <trkpt lat="50.09466362584722" lon="-122.9643075933389">
        <ele>1124.6</ele>
      </trkpt>
      <trkpt lat="50.09467" lon="-122.96434">
        <ele>1124.6</ele>
      </trkpt>
      <trkpt lat="50.094780173697046" lon="-122.96407475466575">
        <ele>1110.1</ele>
      </trkpt>
      <trkpt lat="50.094778841352394" lon="-122.96407373758707">
        <ele>1110.1</ele>
      </trkpt>
      <trkpt lat="50.094777498414366" lon="-122.96407275494452">
        <ele>1110.1</ele>
      </trkpt>
      <trkpt lat="50.09477614524921" lon="-122.9640718070061">
        <ele>1110.1</ele>
      </trkpt>
      <trkpt lat="50.094774782226004" lon="-122.96407089403037">
        <ele>1110.1</ele>
      </trkpt>
      <trkpt lat="50.094773409716474" lon="-122.9640700162663">
        <ele>1110.1</ele>
      </trkpt>
      <trkpt lat="50.09477202809495" lon="-122.9640691739533">
        <ele>1110.1</ele>
      </trkpt>
      <trkpt lat="50.094770637738264" lon="-122.9640683673211">
        <ele>1110.1</ele>
      </trkpt>
      <trkpt lat="50.0947692390256" lon="-122.9640675965897">
        <ele>1110.1</ele>
      </trkpt>
      <trkpt lat="50.09476783233844" lon="-122.9640668619693">
        <ele>1110.1</ele>
      </trkpt>
      <trkpt lat="50.094766418060445" lon="-122.96406616366025">
        <ele>1110.1</ele>
      </trkpt>
      <trkpt lat="50.09478" lon="-122.96407">
        <ele>1112.7</ele>
      </trkpt>
      <trkpt lat="50.0948602134744" lon="-122.96379812900678">
        <ele>1112.7</ele>
      </trkpt>
      <trkpt lat="50.09486254682976" lon="-122.96379948515352">
        <ele>1112.7</ele>
      </trkpt>
      <trkpt lat="50.09486485517317" lon="-122.96380094159971">
        <ele>1112.7</ele>
      </trkpt>
      <trkpt lat="50.094867136730706" lon="-122.9638024972261">
        <ele>1112.7</ele>
      </trkpt>
      <trkpt lat="50.09486938974901" lon="-122.96380415083719">
        <ele>1112.7</ele>
      </trkpt>
      <trkpt lat="50.09487161249665" lon="-122.96380590116222">
        <ele>1112.7</ele>
      </trkpt>
      <trkpt lat="50.094873803265465" lon="-122.96380774685606">
        <ele>1112.7</ele>
      </trkpt>
      <trkpt lat="50.09487596037188" lon="-122.96380968650031">
        <ele>1112.7</ele>
      </trkpt>
      <trkpt lat="50.09487808215817" lon="-122.96381171860439">
        <ele>1112.7</ele>
      </trkpt>
      <trkpt lat="50.094880166993754" lon="-122.96381384160664">
        <ele>1112.7</ele>
      </trkpt>
      <trkpt lat="50.09488221327647" lon="-122.96381605387555">
        <ele>1112.7</ele>
      </trkpt>
      <trkpt lat="50.09493221327647" lon="-122.96374605375662">
        <ele>1112.9</ele>
      </trkpt>
      <trkpt lat="50.094934598785684" lon="-122.9637488037137">
        <ele>1112.9</ele>
      </trkpt>
      <trkpt lat="50.09493692473504" lon="-122.96375167497084">
        <ele>1112.9</ele>
      </trkpt>
      <trkpt lat="50.094939188587226" lon="-122.96375466439586">
        <ele>1112.9</ele>
      </trkpt>
      <trkpt lat="50.0949413878727" lon="-122.96375776872773">
        <ele>1112.9</ele>
      </trkpt>
      <trkpt lat="50.094943520192345" lon="-122.96376098458005">
        <ele>1112.9</ele>
      </trkpt>
      <trkpt lat="50.09494558322008" lon="-122.96376430844474">
        <ele>1112.9</ele>
      </trkpt>
      <trkpt lat="50.09494757470542" lon="-122.96376773669593">
        <ele>1112.9</ele>
      </trkpt>
      <trkpt lat="50.09494949247594" lon="-122.96377126559386">
        <ele>1112.9</ele>
      </trkpt>
      <trkpt lat="50.0949513344396" lon="-122.96377489128899">
        <ele>1112.9</ele>
      </trkpt>
      <trkpt lat="50.09495309858706" lon="-122.96377860982616">
        <ele>1112.9</ele>
      </trkpt>
      <trkpt lat="50.095023098587056" lon="-122.96372860970725">
        <ele>1112.9</ele>
      </trkpt>
      <trkpt lat="50.09502077879103" lon="-122.96372377130004">
        <ele>1112.9</ele>
      </trkpt>
      <trkpt lat="50.095018327291434" lon="-122.96371909334523">
        <ele>1112.9</ele>
      </trkpt>
      <trkpt lat="50.09501574864997" lon="-122.96371458454746">
        <ele>1112.9</ele>
      </trkpt>
      <trkpt lat="50.09501304766492" lon="-122.9637102532966">
        <ele>1112.9</ele>
      </trkpt>
      <trkpt lat="50.0950102293622" lon="-122.96370610765213">
        <ele>1112.9</ele>
      </trkpt>
      <trkpt lat="50.09500729898606" lon="-122.96370215532818">
        <ele>1112.9</ele>
      </trkpt>
      <trkpt lat="50.09500426198927" lon="-122.96369840367915">
        <ele>1112.9</ele>
      </trkpt>
      <trkpt lat="50.09500112402299" lon="-122.963694859686">
        <ele>1112.9</ele>
      </trkpt>
      <trkpt lat="50.09499789092631" lon="-122.96369152994333">
        <ele>1112.9</ele>
      </trkpt>
      <trkpt lat="50.09499456871527" lon="-122.96368842064705">
        <ele>1112.9</ele>
      </trkpt>
      <trkpt lat="50.09503456871528" lon="-122.96361842054556">
        <ele>1112.9</ele>
      </trkpt>
      <trkpt lat="50.09503107592938" lon="-122.96361546714137">
        <ele>1112.9</ele>
      </trkpt>
      <trkpt lat="50.09502750277306" lon="-122.96361275740195">
        <ele>1112.9</ele>
      </trkpt>
      <trkpt lat="50.095023856237674" lon="-122.96361029662927">
        <ele>1112.9</ele>
      </trkpt>
      <trkpt lat="50.09502014345815" lon="-122.96360808963814">
        <ele>1112.9</ele>
      </trkpt>
      <trkpt lat="50.09501637169901" lon="-122.96360614074685">
        <ele>1112.9</ele>
      </trkpt>
      <trkpt lat="50.09501254834021" lon="-122.96360445376864">
        <ele>1112.9</ele>
      </trkpt>
      <trkpt lat="50.09500868086264" lon="-122.96360303200431">
        <ele>1112.9</ele>
      </trkpt>
      <trkpt lat="50.09500477683353" lon="-122.96360187823574">
        <ele>1112.9</ele>
      </trkpt>
      <trkpt lat="50.09500084389161" lon="-122.9636009947204">
        <ele>1112.9</ele>
      </trkpt>
      <trkpt lat="50.0949968897322" lon="-122.96360038318701">
        <ele>1112.9</ele>
      </trkpt>
      <trkpt lat="50.095" lon="-122.96361">
        <ele>1107.9</ele>
      </trkpt>
      <trkpt lat="50.09501" lon="-122.9635">
        <ele>1107.9</ele>
      </trkpt>
      <trkpt lat="50.09504" lon="-122.96334">
        <ele>1107.9</ele>
      </trkpt>
      <trkpt lat="50.09510057485931" lon="-122.96303369284729">
        <ele>1109.8</ele>
      </trkpt>
      <trkpt lat="50.09510342715271" lon="-122.96303481615044">
        <ele>1109.8</ele>
      </trkpt>
      <trkpt lat="50.095106254319944" lon="-122.96303608444141">
        <ele>1109.8</ele>
      </trkpt>
      <trkpt lat="50.095109053328805" lon="-122.96303749635993">
        <ele>1109.8</ele>
      </trkpt>
      <trkpt lat="50.095111821177305" lon="-122.9630390503917">
        <ele>1109.8</ele>
      </trkpt>
      <trkpt lat="50.095114554896846" lon="-122.96304074486996">
        <ele>1109.8</ele>
      </trkpt>
      <trkpt lat="50.09511725155545" lon="-122.96304257797736">
        <ele>1109.8</ele>
      </trkpt>
      <trkpt lat="50.095119908260905" lon="-122.96304454774784">
        <ele>1109.8</ele>
      </trkpt>
      <trkpt lat="50.09512252216381" lon="-122.96304665206878">
        <ele>1109.8</ele>
      </trkpt>
      <trkpt lat="50.09512509046071" lon="-122.96304888868326">
        <ele>1109.8</ele>
      </trkpt>
      <trkpt lat="50.09512761039705" lon="-122.96305125519244">
        <ele>1109.8</ele>
      </trkpt>
      <trkpt lat="50.09513" lon="-122.96309">
        <ele>1109.8</ele>
      </trkpt>
      <trkpt lat="50.095210173697055" lon="-122.96288475354177">
        <ele>1108.6</ele>
      </trkpt>
      <trkpt lat="50.095214288902945" lon="-122.96288817188187">
        <ele>1108.6</ele>
      </trkpt>
      <trkpt lat="50.095218284771434" lon="-122.96289191849048">
        <ele>1108.6</ele>
      </trkpt>
      <trkpt lat="50.09522215053556" lon="-122.96289598327228">
        <ele>1108.6</ele>
      </trkpt>
      <trkpt lat="50.09522587577894" lon="-122.9629003552746">
        <ele>1108.6</ele>
      </trkpt>
      <trkpt lat="50.095229450463826" lon="-122.96290502271702">
        <ele>1108.6</ele>
      </trkpt>
      <trkpt lat="50.09523286495815" lon="-122.96290997302299">
        <ele>1108.6</ele>
      </trkpt>
      <trkpt lat="50.095236110061485" lon="-122.96291519285381">
        <ele>1108.6</ele>
      </trkpt>
      <trkpt lat="50.09523917702983" lon="-122.96292066814455">
        <ele>1108.6</ele>
      </trkpt>
      <trkpt lat="50.09524205759917" lon="-122.96292638414188">
        <ele>1108.6</ele>
      </trkpt>
      <trkpt lat="50.09524474400776" lon="-122.96293232544397">
        <ele>1108.6</ele>
      </trkpt>
      <trkpt lat="50.095304744007755" lon="-122.9628923253467">
        <ele>1108.6</ele>
      </trkpt>
      <trkpt lat="50.09530855164245" lon="-122.96290206595768">
        <ele>1108.6</ele>
      </trkpt>
      <trkpt lat="50.09531183806014" lon="-122.96291225733425">
        <ele>1108.6</ele>
      </trkpt>
      <trkpt lat="50.09531458145433" lon="-122.96292283185315">
        <ele>1108.6</ele>
      </trkpt>
      <trkpt lat="50.09531676362167" lon="-122.96293371934883">
        <ele>1108.6</ele>
      </trkpt>
      <trkpt lat="50.09531837008271" lon="-122.96294484757902">
        <ele>1108.6</ele>
      </trkpt>
      <trkpt lat="50.09531939017804" lon="-122.96295614270413">
        <ele>1108.6</ele>
      </trkpt>
      <trkpt lat="50.09531981713899" lon="-122.96296752977713">
        <ele>1108.6</ele>
      </trkpt>
      <trkpt lat="50.095319648132524" lon="-122.9629789332409">
        <ele>1108.6</ele>
      </trkpt>
      <trkpt lat="50.09531888428005" lon="-122.96299027742957">
        <ele>1108.6</ele>
      </trkpt>
      <trkpt lat="50.09531753064999" lon="-122.96300148707056">
        <ele>1108.6</ele>
      </trkpt>
      <trkpt lat="50.09536" lon="-122.963">
        <ele>1105.0</ele>
      </trkpt>
      <trkpt lat="50.0956980866579" lon="-122.96307746235483">
        <ele>1097.1</ele>
      </trkpt>
      <trkpt lat="50.095697648342856" lon="-122.96308068146874">
        <ele>1097.1</ele>
      </trkpt>
      <trkpt lat="50.09569716162122" lon="-122.96308388363782">
        <ele>1097.1</ele>
      </trkpt>
      <trkpt lat="50.09569662676178" lon="-122.96308706709358">
        <ele>1097.1</ele>
      </trkpt>
      <trkpt lat="50.09569604405994" lon="-122.96309023007785">
        <ele>1097.1</ele>
      </trkpt>
      <trkpt lat="50.09569541383752" lon="-122.96309337084378">
        <ele>1097.1</ele>
      </trkpt>
      <trkpt lat="50.095694736442574" lon="-122.96309648765677">
        <ele>1097.1</ele>
      </trkpt>
      <trkpt lat="50.09569401224922" lon="-122.96309957879546">
        <ele>1097.1</ele>
      </trkpt>
      <trkpt lat="50.09569324165741" lon="-122.96310264255267">
        <ele>1097.1</ele>
      </trkpt>
      <trkpt lat="50.09569242509273" lon="-122.96310567723636">
        <ele>1097.1</ele>
      </trkpt>
      <trkpt lat="50.095691563006156" lon="-122.96310868117051">
        <ele>1097.1</ele>
      </trkpt>
      <trkpt lat="50.095821563006155" lon="-122.96316868132972">
        <ele>1100.5</ele>
      </trkpt>
      <trkpt lat="50.09582502106582" lon="-122.96315520736822">
        <ele>1100.5</ele>
      </trkpt>
      <trkpt lat="50.09582756596975" lon="-122.9631412478639">
        <ele>1100.5</ele>
      </trkpt>
      <trkpt lat="50.09582917038477" lon="-122.96312695274668">
        <ele>1100.5</ele>
      </trkpt>
      <trkpt lat="50.095829817078915" lon="-122.96311247555107">
        <ele>1100.5</ele>
      </trkpt>
      <trkpt lat="50.09582949910647" lon="-122.9630979717672">
        <ele>1100.5</ele>
      </trkpt>
      <trkpt lat="50.09582821988256" lon="-122.96308359717071">
        <ele>1100.5</ele>
      </trkpt>
      <trkpt lat="50.095825993146505" lon="-122.96306950614976">
        <ele>1100.5</ele>
      </trkpt>
      <trkpt lat="50.095822842814215" lon="-122.96305585004683">
        <ele>1100.5</ele>
      </trkpt>
      <trkpt lat="50.095818802721354" lon="-122.96304277553318">
        <ele>1100.5</ele>
      </trkpt>
      <trkpt lat="50.09581391625992" lon="-122.96303042303363">
        <ele>1100.5</ele>
      </trkpt>
      <trkpt lat="50.09580823591221" lon="-122.96301892521832">
        <ele>1100.5</ele>
      </trkpt>
      <trkpt lat="50.09580182268712" lon="-122.96300840557775">
        <ele>1100.5</ele>
      </trkpt>
      <trkpt lat="50.095794745464914" lon="-122.96299897709655">
        <ele>1100.5</ele>
      </trkpt>
      <trkpt lat="50.09578708025743" lon="-122.96299074103985">
        <ele>1100.5</ele>
      </trkpt>
      <trkpt lat="50.095867080257435" lon="-122.96286074084072">
        <ele>1097.1</ele>
      </trkpt>
      <trkpt lat="50.09586183448331" lon="-122.96285608008596">
        <ele>1097.1</ele>
      </trkpt>
      <trkpt lat="50.095856399705845" lon="-122.96285197918696">
        <ele>1097.1</ele>
      </trkpt>
      <trkpt lat="50.095850800478736" lon="-122.96284845667115">
        <ele>1097.1</ele>
      </trkpt>
      <trkpt lat="50.09584506209864" lon="-122.96284552845282">
        <ele>1097.1</ele>
      </trkpt>
      <trkpt lat="50.095839210490894" lon="-122.96284320776132">
        <ele>1097.1</ele>
      </trkpt>
      <trkpt lat="50.095833272092385" lon="-122.96284150508127">
        <ele>1097.1</ele>
      </trkpt>
      <trkpt lat="50.0958272737321" lon="-122.9628404281052">
        <ele>1097.1</ele>
      </trkpt>
      <trkpt lat="50.095821242509935" lon="-122.96283998169872">
        <ele>1097.1</ele>
      </trkpt>
      <trkpt lat="50.095815205674256" lon="-122.96284016787868">
        <ele>1097.1</ele>
      </trkpt>
      <trkpt lat="50.09580919049879" lon="-122.96284098580392">
        <ele>1097.1</ele>
      </trkpt>
      <trkpt lat="50.09578" lon="-122.96265">
        <ele>1094.6</ele>
      </trkpt>
      <trkpt lat="50.09574374791028" lon="-122.96208030806991">
        <ele>1089.5</ele>
      </trkpt>
      <trkpt lat="50.09574759173222" lon="-122.962080018838">
        <ele>1089.5</ele>
      </trkpt>
      <trkpt lat="50.09575143997382" lon="-122.96207998649966">
        <ele>1089.5</ele>
      </trkpt>
      <trkpt lat="50.09575528557277" lon="-122.96208021111426">
        <ele>1089.5</ele>
      </trkpt>
      <trkpt lat="50.095759121471644" lon="-122.9620806922696">
        <ele>1089.5</ele>
      </trkpt>
      <trkpt lat="50.09576294063078" lon="-122.96208142908263">
        <ele>1089.5</ele>
      </trkpt>
      <trkpt lat="50.09576673604125" lon="-122.96208242020118">
        <ele>1089.5</ele>
      </trkpt>
      <trkpt lat="50.095770500737714" lon="-122.96208366380634">
        <ele>1089.5</ele>
      </trkpt>
      <trkpt lat="50.095774227811205" lon="-122.96208515761583">
        <ele>1089.5</ele>
      </trkpt>
      <trkpt lat="50.095777910421795" lon="-122.96208689888823">
        <ele>1089.5</ele>
      </trkpt>
      <trkpt lat="50.095781541811135" lon="-122.96208888442794">
        <ele>1089.5</ele>
      </trkpt>
      <trkpt lat="50.09581154181113" lon="-122.96200888434585">
        <ele>1089.5</ele>
      </trkpt>
      <trkpt lat="50.095817344590515" lon="-122.96201264230595">
        <ele>1089.5</ele>
      </trkpt>
      <trkpt lat="50.09582296464612" lon="-122.962017023416">
        <ele>1089.5</ele>
      </trkpt>
      <trkpt lat="50.095828374479495" lon="-122.96202200623961">
        <ele>1089.5</ele>
      </trkpt>
      <trkpt lat="50.09583354762081" lon="-122.96202756639627">
        <ele>1089.5</ele>
      </trkpt>
      <trkpt lat="50.09583845875835" lon="-122.96203367668065">
        <ele>1089.5</ele>
      </trkpt>
      <trkpt lat="50.09584308386235" lon="-122.96204030719562">
        <ele>1089.5</ele>
      </trkpt>
      <trkpt lat="50.095847400302574" lon="-122.9620474254987">
        <ele>1089.5</ele>
      </trkpt>
      <trkpt lat="50.09585138695907" lon="-122.96205499676064">
        <ele>1089.5</ele>
      </trkpt>
      <trkpt lat="50.09585502432548" lon="-122.96206298393592">
        <ele>1089.5</ele>
      </trkpt>
      <trkpt lat="50.09585829460448" lon="-122.962071347944">
        <ele>1089.5</ele>
      </trkpt>
      <trkpt lat="50.096018294604484" lon="-122.96198134771475">
        <ele>1082.8</ele>
      </trkpt>
      <trkpt lat="50.09601664156653" lon="-122.96197695556518">
        <ele>1082.8</ele>
      </trkpt>
      <trkpt lat="50.09601488717755" lon="-122.96197266000975">
        <ele>1082.8</ele>
      </trkpt>
      <trkpt lat="50.09601303375758" lon="-122.96196846672895">
        <ele>1082.8</ele>
      </trkpt>
      <trkpt lat="50.09601108375757" lon="-122.96196438126795">
        <ele>1082.8</ele>
      </trkpt>
      <trkpt lat="50.096009039756204" lon="-122.9619604090294">
        <ele>1082.8</ele>
      </trkpt>
      <trkpt lat="50.09600690445648" lon="-122.96195655526618">
        <ele>1082.8</ele>
      </trkpt>
      <trkpt lat="50.09600468068212" lon="-122.96195282507455">
        <ele>1082.8</ele>
      </trkpt>
      <trkpt lat="50.09600237137386" lon="-122.96194922338728">
        <ele>1082.8</ele>
      </trkpt>
      <trkpt lat="50.09599997958552" lon="-122.96194575496727">
        <ele>1082.8</ele>
      </trkpt>
      <trkpt lat="50.095997508480025" lon="-122.96194242440119">
        <ele>1082.8</ele>
      </trkpt>
      <trkpt lat="50.09609750848003" lon="-122.96182242417666">
        <ele>1082.6</ele>
      </trkpt>
      <trkpt lat="50.09609589850629" lon="-122.96182038143667">
        <ele>1082.6</ele>
      </trkpt>
      <trkpt lat="50.096094258682456" lon="-122.96181839723356">
        <ele>1082.6</ele>
      </trkpt>
      <trkpt lat="50.09609258988421" lon="-122.96181647262691">
        <ele>1082.6</ele>
      </trkpt>
      <trkpt lat="50.09609089300269" lon="-122.96181460864446">
        <ele>1082.6</ele>
      </trkpt>
      <trkpt lat="50.09608916894404" lon="-122.9618128062816">
        <ele>1082.6</ele>
      </trkpt>
      <trkpt lat="50.09608741862892" lon="-122.9618110665008">
        <ele>1082.6</ele>
      </trkpt>
      <trkpt lat="50.096085642992" lon="-122.9618093902311">
        <ele>1082.6</ele>
      </trkpt>
      <trkpt lat="50.09608384298149" lon="-122.96180777836764">
        <ele>1082.6</ele>
      </trkpt>
      <trkpt lat="50.0960820195586" lon="-122.96180623177118">
        <ele>1082.6</ele>
      </trkpt>
      <trkpt lat="50.09608017369705" lon="-122.96180475126758">
        <ele>1082.6</ele>
      </trkpt>
      <trkpt lat="50.09611017369704" lon="-122.96174475118917">
        <ele>1082.6</ele>
      </trkpt>
      <trkpt lat="50.096108756739135" lon="-122.96174367091844">
        <ele>1082.6</ele>
      </trkpt>
      <trkpt lat="50.096107327831824" lon="-122.96174262959727">
        <ele>1082.6</ele>
      </trkpt>
      <trkpt lat="50.09610588741567" lon="-122.9617416275467">
        <ele>1082.6</ele>
      </trkpt>
      <trkpt lat="50.09610443593477" lon="-122.96174066507568">
        <ele>1082.6</ele>
      </trkpt>
      <trkpt lat="50.09610297383664" lon="-122.96173974248097">
        <ele>1082.6</ele>
      </trkpt>
      <trkpt lat="50.096101501572086" lon="-122.96173886004702">
        <ele>1082.6</ele>
      </trkpt>
      <trkpt lat="50.09610001959502" lon="-122.9617380180459">
        <ele>1082.6</ele>
      </trkpt>
      <trkpt lat="50.09609852836237" lon="-122.96173721673722">
        <ele>1082.6</ele>
      </trkpt>
      <trkpt lat="50.09609702833391" lon="-122.96173645636802">
        <ele>1082.6</ele>
      </trkpt>
      <trkpt lat="50.096095519972124" lon="-122.96173573717273">
        <ele>1082.6</ele>
      </trkpt>
      <trkpt lat="50.09617551997213" lon="-122.96146573694855">
        <ele>1069.9</ele>
      </trkpt>
      <trkpt lat="50.09617381494467" lon="-122.9614649778845">
        <ele>1069.9</ele>
      </trkpt>
      <trkpt lat="50.096172100638015" lon="-122.96146427143012">
        <ele>1069.9</ele>
      </trkpt>
      <trkpt lat="50.09617037772013" lon="-122.96146361786066">
        <ele>1069.9</ele>
      </trkpt>
      <trkpt lat="50.09616864686232" lon="-122.96146301743079">
        <ele>1069.9</ele>
      </trkpt>
      <trkpt lat="50.096166908738994" lon="-122.96146247037444">
        <ele>1069.9</ele>
      </trkpt>
      <trkpt lat="50.09616516402739" lon="-122.9614619769048">
        <ele>1069.9</ele>
      </trkpt>
      <trkpt lat="50.09616341340732" lon="-122.9614615372141">
        <ele>1069.9</ele>
      </trkpt>
      <trkpt lat="50.09616165756088" lon="-122.9614611514737">
        <ele>1069.9</ele>
      </trkpt>
      <trkpt lat="50.096159897172214" lon="-122.96146081983387">
        <ele>1069.9</ele>
      </trkpt>
      <trkpt lat="50.09615813292724" lon="-122.96146054242385">
        <ele>1069.9</ele>
      </trkpt>
      <trkpt lat="50.09618813292724" lon="-122.96113054233653">
        <ele>1071.0</ele>
      </trkpt>
      <trkpt lat="50.096190939637346" lon="-122.96113100949897">
        <ele>1071.0</ele>
      </trkpt>
      <trkpt lat="50.096193735546365" lon="-122.96113161389168">
        <ele>1071.0</ele>
      </trkpt>
      <trkpt lat="50.09619651789379" lon="-122.96113235491794">
        <ele>1071.0</ele>
      </trkpt>
      <trkpt lat="50.09619928393251" lon="-122.96113323184608">
        <ele>1071.0</ele>
      </trkpt>
      <trkpt lat="50.096202030931515" lon="-122.96113424381028">
        <ele>1071.0</ele>
      </trkpt>
      <trkpt lat="50.0962047561786" lon="-122.96113538981142">
        <ele>1071.0</ele>
      </trkpt>
      <trkpt lat="50.096207456983024" lon="-122.96113666871797">
        <ele>1071.0</ele>
      </trkpt>
      <trkpt lat="50.096210130678195" lon="-122.96113807926726">
        <ele>1071.0</ele>
      </trkpt>
      <trkpt lat="50.09621277462427" lon="-122.96113962006659">
        <ele>1071.0</ele>
      </trkpt>
      <trkpt lat="50.096215386210794" lon="-122.96114128959466">
        <ele>1071.0</ele>
      </trkpt>
      <trkpt lat="50.096395386210794" lon="-122.96072128911112">
        <ele>1072.4</ele>
      </trkpt>
      <trkpt lat="50.096393519315626" lon="-122.96072008045364">
        <ele>1072.4</ele>
      </trkpt>
      <trkpt lat="50.09639163544624" lon="-122.96071893758754">
        <ele>1072.4</ele>
      </trkpt>
      <trkpt lat="50.09638973555664" lon="-122.96071786109157">
        <ele>1072.4</ele>
      </trkpt>
      <trkpt lat="50.096387820608925" lon="-122.96071685151085">
        <ele>1072.4</ele>
      </trkpt>
      <trkpt lat="50.09638589157283" lon="-122.96071590935668">
        <ele>1072.4</ele>
      </trkpt>
      <trkpt lat="50.09638394942522" lon="-122.9607150351061">
        <ele>1072.4</ele>
      </trkpt>
      <trkpt lat="50.09638199514959" lon="-122.9607142292019">
        <ele>1072.4</ele>
      </trkpt>
      <trkpt lat="50.0963800297356" lon="-122.96071349205215">
        <ele>1072.4</ele>
      </trkpt>
      <trkpt lat="50.09637805417854" lon="-122.96071282403014">
        <ele>1072.4</ele>
      </trkpt>
      <trkpt lat="50.096376069478815" lon="-122.96071222547418">
        <ele>1072.4</ele>
      </trkpt>
      <trkpt lat="50.09642" lon="-122.96052">
        <ele>1059.0</ele>
      </trkpt>
      <trkpt lat="50.09648345718464" lon="-122.96005154661191">
        <ele>1060.2</ele>
      </trkpt>
      <trkpt lat="50.09648181327343" lon="-122.9600511825308">
        <ele>1060.2</ele>
      </trkpt>
      <trkpt lat="50.096480165326206" lon="-122.96005086587677">
        <ele>1060.2</ele>
      </trkpt>
      <trkpt lat="50.096478513906" lon="-122.96005059675797">
        <ele>1060.2</ele>
      </trkpt>
      <trkpt lat="50.09647685957702" lon="-122.96005037526636">
        <ele>1060.2</ele>
      </trkpt>
      <trkpt lat="50.09647520290445" lon="-122.9600502014776">
        <ele>1060.2</ele>
      </trkpt>
      <trkpt lat="50.096473544454305" lon="-122.96005007545108">
        <ele>1060.2</ele>
      </trkpt>
      <trkpt lat="50.0964718847932" lon="-122.96004999722985">
        <ele>1060.2</ele>
      </trkpt>
      <trkpt lat="50.09647022448816" lon="-122.96004996684063">
        <ele>1060.2</ele>
      </trkpt>
      <trkpt lat="50.09646856410642" lon="-122.9600499842938">
        <ele>1060.2</ele>
      </trkpt>
      <trkpt lat="50.09646690421525" lon="-122.96005004958342">
        <ele>1060.2</ele>
      </trkpt>
      <trkpt lat="50.09645690421525" lon="-122.95976004961264">
        <ele>1059.9</ele>
      </trkpt>
      <trkpt lat="50.09645988180298" lon="-122.95975996655382">
        <ele>1059.9</ele>
      </trkpt>
      <trkpt lat="50.09646285952061" lon="-122.95976003739774">
        <ele>1059.9</ele>
      </trkpt>
      <trkpt lat="50.0964658340955" lon="-122.95976026206655">
        <ele>1059.9</ele>
      </trkpt>
      <trkpt lat="50.09646880225847" lon="-122.9597606403133">
        <ele>1059.9</ele>
      </trkpt>
      <trkpt lat="50.096471760747384" lon="-122.95976117172232">
        <ele>1059.9</ele>
      </trkpt>
      <trkpt lat="50.09647470631074" lon="-122.95976185570953">
        <ele>1059.9</ele>
      </trkpt>
      <trkpt lat="50.096477635711224" lon="-122.95976269152321">
        <ele>1059.9</ele>
      </trkpt>
      <trkpt lat="50.096480545729314" lon="-122.95976367824478">
        <ele>1059.9</ele>
      </trkpt>
      <trkpt lat="50.09648343316677" lon="-122.95976481478978">
        <ele>1059.9</ele>
      </trkpt>
      <trkpt lat="50.09648629485017" lon="-122.95976609990909">
        <ele>1059.9</ele>
      </trkpt>
      <trkpt lat="50.09663629485017" lon="-122.95927609948988">
        <ele>1058.7</ele>
      </trkpt>
      <trkpt lat="50.09663209709472" lon="-122.95927426872512">
        <ele>1058.7</ele>
      </trkpt>
      <trkpt lat="50.09662784731034" lon="-122.95927275754782">
        <ele>1058.7</ele>
      </trkpt>
      <trkpt lat="50.096623555503385" lon="-122.95927156951612">
        <ele>1058.7</ele>
      </trkpt>
      <trkpt lat="50.09661923177919" lon="-122.95927070742731">
        <ele>1058.7</ele>
      </trkpt>
      <trkpt lat="50.096614886318214" lon="-122.95927017331125">
        <ele>1058.7</ele>
      </trkpt>
      <trkpt lat="50.096610529352105" lon="-122.95926996842553">
        <ele>1058.7</ele>
      </trkpt>
      <trkpt lat="50.096606171139605" lon="-122.95927009325257">
        <ele>1058.7</ele>
      </trkpt>
      <trkpt lat="50.09660182194239" lon="-122.95927054749846">
        <ele>1058.7</ele>
      </trkpt>
      <trkpt lat="50.0965974920009" lon="-122.95927133009367">
        <ele>1058.7</ele>
      </trkpt>
      <trkpt lat="50.09659319151025" lon="-122.9592724391955">
        <ele>1058.7</ele>
      </trkpt>
      <trkpt lat="50.09655319151025" lon="-122.95906243931033">
        <ele>1058.7</ele>
      </trkpt>
      <trkpt lat="50.0965558932997" lon="-122.95906170352377">
        <ele>1058.7</ele>
      </trkpt>
      <trkpt lat="50.09655860823932" lon="-122.95906109665626">
        <ele>1058.7</ele>
      </trkpt>
      <trkpt lat="50.09656133379826" lon="-122.95906061927349">
        <ele>1058.7</ele>
      </trkpt>
      <trkpt lat="50.096564067435786" lon="-122.95906027182048">
        <ele>1058.7</ele>
      </trkpt>
      <trkpt lat="50.0965668066036" lon="-122.95906005462113">
        <ele>1058.7</ele>
      </trkpt>
      <trkpt lat="50.09656954874827" lon="-122.9590599678779">
        <ele>1058.7</ele>
      </trkpt>
      <trkpt lat="50.0965722913136" lon="-122.95906001167168">
        <ele>1058.7</ele>
      </trkpt>
      <trkpt lat="50.09657503174298" lon="-122.95906018596162">
        <ele>1058.7</ele>
      </trkpt>
      <trkpt lat="50.096577767481804" lon="-122.95906049058526">
        <ele>1058.7</ele>
      </trkpt>
      <trkpt lat="50.096580495979836" lon="-122.95906092525861">
        <ele>1058.7</ele>
      </trkpt>
      <trkpt lat="50.096600495979835" lon="-122.95889092520056">
        <ele>1057.1</ele>
      </trkpt>
      <trkpt lat="50.096601455337634" lon="-122.95889110930463">
        <ele>1057.1</ele>
      </trkpt>
      <trkpt lat="50.09660241336911" lon="-122.95889130948969">
        <ele>1057.1</ele>
      </trkpt>
      <trkpt lat="50.09660336996335" lon="-122.95889152573257">
        <ele>1057.1</ele>
      </trkpt>
      <trkpt lat="50.09660432500958" lon="-122.95889175800825">
        <ele>1057.1</ele>
      </trkpt>
      <trkpt lat="50.09660527839725" lon="-122.9588920062898">
        <ele>1057.1</ele>
      </trkpt>
      <trkpt lat="50.09660623001595" lon="-122.95889227054852">
        <ele>1057.1</ele>
      </trkpt>
      <trkpt lat="50.096607179755516" lon="-122.95889255075377">
        <ele>1057.1</ele>
      </trkpt>
      <trkpt lat="50.09660812750599" lon="-122.95889284687314">
        <ele>1057.1</ele>
      </trkpt>
      <trkpt lat="50.096609073157616" lon="-122.95889315887233">
        <ele>1057.1</ele>
      </trkpt>
      <trkpt lat="50.09661001660093" lon="-122.95889348671521">
        <ele>1057.1</ele>
      </trkpt>
      <trkpt lat="50.09669001660093" lon="-122.95854348648729">
        <ele>1045.8</ele>
      </trkpt>
      <trkpt lat="50.09669129455449" lon="-122.95854395718344">
        <ele>1045.8</ele>
      </trkpt>
      <trkpt lat="50.09669256795777" lon="-122.95854445694955">
        <ele>1045.8</ele>
      </trkpt>
      <trkpt lat="50.09669383653868" lon="-122.95854498567884">
        <ele>1045.8</ele>
      </trkpt>
      <trkpt lat="50.09669510002613" lon="-122.95854554325832">
        <ele>1045.8</ele>
      </trkpt>
      <trkpt lat="50.096696358150155" lon="-122.95854612956886">
        <ele>1045.8</ele>
      </trkpt>
      <trkpt lat="50.0966976106419" lon="-122.95854674448516">
        <ele>1045.8</ele>
      </trkpt>
      <trkpt lat="50.09669885723373" lon="-122.95854738787583">
        <ele>1045.8</ele>
      </trkpt>
      <trkpt lat="50.09670009765928" lon="-122.95854805960339">
        <ele>1045.8</ele>
      </trkpt>
      <trkpt lat="50.09670133165349" lon="-122.95854875952429">
        <ele>1045.8</ele>
      </trkpt>
      <trkpt lat="50.09670255895267" lon="-122.95854948748898">
        <ele>1045.8</ele>
      </trkpt>
      <trkpt lat="50.096772558952665" lon="-122.9583694872983">
        <ele>1047.3</ele>
      </trkpt>
      <trkpt lat="50.096776908876315" lon="-122.95837233147437">
        <ele>1047.3</ele>
      </trkpt>
      <trkpt lat="50.09678115702967" lon="-122.95837552767588">
        <ele>1047.3</ele>
      </trkpt>
      <trkpt lat="50.096785291699106" lon="-122.95837906708987">
        <ele>1047.3</ele>
      </trkpt>
      <trkpt lat="50.096789301483966" lon="-122.95838293995692">
        <ele>1047.3</ele>
      </trkpt>
      <trkpt lat="50.096793175327896" lon="-122.95838713559826">
        <ele>1047.3</ele>
      </trkpt>
      <trkpt lat="50.09679690254939" lon="-122.95839164244506">
        <ele>1047.3</ele>
      </trkpt>
      <trkpt lat="50.096800472871244" lon="-122.95839644807043">
        <ele>1047.3</ele>
      </trkpt>
      <trkpt lat="50.09680387644887" lon="-122.95840153922363">
        <ele>1047.3</ele>
      </trkpt>
      <trkpt lat="50.09680710389743" lon="-122.9584069018666">
        <ele>1047.3</ele>
      </trkpt>
      <trkpt lat="50.09681014631777" lon="-122.95841252121274">
        <ele>1047.3</ele>
      </trkpt>
      <trkpt lat="50.09686014631777" lon="-122.95837252112145">
        <ele>1047.3</ele>
      </trkpt>
      <trkpt lat="50.0968656525374" lon="-122.95838449038357">
        <ele>1047.3</ele>
      </trkpt>
      <trkpt lat="50.096870321824326" lon="-122.95839729499727">
        <ele>1047.3</ele>
      </trkpt>
      <trkpt lat="50.09687410252293" lon="-122.95841079330702">
        <ele>1047.3</ele>
      </trkpt>
      <trkpt lat="50.09687695280791" lon="-122.95842483598308">
        <ele>1047.3</ele>
      </trkpt>
      <trkpt lat="50.09687884114698" lon="-122.95843926767338">
        <ele>1047.3</ele>
      </trkpt>
      <trkpt lat="50.09687974664974" lon="-122.9584539287223">
        <ele>1047.3</ele>
      </trkpt>
      <trkpt lat="50.09687965929875" lon="-122.95846865693687">
        <ele>1047.3</ele>
      </trkpt>
      <trkpt lat="50.09687858006035" lon="-122.95848328938105">
        <ele>1047.3</ele>
      </trkpt>
      <trkpt lat="50.09687652087399" lon="-122.95849766417828">
        <ele>1047.3</ele>
      </trkpt>
      <trkpt lat="50.09687350452016" lon="-122.95851162230234">
        <ele>1047.3</ele>
      </trkpt>
      <trkpt lat="50.09686956436831" lon="-122.9585250093366">
        <ele>1047.3</ele>
      </trkpt>
      <trkpt lat="50.09686474400777" lon="-122.95853767718229">
        <ele>1047.3</ele>
      </trkpt>
      <trkpt lat="50.09689474400777" lon="-122.95855767723093">
        <ele>1047.3</ele>
      </trkpt>
      <trkpt lat="50.09689174118645" lon="-122.95856427728344">
        <ele>1047.3</ele>
      </trkpt>
      <trkpt lat="50.096888498837295" lon="-122.95857059595288">
        <ele>1047.3</ele>
      </trkpt>
      <trkpt lat="50.09688502778579" lon="-122.95857661214264">
        <ele>1047.3</ele>
      </trkpt>
      <trkpt lat="50.09688133962101" lon="-122.95858230576597">
        <ele>1047.3</ele>
      </trkpt>
      <trkpt lat="50.09687744665689" lon="-122.95858765781315">
        <ele>1047.3</ele>
      </trkpt>
      <trkpt lat="50.0968733618912" lon="-122.9585926504149">
        <ele>1047.3</ele>
      </trkpt>
      <trkpt lat="50.09686909896204" lon="-122.95859726690202">
        <ele>1047.3</ele>
      </trkpt>
      <trkpt lat="50.09686467210239" lon="-122.95860149186109">
        <ele>1047.3</ele>
      </trkpt>
      <trkpt lat="50.096860096092556" lon="-122.9586053111859">
        <ele>1047.3</ele>
      </trkpt>
      <trkpt lat="50.0968553862108" lon="-122.9586087121246">
        <ele>1047.3</ele>
      </trkpt>
      <trkpt lat="50.0968853862108" lon="-122.95867871220521">
        <ele>1047.3</ele>
      </trkpt>
      <trkpt lat="50.096880777135176" lon="-122.95868155943303">
        <ele>1047.3</ele>
      </trkpt>
      <trkpt lat="50.09687607431434" lon="-122.95868400593912">
        <ele>1047.3</ele>
      </trkpt>
      <trkpt lat="50.09687129207279" lon="-122.95868604427157">
        <ele>1047.3</ele>
      </trkpt>
      <trkpt lat="50.096866444976925" lon="-122.95868766822176">
        <ele>1047.3</ele>
      </trkpt>
      <trkpt lat="50.0968615477907" lon="-122.95868887284323">
        <ele>1047.3</ele>
      </trkpt>
      <trkpt lat="50.09685661543063" lon="-122.95868965446678">
        <ele>1047.3</ele>
      </trkpt>
      <trkpt lat="50.096851662920386" lon="-122.95869001071162">
        <ele>1047.3</ele>
      </trkpt>
      <trkpt lat="50.09684670534498" lon="-122.95868994049268">
        <ele>1047.3</ele>
      </trkpt>
      <trkpt lat="50.09684175780489" lon="-122.95868944402382">
        <ele>1047.3</ele>
      </trkpt>
      <trkpt lat="50.096836835370006" lon="-122.95868852281727">
        <ele>1047.3</ele>
      </trkpt>
      <trkpt lat="50.09679683537" lon="-122.95895852270162">
        <ele>1045.8</ele>
      </trkpt>
      <trkpt lat="50.09679990361296" lon="-122.95895914730815">
        <ele>1045.8</ele>
      </trkpt>
      <trkpt lat="50.096802983835346" lon="-122.95895960681563">
        <ele>1045.8</ele>
      </trkpt>
      <trkpt lat="50.09680607238244" lon="-122.95895990067886">
        <ele>1045.8</ele>
      </trkpt>
      <trkpt lat="50.096809165589676" lon="-122.95896002854919">
        <ele>1045.8</ele>
      </trkpt>
      <trkpt lat="50.096812259786944" lon="-122.95895999027488">
        <ele>1045.8</ele>
      </trkpt>
      <trkpt lat="50.096815351302965" lon="-122.95895978590133">
        <ele>1045.8</ele>
      </trkpt>
      <trkpt lat="50.09681843646963" lon="-122.95895941567106">
        <ele>1045.8</ele>
      </trkpt>
      <trkpt lat="50.09682151162639" lon="-122.95895888002333">
        <ele>1045.8</ele>
      </trkpt>
      <trkpt lat="50.09682457312453" lon="-122.9589581795937">
        <ele>1045.8</ele>
      </trkpt>
      <trkpt lat="50.096827617331584" lon="-122.95895731521323">
        <ele>1045.8</ele>
      </trkpt>
      <trkpt lat="50.09683761733159" lon="-122.95900731524189">
        <ele>1045.8</ele>
      </trkpt>
      <trkpt lat="50.096843550299056" lon="-122.95900513675439">
        <ele>1045.8</ele>
      </trkpt>
      <trkpt lat="50.09684937483953" lon="-122.95900233608913">
        <ele>1045.8</ele>
      </trkpt>
      <trkpt lat="50.09685506413647" lon="-122.95899892614055">
        <ele>1045.8</ele>
      </trkpt>
      <trkpt lat="50.09686059199601" lon="-122.95899492260826">
        <ele>1045.8</ele>
      </trkpt>
      <trkpt lat="50.09686593296757" lon="-122.95899034392474">
        <ele>1045.8</ele>
      </trkpt>
      <trkpt lat="50.09687106246097" lon="-122.95898521117056">
        <ele>1045.8</ele>
      </trkpt>
      <trkpt lat="50.096875956859726" lon="-122.95897954797721">
        <ele>1045.8</ele>
      </trkpt>
      <trkpt lat="50.09688059362973" lon="-122.95897338041837">
        <ele>1045.8</ele>
      </trkpt>
      <trkpt lat="50.096884951423014" lon="-122.95896673688985">
        <ele>1045.8</ele>
      </trkpt>
      <trkpt lat="50.096889010176035" lon="-122.95895964797887">
        <ele>1045.8</ele>
      </trkpt>
      <trkpt lat="50.09694901017603" lon="-122.95900964809114">
        <ele>1046.2</ele>
      </trkpt>
      <trkpt lat="50.0969546935601" lon="-122.95899779516085">
        <ele>1046.2</ele>
      </trkpt>
      <trkpt lat="50.096959542829" lon="-122.95898507347931">
        <ele>1046.2</ele>
      </trkpt>
      <trkpt lat="50.09696350383014" lon="-122.95897162511162">
        <ele>1046.2</ele>
      </trkpt>
      <trkpt lat="50.096966532330384" lon="-122.95895760023787">
        <ele>1046.2</ele>
      </trkpt>
      <trkpt lat="50.09696859450998" lon="-122.95894315547612">
        <ele>1046.2</ele>
      </trkpt>
      <trkpt lat="50.09696966734022" lon="-122.95892845213339">
        <ele>1046.2</ele>
      </trkpt>
      <trkpt lat="50.09696973884064" lon="-122.95891365440431">
        <ele>1046.2</ele>
      </trkpt>
      <trkpt lat="50.09696880821278" lon="-122.95889892753755">
        <ele>1046.2</ele>
      </trkpt>
      <trkpt lat="50.09696688584912" lon="-122.9588844359904">
        <ele>1046.2</ele>
      </trkpt>
      <trkpt lat="50.096963993217" lon="-122.95887034159236">
        <ele>1046.2</ele>
      </trkpt>
      <trkpt lat="50.09696016261892" lon="-122.95885680173785">
        <ele>1046.2</ele>
      </trkpt>
      <trkpt lat="50.09695543683179" lon="-122.95884396762865">
        <ele>1046.2</ele>
      </trkpt>
      <trkpt lat="50.09694986862925" lon="-122.95883198258535">
        <ele>1046.2</ele>
      </trkpt>
      <trkpt lat="50.09694352019233" lon="-122.95882098044689">
        <ele>1046.2</ele>
      </trkpt>
      <trkpt lat="50.09696352019233" lon="-122.95880098040554">
        <ele>1046.2</ele>
      </trkpt>
      <trkpt lat="50.096959722014425" lon="-122.95879539414246">
        <ele>1046.2</ele>
      </trkpt>
      <trkpt lat="50.09695572203122" lon="-122.95879016135063">
        <ele>1046.2</ele>
      </trkpt>
      <trkpt lat="50.09695153375897" lon="-122.95878529971209">
        <ele>1046.2</ele>
      </trkpt>
      <trkpt lat="50.096947171350166" lon="-122.95878082565469">
        <ele>1046.2</ele>
      </trkpt>
      <trkpt lat="50.096942649545724" lon="-122.9587767542966">
        <ele>1046.2</ele>
      </trkpt>
      <trkpt lat="50.096937983625175" lon="-122.95877309939526">
        <ele>1046.2</ele>
      </trkpt>
      <trkpt lat="50.09693318935502" lon="-122.95876987330087">
        <ele>1046.2</ele>
      </trkpt>
      <trkpt lat="50.09692828293547" lon="-122.95876708691463">
        <ele>1046.2</ele>
      </trkpt>
      <trkpt lat="50.0969232809457" lon="-122.95876474965199">
        <ele>1046.2</ele>
      </trkpt>
      <trkpt lat="50.096918200287824" lon="-122.95876286941072">
        <ele>1046.2</ele>
      </trkpt>
      <trkpt lat="50.09697820028783" lon="-122.95847286923899">
        <ele>1036.4</ele>
      </trkpt>
      <trkpt lat="50.096979963545046" lon="-122.95847346678285">
        <ele>1036.4</ele>
      </trkpt>
      <trkpt lat="50.09698171874719" lon="-122.9584741194164">
        <ele>1036.4</ele>
      </trkpt>
      <trkpt lat="50.09698346518605" lon="-122.9584748268763">
        <ele>1036.4</ele>
      </trkpt>
      <trkpt lat="50.096985202156965" lon="-122.95847558887712">
        <ele>1036.4</ele>
      </trkpt>
      <trkpt lat="50.096986928959076" lon="-122.95847640511138">
        <ele>1036.4</ele>
      </trkpt>
      <trkpt lat="50.09698864489564" lon="-122.95847727524975">
        <ele>1036.4</ele>
      </trkpt>
      <trkpt lat="50.09699034927429" lon="-122.95847819894115">
        <ele>1036.4</ele>
      </trkpt>
      <trkpt lat="50.09699204140734" lon="-122.95847917581285">
        <ele>1036.4</ele>
      </trkpt>
      <trkpt lat="50.09699372061202" lon="-122.95848020547072">
        <ele>1036.4</ele>
      </trkpt>
      <trkpt lat="50.0969953862108" lon="-122.95848128749928">
        <ele>1036.4</ele>
      </trkpt>
      <trkpt lat="50.0972653862108" lon="-122.95785128677394">
        <ele>1028.2</ele>
      </trkpt>
      <trkpt lat="50.097264317458105" lon="-122.95785058544338">
        <ele>1028.2</ele>
      </trkpt>
      <trkpt lat="50.09726324298712" lon="-122.95784990567708">
        <ele>1028.2</ele>
      </trkpt>
      <trkpt lat="50.097262162976875" lon="-122.9578492475883">
        <ele>1028.2</ele>
      </trkpt>
      <trkpt lat="50.097261077607335" lon="-122.95784861128672">
        <ele>1028.2</ele>
      </trkpt>
      <trkpt lat="50.09725998705935" lon="-122.95784799687836">
        <ele>1028.2</ele>
      </trkpt>
      <trkpt lat="50.09725889151465" lon="-122.95784740446558">
        <ele>1028.2</ele>
      </trkpt>
      <trkpt lat="50.09725779115576" lon="-122.95784683414712">
        <ele>1028.2</ele>
      </trkpt>
      <trkpt lat="50.09725668616606" lon="-122.95784628601798">
        <ele>1028.2</ele>
      </trkpt>
      <trkpt lat="50.09725557672966" lon="-122.95784576016953">
        <ele>1028.2</ele>
      </trkpt>
      <trkpt lat="50.097254463031426" lon="-122.95784525668938">
        <ele>1028.2</ele>
      </trkpt>
      <trkpt lat="50.097404463031424" lon="-122.95731525626752">
        <ele>1031.0</ele>
      </trkpt>
      <trkpt lat="50.09740232983066" lon="-122.95731435913464">
        <ele>1031.0</ele>
      </trkpt>
      <trkpt lat="50.0974001831214" lon="-122.95731354405804">
        <ele>1031.0</ele>
      </trkpt>
      <trkpt lat="50.09739802420232" lon="-122.9573128115308">
        <ele>1031.0</ele>
      </trkpt>
      <trkpt lat="50.09739585437946" lon="-122.95731216199606">
        <ele>1031.0</ele>
      </trkpt>
      <trkpt lat="50.097393674965446" lon="-122.95731159584676">
        <ele>1031.0</ele>
      </trkpt>
      <trkpt lat="50.09739148727873" lon="-122.9573111134254">
        <ele>1031.0</ele>
      </trkpt>
      <trkpt lat="50.09738929264275" lon="-122.95731071502381">
        <ele>1031.0</ele>
      </trkpt>
      <trkpt lat="50.09738709238517" lon="-122.957310400883">
        <ele>1031.0</ele>
      </trkpt>
      <trkpt lat="50.09738488783703" lon="-122.95731017119303">
        <ele>1031.0</ele>
      </trkpt>
      <trkpt lat="50.09738268033198" lon="-122.95731002609284">
        <ele>1031.0</ele>
      </trkpt>
      <trkpt lat="50.0974" lon="-122.95678">
        <ele>1031.7</ele>
      </trkpt>
      <trkpt lat="50.09739" lon="-122.95629">
        <ele>1030.4</ele>
      </trkpt>
      <trkpt lat="50.09733" lon="-122.95576">
        <ele>1024.0</ele>
      </trkpt>
    </trkseg>
  </trk>
</gpx>