<?xml version="1.0" encoding="UTF-8"?>
<gpx xmlns="http://www.topografix.com/GPX/1/1" xmlns:xsi="http://www.w3.org/2001/XMLSchema-instance" xsi:schemaLocation="http://www.topografix.com/GPX/1/1 http://www.topografix.com/GPX/1/1/gpx.xsd" version="1.1" creator="Trailforks.com">
  <metadata>
    <name>Top of the World Trailforks Trail</name>
    <link href="https://www.trailforks.com/">
      <text>Trailforks</text>
    </link>
  </metadata>
  <trk>
    <name>
Top of the World
</name>
    <trkseg>
      <trkpt lat="50.05664" lon="-122.9554">
        <ele>2132.6</ele>
      </trkpt>
      <trkpt lat="50.05649" lon="-122.95546">
        <ele>2132.6</ele>
      </trkpt>
      <trkpt lat="50.0563696526059" lon="-122.95554257267847">
        <ele>2132.6</ele>
      </trkpt>
      <trkpt lat="50.05637305228205" lon="-122.95555219857933">
        <ele>2132.6</ele>
      </trkpt>
      <trkpt lat="50.05637692636646" lon="-122.95556137935193">
        <ele>2132.6</ele>
      </trkpt>
      <trkpt lat="50.05638125097412" lon="-122.95557005839377">
        <ele>2132.6</ele>
      </trkpt>
      <trkpt lat="50.05638599944239" lon="-122.95557818219567">
        <ele>2132.6</ele>
      </trkpt>
      <trkpt lat="50.05639114249538" lon="-122.95558570067169">
        <ele>2132.6</ele>
      </trkpt>
      <trkpt lat="50.05639664842446" lon="-122.9555925674679">
        <ele>2132.6</ele>
      </trkpt>
      <trkpt lat="50.05640248328374" lon="-122.95559874024826">
        <ele>2132.6</ele>
      </trkpt>
      <trkpt lat="50.05640861109938" lon="-122.95560418095549">
        <ele>2132.6</ele>
      </trkpt>
      <trkpt lat="50.056414994091355" lon="-122.95560885604584">
        <ele>2132.6</ele>
      </trkpt>
      <trkpt lat="50.056421592906396" lon="-122.95561273669581">
        <ele>2132.6</ele>
      </trkpt>
      <trkpt lat="50.0564015929064" lon="-122.9556727366405">
        <ele>2132.6</ele>
      </trkpt>
      <trkpt lat="50.056404349135484" lon="-122.95567409129697">
        <ele>2132.6</ele>
      </trkpt>
      <trkpt lat="50.05640713191693" lon="-122.95567530714953">
        <ele>2132.6</ele>
      </trkpt>
      <trkpt lat="50.05640993837016" lon="-122.95567638293959">
        <ele>2132.6</ele>
      </trkpt>
      <trkpt lat="50.056412765590075" lon="-122.95567731755354">
        <ele>2132.6</ele>
      </trkpt>
      <trkpt lat="50.056415610650106" lon="-122.95567811002392">
        <ele>2132.6</ele>
      </trkpt>
      <trkpt lat="50.0564184706052" lon="-122.95567875953044">
        <ele>2132.6</ele>
      </trkpt>
      <trkpt lat="50.056421342494886" lon="-122.95567926540072">
        <ele>2132.6</ele>
      </trkpt>
      <trkpt lat="50.05642422334635" lon="-122.95567962711114">
        <ele>2132.6</ele>
      </trkpt>
      <trkpt lat="50.05642711017748" lon="-122.95567984428727">
        <ele>2132.6</ele>
      </trkpt>
      <trkpt lat="50.05643" lon="-122.9556799167043">
        <ele>2132.6</ele>
      </trkpt>
      <trkpt lat="50.05643" lon="-122.9557399167043">
        <ele>2121.7</ele>
      </trkpt>
      <trkpt lat="50.056434163506204" lon="-122.9557397663424">
        <ele>2121.7</ele>
      </trkpt>
      <trkpt lat="50.056438318063755" lon="-122.95573931557986">
        <ele>2121.7</ele>
      </trkpt>
      <trkpt lat="50.05644245474324" lon="-122.95573856538552">
        <ele>2121.7</ele>
      </trkpt>
      <trkpt lat="50.056446564653676" lon="-122.95573751737174">
        <ele>2121.7</ele>
      </trkpt>
      <trkpt lat="50.05645063896161" lon="-122.95573617379108">
        <ele>2121.7</ele>
      </trkpt>
      <trkpt lat="50.056454668910085" lon="-122.95573453753126">
        <ele>2121.7</ele>
      </trkpt>
      <trkpt lat="50.05645864583753" lon="-122.95573261210912">
        <ele>2121.7</ele>
      </trkpt>
      <trkpt lat="50.056462561196305" lon="-122.95573040166298">
        <ele>2121.7</ele>
      </trkpt>
      <trkpt lat="50.05646640657111" lon="-122.95572791094376">
        <ele>2121.7</ele>
      </trkpt>
      <trkpt lat="50.05647017369705" lon="-122.9557251453048">
        <ele>2121.7</ele>
      </trkpt>
      <trkpt lat="50.05650017369705" lon="-122.95578514538303">
        <ele>2121.7</ele>
      </trkpt>
      <trkpt lat="50.056502737640095" lon="-122.95578306767877">
        <ele>2121.7</ele>
      </trkpt>
      <trkpt lat="50.05650525734348" lon="-122.95578086258162">
        <ele>2121.7</ele>
      </trkpt>
      <trkpt lat="50.05650773019896" lon="-122.9557785323742">
        <ele>2121.7</ele>
      </trkpt>
      <trkpt lat="50.05651015364677" lon="-122.95577607946858">
        <ele>2121.7</ele>
      </trkpt>
      <trkpt lat="50.05651252517829" lon="-122.9557735064039">
        <ele>2121.7</ele>
      </trkpt>
      <trkpt lat="50.056514842338636" lon="-122.95577081584365">
        <ele>2121.7</ele>
      </trkpt>
      <trkpt lat="50.056517102729224" lon="-122.95576801057294">
        <ele>2121.7</ele>
      </trkpt>
      <trkpt lat="50.05651930401021" lon="-122.95576509349564">
        <ele>2121.7</ele>
      </trkpt>
      <trkpt lat="50.056521443902945" lon="-122.95576206763135">
        <ele>2121.7</ele>
      </trkpt>
      <trkpt lat="50.05652352019235" lon="-122.95575893611228">
        <ele>2121.7</ele>
      </trkpt>
      <trkpt lat="50.05656352019235" lon="-122.95579893619475">
        <ele>2121.7</ele>
      </trkpt>
      <trkpt lat="50.056565530729145" lon="-122.95579570225976">
        <ele>2121.7</ele>
      </trkpt>
      <trkpt lat="50.05656747343214" lon="-122.95579236925907">
        <ele>2121.7</ele>
      </trkpt>
      <trkpt lat="50.05656934629036" lon="-122.9557889406428">
        <ele>2121.7</ele>
      </trkpt>
      <trkpt lat="50.056571147365126" lon="-122.9557854199601">
        <ele>2121.7</ele>
      </trkpt>
      <trkpt lat="50.05657287479205" lon="-122.95578181085536">
        <ele>2121.7</ele>
      </trkpt>
      <trkpt lat="50.05657452678302" lon="-122.95577811706451">
        <ele>2121.7</ele>
      </trkpt>
      <trkpt lat="50.05657610162797" lon="-122.9557743424112">
        <ele>2121.7</ele>
      </trkpt>
      <trkpt lat="50.056577597696695" lon="-122.95577049080272">
        <ele>2121.7</ele>
      </trkpt>
      <trkpt lat="50.056579013440576" lon="-122.95576656622605">
        <ele>2121.7</ele>
      </trkpt>
      <trkpt lat="50.05658034739409" lon="-122.95576257274368">
        <ele>2121.7</ele>
      </trkpt>
      <trkpt lat="50.05668034739409" lon="-122.9558125728741">
        <ele>2121.7</ele>
      </trkpt>
      <trkpt lat="50.0566786227398" lon="-122.95581767934735">
        <ele>2121.7</ele>
      </trkpt>
      <trkpt lat="50.05667676438104" lon="-122.95582267072628">
        <ele>2121.7</ele>
      </trkpt>
      <trkpt lat="50.0566747754781" lon="-122.95582753852261">
        <ele>2121.7</ele>
      </trkpt>
      <trkpt lat="50.05667265941329" lon="-122.95583227445829">
        <ele>2121.7</ele>
      </trkpt>
      <trkpt lat="50.05667041978513" lon="-122.95583687047946">
        <ele>2121.7</ele>
      </trkpt>
      <trkpt lat="50.0566680604023" lon="-122.95584131877018">
        <ele>2121.7</ele>
      </trkpt>
      <trkpt lat="50.05666558527714" lon="-122.9558456117658">
        <ele>2121.7</ele>
      </trkpt>
      <trkpt lat="50.05666299861878" lon="-122.9558497421657">
        <ele>2121.7</ele>
      </trkpt>
      <trkpt lat="50.056660304826075" lon="-122.95585370294579">
        <ele>2121.7</ele>
      </trkpt>
      <trkpt lat="50.05665750848002" lon="-122.95585748737045">
        <ele>2121.7</ele>
      </trkpt>
      <trkpt lat="50.05670750848002" lon="-122.95591748748247">
        <ele>2121.7</ele>
      </trkpt>
      <trkpt lat="50.05670515794473" lon="-122.9559204356186">
        <ele>2121.7</ele>
      </trkpt>
      <trkpt lat="50.05670274515618" lon="-122.95592325911308">
        <ele>2121.7</ele>
      </trkpt>
      <trkpt lat="50.056700272837546" lon="-122.95592595477923">
        <ele>2121.7</ele>
      </trkpt>
      <trkpt lat="50.056697743779175" lon="-122.95592851957463">
        <ele>2121.7</ele>
      </trkpt>
      <trkpt lat="50.05669516083544" lon="-122.95593095060454">
        <ele>2121.7</ele>
      </trkpt>
      <trkpt lat="50.05669252692156" lon="-122.95593324512524">
        <ele>2121.7</ele>
      </trkpt>
      <trkpt lat="50.056689845010254" lon="-122.95593540054703">
        <ele>2121.7</ele>
      </trkpt>
      <trkpt lat="50.05668711812843" lon="-122.95593741443723">
        <ele>2121.7</ele>
      </trkpt>
      <trkpt lat="50.056684349353745" lon="-122.95593928452288">
        <ele>2121.7</ele>
      </trkpt>
      <trkpt lat="50.05668154181114" lon="-122.95594100869336">
        <ele>2121.7</ele>
      </trkpt>
      <trkpt lat="50.05671154181114" lon="-122.95602100877528">
        <ele>2120.7</ele>
      </trkpt>
      <trkpt lat="50.05671584866116" lon="-122.95601829332239">
        <ele>2120.7</ele>
      </trkpt>
      <trkpt lat="50.056720059606484" lon="-122.95601523465076">
        <ele>2120.7</ele>
      </trkpt>
      <trkpt lat="50.05672416338172" lon="-122.95601184094318">
        <ele>2120.7</ele>
      </trkpt>
      <trkpt lat="50.05672814900817" lon="-122.9560081212787">
        <ele>2120.7</ele>
      </trkpt>
      <trkpt lat="50.056732005823235" lon="-122.95600408560841">
        <ele>2120.7</ele>
      </trkpt>
      <trkpt lat="50.05673572350891" lon="-122.9559997447288">
        <ele>2120.7</ele>
      </trkpt>
      <trkpt lat="50.05673929211938" lon="-122.9559951102529">
        <ele>2120.7</ele>
      </trkpt>
      <trkpt lat="50.056742702107684" lon="-122.95599019457913">
        <ele>2120.7</ele>
      </trkpt>
      <trkpt lat="50.056745944351185" lon="-122.95598501085824">
        <ele>2120.7</ele>
      </trkpt>
      <trkpt lat="50.056749010176034" lon="-122.95597957295806">
        <ele>2120.7</ele>
      </trkpt>
      <trkpt lat="50.05680901017603" lon="-122.95602957307007">
        <ele>2120.7</ele>
      </trkpt>
      <trkpt lat="50.05680732521308" lon="-122.95603263172372">
        <ele>2120.7</ele>
      </trkpt>
      <trkpt lat="50.05680558439026" lon="-122.95603561352063">
        <ele>2120.7</ele>
      </trkpt>
      <trkpt lat="50.05680378915194" lon="-122.95603851598679">
        <ele>2120.7</ele>
      </trkpt>
      <trkpt lat="50.05680194098763" lon="-122.95604133671407">
        <ele>2120.7</ele>
      </trkpt>
      <trkpt lat="50.05680004143076" lon="-122.95604407336204">
        <ele>2120.7</ele>
      </trkpt>
      <trkpt lat="50.05679809205739" lon="-122.95604672366015">
        <ele>2120.7</ele>
      </trkpt>
      <trkpt lat="50.05679609448492" lon="-122.9560492854094">
        <ele>2120.7</ele>
      </trkpt>
      <trkpt lat="50.05679405037075" lon="-122.95605175648436">
        <ele>2120.7</ele>
      </trkpt>
      <trkpt lat="50.05679196141087" lon="-122.95605413483472">
        <ele>2120.7</ele>
      </trkpt>
      <trkpt lat="50.056789829338506" lon="-122.95605641848717">
        <ele>2120.7</ele>
      </trkpt>
      <trkpt lat="50.05684982933851" lon="-122.95614641863276">
        <ele>2120.7</ele>
      </trkpt>
      <trkpt lat="50.05684687251883" lon="-122.95614936065685">
        <ele>2120.7</ele>
      </trkpt>
      <trkpt lat="50.05684384419304" lon="-122.95615212059096">
        <ele>2120.7</ele>
      </trkpt>
      <trkpt lat="50.05684074898097" lon="-122.95615469422464">
        <ele>2120.7</ele>
      </trkpt>
      <trkpt lat="50.05683759160451" lon="-122.95615707763172">
        <ele>2120.7</ele>
      </trkpt>
      <trkpt lat="50.05683437688038" lon="-122.95615926717619">
        <ele>2120.7</ele>
      </trkpt>
      <trkpt lat="50.05683110971279" lon="-122.95616125951783">
        <ele>2120.7</ele>
      </trkpt>
      <trkpt lat="50.05682779508594" lon="-122.9561630516172">
        <ele>2120.7</ele>
      </trkpt>
      <trkpt lat="50.05682443805644" lon="-122.95616464074038">
        <ele>2120.7</ele>
      </trkpt>
      <trkpt lat="50.05682104374559" lon="-122.95616602446312">
        <ele>2120.7</ele>
      </trkpt>
      <trkpt lat="50.05681761733158" lon="-122.95616720067446">
        <ele>2120.7</ele>
      </trkpt>
      <trkpt lat="50.05683761733158" lon="-122.95626720073166">
        <ele>2110.5</ele>
      </trkpt>
      <trkpt lat="50.0568358752208" lon="-122.95626771562351">
        <ele>2110.5</ele>
      </trkpt>
      <trkpt lat="50.056834126924436" lon="-122.95626817685621">
        <ele>2110.5</ele>
      </trkpt>
      <trkpt lat="50.05683237312369" lon="-122.95626858425004">
        <ele>2110.5</ele>
      </trkpt>
      <trkpt lat="50.05683061450192" lon="-122.95626893764626">
        <ele>2110.5</ele>
      </trkpt>
      <trkpt lat="50.05682885174434" lon="-122.95626923690716">
        <ele>2110.5</ele>
      </trkpt>
      <trkpt lat="50.05682708553779" lon="-122.95626948191617">
        <ele>2110.5</ele>
      </trkpt>
      <trkpt lat="50.056825316570446" lon="-122.9562696725778">
        <ele>2110.5</ele>
      </trkpt>
      <trkpt lat="50.05682354553157" lon="-122.95626980881777">
        <ele>2110.5</ele>
      </trkpt>
      <trkpt lat="50.056821773111224" lon="-122.95626989058299">
        <ele>2110.5</ele>
      </trkpt>
      <trkpt lat="50.05682" lon="-122.9562699178416">
        <ele>2110.5</ele>
      </trkpt>
      <trkpt lat="50.05682" lon="-122.95634991784159">
        <ele>2110.5</ele>
      </trkpt>
      <trkpt lat="50.05681810386583" lon="-122.95634988666878">
        <ele>2110.5</ele>
      </trkpt>
      <trkpt lat="50.05681620857655" lon="-122.95634979316422">
        <ele>2110.5</ele>
      </trkpt>
      <trkpt lat="50.05681431497668" lon="-122.9563496373696">
        <ele>2110.5</ele>
      </trkpt>
      <trkpt lat="50.05681242390998" lon="-122.95634941935432">
        <ele>2110.5</ele>
      </trkpt>
      <trkpt lat="50.056810536219096" lon="-122.95634913921553">
        <ele>2110.5</ele>
      </trkpt>
      <trkpt lat="50.056808652745154" lon="-122.95634879707806">
        <ele>2110.5</ele>
      </trkpt>
      <trkpt lat="50.056806774327406" lon="-122.95634839309436">
        <ele>2110.5</ele>
      </trkpt>
      <trkpt lat="50.05680490180285" lon="-122.95634792744444">
        <ele>2110.5</ele>
      </trkpt>
      <trkpt lat="50.05680303600586" lon="-122.95634740033579">
        <ele>2110.5</ele>
      </trkpt>
      <trkpt lat="50.05680117776781" lon="-122.95634681200328">
        <ele>2110.5</ele>
      </trkpt>
      <trkpt lat="50.05677117776781" lon="-122.95648681191774">
        <ele>2110.5</ele>
      </trkpt>
      <trkpt lat="50.05677020695927" lon="-122.95648647913612">
        <ele>2110.5</ele>
      </trkpt>
      <trkpt lat="50.05676923857437" lon="-122.95648612964278">
        <ele>2110.5</ele>
      </trkpt>
      <trkpt lat="50.05676827273168" lon="-122.9564857634805">
        <ele>2110.5</ele>
      </trkpt>
      <trkpt lat="50.05676730954947" lon="-122.95648538069413">
        <ele>2110.5</ele>
      </trkpt>
      <trkpt lat="50.05676634914569" lon="-122.95648498133053">
        <ele>2110.5</ele>
      </trkpt>
      <trkpt lat="50.056765391637924" lon="-122.9564845654386">
        <ele>2110.5</ele>
      </trkpt>
      <trkpt lat="50.05676443714343" lon="-122.95648413306928">
        <ele>2110.5</ele>
      </trkpt>
      <trkpt lat="50.05676348577908" lon="-122.95648368427551">
        <ele>2110.5</ele>
      </trkpt>
      <trkpt lat="50.05676253766137" lon="-122.95648321911224">
        <ele>2110.5</ele>
      </trkpt>
      <trkpt lat="50.0567615929064" lon="-122.95648273763642">
        <ele>2110.5</ele>
      </trkpt>
      <trkpt lat="50.0567415929064" lon="-122.9565427375811">
        <ele>2104.3</ele>
      </trkpt>
      <trkpt lat="50.0567367481312" lon="-122.95653997907519">
        <ele>2104.3</ele>
      </trkpt>
      <trkpt lat="50.056732012999184" lon="-122.95653679198227">
        <ele>2104.3</ele>
      </trkpt>
      <trkpt lat="50.05672740312375" lon="-122.9565331868113">
        <ele>2104.3</ele>
      </trkpt>
      <trkpt lat="50.056722933705295" lon="-122.95652917544982">
        <ele>2104.3</ele>
      </trkpt>
      <trkpt lat="50.056718619481074" lon="-122.95652477112469">
        <ele>2104.3</ele>
      </trkpt>
      <trkpt lat="50.05671447467661" lon="-122.95651998835855">
        <ele>2104.3</ele>
      </trkpt>
      <trkpt lat="50.05671051295879" lon="-122.95651484292186">
        <ele>2104.3</ele>
      </trkpt>
      <trkpt lat="50.0567067473908" lon="-122.95650935178097">
        <ele>2104.3</ele>
      </trkpt>
      <trkpt lat="50.056703190389044" lon="-122.95650353304207">
        <ele>2104.3</ele>
      </trkpt>
      <trkpt lat="50.056699853682225" lon="-122.95649740589162">
        <ele>2104.3</ele>
      </trkpt>
      <trkpt lat="50.056649853682224" lon="-122.95653740580053">
        <ele>2104.3</ele>
      </trkpt>
      <trkpt lat="50.05664791691289" lon="-122.95653349547635">
        <ele>2104.3</ele>
      </trkpt>
      <trkpt lat="50.05664606995135" lon="-122.95652948112574">
        <ele>2104.3</ele>
      </trkpt>
      <trkpt lat="50.05664431509873" lon="-122.95652536775019">
        <ele>2104.3</ele>
      </trkpt>
      <trkpt lat="50.05664265454137" lon="-122.9565211604745">
        <ele>2104.3</ele>
      </trkpt>
      <trkpt lat="50.056641090348165" lon="-122.95651686454049">
        <ele>2104.3</ele>
      </trkpt>
      <trkpt lat="50.05663962446792" lon="-122.95651248530042">
        <ele>2104.3</ele>
      </trkpt>
      <trkpt lat="50.05663825872697" lon="-122.95650802821038">
        <ele>2104.3</ele>
      </trkpt>
      <trkpt lat="50.05663699482688" lon="-122.95650349882341">
        <ele>2104.3</ele>
      </trkpt>
      <trkpt lat="50.05663583434234" lon="-122.95649890278264">
        <ele>2104.3</ele>
      </trkpt>
      <trkpt lat="50.05663477871918" lon="-122.95649424581424">
        <ele>2104.3</ele>
      </trkpt>
      <trkpt lat="50.05666" lon="-122.95647">
        <ele>2094.8</ele>
      </trkpt>
      <trkpt lat="50.05652659390129" lon="-122.95654196395441">
        <ele>2094.8</ele>
      </trkpt>
      <trkpt lat="50.05652730406412" lon="-122.95654464815603">
        <ele>2094.8</ele>
      </trkpt>
      <trkpt lat="50.05652804983014" lon="-122.95654730882991">
        <ele>2094.8</ele>
      </trkpt>
      <trkpt lat="50.056528830878285" lon="-122.95654994483054">
        <ele>2094.8</ele>
      </trkpt>
      <trkpt lat="50.056529646872285" lon="-122.95655255502304">
        <ele>2094.8</ele>
      </trkpt>
      <trkpt lat="50.05653049746083" lon="-122.95655513828365">
        <ele>2094.8</ele>
      </trkpt>
      <trkpt lat="50.05653138227771" lon="-122.95655769350017">
        <ele>2094.8</ele>
      </trkpt>
      <trkpt lat="50.05653230094199" lon="-122.95656021957251">
        <ele>2094.8</ele>
      </trkpt>
      <trkpt lat="50.056533253058156" lon="-122.95656271541313">
        <ele>2094.8</ele>
      </trkpt>
      <trkpt lat="50.05653423821629" lon="-122.95656517994748">
        <ele>2094.8</ele>
      </trkpt>
      <trkpt lat="50.056535255992245" lon="-122.9565676121145">
        <ele>2094.8</ele>
      </trkpt>
      <trkpt lat="50.05647525599225" lon="-122.95660761201744">
        <ele>2094.8</ele>
      </trkpt>
      <trkpt lat="50.05647625409892" lon="-122.95660989478807">
        <ele>2094.8</ele>
      </trkpt>
      <trkpt lat="50.05647728093975" lon="-122.95661214642871">
        <ele>2094.8</ele>
      </trkpt>
      <trkpt lat="50.05647833611465" lon="-122.95661436606203">
        <ele>2094.8</ele>
      </trkpt>
      <trkpt lat="50.05647941921249" lon="-122.95661655282316">
        <ele>2094.8</ele>
      </trkpt>
      <trkpt lat="50.05648052981124" lon="-122.9566187058601">
        <ele>2094.8</ele>
      </trkpt>
      <trkpt lat="50.05648166747817" lon="-122.9566208243339">
        <ele>2094.8</ele>
      </trkpt>
      <trkpt lat="50.05648283177001" lon="-122.95662290741913">
        <ele>2094.8</ele>
      </trkpt>
      <trkpt lat="50.05648402223311" lon="-122.95662495430416">
        <ele>2094.8</ele>
      </trkpt>
      <trkpt lat="50.05648523840361" lon="-122.95662696419144">
        <ele>2094.8</ele>
      </trkpt>
      <trkpt lat="50.05648647980765" lon="-122.95662893629786">
        <ele>2094.8</ele>
      </trkpt>
      <trkpt lat="50.056446479807654" lon="-122.95666893621538">
        <ele>2094.8</ele>
      </trkpt>
      <trkpt lat="50.056451659356064" lon="-122.95667639367403">
        <ele>2094.8</ele>
      </trkpt>
      <trkpt lat="50.05645719859394" lon="-122.95668319518032">
        <ele>2094.8</ele>
      </trkpt>
      <trkpt lat="50.056463063370046" lon="-122.95668929880067">
        <ele>2094.8</ele>
      </trkpt>
      <trkpt lat="50.05646921752608" lon="-122.95669466690424">
        <ele>2094.8</ele>
      </trkpt>
      <trkpt lat="50.056475623119624" lon="-122.95669926639489">
        <ele>2094.8</ele>
      </trkpt>
      <trkpt lat="50.05648224065807" lon="-122.95670306891523">
        <ele>2094.8</ele>
      </trkpt>
      <trkpt lat="50.056489029342096" lon="-122.95670605102147">
        <ele>2094.8</ele>
      </trkpt>
      <trkpt lat="50.056495947317195" lon="-122.95670819432792">
        <ele>2094.8</ele>
      </trkpt>
      <trkpt lat="50.056502951931755" lon="-122.95670948562037">
        <ele>2094.8</ele>
      </trkpt>
      <trkpt lat="50.05651" lon="-122.95670991693758">
        <ele>2094.8</ele>
      </trkpt>
      <trkpt lat="50.05651" lon="-122.95677991693758">
        <ele>2094.8</ele>
      </trkpt>
      <trkpt lat="50.056515776653654" lon="-122.95677962734395">
        <ele>2094.8</ele>
      </trkpt>
      <trkpt lat="50.0565215293948" lon="-122.95677875976179">
        <ele>2094.8</ele>
      </trkpt>
      <trkpt lat="50.05652723440992" lon="-122.9567773177825">
        <ele>2094.8</ele>
      </trkpt>
      <trkpt lat="50.05653286808307" lon="-122.95677530737512">
        <ele>2094.8</ele>
      </trkpt>
      <trkpt lat="50.0565384070936" lon="-122.95677273686181">
        <ele>2094.8</ele>
      </trkpt>
      <trkpt lat="50.05654382851274" lon="-122.95676961688318">
        <ele>2094.8</ele>
      </trkpt>
      <trkpt lat="50.05654910989848" lon="-122.95676596035442">
        <ele>2094.8</ele>
      </trkpt>
      <trkpt lat="50.05655422938848" lon="-122.95676178241177">
        <ele>2094.8</ele>
      </trkpt>
      <trkpt lat="50.056559165790574" lon="-122.95675710034985">
        <ele>2094.8</ele>
      </trkpt>
      <trkpt lat="50.05656389867048" lon="-122.95675193355008">
        <ele>2094.8</ele>
      </trkpt>
      <trkpt lat="50.05659389867048" lon="-122.95679193362008">
        <ele>2088.6</ele>
      </trkpt>
      <trkpt lat="50.05659899592056" lon="-122.95678551350328">
        <ele>2088.6</ele>
      </trkpt>
      <trkpt lat="50.05660377900731" lon="-122.9567785315091">
        <ele>2088.6</ele>
      </trkpt>
      <trkpt lat="50.056608222459985" lon="-122.95677102481784">
        <ele>2088.6</ele>
      </trkpt>
      <trkpt lat="50.05661230261644" lon="-122.95676303340393">
        <ele>2088.6</ele>
      </trkpt>
      <trkpt lat="50.056615997749155" lon="-122.95675459982301">
        <ele>2088.6</ele>
      </trkpt>
      <trkpt lat="50.056619288180904" lon="-122.95674576898533">
        <ele>2088.6</ele>
      </trkpt>
      <trkpt lat="50.056622156389594" lon="-122.95673658791658">
        <ele>2088.6</ele>
      </trkpt>
      <trkpt lat="50.05662458710151" lon="-122.95672710550755">
        <ele>2088.6</ele>
      </trkpt>
      <trkpt lat="50.0566265673727" lon="-122.95671737225368">
        <ele>2088.6</ele>
      </trkpt>
      <trkpt lat="50.056628086657895" lon="-122.95670743998618">
        <ele>2088.6</ele>
      </trkpt>
      <trkpt lat="50.0566780866579" lon="-122.95671744001476">
        <ele>2088.6</ele>
      </trkpt>
      <trkpt lat="50.056676899116404" lon="-122.95672545534397">
        <ele>2088.6</ele>
      </trkpt>
      <trkpt lat="50.05667541121032" lon="-122.9567333481227">
        <ele>2088.6</ele>
      </trkpt>
      <trkpt lat="50.056673628082564" lon="-122.95674109106974">
        <ele>2088.6</ele>
      </trkpt>
      <trkpt lat="50.056671555896465" lon="-122.95674865742181">
        <ele>2088.6</ele>
      </trkpt>
      <trkpt lat="50.05666920181448" lon="-122.95675602102598">
        <ele>2088.6</ele>
      </trkpt>
      <trkpt lat="50.056666573973445" lon="-122.95676315643016">
        <ele>2088.6</ele>
      </trkpt>
      <trkpt lat="50.05666368145642" lon="-122.95677003897099">
        <ele>2088.6</ele>
      </trkpt>
      <trkpt lat="50.05666053426131" lon="-122.95677664485916">
        <ele>2088.6</ele>
      </trkpt>
      <trkpt lat="50.05665714326632" lon="-122.95678295126159">
        <ele>2088.6</ele>
      </trkpt>
      <trkpt lat="50.05665352019235" lon="-122.95678893638033">
        <ele>2088.6</ele>
      </trkpt>
      <trkpt lat="50.05670352019235" lon="-122.95683893648344">
        <ele>2088.6</ele>
      </trkpt>
      <trkpt lat="50.0566965767062" lon="-122.95684868045298">
        <ele>2088.6</ele>
      </trkpt>
      <trkpt lat="50.05668902081363" lon="-122.95685724802658">
        <ele>2088.6</ele>
      </trkpt>
      <trkpt lat="50.0566809343023" lon="-122.95686454646575">
        <ele>2088.6</ele>
      </trkpt>
      <trkpt lat="50.0566724047035" lon="-122.95687049676961">
        <ele>2088.6</ele>
      </trkpt>
      <trkpt lat="50.05666352434464" lon="-122.95687503452994">
        <ele>2088.6</ele>
      </trkpt>
      <trkpt lat="50.056654389349895" lon="-122.95687811062841">
        <ele>2088.6</ele>
      </trkpt>
      <trkpt lat="50.056645098599695" lon="-122.95687969176821">
        <ele>2088.6</ele>
      </trkpt>
      <trkpt lat="50.05663575266044" lon="-122.95687976083455">
        <ele>2088.6</ele>
      </trkpt>
      <trkpt lat="50.0566264526959" lon="-122.95687831707981">
        <ele>2088.6</ele>
      </trkpt>
      <trkpt lat="50.05661729937221" lon="-122.95687537613172">
        <ele>2088.6</ele>
      </trkpt>
      <trkpt lat="50.0566083917682" lon="-122.95687096982415">
        <ele>2088.6</ele>
      </trkpt>
      <trkpt lat="50.05659982630296" lon="-122.95686514585253">
        <ele>2088.6</ele>
      </trkpt>
      <trkpt lat="50.05657982630296" lon="-122.95690514580036">
        <ele>2088.6</ele>
      </trkpt>
      <trkpt lat="50.056576390653575" lon="-122.95690232396421">
        <ele>2088.6</ele>
      </trkpt>
      <trkpt lat="50.05657303653071" lon="-122.95689927344667">
        <ele>2088.6</ele>
      </trkpt>
      <trkpt lat="50.05656977020481" lon="-122.95689599995055">
        <ele>2088.6</ele>
      </trkpt>
      <trkpt lat="50.05656659778218" lon="-122.9568925095956">
        <ele>2088.6</ele>
      </trkpt>
      <trkpt lat="50.05656352519358" lon="-122.95688880890694">
        <ele>2088.6</ele>
      </trkpt>
      <trkpt lat="50.05656055818314" lon="-122.95688490480292">
        <ele>2088.6</ele>
      </trkpt>
      <trkpt lat="50.0565577022976" lon="-122.95688080458213">
        <ele>2088.6</ele>
      </trkpt>
      <trkpt lat="50.05655496287597" lon="-122.95687651590985">
        <ele>2088.6</ele>
      </trkpt>
      <trkpt lat="50.05655234503952" lon="-122.95687204680364">
        <ele>2088.6</ele>
      </trkpt>
      <trkpt lat="50.05654985368223" lon="-122.95686740561835">
        <ele>2088.6</ele>
      </trkpt>
      <trkpt lat="50.056499853682226" lon="-122.95690740552728">
        <ele>2088.6</ele>
      </trkpt>
      <trkpt lat="50.05649725587976" lon="-122.95690209261794">
        <ele>2088.6</ele>
      </trkpt>
      <trkpt lat="50.056494823799575" lon="-122.956896592689">
        <ele>2088.6</ele>
      </trkpt>
      <trkpt lat="50.05649256298231" lon="-122.95689091827018">
        <ele>2088.6</ele>
      </trkpt>
      <trkpt lat="50.05649047857846" lon="-122.95688508228865">
        <ele>2088.6</ele>
      </trkpt>
      <trkpt lat="50.056488575336616" lon="-122.95687909803966">
        <ele>2088.6</ele>
      </trkpt>
      <trkpt lat="50.05648685759265" lon="-122.95687297915629">
        <ele>2088.6</ele>
      </trkpt>
      <trkpt lat="50.05648532925985" lon="-122.95686673957825">
        <ele>2088.6</ele>
      </trkpt>
      <trkpt lat="50.05648399382" lon="-122.95686039352027">
        <ele>2088.6</ele>
      </trkpt>
      <trkpt lat="50.05648285431543" lon="-122.95685395543967">
        <ele>2088.6</ele>
      </trkpt>
      <trkpt lat="50.056481913342104" lon="-122.95684744000336">
        <ele>2088.6</ele>
      </trkpt>
      <trkpt lat="50.0564319133421" lon="-122.95685743997477">
        <ele>2088.6</ele>
      </trkpt>
      <trkpt lat="50.05643158276732" lon="-122.95685472654023">
        <ele>2088.6</ele>
      </trkpt>
      <trkpt lat="50.05643128664319" lon="-122.95685200347131">
        <ele>2088.6</ele>
      </trkpt>
      <trkpt lat="50.056431025085104" lon="-122.95684927182901">
        <ele>2088.6</ele>
      </trkpt>
      <trkpt lat="50.056430798194974" lon="-122.95684653267769">
        <ele>2088.6</ele>
      </trkpt>
      <trkpt lat="50.056430606061205" lon="-122.95684378708462">
        <ele>2088.6</ele>
      </trkpt>
      <trkpt lat="50.05643044875866" lon="-122.95684103611958">
        <ele>2088.6</ele>
      </trkpt>
      <trkpt lat="50.05643032634863" lon="-122.95683828085446">
        <ele>2088.6</ele>
      </trkpt>
      <trkpt lat="50.05643023887881" lon="-122.95683552236281">
        <ele>2088.6</ele>
      </trkpt>
      <trkpt lat="50.05643018638328" lon="-122.95683276171944">
        <ele>2088.6</ele>
      </trkpt>
      <trkpt lat="50.0564301688825" lon="-122.95683">
        <ele>2088.6</ele>
      </trkpt>
      <trkpt lat="50.0563801688825" lon="-122.95683">
        <ele>2088.6</ele>
      </trkpt>
      <trkpt lat="50.056380215376606" lon="-122.95682549894522">
        <ele>2088.6</ele>
      </trkpt>
      <trkpt lat="50.05638035481081" lon="-122.9568210025497">
        <ele>2088.6</ele>
      </trkpt>
      <trkpt lat="50.05638058704078" lon="-122.95681651546784">
        <ele>2088.6</ele>
      </trkpt>
      <trkpt lat="50.05638091182611" lon="-122.95681204234442">
        <ele>2088.6</ele>
      </trkpt>
      <trkpt lat="50.05638132883061" lon="-122.95680758780979">
        <ele>2088.6</ele>
      </trkpt>
      <trkpt lat="50.05638183762262" lon="-122.956803156475">
        <ele>2088.6</ele>
      </trkpt>
      <trkpt lat="50.05638243767545" lon="-122.95679875292717">
        <ele>2088.6</ele>
      </trkpt>
      <trkpt lat="50.05638312836799" lon="-122.95679438172458">
        <ele>2088.6</ele>
      </trkpt>
      <trkpt lat="50.05638390898525" lon="-122.95679004739206">
        <ele>2088.6</ele>
      </trkpt>
      <trkpt lat="50.05638477871918" lon="-122.95678575441629">
        <ele>2088.6</ele>
      </trkpt>
      <trkpt lat="50.05629477871918" lon="-122.95675575449928">
        <ele>2077.8</ele>
      </trkpt>
      <trkpt lat="50.056292355672" lon="-122.95676931579045">
        <ele>2077.8</ele>
      </trkpt>
      <trkpt lat="50.05629081974755" lon="-122.9567831876626">
        <ele>2077.8</ele>
      </trkpt>
      <trkpt lat="50.05629018649223" lon="-122.95679722970668">
        <ele>2077.8</ele>
      </trkpt>
      <trkpt lat="50.05629046231574" lon="-122.95681129979127">
        <ele>2077.8</ele>
      </trkpt>
      <trkpt lat="50.056291644426246" lon="-122.95682525550106">
        <ele>2077.8</ele>
      </trkpt>
      <trkpt lat="50.056293720858605" lon="-122.95683895557846">
        <ele>2077.8</ele>
      </trkpt>
      <trkpt lat="50.05629667059548" lon="-122.95685226135336">
        <ele>2077.8</ele>
      </trkpt>
      <trkpt lat="50.05630046378007" lon="-122.95686503814667">
        <ele>2077.8</ele>
      </trkpt>
      <trkpt lat="50.05630506201834" lon="-122.95687715663364">
        <ele>2077.8</ele>
      </trkpt>
      <trkpt lat="50.0563104187676" lon="-122.95688849415274">
        <ele>2077.8</ele>
      </trkpt>
      <trkpt lat="50.05631647980765" lon="-122.95689893594732">
        <ele>2077.8</ele>
      </trkpt>
      <trkpt lat="50.05628647980765" lon="-122.95692893588546">
        <ele>2077.8</ele>
      </trkpt>
      <trkpt lat="50.05629263446889" lon="-122.95693767196208">
        <ele>2077.8</ele>
      </trkpt>
      <trkpt lat="50.05629928204943" lon="-122.95694548285613">
        <ele>2077.8</ele>
      </trkpt>
      <trkpt lat="50.056306365429265" lon="-122.95695230145168">
        <ele>2077.8</ele>
      </trkpt>
      <trkpt lat="50.0563138237437" lon="-122.95695806915924">
        <ele>2077.8</ele>
      </trkpt>
      <trkpt lat="50.05632159290639" lon="-122.95696273641917">
        <ele>2077.8</ele>
      </trkpt>
      <trkpt lat="50.056329606160006" lon="-122.95696626312755">
        <ele>2077.8</ele>
      </trkpt>
      <trkpt lat="50.05633779464982" lon="-122.9569686189808">
        <ele>2077.8</ele>
      </trkpt>
      <trkpt lat="50.05634608801538" lon="-122.95696978373597">
        <ele>2077.8</ele>
      </trkpt>
      <trkpt lat="50.05635441499508" lon="-122.9569697473848">
        <ele>2077.8</ele>
      </trkpt>
      <trkpt lat="50.05636270403846" lon="-122.95696851023963">
        <ele>2077.8</ele>
      </trkpt>
      <trkpt lat="50.05637270403846" lon="-122.9570385102685">
        <ele>2077.8</ele>
      </trkpt>
      <trkpt lat="50.056381940392605" lon="-122.95703567908721">
        <ele>2077.8</ele>
      </trkpt>
      <trkpt lat="50.056390935814626" lon="-122.95703135798496">
        <ele>2077.8</ele>
      </trkpt>
      <trkpt lat="50.05639959152387" lon="-122.9570255944127">
        <ele>2077.8</ele>
      </trkpt>
      <trkpt lat="50.05640781247017" lon="-122.95701845166144">
        <ele>2077.8</ele>
      </trkpt>
      <trkpt lat="50.05641550837755" lon="-122.95701000816727">
        <ele>2077.8</ele>
      </trkpt>
      <trkpt lat="50.05642259473561" lon="-122.95700035664998">
        <ele>2077.8</ele>
      </trkpt>
      <trkpt lat="50.05642899372754" lon="-122.95698960309495">
        <ele>2077.8</ele>
      </trkpt>
      <trkpt lat="50.05643463508467" lon="-122.95697786558925">
        <ele>2077.8</ele>
      </trkpt>
      <trkpt lat="50.05643945685803" lon="-122.95696527302493">
        <ele>2077.8</ele>
      </trkpt>
      <trkpt lat="50.056443406098715" lon="-122.95695196368362">
        <ele>2077.8</ele>
      </trkpt>
      <trkpt lat="50.05641" lon="-122.95692">
        <ele>2088.6</ele>
      </trkpt>
      <trkpt lat="50.05654340609871" lon="-122.95699196379195">
        <ele>2088.6</ele>
      </trkpt>
      <trkpt lat="50.05654279874199" lon="-122.95699426902526">
        <ele>2088.6</ele>
      </trkpt>
      <trkpt lat="50.0565421651246" lon="-122.95699655704647">
        <ele>2088.6</ele>
      </trkpt>
      <trkpt lat="50.05654150544751" lon="-122.95699882712991">
        <ele>2088.6</ele>
      </trkpt>
      <trkpt lat="50.056540819919945" lon="-122.95700107855556">
        <ele>2088.6</ele>
      </trkpt>
      <trkpt lat="50.05654010875933" lon="-122.95700331060941">
        <ele>2088.6</ele>
      </trkpt>
      <trkpt lat="50.05653937219121" lon="-122.95700552258349">
        <ele>2088.6</ele>
      </trkpt>
      <trkpt lat="50.05653861044921" lon="-122.95700771377626">
        <ele>2088.6</ele>
      </trkpt>
      <trkpt lat="50.05653782377491" lon="-122.95700988349276">
        <ele>2088.6</ele>
      </trkpt>
      <trkpt lat="50.05653701241783" lon="-122.95701203104483">
        <ele>2088.6</ele>
      </trkpt>
      <trkpt lat="50.056536176635284" lon="-122.95701415575134">
        <ele>2088.6</ele>
      </trkpt>
      <trkpt lat="50.05662" lon="-122.95704">
        <ele>2081.8</ele>
      </trkpt>
      <trkpt lat="50.056754744007755" lon="-122.95715761222773">
        <ele>2092.7</ele>
      </trkpt>
      <trkpt lat="50.05675317378196" lon="-122.9571611611372">
        <ele>2092.7</ele>
      </trkpt>
      <trkpt lat="50.0567515341223" lon="-122.95716463303366">
        <ele>2092.7</ele>
      </trkpt>
      <trkpt lat="50.05674982658461" lon="-122.95716802462267">
        <ele>2092.7</ele>
      </trkpt>
      <trkpt lat="50.05674805278917" lon="-122.957171332686">
        <ele>2092.7</ele>
      </trkpt>
      <trkpt lat="50.0567462144191" lon="-122.95717455408463">
        <ele>2092.7</ele>
      </trkpt>
      <trkpt lat="50.05674431321883" lon="-122.95717768576183">
        <ele>2092.7</ele>
      </trkpt>
      <trkpt lat="50.05674235099238" lon="-122.95718072474598">
        <ele>2092.7</ele>
      </trkpt>
      <trkpt lat="50.05674032960169" lon="-122.95718366815342">
        <ele>2092.7</ele>
      </trkpt>
      <trkpt lat="50.056738250964834" lon="-122.95718651319116">
        <ele>2092.7</ele>
      </trkpt>
      <trkpt lat="50.056736117054214" lon="-122.9571892571596">
        <ele>2092.7</ele>
      </trkpt>
      <trkpt lat="50.05677611705421" lon="-122.95723925725068">
        <ele>2092.7</ele>
      </trkpt>
      <trkpt lat="50.0567723525335" lon="-122.95724370035157">
        <ele>2092.7</ele>
      </trkpt>
      <trkpt lat="50.05676844328129" lon="-122.95724782912151">
        <ele>2092.7</ele>
      </trkpt>
      <trkpt lat="50.056764400104946" lon="-122.95725163214631">
        <ele>2092.7</ele>
      </trkpt>
      <trkpt lat="50.05676023418204" lon="-122.95725509891228">
        <ele>2092.7</ele>
      </trkpt>
      <trkpt lat="50.05675595702951" lon="-122.95725821983537">
        <ele>2092.7</ele>
      </trkpt>
      <trkpt lat="50.05675158047177" lon="-122.9572609862876">
        <ele>2092.7</ele>
      </trkpt>
      <trkpt lat="50.056747116608065" lon="-122.95726339062094">
        <ele>2092.7</ele>
      </trkpt>
      <trkpt lat="50.056742577778984" lon="-122.95726542618851">
        <ele>2092.7</ele>
      </trkpt>
      <trkpt lat="50.05673797653238" lon="-122.95726708736287">
        <ele>2092.7</ele>
      </trkpt>
      <trkpt lat="50.05673332558866" lon="-122.95726836955158">
        <ele>2092.7</ele>
      </trkpt>
      <trkpt lat="50.05676332558866" lon="-122.9574683696381">
        <ele>2088.1</ele>
      </trkpt>
      <trkpt lat="50.05676200146307" lon="-122.95746866331764">
        <ele>2088.1</ele>
      </trkpt>
      <trkpt lat="50.056760674677015" lon="-122.95746892625857">
        <ele>2088.1</ele>
      </trkpt>
      <trkpt lat="50.056759345524625" lon="-122.9574691584026">
        <ele>2088.1</ele>
      </trkpt>
      <trkpt lat="50.05675801430053" lon="-122.95746935969827">
        <ele>2088.1</ele>
      </trkpt>
      <trkpt lat="50.056756681299845" lon="-122.95746953010094">
        <ele>2088.1</ele>
      </trkpt>
      <trkpt lat="50.05675534681806" lon="-122.95746966957284">
        <ele>2088.1</ele>
      </trkpt>
      <trkpt lat="50.056754011151" lon="-122.95746977808307">
        <ele>2088.1</ele>
      </trkpt>
      <trkpt lat="50.05675267459476" lon="-122.95746985560756">
        <ele>2088.1</ele>
      </trkpt>
      <trkpt lat="50.056751337445625" lon="-122.95746990212912">
        <ele>2088.1</ele>
      </trkpt>
      <trkpt lat="50.05675" lon="-122.95746991763747">
        <ele>2088.1</ele>
      </trkpt>
      <trkpt lat="50.05675" lon="-122.95758991763746">
        <ele>2088.1</ele>
      </trkpt>
      <trkpt lat="50.05674750032576" lon="-122.95758986345736">
        <ele>2088.1</ele>
      </trkpt>
      <trkpt lat="50.05674500258741" lon="-122.95758970095902">
        <ele>2088.1</ele>
      </trkpt>
      <trkpt lat="50.056742508719346" lon="-122.9575894302683">
        <ele>2088.1</ele>
      </trkpt>
      <trkpt lat="50.05674002065295" lon="-122.95758905159484">
        <ele>2088.1</ele>
      </trkpt>
      <trkpt lat="50.05673754031514" lon="-122.95758856523187">
        <ele>2088.1</ele>
      </trkpt>
      <trkpt lat="50.05673506962681" lon="-122.95758797155611">
        <ele>2088.1</ele>
      </trkpt>
      <trkpt lat="50.05673261050142" lon="-122.95758727102731">
        <ele>2088.1</ele>
      </trkpt>
      <trkpt lat="50.056730164843444" lon="-122.95758646418798">
        <ele>2088.1</ele>
      </trkpt>
      <trkpt lat="50.056727734546946" lon="-122.95758555166302">
        <ele>2088.1</ele>
      </trkpt>
      <trkpt lat="50.056725321494085" lon="-122.95758453415911">
        <ele>2088.1</ele>
      </trkpt>
      <trkpt lat="50.05671" lon="-122.95759">
        <ele>2087.7</ele>
      </trkpt>
      <trkpt lat="50.05664685387616" lon="-122.95787519308458">
        <ele>2087.7</ele>
      </trkpt>
      <trkpt lat="50.05664427798269" lon="-122.95787405889753">
        <ele>2087.7</ele>
      </trkpt>
      <trkpt lat="50.05664172492925" lon="-122.95787280567208">
        <ele>2087.7</ele>
      </trkpt>
      <trkpt lat="50.056639196982815" lon="-122.95787143452107">
        <ele>2087.7</ele>
      </trkpt>
      <trkpt lat="50.05663669638811" lon="-122.95786994666197">
        <ele>2087.7</ele>
      </trkpt>
      <trkpt lat="50.05663422536554" lon="-122.95786834341597">
        <ele>2087.7</ele>
      </trkpt>
      <trkpt lat="50.05663178610928" lon="-122.95786662620667">
        <ele>2087.7</ele>
      </trkpt>
      <trkpt lat="50.05662938078527" lon="-122.95786479655887">
        <ele>2087.7</ele>
      </trkpt>
      <trkpt lat="50.05662701152932" lon="-122.95786285609722">
        <ele>2087.7</ele>
      </trkpt>
      <trkpt lat="50.05662468044525" lon="-122.95786080654477">
        <ele>2087.7</ele>
      </trkpt>
      <trkpt lat="50.05662238960294" lon="-122.95785864972144">
        <ele>2087.7</ele>
      </trkpt>
      <trkpt lat="50.05657238960295" lon="-122.95793864959779">
        <ele>2076.1</ele>
      </trkpt>
      <trkpt lat="50.056575006084344" lon="-122.95794110135517">
        <ele>2076.1</ele>
      </trkpt>
      <trkpt lat="50.0565776745524" lon="-122.9579434131902">
        <ele>2076.1</ele>
      </trkpt>
      <trkpt lat="50.05658039192392" lon="-122.95794558243172">
        <ele>2076.1</ele>
      </trkpt>
      <trkpt lat="50.05658315505922" lon="-122.95794760657338">
        <ele>2076.1</ele>
      </trkpt>
      <trkpt lat="50.05658596076573" lon="-122.95794948327647">
        <ele>2076.1</ele>
      </trkpt>
      <trkpt lat="50.056588805801695" lon="-122.95795121037258">
        <ele>2076.1</ele>
      </trkpt>
      <trkpt lat="50.056591686879905" lon="-122.95795278586624">
        <ele>2076.1</ele>
      </trkpt>
      <trkpt lat="50.05659460067154" lon="-122.95795420793708">
        <ele>2076.1</ele>
      </trkpt>
      <trkpt lat="50.056597543809936" lon="-122.957955474942">
        <ele>2076.1</ele>
      </trkpt>
      <trkpt lat="50.056600512894555" lon="-122.95795658541711">
        <ele>2076.1</ele>
      </trkpt>
      <trkpt lat="50.056580512894556" lon="-122.95804658536018">
        <ele>2076.1</ele>
      </trkpt>
      <trkpt lat="50.05657961000291" lon="-122.95804626523271">
        <ele>2076.1</ele>
      </trkpt>
      <trkpt lat="50.05657870927785" lon="-122.95804593062608">
        <ele>2076.1</ele>
      </trkpt>
      <trkpt lat="50.05657781081508" lon="-122.95804558157583">
        <ele>2076.1</ele>
      </trkpt>
      <trkpt lat="50.05657691471007" lon="-122.95804521811907">
        <ele>2076.1</ele>
      </trkpt>
      <trkpt lat="50.05657602105804" lon="-122.95804484029439">
        <ele>2076.1</ele>
      </trkpt>
      <trkpt lat="50.05657512995395" lon="-122.95804444814196">
        <ele>2076.1</ele>
      </trkpt>
      <trkpt lat="50.05657424149248" lon="-122.95804404170345">
        <ele>2076.1</ele>
      </trkpt>
      <trkpt lat="50.05657335576804" lon="-122.95804362102201">
        <ele>2076.1</ele>
      </trkpt>
      <trkpt lat="50.05657247287474" lon="-122.9580431861424">
        <ele>2076.1</ele>
      </trkpt>
      <trkpt lat="50.056571592906394" lon="-122.95804273711079">
        <ele>2076.1</ele>
      </trkpt>
      <trkpt lat="50.05654159290639" lon="-122.9581327370278">
        <ele>2076.1</ele>
      </trkpt>
      <trkpt lat="50.0565338237437" lon="-122.95812806974646">
        <ele>2076.1</ele>
      </trkpt>
      <trkpt lat="50.056526365429264" lon="-122.95812230201246">
        <ele>2076.1</ele>
      </trkpt>
      <trkpt lat="50.05651928204943" lon="-122.95811548338564">
        <ele>2076.1</ele>
      </trkpt>
      <trkpt lat="50.05651263446889" lon="-122.95810767245578">
        <ele>2076.1</ele>
      </trkpt>
      <trkpt lat="50.05650647980766" lon="-122.9580989363391">
        <ele>2076.1</ele>
      </trkpt>
      <trkpt lat="50.056500870950316" lon="-122.95808935010159">
        <ele>2076.1</ele>
      </trkpt>
      <trkpt lat="50.056495856091544" lon="-122.958078996114">
        <ele>2076.1</ele>
      </trkpt>
      <trkpt lat="50.05649147832206" lon="-122.95806796334406">
        <ele>2076.1</ele>
      </trkpt>
      <trkpt lat="50.05648777525828" lon="-122.95805634659199">
        <ele>2076.1</ele>
      </trkpt>
      <trkpt lat="50.05648477871919" lon="-122.95804424567594">
        <ele>2076.1</ele>
      </trkpt>
      <trkpt lat="50.056454778719186" lon="-122.95805424564828">
        <ele>2076.1</ele>
      </trkpt>
      <trkpt lat="50.05645618691875" lon="-122.95806035021153">
        <ele>2076.1</ele>
      </trkpt>
      <trkpt lat="50.05645777525828" lon="-122.95806634655676">
        <ele>2076.1</ele>
      </trkpt>
      <trkpt lat="50.056459540323935" lon="-122.958072221796">
        <ele>2076.1</ele>
      </trkpt>
      <trkpt lat="50.056461478322056" lon="-122.95807796330156">
        <ele>2076.1</ele>
      </trkpt>
      <trkpt lat="50.056463585087286" lon="-122.95808355873321">
        <ele>2076.1</ele>
      </trkpt>
      <trkpt lat="50.05646585609154" lon="-122.95808899606462">
        <ele>2076.1</ele>
      </trkpt>
      <trkpt lat="50.05646828645375" lon="-122.95809426360931">
        <ele>2076.1</ele>
      </trkpt>
      <trkpt lat="50.05647087095031" lon="-122.95809935004573">
        <ele>2076.1</ele>
      </trkpt>
      <trkpt lat="50.05647360402635" lon="-122.95810424444154">
        <ele>2076.1</ele>
      </trkpt>
      <trkpt lat="50.05647647980765" lon="-122.95810893627724">
        <ele>2076.1</ele>
      </trkpt>
      <trkpt lat="50.056446479807654" lon="-122.95813893621538">
        <ele>2076.1</ele>
      </trkpt>
      <trkpt lat="50.05644949211329" lon="-122.95814341540392">
        <ele>2076.1</ele>
      </trkpt>
      <trkpt lat="50.05645263446888" lon="-122.95814767232113">
        <ele>2076.1</ele>
      </trkpt>
      <trkpt lat="50.05645590012056" lon="-122.95815169781757">
        <ele>2076.1</ele>
      </trkpt>
      <trkpt lat="50.05645928204943" lon="-122.95815548324123">
        <ele>2076.1</ele>
      </trkpt>
      <trkpt lat="50.05646277298669" lon="-122.95815902045605">
        <ele>2076.1</ele>
      </trkpt>
      <trkpt lat="50.05646636542926" lon="-122.95816230185952">
        <ele>2076.1</ele>
      </trkpt>
      <trkpt lat="50.05647005165587" lon="-122.95816532039885">
        <ele>2076.1</ele>
      </trkpt>
      <trkpt lat="50.056473823743694" lon="-122.9581680695863">
        <ele>2076.1</ele>
      </trkpt>
      <trkpt lat="50.05647767358536" lon="-122.95817054351303">
        <ele>2076.1</ele>
      </trkpt>
      <trkpt lat="50.056481592906394" lon="-122.9581727368618">
        <ele>2076.1</ele>
      </trkpt>
      <trkpt lat="50.05646159290639" lon="-122.95823273680648">
        <ele>2076.1</ele>
      </trkpt>
      <trkpt lat="50.056464349135474" lon="-122.95823409146465">
        <ele>2076.1</ele>
      </trkpt>
      <trkpt lat="50.05646713191692" lon="-122.95823530731873">
        <ele>2076.1</ele>
      </trkpt>
      <trkpt lat="50.05646993837015" lon="-122.95823638311013">
        <ele>2076.1</ele>
      </trkpt>
      <trkpt lat="50.056472765590065" lon="-122.95823731772526">
        <ele>2076.1</ele>
      </trkpt>
      <trkpt lat="50.056475610650104" lon="-122.95823811019663">
        <ele>2076.1</ele>
      </trkpt>
      <trkpt lat="50.05647847060519" lon="-122.95823875970396">
        <ele>2076.1</ele>
      </trkpt>
      <trkpt lat="50.056481342494884" lon="-122.95823926557487">
        <ele>2076.1</ele>
      </trkpt>
      <trkpt lat="50.056484223346345" lon="-122.95823962728575">
        <ele>2076.1</ele>
      </trkpt>
      <trkpt lat="50.05648711017748" lon="-122.95823984446216">
        <ele>2076.1</ele>
      </trkpt>
      <trkpt lat="50.05649" lon="-122.95823991687926">
        <ele>2076.1</ele>
      </trkpt>
      <trkpt lat="50.05649" lon="-122.95838991687927">
        <ele>2076.1</ele>
      </trkpt>
      <trkpt lat="50.05648888293398" lon="-122.95838990606093">
        <ele>2076.1</ele>
      </trkpt>
      <trkpt lat="50.056487766040696" lon="-122.95838987360756">
        <ele>2076.1</ele>
      </trkpt>
      <trkpt lat="50.056486649492875" lon="-122.95838981952417">
        <ele>2076.1</ele>
      </trkpt>
      <trkpt lat="50.05648553346318" lon="-122.95838974381915">
        <ele>2076.1</ele>
      </trkpt>
      <trkpt lat="50.056484418124185" lon="-122.95838964650419">
        <ele>2076.1</ele>
      </trkpt>
      <trkpt lat="50.05648330364837" lon="-122.95838952759435">
        <ele>2076.1</ele>
      </trkpt>
      <trkpt lat="50.05648219020808" lon="-122.958389387108">
        <ele>2076.1</ele>
      </trkpt>
      <trkpt lat="50.056481077975484" lon="-122.95838922506688">
        <ele>2076.1</ele>
      </trkpt>
      <trkpt lat="50.05647996712259" lon="-122.95838904149605">
        <ele>2076.1</ele>
      </trkpt>
      <trkpt lat="50.05647885782118" lon="-122.95838883642388">
        <ele>2076.1</ele>
      </trkpt>
      <trkpt lat="50.05646885782119" lon="-122.95846883639494">
        <ele>2076.1</ele>
      </trkpt>
      <trkpt lat="50.056467369943576" lon="-122.95846852702759">
        <ele>2076.1</ele>
      </trkpt>
      <trkpt lat="50.05646588559257" lon="-122.95846817898023">
        <ele>2076.1</ele>
      </trkpt>
      <trkpt lat="50.05646440518265" lon="-122.95846779235004">
        <ele>2076.1</ele>
      </trkpt>
      <trkpt lat="50.056462929127164" lon="-122.95846736724495">
        <ele>2076.1</ele>
      </trkpt>
      <trkpt lat="50.056461457838274" lon="-122.95846690378369">
        <ele>2076.1</ele>
      </trkpt>
      <trkpt lat="50.05645999172679" lon="-122.95846640209567">
        <ele>2076.1</ele>
      </trkpt>
      <trkpt lat="50.05645853120209" lon="-122.95846586232095">
        <ele>2076.1</ele>
      </trkpt>
      <trkpt lat="50.05645707667198" lon="-122.95846528461027">
        <ele>2076.1</ele>
      </trkpt>
      <trkpt lat="50.056455628542615" lon="-122.95846466912492">
        <ele>2076.1</ele>
      </trkpt>
      <trkpt lat="50.05645418721833" lon="-122.95846401603679">
        <ele>2076.1</ele>
      </trkpt>
      <trkpt lat="50.056424187218326" lon="-122.95856401595299">
        <ele>2074.5</ele>
      </trkpt>
      <trkpt lat="50.05642248446546" lon="-122.95856319153634">
        <ele>2074.5</ele>
      </trkpt>
      <trkpt lat="50.056420792554036" lon="-122.95856231464066">
        <ele>2074.5</ele>
      </trkpt>
      <trkpt lat="50.056419112150685" lon="-122.95856138561147">
        <ele>2074.5</ele>
      </trkpt>
      <trkpt lat="50.0564174439175" lon="-122.95856040481482">
        <ele>2074.5</ele>
      </trkpt>
      <trkpt lat="50.056415788511806" lon="-122.95855937263715">
        <ele>2074.5</ele>
      </trkpt>
      <trkpt lat="50.05641414658583" lon="-122.95855828948515">
        <ele>2074.5</ele>
      </trkpt>
      <trkpt lat="50.056412518786516" lon="-122.9585571557856">
        <ele>2074.5</ele>
      </trkpt>
      <trkpt lat="50.05641090575524" lon="-122.95855597198518">
        <ele>2074.5</ele>
      </trkpt>
      <trkpt lat="50.056409308127556" lon="-122.95855473855032">
        <ele>2074.5</ele>
      </trkpt>
      <trkpt lat="50.05640772653294" lon="-122.95855345596704">
        <ele>2074.5</ele>
      </trkpt>
      <trkpt lat="50.05632772653294" lon="-122.95870345576118">
        <ele>2062.7</ele>
      </trkpt>
      <trkpt lat="50.056328596586006" lon="-122.95870416901084">
        <ele>2062.7</ele>
      </trkpt>
      <trkpt lat="50.05632947159894" lon="-122.95870486738582">
        <ele>2062.7</ele>
      </trkpt>
      <trkpt lat="50.05633035146693" lon="-122.95870555080245">
        <ele>2062.7</ele>
      </trkpt>
      <trkpt lat="50.05633123608458" lon="-122.95870621917885">
        <ele>2062.7</ele>
      </trkpt>
      <trkpt lat="50.056332125345904" lon="-122.95870687243496">
        <ele>2062.7</ele>
      </trkpt>
      <trkpt lat="50.05633301914439" lon="-122.95870751049253">
        <ele>2062.7</ele>
      </trkpt>
      <trkpt lat="50.056333917372946" lon="-122.95870813327512">
        <ele>2062.7</ele>
      </trkpt>
      <trkpt lat="50.05633481992399" lon="-122.95870874070813">
        <ele>2062.7</ele>
      </trkpt>
      <trkpt lat="50.05633572668938" lon="-122.95870933271878">
        <ele>2062.7</ele>
      </trkpt>
      <trkpt lat="50.05633663756052" lon="-122.95870990923616">
        <ele>2062.7</ele>
      </trkpt>
      <trkpt lat="50.05631663756052" lon="-122.958759909182">
        <ele>2060.0</ele>
      </trkpt>
      <trkpt lat="50.05630782507109" lon="-122.95875353744225">
        <ele>2060.0</ele>
      </trkpt>
      <trkpt lat="50.05629950592664" lon="-122.95874572061226">
        <ele>2060.0</ele>
      </trkpt>
      <trkpt lat="50.0562917774411" lon="-122.95873655013011">
        <ele>2060.0</ele>
      </trkpt>
      <trkpt lat="50.05628473001914" lon="-122.95872613326833">
        <ele>2060.0</ele>
      </trkpt>
      <trkpt lat="50.05627844609858" lon="-122.95871459187909">
        <ele>2060.0</ele>
      </trkpt>
      <trkpt lat="50.056272999186156" lon="-122.9587020609688">
        <ele>2060.0</ele>
      </trkpt>
      <trkpt lat="50.0562684529976" lon="-122.95868868711894">
        <ele>2060.0</ele>
      </trkpt>
      <trkpt lat="50.05626486071237" lon="-122.95867462677127">
        <ele>2060.0</ele>
      </trkpt>
      <trkpt lat="50.05626226435153" lon="-122.95866004439796">
        <ele>2060.0</ele>
      </trkpt>
      <trkpt lat="50.05626069428625" lon="-122.95864511057765">
        <ele>2060.0</ele>
      </trkpt>
      <trkpt lat="50.0562601688825" lon="-122.95863">
        <ele>2060.0</ele>
      </trkpt>
      <trkpt lat="50.0562101688825" lon="-122.95863">
        <ele>2060.0</ele>
      </trkpt>
      <trkpt lat="50.056210554824126" lon="-122.958617044212">
        <ele>2060.0</ele>
      </trkpt>
      <trkpt lat="50.05621170933277" lon="-122.95860419974798">
        <ele>2060.0</ele>
      </trkpt>
      <trkpt lat="50.05621362248819" lon="-122.95859157697531">
        <ele>2060.0</ele>
      </trkpt>
      <trkpt lat="50.0562162778514" lon="-122.95857928435649">
        <ele>2060.0</ele>
      </trkpt>
      <trkpt lat="50.05621965260591" lon="-122.95856742751714">
        <ele>2060.0</ele>
      </trkpt>
      <trkpt lat="50.056223717753795" lon="-122.95855610833837">
        <ele>2060.0</ele>
      </trkpt>
      <trkpt lat="50.05622843836485" lon="-122.95854542408142">
        <ele>2060.0</ele>
      </trkpt>
      <trkpt lat="50.05623377387672" lon="-122.9585354665519">
        <ele>2060.0</ele>
      </trkpt>
      <trkpt lat="50.05623967844347" lon="-122.95852632131088">
        <ele>2060.0</ele>
      </trkpt>
      <trkpt lat="50.0562461013295" lon="-122.95851806693983">
        <ele>2060.0</ele>
      </trkpt>
      <trkpt lat="50.0562161013295" lon="-122.95847806700982">
        <ele>2062.7</ele>
      </trkpt>
      <trkpt lat="50.05621844108398" lon="-122.95847542432165">
        <ele>2062.7</ele>
      </trkpt>
      <trkpt lat="50.056220834209405" lon="-122.9584729002359">
        <ele>2062.7</ele>
      </trkpt>
      <trkpt lat="50.05622327822855" lon="-122.95847049736538">
        <ele>2062.7</ele>
      </trkpt>
      <trkpt lat="50.056225770611505" lon="-122.9584682181974">
        <ele>2062.7</ele>
      </trkpt>
      <trkpt lat="50.05622830877828" lon="-122.95846606509122">
        <ele>2062.7</ele>
      </trkpt>
      <trkpt lat="50.05623089010151" lon="-122.95846404027563">
        <ele>2062.7</ele>
      </trkpt>
      <trkpt lat="50.05623351190915" lon="-122.95846214584661">
        <ele>2062.7</ele>
      </trkpt>
      <trkpt lat="50.05623617148725" lon="-122.95846038376517">
        <ele>2062.7</ele>
      </trkpt>
      <trkpt lat="50.056238866082765" lon="-122.9584587558553">
        <ele>2062.7</ele>
      </trkpt>
      <trkpt lat="50.056241592906396" lon="-122.95845726380215">
        <ele>2062.7</ele>
      </trkpt>
      <trkpt lat="50.0562215929064" lon="-122.95839726385746">
        <ele>2062.7</ele>
      </trkpt>
      <trkpt lat="50.05622496367562" lon="-122.95839562772694">
        <ele>2062.7</ele>
      </trkpt>
      <trkpt lat="50.05622837311963" lon="-122.95839419916761">
        <ele>2062.7</ele>
      </trkpt>
      <trkpt lat="50.05623181597171" lon="-122.95839298038624">
        <ele>2062.7</ele>
      </trkpt>
      <trkpt lat="50.05623528691351" lon="-122.95839197326552">
        <ele>2062.7</ele>
      </trkpt>
      <trkpt lat="50.056238780583314" lon="-122.95839117936121">
        <ele>2062.7</ele>
      </trkpt>
      <trkpt lat="50.056242291584276" lon="-122.9583905998997">
        <ele>2062.7</ele>
      </trkpt>
      <trkpt lat="50.0562458144928" lon="-122.9583902357761">
        <ele>2062.7</ele>
      </trkpt>
      <trkpt lat="50.05624934386686" lon="-122.95839008755287">
        <ele>2062.7</ele>
      </trkpt>
      <trkpt lat="50.05625287425449" lon="-122.958390155459">
        <ele>2062.7</ele>
      </trkpt>
      <trkpt lat="50.056256400202116" lon="-122.9583904393896">
        <ele>2062.7</ele>
      </trkpt>
      <trkpt lat="50.05626" lon="-122.95839">
        <ele>2062.7</ele>
      </trkpt>
      <trkpt lat="50.05626" lon="-122.95818008379143">
        <ele>2064.8</ele>
      </trkpt>
      <trkpt lat="50.05625750032576" lon="-122.95818013797097">
        <ele>2064.8</ele>
      </trkpt>
      <trkpt lat="50.05625500258741" lon="-122.95818030046765">
        <ele>2064.8</ele>
      </trkpt>
      <trkpt lat="50.056252508719346" lon="-122.95818057115561">
        <ele>2064.8</ele>
      </trkpt>
      <trkpt lat="50.05625002065295" lon="-122.9581809498252">
        <ele>2064.8</ele>
      </trkpt>
      <trkpt lat="50.05624754031514" lon="-122.9581814361832">
        <ele>2064.8</ele>
      </trkpt>
      <trkpt lat="50.05624506962681" lon="-122.9581820298529">
        <ele>2064.8</ele>
      </trkpt>
      <trkpt lat="50.05624261050142" lon="-122.95818273037456">
        <ele>2064.8</ele>
      </trkpt>
      <trkpt lat="50.056240164843445" lon="-122.95818353720564">
        <ele>2064.8</ele>
      </trkpt>
      <trkpt lat="50.05623773454695" lon="-122.95818444972129">
        <ele>2064.8</ele>
      </trkpt>
      <trkpt lat="50.05623532149408" lon="-122.9581854672148">
        <ele>2064.8</ele>
      </trkpt>
      <trkpt lat="50.05621532149408" lon="-122.95811546727089">
        <ele>2064.8</ele>
      </trkpt>
      <trkpt lat="50.056213724885964" lon="-122.95811620277703">
        <ele>2064.8</ele>
      </trkpt>
      <trkpt lat="50.05621213730411" lon="-122.9581169842464">
        <ele>2064.8</ele>
      </trkpt>
      <trkpt lat="50.05621055929389" lon="-122.95811781141049">
        <ele>2064.8</ele>
      </trkpt>
      <trkpt lat="50.05620899139739" lon="-122.95811868398518">
        <ele>2064.8</ele>
      </trkpt>
      <trkpt lat="50.05620743415325" lon="-122.95811960167069">
        <ele>2064.8</ele>
      </trkpt>
      <trkpt lat="50.056205888096414" lon="-122.95812056415178">
        <ele>2064.8</ele>
      </trkpt>
      <trkpt lat="50.056204353758" lon="-122.95812157109782">
        <ele>2064.8</ele>
      </trkpt>
      <trkpt lat="50.05620283166509" lon="-122.95812262216289">
        <ele>2064.8</ele>
      </trkpt>
      <trkpt lat="50.056201322340584" lon="-122.9581237169859">
        <ele>2064.8</ele>
      </trkpt>
      <trkpt lat="50.05619982630296" lon="-122.95812485519076">
        <ele>2064.8</ele>
      </trkpt>
      <trkpt lat="50.056169826302956" lon="-122.958064855269">
        <ele>2064.8</ele>
      </trkpt>
      <trkpt lat="50.05616195631027" lon="-122.9580717758904">
        <ele>2064.8</ele>
      </trkpt>
      <trkpt lat="50.0561545726086" lon="-122.95807989315847">
        <ele>2064.8</ele>
      </trkpt>
      <trkpt lat="50.05614774993466" lon="-122.95808912491147">
        <ele>2064.8</ele>
      </trkpt>
      <trkpt lat="50.056141557346535" lon="-122.95809937770696">
        <ele>2064.8</ele>
      </trkpt>
      <trkpt lat="50.056136057524675" lon="-122.95811054776769">
        <ele>2064.8</ele>
      </trkpt>
      <trkpt lat="50.056131306137445" lon="-122.95812252203199">
        <ele>2064.8</ele>
      </trkpt>
      <trkpt lat="50.056127351277674" lon="-122.95813517929814">
        <ele>2064.8</ele>
      </trkpt>
      <trkpt lat="50.05612423297586" lon="-122.95814839145122">
        <ele>2064.8</ele>
      </trkpt>
      <trkpt lat="50.056121982794984" lon="-122.95816202475977">
        <ele>2064.8</ele>
      </trkpt>
      <trkpt lat="50.05612062351104" lon="-122.9581759412295">
        <ele>2064.8</ele>
      </trkpt>
      <trkpt lat="50.0561201688825" lon="-122.95819">
        <ele>2064.8</ele>
      </trkpt>
      <trkpt lat="50.0560801688825" lon="-122.95819">
        <ele>2064.8</ele>
      </trkpt>
      <trkpt lat="50.05608055482413" lon="-122.9582029557529">
        <ele>2064.8</ele>
      </trkpt>
      <trkpt lat="50.05608170933277" lon="-122.95821580018212">
        <ele>2064.8</ele>
      </trkpt>
      <trkpt lat="50.05608362248819" lon="-122.95822842292058">
        <ele>2064.8</ele>
      </trkpt>
      <trkpt lat="50.0560862778514" lon="-122.95824071550611">
        <ele>2064.8</ele>
      </trkpt>
      <trkpt lat="50.05608965260591" lon="-122.95825257231333">
        <ele>2064.8</ele>
      </trkpt>
      <trkpt lat="50.0560937177538" lon="-122.95826389146143">
        <ele>2064.8</ele>
      </trkpt>
      <trkpt lat="50.05609843836485" lon="-122.95827457568943">
        <ele>2064.8</ele>
      </trkpt>
      <trkpt lat="50.05610377387672" lon="-122.95828453319199">
        <ele>2064.8</ele>
      </trkpt>
      <trkpt lat="50.05610967844347" lon="-122.95829367840821">
        <ele>2064.8</ele>
      </trkpt>
      <trkpt lat="50.0561161013295" lon="-122.9583019327569">
        <ele>2064.8</ele>
      </trkpt>
      <trkpt lat="50.0560861013295" lon="-122.9583419326869">
        <ele>2064.8</ele>
      </trkpt>
      <trkpt lat="50.0560890073441" lon="-122.95834518850396">
        <ele>2064.8</ele>
      </trkpt>
      <trkpt lat="50.056091994334594" lon="-122.95834826140266">
        <ele>2064.8</ele>
      </trkpt>
      <trkpt lat="50.05609505755766" lon="-122.95835114650332">
        <ele>2064.8</ele>
      </trkpt>
      <trkpt lat="50.05609819214893" lon="-122.95835383922437">
        <ele>2064.8</ele>
      </trkpt>
      <trkpt lat="50.0561013931307" lon="-122.95835633528984">
        <ele>2064.8</ele>
      </trkpt>
      <trkpt lat="50.056104655419844" lon="-122.95835863073597">
        <ele>2064.8</ele>
      </trkpt>
      <trkpt lat="50.056107973835864" lon="-122.95836072191763">
        <ele>2064.8</ele>
      </trkpt>
      <trkpt lat="50.05611134310916" lon="-122.95836260551403">
        <ele>2064.8</ele>
      </trkpt>
      <trkpt lat="50.05611475788934" lon="-122.95836427853403">
        <ele>2064.8</ele>
      </trkpt>
      <trkpt lat="50.056118212753766" lon="-122.95836573832091">
        <ele>2064.8</ele>
      </trkpt>
      <trkpt lat="50.05609821275377" lon="-122.95844573826433">
        <ele>2064.8</ele>
      </trkpt>
      <trkpt lat="50.05610073510154" lon="-122.95844666044431">
        <ele>2064.8</ele>
      </trkpt>
      <trkpt lat="50.056103273474974" lon="-122.95844746894214">
        <ele>2064.8</ele>
      </trkpt>
      <trkpt lat="50.056105825762515" lon="-122.95844816308528">
        <ele>2064.8</ele>
      </trkpt>
      <trkpt lat="50.056108389841015" lon="-122.95844874229628">
        <ele>2064.8</ele>
      </trkpt>
      <trkpt lat="50.05611096357752" lon="-122.95844920609335">
        <ele>2064.8</ele>
      </trkpt>
      <trkpt lat="50.05611354483105" lon="-122.95844955409065">
        <ele>2064.8</ele>
      </trkpt>
      <trkpt lat="50.05611613145437" lon="-122.9584497859987">
        <ele>2064.8</ele>
      </trkpt>
      <trkpt lat="50.05611872129577" lon="-122.95844990162459">
        <ele>2064.8</ele>
      </trkpt>
      <trkpt lat="50.056121312200865" lon="-122.95844990087214">
        <ele>2064.8</ele>
      </trkpt>
      <trkpt lat="50.0561239020144" lon="-122.95844978374195">
        <ele>2064.8</ele>
      </trkpt>
      <trkpt lat="50.05613" lon="-122.95854">
        <ele>2062.7</ele>
      </trkpt>
      <trkpt lat="50.05613" lon="-122.95872991582948">
        <ele>2062.7</ele>
      </trkpt>
      <trkpt lat="50.056120666609736" lon="-122.95872915858008">
        <ele>2062.7</ele>
      </trkpt>
      <trkpt lat="50.05611143424741" lon="-122.95872689502863">
        <ele>2062.7</ele>
      </trkpt>
      <trkpt lat="50.05610240284741" lon="-122.95872314967662">
        <ele>2062.7</ele>
      </trkpt>
      <trkpt lat="50.05609367016881" lon="-122.95871796306506">
        <ele>2062.7</ele>
      </trkpt>
      <trkpt lat="50.05608533073726" lon="-122.9587113913357">
        <ele>2062.7</ele>
      </trkpt>
      <trkpt lat="50.05607747482172" lon="-122.95870350562325">
        <ele>2062.7</ele>
      </trkpt>
      <trkpt lat="50.05607018745743" lon="-122.9586943912855">
        <ele>2062.7</ele>
      </trkpt>
      <trkpt lat="50.056063547525405" lon="-122.95868414697928">
        <ele>2062.7</ele>
      </trkpt>
      <trkpt lat="50.05605762689865" lon="-122.95867288359261">
        <ele>2062.7</ele>
      </trkpt>
      <trkpt lat="50.056052489664125" lon="-122.95866072304442">
        <ele>2062.7</ele>
      </trkpt>
      <trkpt lat="50.0560481914291" lon="-122.95864779696477">
        <ele>2062.7</ele>
      </trkpt>
      <trkpt lat="50.05604477871919" lon="-122.9586342452702">
        <ele>2062.7</ele>
      </trkpt>
      <trkpt lat="50.05601477871919" lon="-122.95864424524254">
        <ele>2048.5</ele>
      </trkpt>
      <trkpt lat="50.05601235567201" lon="-122.9586306840305">
        <ele>2048.5</ele>
      </trkpt>
      <trkpt lat="50.056010819747556" lon="-122.95861681223931">
        <ele>2048.5</ele>
      </trkpt>
      <trkpt lat="50.05601018649223" lon="-122.95860277027717">
        <ele>2048.5</ele>
      </trkpt>
      <trkpt lat="50.05601046231574" lon="-122.95858870027469">
        <ele>2048.5</ele>
      </trkpt>
      <trkpt lat="50.05601164442625" lon="-122.95857474464633">
        <ele>2048.5</ele>
      </trkpt>
      <trkpt lat="50.05601372085861" lon="-122.95856104464887">
        <ele>2048.5</ele>
      </trkpt>
      <trkpt lat="50.05601667059548" lon="-122.95854773895164">
        <ele>2048.5</ele>
      </trkpt>
      <trkpt lat="50.05602046378007" lon="-122.95853496223287">
        <ele>2048.5</ele>
      </trkpt>
      <trkpt lat="50.05602506201834" lon="-122.95852284381662">
        <ele>2048.5</ele>
      </trkpt>
      <trkpt lat="50.056030418767605" lon="-122.95851150636369">
        <ele>2048.5</ele>
      </trkpt>
      <trkpt lat="50.05603647980765" lon="-122.95850106463004">
        <ele>2048.5</ele>
      </trkpt>
      <trkpt lat="50.05599647980765" lon="-122.95846106471252">
        <ele>2048.5</ele>
      </trkpt>
      <trkpt lat="50.05599805482092" lon="-122.95845867093779">
        <ele>2048.5</ele>
      </trkpt>
      <trkpt lat="50.055999667008436" lon="-122.9584563379722">
        <ele>2048.5</ele>
      </trkpt>
      <trkpt lat="50.05600131540272" lon="-122.9584540672158">
        <ele>2048.5</ele>
      </trkpt>
      <trkpt lat="50.056002999014524" lon="-122.95845186003127">
        <ele>2048.5</ele>
      </trkpt>
      <trkpt lat="50.056004716833506" lon="-122.95844971774324">
        <ele>2048.5</ele>
      </trkpt>
      <trkpt lat="50.05600646782877" lon="-122.95844764163728">
        <ele>2048.5</ele>
      </trkpt>
      <trkpt lat="50.05600825094952" lon="-122.95844563295931">
        <ele>2048.5</ele>
      </trkpt>
      <trkpt lat="50.05601006512567" lon="-122.95844369291476">
        <ele>2048.5</ele>
      </trkpt>
      <trkpt lat="50.05601190926851" lon="-122.9584418226679">
        <ele>2048.5</ele>
      </trkpt>
      <trkpt lat="50.05601378227134" lon="-122.95844002334107">
        <ele>2048.5</ele>
      </trkpt>
      <trkpt lat="50.05598378227134" lon="-122.95839002341607">
        <ele>2048.5</ele>
      </trkpt>
      <trkpt lat="50.055986887955875" lon="-122.95838725063457">
        <ele>2048.5</ele>
      </trkpt>
      <trkpt lat="50.05599006210196" lon="-122.95838467277798">
        <ele>2048.5</ele>
      </trkpt>
      <trkpt lat="50.055993299669076" lon="-122.95838229393992">
        <ele>2048.5</ele>
      </trkpt>
      <trkpt lat="50.05599659551599" lon="-122.95838011789795">
        <ele>2048.5</ele>
      </trkpt>
      <trkpt lat="50.05599994440894" lon="-122.95837814810761">
        <ele>2048.5</ele>
      </trkpt>
      <trkpt lat="50.0560033410299" lon="-122.95837638769693">
        <ele>2048.5</ele>
      </trkpt>
      <trkpt lat="50.05600677998507" lon="-122.95837483946141">
        <ele>2048.5</ele>
      </trkpt>
      <trkpt lat="50.05601025581342" lon="-122.95837350585964">
        <ele>2048.5</ele>
      </trkpt>
      <trkpt lat="50.05601376299536" lon="-122.95837238900937">
        <ele>2048.5</ele>
      </trkpt>
      <trkpt lat="50.05601729596153" lon="-122.95837149068413">
        <ele>2048.5</ele>
      </trkpt>
      <trkpt lat="50.05600729596153" lon="-122.95830149071298">
        <ele>2048.5</ele>
      </trkpt>
      <trkpt lat="50.056003342776854" lon="-122.95830251093204">
        <ele>2048.5</ele>
      </trkpt>
      <trkpt lat="50.05599942273626" lon="-122.95830380472293">
        <ele>2048.5</ele>
      </trkpt>
      <trkpt lat="50.05599554363972" lon="-122.95830536951131">
        <ele>2048.5</ele>
      </trkpt>
      <trkpt lat="50.05599171320574" lon="-122.95830720218362">
        <ele>2048.5</ele>
      </trkpt>
      <trkpt lat="50.05598793905603" lon="-122.95830929909324">
        <ele>2048.5</ele>
      </trkpt>
      <trkpt lat="50.055984228700275" lon="-122.95831165606782">
        <ele>2048.5</ele>
      </trkpt>
      <trkpt lat="50.05598058952123" lon="-122.95831426841751">
        <ele>2048.5</ele>
      </trkpt>
      <trkpt lat="50.05597702876004" lon="-122.95831713094432">
        <ele>2048.5</ele>
      </trkpt>
      <trkpt lat="50.05597355350181" lon="-122.95832023795249">
        <ele>2048.5</ele>
      </trkpt>
      <trkpt lat="50.05597017066149" lon="-122.95832358325978">
        <ele>2048.5</ele>
      </trkpt>
      <trkpt lat="50.05595017066149" lon="-122.95829358330832">
        <ele>2048.5</ele>
      </trkpt>
      <trkpt lat="50.0559429333964" lon="-122.95830194415441">
        <ele>2048.5</ele>
      </trkpt>
      <trkpt lat="50.05593627031189" lon="-122.95831139221374">
        <ele>2048.5</ele>
      </trkpt>
      <trkpt lat="50.055930248449144" lon="-122.95832183242383">
        <ele>2048.5</ele>
      </trkpt>
      <trkpt lat="50.055924928397665" lon="-122.95833315973964">
        <ele>2048.5</ele>
      </trkpt>
      <trkpt lat="50.05592036368561" lon="-122.95834526019037">
        <ele>2048.5</ele>
      </trkpt>
      <trkpt lat="50.055916600241225" lon="-122.9583580120263">
        <ele>2048.5</ele>
      </trkpt>
      <trkpt lat="50.055913675930725" lon="-122.95837128694372">
        <ele>2048.5</ele>
      </trkpt>
      <trkpt lat="50.05591162017732" lon="-122.95838495137589">
        <ele>2048.5</ele>
      </trkpt>
      <trkpt lat="50.05591045366514" lon="-122.95839886783698">
        <ele>2048.5</ele>
      </trkpt>
      <trkpt lat="50.055910188131165" lon="-122.95841289630529">
        <ele>2048.5</ele>
      </trkpt>
      <trkpt lat="50.05591082624708" lon="-122.95842689563217">
        <ele>2048.5</ele>
      </trkpt>
      <trkpt lat="50.05591236159242" lon="-122.95844072496217">
        <ele>2048.5</ele>
      </trkpt>
      <trkpt lat="50.055914778719185" lon="-122.95845424515034">
        <ele>2048.5</ele>
      </trkpt>
      <trkpt lat="50.05588477871919" lon="-122.95846424512267">
        <ele>2048.5</ele>
      </trkpt>
      <trkpt lat="50.05588665404331" lon="-122.95847219683557">
        <ele>2048.5</ele>
      </trkpt>
      <trkpt lat="50.05588883489063" lon="-122.95847995720935">
        <ele>2048.5</ele>
      </trkpt>
      <trkpt lat="50.05589131326676" lon="-122.95848749779658">
        <ele>2048.5</ele>
      </trkpt>
      <trkpt lat="50.05589408008667" lon="-122.9584947909556">
        <ele>2048.5</ele>
      </trkpt>
      <trkpt lat="50.05589712520795" lon="-122.95850180995168">
        <ele>2048.5</ele>
      </trkpt>
      <trkpt lat="50.05590043746803" lon="-122.95850852905515">
        <ele>2048.5</ele>
      </trkpt>
      <trkpt lat="50.05590400472509" lon="-122.9585149236356">
        <ele>2048.5</ele>
      </trkpt>
      <trkpt lat="50.05590781390256" lon="-122.95852097025231">
        <ele>2048.5</ele>
      </trkpt>
      <trkpt lat="50.05591185103703" lon="-122.95852664674003">
        <ele>2048.5</ele>
      </trkpt>
      <trkpt lat="50.0559161013295" lon="-122.95853193229033">
        <ele>2048.5</ele>
      </trkpt>
      <trkpt lat="50.0558861013295" lon="-122.95857193222035">
        <ele>2048.5</ele>
      </trkpt>
      <trkpt lat="50.055889599347296" lon="-122.95857581837996">
        <ele>2048.5</ele>
      </trkpt>
      <trkpt lat="50.05589321267041" lon="-122.95857943957327">
        <ele>2048.5</ele>
      </trkpt>
      <trkpt lat="50.055896933032365" lon="-122.95858278751581">
        <ele>2048.5</ele>
      </trkpt>
      <trkpt lat="50.055900751921826" lon="-122.95858585454823">
        <ele>2048.5</ele>
      </trkpt>
      <trkpt lat="50.05590466060202" lon="-122.95858863365387">
        <ele>2048.5</ele>
      </trkpt>
      <trkpt lat="50.055908650130775" lon="-122.95859111847476">
        <ele>2048.5</ele>
      </trkpt>
      <trkpt lat="50.055912711380955" lon="-122.95859330332618">
        <ele>2048.5</ele>
      </trkpt>
      <trkpt lat="50.05591683506134" lon="-122.9585951832097">
        <ele>2048.5</ele>
      </trkpt>
      <trkpt lat="50.055921011737865" lon="-122.95859675382455">
        <ele>2048.5</ele>
      </trkpt>
      <trkpt lat="50.05592523185525" lon="-122.95859801157754">
        <ele>2048.5</ele>
      </trkpt>
      <trkpt lat="50.055915231855245" lon="-122.95865801154876">
        <ele>2048.5</ele>
      </trkpt>
      <trkpt lat="50.05591917443122" lon="-122.95865889555587">
        <ele>2048.5</ele>
      </trkpt>
      <trkpt lat="50.0559231382918" lon="-122.95865950647458">
        <ele>2048.5</ele>
      </trkpt>
      <trkpt lat="50.05592711564347" lon="-122.95865984310375">
        <ele>2048.5</ele>
      </trkpt>
      <trkpt lat="50.0559310986662" lon="-122.95865990478151">
        <ele>2048.5</ele>
      </trkpt>
      <trkpt lat="50.055935079528794" lon="-122.9586596913866">
        <ele>2048.5</ele>
      </trkpt>
      <trkpt lat="50.05593905040432" lon="-122.95865920333857">
        <ele>2048.5</ele>
      </trkpt>
      <trkpt lat="50.05594300348545" lon="-122.95865844159701">
        <ele>2048.5</ele>
      </trkpt>
      <trkpt lat="50.055946930999895" lon="-122.95865740765962">
        <ele>2048.5</ele>
      </trkpt>
      <trkpt lat="50.05595082522559" lon="-122.95865610355924">
        <ele>2048.5</ele>
      </trkpt>
      <trkpt lat="50.05595467850592" lon="-122.95865453185992">
        <ele>2048.5</ele>
      </trkpt>
      <trkpt lat="50.05595" lon="-122.95859">
        <ele>2048.5</ele>
      </trkpt>
      <trkpt lat="50.05598948710545" lon="-122.9588165835668">
        <ele>2045.9</ele>
      </trkpt>
      <trkpt lat="50.055986843972235" lon="-122.95881743371879">
        <ele>2045.9</ele>
      </trkpt>
      <trkpt lat="50.055984185634735" lon="-122.95881815981566">
        <ele>2045.9</ele>
      </trkpt>
      <trkpt lat="50.05598151449252" lon="-122.95881876120201">
        <ele>2045.9</ele>
      </trkpt>
      <trkpt lat="50.0559788329567" lon="-122.958819237335">
        <ele>2045.9</ele>
      </trkpt>
      <trkpt lat="50.05597614344777" lon="-122.95881958778483">
        <ele>2045.9</ele>
      </trkpt>
      <trkpt lat="50.05597344839344" lon="-122.95881981223518">
        <ele>2045.9</ele>
      </trkpt>
      <trkpt lat="50.0559707502264" lon="-122.95881991048343">
        <ele>2045.9</ele>
      </trkpt>
      <trkpt lat="50.05596805138216" lon="-122.9588198824409">
        <ele>2045.9</ele>
      </trkpt>
      <trkpt lat="50.05596535429685" lon="-122.95881972813294">
        <ele>2045.9</ele>
      </trkpt>
      <trkpt lat="50.05596266140501" lon="-122.95881944769879">
        <ele>2045.9</ele>
      </trkpt>
      <trkpt lat="50.05592" lon="-122.95929">
        <ele>2039.8</ele>
      </trkpt>
      <trkpt lat="50.05592" lon="-122.95961991521712">
        <ele>2037.0</ele>
      </trkpt>
      <trkpt lat="50.05591711017748" lon="-122.95961984280085">
        <ele>2037.0</ele>
      </trkpt>
      <trkpt lat="50.05591422334635" lon="-122.95961962562703">
        <ele>2037.0</ele>
      </trkpt>
      <trkpt lat="50.05591134249489" lon="-122.95961926392046">
        <ele>2037.0</ele>
      </trkpt>
      <trkpt lat="50.055908470605196" lon="-122.95961875805554">
        <ele>2037.0</ele>
      </trkpt>
      <trkpt lat="50.0559056106501" lon="-122.95961810855594">
        <ele>2037.0</ele>
      </trkpt>
      <trkpt lat="50.05590276559007" lon="-122.95961731609397">
        <ele>2037.0</ele>
      </trkpt>
      <trkpt lat="50.055899938370146" lon="-122.95961638148995">
        <ele>2037.0</ele>
      </trkpt>
      <trkpt lat="50.05589713191692" lon="-122.95961530571134">
        <ele>2037.0</ele>
      </trkpt>
      <trkpt lat="50.05589434913547" lon="-122.95961408987169">
        <ele>2037.0</ele>
      </trkpt>
      <trkpt lat="50.055891592906384" lon="-122.95961273522961">
        <ele>2037.0</ele>
      </trkpt>
      <trkpt lat="50.05588159290638" lon="-122.95964273520194">
        <ele>2037.0</ele>
      </trkpt>
      <trkpt lat="50.0558731083145" lon="-122.95963757191704">
        <ele>2037.0</ele>
      </trkpt>
      <trkpt lat="50.055865003069535" lon="-122.9596310968457">
        <ele>2037.0</ele>
      </trkpt>
      <trkpt lat="50.05585736051545" lon="-122.95962337656925">
        <ele>2037.0</ele>
      </trkpt>
      <trkpt lat="50.055850259238525" lon="-122.95961449047314">
        <ele>2037.0</ele>
      </trkpt>
      <trkpt lat="50.05584377225919" lon="-122.95960452993064">
        <ele>2037.0</ele>
      </trkpt>
      <trkpt lat="50.055837966281246" lon="-122.95959359736321">
        <ele>2037.0</ele>
      </trkpt>
      <trkpt lat="50.05583290100594" lon="-122.95958180518741">
        <ele>2037.0</ele>
      </trkpt>
      <trkpt lat="50.05582862851811" lon="-122.95956927465888">
        <ele>2037.0</ele>
      </trkpt>
      <trkpt lat="50.05582519275053" lon="-122.95955613462556">
        <ele>2037.0</ele>
      </trkpt>
      <trkpt lat="50.05582262903226" lon="-122.95954252020275">
        <ele>2037.0</ele>
      </trkpt>
      <trkpt lat="50.05582096372529" lon="-122.95952857138376">
        <ele>2037.0</ele>
      </trkpt>
      <trkpt lat="50.0558202139535" lon="-122.95951443160041">
        <ele>2037.0</ele>
      </trkpt>
      <trkpt lat="50.0558203874266" lon="-122.95950024624815">
        <ele>2037.0</ele>
      </trkpt>
      <trkpt lat="50.05582148236081" lon="-122.959486161191">
        <ele>2037.0</ele>
      </trkpt>
      <trkpt lat="50.05582348749722" lon="-122.95947232126167">
        <ele>2037.0</ele>
      </trkpt>
      <trkpt lat="50.05582638221758" lon="-122.95945886877232">
        <ele>2037.0</ele>
      </trkpt>
      <trkpt lat="50.05583013675628" lon="-122.9594459420511">
        <ele>2037.0</ele>
      </trkpt>
      <trkpt lat="50.05583471250645" lon="-122.95943367401993">
        <ele>2037.0</ele>
      </trkpt>
      <trkpt lat="50.05584006241693" lon="-122.95942219082752">
        <ele>2037.0</ele>
      </trkpt>
      <trkpt lat="50.055846131476066" lon="-122.95941161055237">
        <ele>2037.0</ele>
      </trkpt>
      <trkpt lat="50.055852857277436" lon="-122.95940204198845">
        <ele>2037.0</ele>
      </trkpt>
      <trkpt lat="50.05586017066149" lon="-122.95939358352668">
        <ele>2037.0</ele>
      </trkpt>
      <trkpt lat="50.05584017066149" lon="-122.95936358357521">
        <ele>2037.0</ele>
      </trkpt>
      <trkpt lat="50.05584250903061" lon="-122.95936123615193">
        <ele>2037.0</ele>
      </trkpt>
      <trkpt lat="50.05584489294748" lon="-122.959359002633">
        <ele>2037.0</ele>
      </trkpt>
      <trkpt lat="50.05584732012574" lon="-122.95935688516052">
        <ele>2037.0</ele>
      </trkpt>
      <trkpt lat="50.05584978823752" lon="-122.95935488576531">
        <ele>2037.0</ele>
      </trkpt>
      <trkpt lat="50.055852294915695" lon="-122.95935300636498">
        <ele>2037.0</ele>
      </trkpt>
      <trkpt lat="50.05585483775616" lon="-122.959351248762">
        <ele>2037.0</ele>
      </trkpt>
      <trkpt lat="50.05585741432011" lon="-122.95934961464211">
        <ele>2037.0</ele>
      </trkpt>
      <trkpt lat="50.055860022136414" lon="-122.9593481055725">
        <ele>2037.0</ele>
      </trkpt>
      <trkpt lat="50.055862658703965" lon="-122.95934672300055">
        <ele>2037.0</ele>
      </trkpt>
      <trkpt lat="50.055865321494075" lon="-122.95934546825222">
        <ele>2037.0</ele>
      </trkpt>
      <trkpt lat="50.055845321494076" lon="-122.9592754683083">
        <ele>2039.8</ele>
      </trkpt>
      <trkpt lat="50.055837066047" lon="-122.95927982714909">
        <ele>2039.8</ele>
      </trkpt>
      <trkpt lat="50.05582912070873" lon="-122.95928541170817">
        <ele>2039.8</ele>
      </trkpt>
      <trkpt lat="50.055821560293225" lon="-122.95929216940085">
        <ele>2039.8</ele>
      </trkpt>
      <trkpt lat="50.055814455989996" lon="-122.95930003659616">
        <ele>2039.8</ele>
      </trkpt>
      <trkpt lat="50.055807874693734" lon="-122.95930893921593">
        <ele>2039.8</ele>
      </trkpt>
      <trkpt lat="50.055801878374474" lon="-122.95931879343237">
        <ele>2039.8</ele>
      </trkpt>
      <trkpt lat="50.055796523494045" lon="-122.95932950645735">
        <ele>2039.8</ele>
      </trkpt>
      <trkpt lat="50.05579186047445" lon="-122.95934097741616">
        <ele>2039.8</ele>
      </trkpt>
      <trkpt lat="50.05578793322305" lon="-122.9593530982973">
        <ele>2039.8</ele>
      </trkpt>
      <trkpt lat="50.055784778719186" lon="-122.95936575496955">
        <ele>2039.8</ele>
      </trkpt>
      <trkpt lat="50.05575477871919" lon="-122.95935575499722">
        <ele>2039.8</ele>
      </trkpt>
      <trkpt lat="50.0557523526625" lon="-122.959369336997">
        <ele>2039.8</ele>
      </trkpt>
      <trkpt lat="50.055750816452694" lon="-122.95938323030546">
        <ele>2039.8</ele>
      </trkpt>
      <trkpt lat="50.055750185686264" lon="-122.95939729386966">
        <ele>2039.8</ele>
      </trkpt>
      <trkpt lat="50.05575046676712" lon="-122.95941138490805">
        <ele>2039.8</ele>
      </trkpt>
      <trkpt lat="50.05575165684157" lon="-122.95942536036023">
        <ele>2039.8</ele>
      </trkpt>
      <trkpt lat="50.05575374382729" lon="-122.95943907833924">
        <ele>2039.8</ele>
      </trkpt>
      <trkpt lat="50.05575670653597" lon="-122.95945239957216">
        <ele>2039.8</ele>
      </trkpt>
      <trkpt lat="50.05576051488847" lon="-122.95946518881406">
        <ele>2039.8</ele>
      </trkpt>
      <trkpt lat="50.05576513022018" lon="-122.95947731622111">
        <ele>2039.8</ele>
      </trkpt>
      <trkpt lat="50.05577050567355" lon="-122.9594886586688">
        <ele>2039.8</ele>
      </trkpt>
      <trkpt lat="50.05577658667385" lon="-122.95949910100198">
        <ele>2039.8</ele>
      </trkpt>
      <trkpt lat="50.05578331148322" lon="-122.959508537204">
        <ele>2039.8</ele>
      </trkpt>
      <trkpt lat="50.05579061182746" lon="-122.95951687147303">
        <ele>2039.8</ele>
      </trkpt>
      <trkpt lat="50.05579841358924" lon="-122.9595240191947">
        <ele>2039.8</ele>
      </trkpt>
      <trkpt lat="50.05580663756051" lon="-122.9595299078012">
        <ele>2039.8</ele>
      </trkpt>
      <trkpt lat="50.0557866375605" lon="-122.95957990774704">
        <ele>2024.2</ele>
      </trkpt>
      <trkpt lat="50.055790352564166" lon="-122.95958207529726">
        <ele>2024.2</ele>
      </trkpt>
      <trkpt lat="50.055794125388346" lon="-122.95958398526496">
        <ele>2024.2</ele>
      </trkpt>
      <trkpt lat="50.055797948675014" lon="-122.95958563392517">
        <ele>2024.2</ele>
      </trkpt>
      <trkpt lat="50.05580181496772" lon="-122.95958701806258">
        <ele>2024.2</ele>
      </trkpt>
      <trkpt lat="50.05580571672616" lon="-122.95958813497772">
        <ele>2024.2</ele>
      </trkpt>
      <trkpt lat="50.05580964634084" lon="-122.95958898249233">
        <ele>2024.2</ele>
      </trkpt>
      <trkpt lat="50.055813596147956" lon="-122.95958955895351">
        <ele>2024.2</ele>
      </trkpt>
      <trkpt lat="50.05581755844431" lon="-122.95958986323701">
        <ele>2024.2</ele>
      </trkpt>
      <trkpt lat="50.05582152550237" lon="-122.9595898947494">
        <ele>2024.2</ele>
      </trkpt>
      <trkpt lat="50.055825489585274" lon="-122.95958965342922">
        <ele>2024.2</ele>
      </trkpt>
      <trkpt lat="50.05585" lon="-122.95994">
        <ele>2035.4</ele>
      </trkpt>
      <trkpt lat="50.05587114217882" lon="-122.96015883460095">
        <ele>2033.8</ele>
      </trkpt>
      <trkpt lat="50.055864271599525" lon="-122.96015975676889">
        <ele>2033.8</ele>
      </trkpt>
      <trkpt lat="50.055857375847125" lon="-122.96015985533151">
        <ele>2033.8</ele>
      </trkpt>
      <trkpt lat="50.055850495559206" lon="-122.96015912970799">
        <ele>2033.8</ele>
      </trkpt>
      <trkpt lat="50.055843671282226" lon="-122.9601575841745">
        <ele>2033.8</ele>
      </trkpt>
      <trkpt lat="50.05583694323256" lon="-122.9601552278391">
        <ele>2033.8</ele>
      </trkpt>
      <trkpt lat="50.055830351059505" lon="-122.96015207458797">
        <ele>2033.8</ele>
      </trkpt>
      <trkpt lat="50.05582393361162" lon="-122.96014814300365">
        <ele>2033.8</ele>
      </trkpt>
      <trkpt lat="50.05581772870778" lon="-122.9601434562555">
        <ele>2033.8</ele>
      </trkpt>
      <trkpt lat="50.05581177291431" lon="-122.96013804196313">
        <ele>2033.8</ele>
      </trkpt>
      <trkpt lat="50.0558061013295" lon="-122.96013193203372">
        <ele>2033.8</ele>
      </trkpt>
      <trkpt lat="50.0557761013295" lon="-122.96017193196373">
        <ele>2021.0</ele>
      </trkpt>
      <trkpt lat="50.05576908229044" lon="-122.96016282860556">
        <ele>2021.0</ele>
      </trkpt>
      <trkpt lat="50.05576269304827" lon="-122.9601526621553">
        <ele>2021.0</ele>
      </trkpt>
      <trkpt lat="50.05575699965808" lon="-122.96014153771863">
        <ele>2021.0</ele>
      </trkpt>
      <trkpt lat="50.0557520609809" lon="-122.96012957030541">
        <ele>2021.0</ele>
      </trkpt>
      <trkpt lat="50.05574792807518" lon="-122.96011688364055">
        <ele>2021.0</ele>
      </trkpt>
      <trkpt lat="50.0557446436689" lon="-122.96010360888498">
        <ele>2021.0</ele>
      </trkpt>
      <trkpt lat="50.05574224171786" lon="-122.96008988327955">
        <ele>2021.0</ele>
      </trkpt>
      <trkpt lat="50.05574074705459" lon="-122.96007584872626">
        <ele>2021.0</ele>
      </trkpt>
      <trkpt lat="50.055740175131646" lon="-122.96006165032114">
        <ele>2021.0</ele>
      </trkpt>
      <trkpt lat="50.055740531861844" lon="-122.9600474348542">
        <ele>2021.0</ele>
      </trkpt>
      <trkpt lat="50.055741813557134" lon="-122.96003334929183">
        <ele>2021.0</ele>
      </trkpt>
      <trkpt lat="50.055744006966734" lon="-122.96001953925744">
        <ele>2021.0</ele>
      </trkpt>
      <trkpt lat="50.0557470894141" lon="-122.96000614752587">
        <ele>2021.0</ele>
      </trkpt>
      <trkpt lat="50.0557510290314" lon="-122.95999331254735">
        <ele>2021.0</ele>
      </trkpt>
      <trkpt lat="50.05575578508895" lon="-122.95998116701614">
        <ele>2021.0</ele>
      </trkpt>
      <trkpt lat="50.05576130841632" lon="-122.95996983649862">
        <ele>2021.0</ele>
      </trkpt>
      <trkpt lat="50.05576754191067" lon="-122.95995943813519">
        <ele>2021.0</ele>
      </trkpt>
      <trkpt lat="50.0557744211271" lon="-122.95995007942919">
        <ele>2021.0</ele>
      </trkpt>
      <trkpt lat="50.05578187494492" lon="-122.95994185713548">
        <ele>2021.0</ele>
      </trkpt>
      <trkpt lat="50.055789826302956" lon="-122.9599348562601">
        <ele>2021.0</ele>
      </trkpt>
      <trkpt lat="50.0558" lon="-122.96">
        <ele>2022.6</ele>
      </trkpt>
      <trkpt lat="50.05570238960295" lon="-122.95980135255354">
        <ele>2022.6</ele>
      </trkpt>
      <trkpt lat="50.05570487493606" lon="-122.95979901927926">
        <ele>2022.6</ele>
      </trkpt>
      <trkpt lat="50.05570740735945" lon="-122.95979681225444">
        <ele>2022.6</ele>
      </trkpt>
      <trkpt lat="50.0557099842304" lon="-122.95979473378223">
        <ele>2022.6</ele>
      </trkpt>
      <trkpt lat="50.05571260285981" lon="-122.9597927860316">
        <ele>2022.6</ele>
      </trkpt>
      <trkpt lat="50.05571526051502" lon="-122.95979097103515">
        <ele>2022.6</ele>
      </trkpt>
      <trkpt lat="50.05571795442263" lon="-122.95978929068691">
        <ele>2022.6</ele>
      </trkpt>
      <trkpt lat="50.05572068177141" lon="-122.95978774674042">
        <ele>2022.6</ele>
      </trkpt>
      <trkpt lat="50.05572343971524" lon="-122.95978634080684">
        <ele>2022.6</ele>
      </trkpt>
      <trkpt lat="50.055726225376056" lon="-122.95978507435335">
        <ele>2022.6</ele>
      </trkpt>
      <trkpt lat="50.05572903584689" lon="-122.95978394870156">
        <ele>2022.6</ele>
      </trkpt>
      <trkpt lat="50.05569" lon="-122.95967">
        <ele>2024.2</ele>
      </trkpt>
      <trkpt lat="50.05562358193956" lon="-122.95940627272499">
        <ele>2024.2</ele>
      </trkpt>
      <trkpt lat="50.05562533492133" lon="-122.95940546295166">
        <ele>2024.2</ele>
      </trkpt>
      <trkpt lat="50.05562709812186" lon="-122.95940470891709">
        <ele>2024.2</ele>
      </trkpt>
      <trkpt lat="50.055628870810644" lon="-122.95940401093367">
        <ele>2024.2</ele>
      </trkpt>
      <trkpt lat="50.05563065225326" lon="-122.95940336929058">
        <ele>2024.2</ele>
      </trkpt>
      <trkpt lat="50.05563244171165" lon="-122.95940278425365">
        <ele>2024.2</ele>
      </trkpt>
      <trkpt lat="50.055634238444455" lon="-122.95940225606526">
        <ele>2024.2</ele>
      </trkpt>
      <trkpt lat="50.055636041707274" lon="-122.95940178494425">
        <ele>2024.2</ele>
      </trkpt>
      <trkpt lat="50.05563785075302" lon="-122.95940137108579">
        <ele>2024.2</ele>
      </trkpt>
      <trkpt lat="50.05563966483221" lon="-122.95940101466135">
        <ele>2024.2</ele>
      </trkpt>
      <trkpt lat="50.05564148319326" lon="-122.95940071581859">
        <ele>2024.2</ele>
      </trkpt>
      <trkpt lat="50.05563" lon="-122.95933">
        <ele>2025.9</ele>
      </trkpt>
      <trkpt lat="50.0556100798126" lon="-122.95910094141092">
        <ele>2025.9</ele>
      </trkpt>
      <trkpt lat="50.055607175283335" lon="-122.95910151884918">
        <ele>2025.9</ele>
      </trkpt>
      <trkpt lat="50.055604284379946" lon="-122.9591022434195">
        <ele>2025.9</ele>
      </trkpt>
      <trkpt lat="50.05560141017393" lon="-122.95910311435203">
        <ele>2025.9</ele>
      </trkpt>
      <trkpt lat="50.055598555719044" lon="-122.95910413072146">
        <ele>2025.9</ele>
      </trkpt>
      <trkpt lat="50.05559572404806" lon="-122.95910529144791">
        <ele>2025.9</ele>
      </trkpt>
      <trkpt lat="50.055592918169545" lon="-122.95910659529814">
        <ele>2025.9</ele>
      </trkpt>
      <trkpt lat="50.05559014106466" lon="-122.95910804088686">
        <ele>2025.9</ele>
      </trkpt>
      <trkpt lat="50.055587395684" lon="-122.95910962667816">
        <ele>2025.9</ele>
      </trkpt>
      <trkpt lat="50.05558468494444" lon="-122.9591113509872">
        <ele>2025.9</ele>
      </trkpt>
      <trkpt lat="50.055582011726074" lon="-122.95911321198194">
        <ele>2025.9</ele>
      </trkpt>
      <trkpt lat="50.05555" lon="-122.95909">
        <ele>2014.6</ele>
      </trkpt>
      <trkpt lat="50.05545637415279" lon="-122.9588776931655">
        <ele>2014.6</ele>
      </trkpt>
      <trkpt lat="50.055458277905885" lon="-122.95887609228598">
        <ele>2014.6</ele>
      </trkpt>
      <trkpt lat="50.055460205859546" lon="-122.95887456327813">
        <ele>2014.6</ele>
      </trkpt>
      <trkpt lat="50.05546215689549" lon="-122.95887310702885">
        <ele>2014.6</ele>
      </trkpt>
      <trkpt lat="50.05546412988202" lon="-122.95887172438286">
        <ele>2014.6</ele>
      </trkpt>
      <trkpt lat="50.055466123674734" lon="-122.95887041614212">
        <ele>2014.6</ele>
      </trkpt>
      <trkpt lat="50.055468137117145" lon="-122.95886918306547">
        <ele>2014.6</ele>
      </trkpt>
      <trkpt lat="50.055470169041364" lon="-122.95886802586816">
        <ele>2014.6</ele>
      </trkpt>
      <trkpt lat="50.0554722182688" lon="-122.95886694522139">
        <ele>2014.6</ele>
      </trkpt>
      <trkpt lat="50.055474283610806" lon="-122.95886594175201">
        <ele>2014.6</ele>
      </trkpt>
      <trkpt lat="50.0554763638694" lon="-122.95886501604205">
        <ele>2014.6</ele>
      </trkpt>
      <trkpt lat="50.05547" lon="-122.95889">
        <ele>2014.6</ele>
      </trkpt>
      <trkpt lat="50.0554163638694" lon="-122.95864501621084">
        <ele>2017.0</ele>
      </trkpt>
      <trkpt lat="50.05541291948999" lon="-122.95864659514835">
        <ele>2017.0</ele>
      </trkpt>
      <trkpt lat="50.05540951837238" lon="-122.95864838720351">
        <ele>2017.0</ele>
      </trkpt>
      <trkpt lat="50.05540616594996" lon="-122.9586503895135">
        <ele>2017.0</ele>
      </trkpt>
      <trkpt lat="50.055402867578294" lon="-122.95865259887954">
        <ele>2017.0</ele>
      </trkpt>
      <trkpt lat="50.05539962852662" lon="-122.95865501177212">
        <ele>2017.0</ele>
      </trkpt>
      <trkpt lat="50.055396453969415" lon="-122.95865762433661">
        <ele>2017.0</ele>
      </trkpt>
      <trkpt lat="50.05539334897811" lon="-122.95866043239936">
        <ele>2017.0</ele>
      </trkpt>
      <trkpt lat="50.055390318513" lon="-122.95866343147439">
        <ele>2017.0</ele>
      </trkpt>
      <trkpt lat="50.055387367415335" lon="-122.95866661677064">
        <ele>2017.0</ele>
      </trkpt>
      <trkpt lat="50.055384500399576" lon="-122.95866998319948">
        <ele>2017.0</ele>
      </trkpt>
      <trkpt lat="50.05527450039958" lon="-122.9585299834517">
        <ele>2017.0</ele>
      </trkpt>
      <trkpt lat="50.055272673660866" lon="-122.95853227970122">
        <ele>2017.0</ele>
      </trkpt>
      <trkpt lat="50.05527088606882" lon="-122.95853464951009">
        <ele>2017.0</ele>
      </trkpt>
      <trkpt lat="50.055269138844125" lon="-122.95853709126006">
        <ele>2017.0</ele>
      </trkpt>
      <trkpt lat="50.05526743317992" lon="-122.95853960328371">
        <ele>2017.0</ele>
      </trkpt>
      <trkpt lat="50.05526577024096" lon="-122.95854218386566">
        <ele>2017.0</ele>
      </trkpt>
      <trkpt lat="50.05526415116282" lon="-122.95854483124369">
        <ele>2017.0</ele>
      </trkpt>
      <trkpt lat="50.055262577051124" lon="-122.95854754360995">
        <ele>2017.0</ele>
      </trkpt>
      <trkpt lat="50.055261048980796" lon="-122.95855031911228">
        <ele>2017.0</ele>
      </trkpt>
      <trkpt lat="50.055259567995314" lon="-122.95855315585533">
        <ele>2017.0</ele>
      </trkpt>
      <trkpt lat="50.05525813510601" lon="-122.95855605190197">
        <ele>2017.0</ele>
      </trkpt>
      <trkpt lat="50.05521813510601" lon="-122.95852605197194">
        <ele>2018.4</ele>
      </trkpt>
      <trkpt lat="50.055214817856466" lon="-122.95853342350694">
        <ele>2018.4</ele>
      </trkpt>
      <trkpt lat="50.055211811824016" lon="-122.95854111203093">
        <ele>2018.4</ele>
      </trkpt>
      <trkpt lat="50.055209129452145" lon="-122.95854908571722">
        <ele>2018.4</ele>
      </trkpt>
      <trkpt lat="50.055206781844554" lon="-122.95855731155868">
        <ele>2018.4</ele>
      </trkpt>
      <trkpt lat="50.05520477871919" lon="-122.95856575550437">
        <ele>2018.4</ele>
      </trkpt>
      <trkpt lat="50.05520312836799" lon="-122.9585743826005">
        <ele>2018.4</ele>
      </trkpt>
      <trkpt lat="50.05520183762262" lon="-122.95858315713514">
        <ele>2018.4</ele>
      </trkpt>
      <trkpt lat="50.05520091182611" lon="-122.95859204278604">
        <ele>2018.4</ele>
      </trkpt>
      <trkpt lat="50.055200354810815" lon="-122.95860100277096">
        <ele>2018.4</ele>
      </trkpt>
      <trkpt lat="50.0552001688825" lon="-122.95861">
        <ele>2018.4</ele>
      </trkpt>
      <trkpt lat="50.0551501688825" lon="-122.95861">
        <ele>2007.6</ele>
      </trkpt>
      <trkpt lat="50.05515044580186" lon="-122.95862097746584">
        <ele>2007.6</ele>
      </trkpt>
      <trkpt lat="50.05515127485262" lon="-122.95863188725195">
        <ele>2007.6</ele>
      </trkpt>
      <trkpt lat="50.055152650923425" lon="-122.95864266209588">
        <ele>2007.6</ele>
      </trkpt>
      <trkpt lat="50.05515456553034" lon="-122.95865323556713">
        <ele>2007.6</ele>
      </trkpt>
      <trkpt lat="50.05515700686916" lon="-122.95866354247671">
        <ele>2007.6</ele>
      </trkpt>
      <trkpt lat="50.055159959888236" lon="-122.95867351927915">
        <ele>2007.6</ele>
      </trkpt>
      <trkpt lat="50.05516340638121" lon="-122.95868310446409">
        <ele>2007.6</ele>
      </trkpt>
      <trkpt lat="50.05516732509932" lon="-122.9586922389357">
        <ele>2007.6</ele>
      </trkpt>
      <trkpt lat="50.05517169188236" lon="-122.95870086637693">
        <ele>2007.6</ele>
      </trkpt>
      <trkpt lat="50.055176479807656" lon="-122.95870893359672">
        <ele>2007.6</ele>
      </trkpt>
      <trkpt lat="50.05512647980766" lon="-122.95875893349363">
        <ele>2005.0</ele>
      </trkpt>
      <trkpt lat="50.055123604026356" lon="-122.95875424178995">
        <ele>2005.0</ele>
      </trkpt>
      <trkpt lat="50.05512087095032" lon="-122.95874934753184">
        <ele>2005.0</ele>
      </trkpt>
      <trkpt lat="50.055118286453755" lon="-122.95874426123852">
        <ele>2005.0</ele>
      </trkpt>
      <trkpt lat="50.055115856091554" lon="-122.95873899384203">
        <ele>2005.0</ele>
      </trkpt>
      <trkpt lat="50.05511358508729" lon="-122.9587335566636">
        <ele>2005.0</ele>
      </trkpt>
      <trkpt lat="50.05511147832206" lon="-122.9587279613894">
        <ele>2005.0</ele>
      </trkpt>
      <trkpt lat="50.05510954032394" lon="-122.95872222004537">
        <ele>2005.0</ele>
      </trkpt>
      <trkpt lat="50.055107775258286" lon="-122.95871634497144">
        <ele>2005.0</ele>
      </trkpt>
      <trkpt lat="50.055106186918756" lon="-122.95871034879491">
        <ele>2005.0</ele>
      </trkpt>
      <trkpt lat="50.05510477871919" lon="-122.9587042444034">
        <ele>2005.0</ele>
      </trkpt>
      <trkpt lat="50.05501477871919" lon="-122.95873424432042">
        <ele>2005.0</ele>
      </trkpt>
      <trkpt lat="50.05501235567201" lon="-122.95872068339102">
        <ele>2005.0</ele>
      </trkpt>
      <trkpt lat="50.05501081974756" lon="-122.95870681188893">
        <ele>2005.0</ele>
      </trkpt>
      <trkpt lat="50.05501018649223" lon="-122.95869277021943">
        <ele>2005.0</ele>
      </trkpt>
      <trkpt lat="50.05501046231574" lon="-122.95867870051018">
        <ele>2005.0</ele>
      </trkpt>
      <trkpt lat="50.05501164442625" lon="-122.95866474517267">
        <ele>2005.0</ele>
      </trkpt>
      <trkpt lat="50.05501372085861" lon="-122.95865104546073">
        <ele>2005.0</ele>
      </trkpt>
      <trkpt lat="50.055016670595485" lon="-122.95863774004079">
        <ele>2005.0</ele>
      </trkpt>
      <trkpt lat="50.05502046378008" lon="-122.9586249635883">
        <ele>2005.0</ele>
      </trkpt>
      <trkpt lat="50.055025062018345" lon="-122.95861284542462">
        <ele>2005.0</ele>
      </trkpt>
      <trkpt lat="50.055030418767615" lon="-122.95860150820796">
        <ele>2005.0</ele>
      </trkpt>
      <trkpt lat="50.05503647980767" lon="-122.95859106669192">
        <ele>2005.0</ele>
      </trkpt>
      <trkpt lat="50.055006479807666" lon="-122.95856106675377">
        <ele>2005.0</ele>
      </trkpt>
      <trkpt lat="50.05501053926358" lon="-122.95855512459977">
        <ele>2005.0</ele>
      </trkpt>
      <trkpt lat="50.05501482739722" lon="-122.958549585782">
        <ele>2005.0</ele>
      </trkpt>
      <trkpt lat="50.05501932771703" lon="-122.95854447160195">
        <ele>2005.0</ele>
      </trkpt>
      <trkpt lat="50.0550240229154" lon="-122.95853980172808">
        <ele>2005.0</ele>
      </trkpt>
      <trkpt lat="50.05502889493525" lon="-122.95853559412006">
        <ele>2005.0</ele>
      </trkpt>
      <trkpt lat="50.05503392503946" lon="-122.95853186495977">
        <ele>2005.0</ele>
      </trkpt>
      <trkpt lat="50.05503909388297" lon="-122.95852862858905">
        <ele>2005.0</ele>
      </trkpt>
      <trkpt lat="50.0550443815871" lon="-122.9585258974545">
        <ele>2005.0</ele>
      </trkpt>
      <trkpt lat="50.05504976781609" lon="-122.95852368205973">
        <ele>2005.0</ele>
      </trkpt>
      <trkpt lat="50.05505523185525" lon="-122.95852199092481">
        <ele>2005.0</ele>
      </trkpt>
      <trkpt lat="50.055045231855246" lon="-122.95846199095358">
        <ele>2007.6</ele>
      </trkpt>
      <trkpt lat="50.05505030417196" lon="-122.95846090465137">
        <ele>2007.6</ele>
      </trkpt>
      <trkpt lat="50.05505540798636" lon="-122.95846027021175">
        <ele>2007.6</ele>
      </trkpt>
      <trkpt lat="50.05506052671829" lon="-122.9584600896957">
        <ele>2007.6</ele>
      </trkpt>
      <trkpt lat="50.055065643739134" lon="-122.9584603636897">
        <ele>2007.6</ele>
      </trkpt>
      <trkpt lat="50.05507074242583" lon="-122.95846109130362">
        <ele>2007.6</ele>
      </trkpt>
      <trkpt lat="50.05507580621489" lon="-122.95846227017377">
        <ele>2007.6</ele>
      </trkpt>
      <trkpt lat="50.05508081865616" lon="-122.95846389647046">
        <ele>2007.6</ele>
      </trkpt>
      <trkpt lat="50.05508576346633" lon="-122.95846596491057">
        <ele>2007.6</ele>
      </trkpt>
      <trkpt lat="50.05509062458179" lon="-122.9584684687746">
        <ele>2007.6</ele>
      </trkpt>
      <trkpt lat="50.055095386210795" lon="-122.95847139992853">
        <ele>2007.6</ele>
      </trkpt>
      <trkpt lat="50.05509" lon="-122.95853">
        <ele>2007.6</ele>
      </trkpt>
      <trkpt lat="50.05515154181114" lon="-122.95831899548406">
        <ele>2007.6</ele>
      </trkpt>
      <trkpt lat="50.05514850448712" lon="-122.95831731764358">
        <ele>2007.6</ele>
      </trkpt>
      <trkpt lat="50.05514543047708" lon="-122.9583158105687">
        <ele>2007.6</ele>
      </trkpt>
      <trkpt lat="50.055142323737364" lon="-122.95831447619912">
        <ele>2007.6</ele>
      </trkpt>
      <trkpt lat="50.055139188266416" lon="-122.95831331625216">
        <ele>2007.6</ele>
      </trkpt>
      <trkpt lat="50.05513602809967" lon="-122.95831233222073">
        <ele>2007.6</ele>
      </trkpt>
      <trkpt lat="50.05513284730435" lon="-122.9583115253713">
        <ele>2007.6</ele>
      </trkpt>
      <trkpt lat="50.05512964997421" lon="-122.95831089674229">
        <ele>2007.6</ele>
      </trkpt>
      <trkpt lat="50.05512644022431" lon="-122.95831044714278">
        <ele>2007.6</ele>
      </trkpt>
      <trkpt lat="50.05512322218568" lon="-122.95831017715139">
        <ele>2007.6</ele>
      </trkpt>
      <trkpt lat="50.05512" lon="-122.95831008711565">
        <ele>2007.6</ele>
      </trkpt>
      <trkpt lat="50.05512" lon="-122.95826008711565">
        <ele>2007.6</ele>
      </trkpt>
      <trkpt lat="50.0551158364938" lon="-122.95826023747344">
        <ele>2007.6</ele>
      </trkpt>
      <trkpt lat="50.055111681936246" lon="-122.95826068822367">
        <ele>2007.6</ele>
      </trkpt>
      <trkpt lat="50.05510754525676" lon="-122.95826143839754">
        <ele>2007.6</ele>
      </trkpt>
      <trkpt lat="50.055103435346325" lon="-122.9582624863827">
        <ele>2007.6</ele>
      </trkpt>
      <trkpt lat="50.0550993610384" lon="-122.9582638299267">
        <ele>2007.6</ele>
      </trkpt>
      <trkpt lat="50.055095331089916" lon="-122.95826546614182">
        <ele>2007.6</ele>
      </trkpt>
      <trkpt lat="50.05509135416247" lon="-122.9582673915114">
        <ele>2007.6</ele>
      </trkpt>
      <trkpt lat="50.055087438803696" lon="-122.95826960189719">
        <ele>2007.6</ele>
      </trkpt>
      <trkpt lat="50.0550835934289" lon="-122.9582720925484">
        <ele>2007.6</ele>
      </trkpt>
      <trkpt lat="50.05507982630296" lon="-122.95827485811186">
        <ele>2007.6</ele>
      </trkpt>
      <trkpt lat="50.05505982630296" lon="-122.95823485816402">
        <ele>2007.6</ele>
      </trkpt>
      <trkpt lat="50.055051979108235" lon="-122.95824175615788">
        <ele>2007.6</ele>
      </trkpt>
      <trkpt lat="50.05504461507987" lon="-122.95824984387238">
        <ele>2007.6</ele>
      </trkpt>
      <trkpt lat="50.055037808311674" lon="-122.9582590399323">
        <ele>2007.6</ele>
      </trkpt>
      <trkpt lat="50.055031627290525" lon="-122.95826925181068">
        <ele>2007.6</ele>
      </trkpt>
      <trkpt lat="50.05502613420732" lon="-122.9582803767598">
        <ele>2007.6</ele>
      </trkpt>
      <trkpt lat="50.05502138433117" lon="-122.95829230284505">
        <ele>2007.6</ele>
      </trkpt>
      <trkpt lat="50.05501742545337" lon="-122.95830491007109">
        <ele>2007.6</ele>
      </trkpt>
      <trkpt lat="50.05501429740653" lon="-122.95831807158922">
        <ele>2007.6</ele>
      </trkpt>
      <trkpt lat="50.055012031663736" lon="-122.95833165497366">
        <ele>2007.6</ele>
      </trkpt>
      <trkpt lat="50.05501065102198" lon="-122.95834552355406">
        <ele>2007.6</ele>
      </trkpt>
      <trkpt lat="50.05501016937269" lon="-122.95835953779046">
        <ele>2007.6</ele>
      </trkpt>
      <trkpt lat="50.05501059156203" lon="-122.95837355667743">
        <ele>2007.6</ele>
      </trkpt>
      <trkpt lat="50.055011913342106" lon="-122.9583874391627">
        <ele>2007.6</ele>
      </trkpt>
      <trkpt lat="50.054961913342105" lon="-122.95839743913412">
        <ele>2007.6</ele>
      </trkpt>
      <trkpt lat="50.054963100883604" lon="-122.95840545420609">
        <ele>2007.6</ele>
      </trkpt>
      <trkpt lat="50.05496458878969" lon="-122.95841334673149">
        <ele>2007.6</ele>
      </trkpt>
      <trkpt lat="50.054966371917445" lon="-122.95842108943002">
        <ele>2007.6</ele>
      </trkpt>
      <trkpt lat="50.054968444103544" lon="-122.95842865553922">
        <ele>2007.6</ele>
      </trkpt>
      <trkpt lat="50.05497079818552" lon="-122.95843601890707">
        <ele>2007.6</ele>
      </trkpt>
      <trkpt lat="50.054973426026564" lon="-122.95844315408222">
        <ele>2007.6</ele>
      </trkpt>
      <trkpt lat="50.05497631854359" lon="-122.95845003640216">
        <ele>2007.6</ele>
      </trkpt>
      <trkpt lat="50.05497946573869" lon="-122.95845664207832">
        <ele>2007.6</ele>
      </trkpt>
      <trkpt lat="50.05498285673368" lon="-122.95846294827832">
        <ele>2007.6</ele>
      </trkpt>
      <trkpt lat="50.05498647980765" lon="-122.95846893320497">
        <ele>2007.6</ele>
      </trkpt>
      <trkpt lat="50.055" lon="-122.95842">
        <ele>2007.6</ele>
      </trkpt>
      <trkpt lat="50.05488153868367" lon="-122.95859622938269">
        <ele>1997.2</ele>
      </trkpt>
      <trkpt lat="50.05488301629854" lon="-122.95859815953982">
        <ele>1997.2</ele>
      </trkpt>
      <trkpt lat="50.05488452017597" lon="-122.95860003984855">
        <ele>1997.2</ele>
      </trkpt>
      <trkpt lat="50.05488604962285" lon="-122.95860186944229">
        <ele>1997.2</ele>
      </trkpt>
      <trkpt lat="50.05488760393429" lon="-122.95860364747783">
        <ele>1997.2</ele>
      </trkpt>
      <trkpt lat="50.05488918239395" lon="-122.95860537313571">
        <ele>1997.2</ele>
      </trkpt>
      <trkpt lat="50.05489078427434" lon="-122.9586070456206">
        <ele>1997.2</ele>
      </trkpt>
      <trkpt lat="50.0548924088372" lon="-122.95860866416169">
        <ele>1997.2</ele>
      </trkpt>
      <trkpt lat="50.05489405533379" lon="-122.95861022801304">
        <ele>1997.2</ele>
      </trkpt>
      <trkpt lat="50.05489572300529" lon="-122.9586117364539">
        <ele>1997.2</ele>
      </trkpt>
      <trkpt lat="50.05489741108309" lon="-122.95861318878906">
        <ele>1997.2</ele>
      </trkpt>
      <trkpt lat="50.05482741108309" lon="-122.95874318860935">
        <ele>1994.8</ele>
      </trkpt>
      <trkpt lat="50.05482860954955" lon="-122.95874417561329">
        <ele>1994.8</ele>
      </trkpt>
      <trkpt lat="50.05482981744295" lon="-122.95874513433544">
        <ele>1994.8</ele>
      </trkpt>
      <trkpt lat="50.05483103448819" lon="-122.95874606455745">
        <ele>1994.8</ele>
      </trkpt>
      <trkpt lat="50.05483226040807" lon="-122.95874696606745">
        <ele>1994.8</ele>
      </trkpt>
      <trkpt lat="50.05483349492338" lon="-122.95874783866013">
        <ele>1994.8</ele>
      </trkpt>
      <trkpt lat="50.054834737752955" lon="-122.95874868213673">
        <ele>1994.8</ele>
      </trkpt>
      <trkpt lat="50.05483598861373" lon="-122.95874949630515">
        <ele>1994.8</ele>
      </trkpt>
      <trkpt lat="50.05483724722082" lon="-122.95875028097997">
        <ele>1994.8</ele>
      </trkpt>
      <trkpt lat="50.054838513287564" lon="-122.95875103598246">
        <ele>1994.8</ele>
      </trkpt>
      <trkpt lat="50.054839786525605" lon="-122.95875176114066">
        <ele>1994.8</ele>
      </trkpt>
      <trkpt lat="50.0547897865256" lon="-122.95889176100337">
        <ele>1994.8</ele>
      </trkpt>
      <trkpt lat="50.05479129601015" lon="-122.95889257715199">
        <ele>1994.8</ele>
      </trkpt>
      <trkpt lat="50.0547928145763" lon="-122.95889335135482">
        <ele>1994.8</ele>
      </trkpt>
      <trkpt lat="50.05479434174358" lon="-122.95889408336691">
        <ele>1994.8</ele>
      </trkpt>
      <trkpt lat="50.054795877028816" lon="-122.95889477295668">
        <ele>1994.8</ele>
      </trkpt>
      <trkpt lat="50.05479741994627" lon="-122.95889541990593">
        <ele>1994.8</ele>
      </trkpt>
      <trkpt lat="50.054798970007774" lon="-122.95889602400997">
        <ele>1994.8</ele>
      </trkpt>
      <trkpt lat="50.05480052672291" lon="-122.9588965850777">
        <ele>1994.8</ele>
      </trkpt>
      <trkpt lat="50.05480208959914" lon="-122.95889710293157">
        <ele>1994.8</ele>
      </trkpt>
      <trkpt lat="50.05480365814202" lon="-122.95889757740775">
        <ele>1994.8</ele>
      </trkpt>
      <trkpt lat="50.054805231855255" lon="-122.95889800835613">
        <ele>1994.8</ele>
      </trkpt>
      <trkpt lat="50.054785231855256" lon="-122.95901800829861">
        <ele>1994.8</ele>
      </trkpt>
      <trkpt lat="50.054787436249896" lon="-122.95901853680365">
        <ele>1994.8</ele>
      </trkpt>
      <trkpt lat="50.05478964838942" lon="-122.95901897990808">
        <ele>1994.8</ele>
      </trkpt>
      <trkpt lat="50.05479186691017" lon="-122.95901933733876">
        <ele>1994.8</ele>
      </trkpt>
      <trkpt lat="50.05479409044454" lon="-122.95901960887532">
        <ele>1994.8</ele>
      </trkpt>
      <trkpt lat="50.054796317621836" lon="-122.9590197943504">
        <ele>1994.8</ele>
      </trkpt>
      <trkpt lat="50.05479854706912" lon="-122.95901989364965">
        <ele>1994.8</ele>
      </trkpt>
      <trkpt lat="50.05480077741206" lon="-122.95901990671187">
        <ele>1994.8</ele>
      </trkpt>
      <trkpt lat="50.05480300727577" lon="-122.959019833529">
        <ele>1994.8</ele>
      </trkpt>
      <trkpt lat="50.054805235285656" lon="-122.95901967414615">
        <ele>1994.8</ele>
      </trkpt>
      <trkpt lat="50.05480746006826" lon="-122.95901942866156">
        <ele>1994.8</ele>
      </trkpt>
      <trkpt lat="50.05481" lon="-122.959">
        <ele>1993.5</ele>
      </trkpt>
      <trkpt lat="50.05484606947882" lon="-122.959247655245">
        <ele>1993.5</ele>
      </trkpt>
      <trkpt lat="50.054848245405964" lon="-122.95924699576403">
        <ele>1993.5</ele>
      </trkpt>
      <trkpt lat="50.05485041022269" lon="-122.95924625286044">
        <ele>1993.5</ele>
      </trkpt>
      <trkpt lat="50.054852562610755" lon="-122.9592454269866">
        <ele>1993.5</ele>
      </trkpt>
      <trkpt lat="50.05485470125947" lon="-122.95924451864543">
        <ele>1993.5</ele>
      </trkpt>
      <trkpt lat="50.054856824866526" lon="-122.95924352839006">
        <ele>1993.5</ele>
      </trkpt>
      <trkpt lat="50.054858932138764" lon="-122.9592424568235">
        <ele>1993.5</ele>
      </trkpt>
      <trkpt lat="50.054861021792966" lon="-122.95924130459825">
        <ele>1993.5</ele>
      </trkpt>
      <trkpt lat="50.05486309255667" lon="-122.95924007241598">
        <ele>1993.5</ele>
      </trkpt>
      <trkpt lat="50.05486514316888" lon="-122.959238761027">
        <ele>1993.5</ele>
      </trkpt>
      <trkpt lat="50.05486717238091" lon="-122.95923737122988">
        <ele>1993.5</ele>
      </trkpt>
      <trkpt lat="50.054917172380904" lon="-122.95934737136261">
        <ele>1990.9</ele>
      </trkpt>
      <trkpt lat="50.0549163126767" lon="-122.95934797154294">
        <ele>1990.9</ele>
      </trkpt>
      <trkpt lat="50.05491544897845" lon="-122.95934855764759">
        <ele>1990.9</ele>
      </trkpt>
      <trkpt lat="50.054914581381134" lon="-122.9593491296121">
        <ele>1990.9</ele>
      </trkpt>
      <trkpt lat="50.05491370998019" lon="-122.95934968737355">
        <ele>1990.9</ele>
      </trkpt>
      <trkpt lat="50.05491283487146" lon="-122.95935023087058">
        <ele>1990.9</ele>
      </trkpt>
      <trkpt lat="50.0549119561512" lon="-122.95935076004344">
        <ele>1990.9</ele>
      </trkpt>
      <trkpt lat="50.05491107391606" lon="-122.9593512748339">
        <ele>1990.9</ele>
      </trkpt>
      <trkpt lat="50.05491018826308" lon="-122.95935177518535">
        <ele>1990.9</ele>
      </trkpt>
      <trkpt lat="50.05490929928967" lon="-122.95935226104275">
        <ele>1990.9</ele>
      </trkpt>
      <trkpt lat="50.054908407093606" lon="-122.95935273235267">
        <ele>1990.9</ele>
      </trkpt>
      <trkpt lat="50.05494840709361" lon="-122.95947273246331">
        <ele>1990.9</ele>
      </trkpt>
      <trkpt lat="50.054949810574016" lon="-122.9594719837098">
        <ele>1990.9</ele>
      </trkpt>
      <trkpt lat="50.05495120592405" lon="-122.95947119895975">
        <ele>1990.9</ele>
      </trkpt>
      <trkpt lat="50.05495259276314" lon="-122.9594703784272">
        <ele>1990.9</ele>
      </trkpt>
      <trkpt lat="50.05495397071306" lon="-122.95946952233594">
        <ele>1990.9</ele>
      </trkpt>
      <trkpt lat="50.05495533939798" lon="-122.95946863091943">
        <ele>1990.9</ele>
      </trkpt>
      <trkpt lat="50.05495669844463" lon="-122.95946770442083">
        <ele>1990.9</ele>
      </trkpt>
      <trkpt lat="50.05495804748234" lon="-122.9594667430928">
        <ele>1990.9</ele>
      </trkpt>
      <trkpt lat="50.054959386143175" lon="-122.95946574719754">
        <ele>1990.9</ele>
      </trkpt>
      <trkpt lat="50.054960714062055" lon="-122.95946471700665">
        <ele>1990.9</ele>
      </trkpt>
      <trkpt lat="50.054962030876794" lon="-122.95946365280113">
        <ele>1990.9</ele>
      </trkpt>
      <trkpt lat="50.055052030876794" lon="-122.95963365303305">
        <ele>1999.9</ele>
      </trkpt>
      <trkpt lat="50.05505036574606" lon="-122.95963499159505">
        <ele>1999.9</ele>
      </trkpt>
      <trkpt lat="50.0550486830513" lon="-122.95963627577045">
        <ele>1999.9</ele>
      </trkpt>
      <trkpt lat="50.05504698352469" lon="-122.95963750500049">
        <ele>1999.9</ele>
      </trkpt>
      <trkpt lat="50.05504526790574" lon="-122.95963867875028">
        <ele>1999.9</ele>
      </trkpt>
      <trkpt lat="50.05504353694094" lon="-122.95963979650911">
        <ele>1999.9</ele>
      </trkpt>
      <trkpt lat="50.05504179138348" lon="-122.95964085779063">
        <ele>1999.9</ele>
      </trkpt>
      <trkpt lat="50.05504003199289" lon="-122.95964186213303">
        <ele>1999.9</ele>
      </trkpt>
      <trkpt lat="50.05503825953472" lon="-122.95964280909931">
        <ele>1999.9</ele>
      </trkpt>
      <trkpt lat="50.0550364747802" lon="-122.95964369827743">
        <ele>1999.9</ele>
      </trkpt>
      <trkpt lat="50.05503467850592" lon="-122.95964452928048">
        <ele>1999.9</ele>
      </trkpt>
      <trkpt lat="50.05505467850592" lon="-122.95971452933657">
        <ele>1999.9</ele>
      </trkpt>
      <trkpt lat="50.055051943122415" lon="-122.95971567425548">
        <ele>1999.9</ele>
      </trkpt>
      <trkpt lat="50.05504918592343" lon="-122.95971668428932">
        <ele>1999.9</ele>
      </trkpt>
      <trkpt lat="50.055046409650124" lon="-122.95971755843392">
        <ele>1999.9</ele>
      </trkpt>
      <trkpt lat="50.055043617062616" lon="-122.95971829582025">
        <ele>1999.9</ele>
      </trkpt>
      <trkpt lat="50.05504081093725" lon="-122.9597188957152">
        <ele>1999.9</ele>
      </trkpt>
      <trkpt lat="50.05503799406384" lon="-122.95971935752235">
        <ele>1999.9</ele>
      </trkpt>
      <trkpt lat="50.055035169242856" lon="-122.95971968078258">
        <ele>1999.9</ele>
      </trkpt>
      <trkpt lat="50.055032339282704" lon="-122.95971986517453">
        <ele>1999.9</ele>
      </trkpt>
      <trkpt lat="50.055029506996874" lon="-122.95971991051488">
        <ele>1999.9</ele>
      </trkpt>
      <trkpt lat="50.05502667520118" lon="-122.95971981675852">
        <ele>1999.9</ele>
      </trkpt>
      <trkpt lat="50.05502" lon="-122.95985">
        <ele>1995.9</ele>
      </trkpt>
      <trkpt lat="50.05502" lon="-122.96013991259277">
        <ele>1995.9</ele>
      </trkpt>
      <trkpt lat="50.05502212743997" lon="-122.96013987335098">
        <ele>1995.9</ele>
      </trkpt>
      <trkpt lat="50.055024253686554" lon="-122.96013975564763">
        <ele>1995.9</ele>
      </trkpt>
      <trkpt lat="50.055026377547044" lon="-122.96013955954876">
        <ele>1995.9</ele>
      </trkpt>
      <trkpt lat="50.05502849783007" lon="-122.96013928516437">
        <ele>1995.9</ele>
      </trkpt>
      <trkpt lat="50.05503061334627" lon="-122.96013893264836">
        <ele>1995.9</ele>
      </trkpt>
      <trkpt lat="50.05503272290893" lon="-122.96013850219848">
        <ele>1995.9</ele>
      </trkpt>
      <trkpt lat="50.05503482533472" lon="-122.96013799405618">
        <ele>1995.9</ele>
      </trkpt>
      <trkpt lat="50.055036919444284" lon="-122.96013740850653">
        <ele>1995.9</ele>
      </trkpt>
      <trkpt lat="50.05503900406293" lon="-122.96013674587796">
        <ele>1995.9</ele>
      </trkpt>
      <trkpt lat="50.0550410780213" lon="-122.96013600654217">
        <ele>1995.9</ele>
      </trkpt>
      <trkpt lat="50.05509" lon="-122.96029">
        <ele>1986.6</ele>
      </trkpt>
      <trkpt lat="50.05512476814474" lon="-122.96054800919023">
        <ele>1986.6</ele>
      </trkpt>
      <trkpt lat="50.05512598717013" lon="-122.96054767929508">
        <ele>1986.6</ele>
      </trkpt>
      <trkpt lat="50.05512720316259" lon="-122.96054732328084">
        <ele>1986.6</ele>
      </trkpt>
      <trkpt lat="50.05512841589145" lon="-122.96054694121507">
        <ele>1986.6</ele>
      </trkpt>
      <trkpt lat="50.05512962512664" lon="-122.96054653317023">
        <ele>1986.6</ele>
      </trkpt>
      <trkpt lat="50.05513083063876" lon="-122.96054609922373">
        <ele>1986.6</ele>
      </trkpt>
      <trkpt lat="50.0551320321991" lon="-122.96054563945792">
        <ele>1986.6</ele>
      </trkpt>
      <trkpt lat="50.055133229579724" lon="-122.96054515396">
        <ele>1986.6</ele>
      </trkpt>
      <trkpt lat="50.05513442255347" lon="-122.96054464282209">
        <ele>1986.6</ele>
      </trkpt>
      <trkpt lat="50.05513561089403" lon="-122.96054410614113">
        <ele>1986.6</ele>
      </trkpt>
      <trkpt lat="50.055136794375954" lon="-122.96054354401895">
        <ele>1986.6</ele>
      </trkpt>
      <trkpt lat="50.05516" lon="-122.96057">
        <ele>1978.8</ele>
      </trkpt>
      <trkpt lat="50.05524" lon="-122.96077">
        <ele>1978.8</ele>
      </trkpt>
      <trkpt lat="50.05534" lon="-122.961">
        <ele>1986.5</ele>
      </trkpt>
      <trkpt lat="50.05545017369705" lon="-122.96126514264448">
        <ele>1977.0</ele>
      </trkpt>
      <trkpt lat="50.0554510366109" lon="-122.96126446157135">
        <ele>1977.0</ele>
      </trkpt>
      <trkpt lat="50.05545189476574" lon="-122.9612637660644">
        <ele>1977.0</ele>
      </trkpt>
      <trkpt lat="50.055452748062045" lon="-122.96126305620433">
        <ele>1977.0</ele>
      </trkpt>
      <trkpt lat="50.05545359640086" lon="-122.96126233207343">
        <ele>1977.0</ele>
      </trkpt>
      <trkpt lat="50.0554544396838" lon="-122.96126159375568">
        <ele>1977.0</ele>
      </trkpt>
      <trkpt lat="50.055455277813074" lon="-122.96126084133671">
        <ele>1977.0</ele>
      </trkpt>
      <trkpt lat="50.05545611069148" lon="-122.96126007490376">
        <ele>1977.0</ele>
      </trkpt>
      <trkpt lat="50.055456938222434" lon="-122.96125929454575">
        <ele>1977.0</ele>
      </trkpt>
      <trkpt lat="50.055457760309956" lon="-122.96125850035314">
        <ele>1977.0</ele>
      </trkpt>
      <trkpt lat="50.055458576858726" lon="-122.96125769241806">
        <ele>1977.0</ele>
      </trkpt>
      <trkpt lat="50.0555" lon="-122.96128">
        <ele>1977.0</ele>
      </trkpt>
      <trkpt lat="50.05564362584721" lon="-122.96158230708939">
        <ele>1981.0</ele>
      </trkpt>
      <trkpt lat="50.05564645318383" lon="-122.96157975470857">
        <ele>1981.0</ele>
      </trkpt>
      <trkpt lat="50.05564921904457" lon="-122.96157704384503">
        <ele>1981.0</ele>
      </trkpt>
      <trkpt lat="50.05565191976909" lon="-122.9615741780863">
        <ele>1981.0</ele>
      </trkpt>
      <trkpt lat="50.05565455178328" lon="-122.96157116122492">
        <ele>1981.0</ele>
      </trkpt>
      <trkpt lat="50.05565711160394" lon="-122.96156799725341">
        <ele>1981.0</ele>
      </trkpt>
      <trkpt lat="50.05565959584342" lon="-122.96156469035893">
        <ele>1981.0</ele>
      </trkpt>
      <trkpt lat="50.055662001214095" lon="-122.9615612449178">
        <ele>1981.0</ele>
      </trkpt>
      <trkpt lat="50.0556643245327" lon="-122.9615576654897">
        <ele>1981.0</ele>
      </trkpt>
      <trkpt lat="50.055666562724575" lon="-122.96155395681166">
        <ele>1981.0</ele>
      </trkpt>
      <trkpt lat="50.05566871282772" lon="-122.96155012379167">
        <ele>1981.0</ele>
      </trkpt>
      <trkpt lat="50.05579" lon="-122.96162">
        <ele>1981.0</ele>
      </trkpt>
      <trkpt lat="50.05596646964368" lon="-122.9618141171208">
        <ele>1984.6</ele>
      </trkpt>
      <trkpt lat="50.05596562795863" lon="-122.96181553929547">
        <ele>1984.6</ele>
      </trkpt>
      <trkpt lat="50.05596477373153" lon="-122.96181694321182">
        <ele>1984.6</ele>
      </trkpt>
      <trkpt lat="50.05596390712565" lon="-122.96181832860151">
        <ele>1984.6</ele>
      </trkpt>
      <trkpt lat="50.05596302830659" lon="-122.96181969519981">
        <ele>1984.6</ele>
      </trkpt>
      <trkpt lat="50.05596213744231" lon="-122.96182104274553">
        <ele>1984.6</ele>
      </trkpt>
      <trkpt lat="50.05596123470305" lon="-122.96182237098115">
        <ele>1984.6</ele>
      </trkpt>
      <trkpt lat="50.055960320261335" lon="-122.96182367965285">
        <ele>1984.6</ele>
      </trkpt>
      <trkpt lat="50.055959394291925" lon="-122.96182496851051">
        <ele>1984.6</ele>
      </trkpt>
      <trkpt lat="50.05595845697178" lon="-122.96182623730783">
        <ele>1984.6</ele>
      </trkpt>
      <trkpt lat="50.05595750848003" lon="-122.96182748580232">
        <ele>1984.6</ele>
      </trkpt>
      <trkpt lat="50.056" lon="-122.96184">
        <ele>1984.6</ele>
      </trkpt>
      <trkpt lat="50.05611846131634" lon="-122.96201623186234">
        <ele>1984.6</ele>
      </trkpt>
      <trkpt lat="50.05611577954886" lon="-122.96201967422441">
        <ele>1984.6</ele>
      </trkpt>
      <trkpt lat="50.05611301430497" lon="-122.96202295245445">
        <ele>1984.6</ele>
      </trkpt>
      <trkpt lat="50.05611016972297" lon="-122.96202606164645">
        <ele>1984.6</ele>
      </trkpt>
      <trkpt lat="50.056107250059895" lon="-122.96202899714739">
        <ele>1984.6</ele>
      </trkpt>
      <trkpt lat="50.05610425968514" lon="-122.96203175456414">
        <ele>1984.6</ele>
      </trkpt>
      <trkpt lat="50.056101203073936" lon="-122.96203432977013">
        <ele>1984.6</ele>
      </trkpt>
      <trkpt lat="50.05609808480061" lon="-122.96203671891146">
        <ele>1984.6</ele>
      </trkpt>
      <trkpt lat="50.05609490953181" lon="-122.96203891841267">
        <ele>1984.6</ele>
      </trkpt>
      <trkpt lat="50.056091682019435" lon="-122.96204092498213">
        <ele>1984.6</ele>
      </trkpt>
      <trkpt lat="50.05608840709361" lon="-122.96204273561692">
        <ele>1984.6</ele>
      </trkpt>
      <trkpt lat="50.0561" lon="-122.96203">
        <ele>1977.8</ele>
      </trkpt>
      <trkpt lat="50.05622154181114" lon="-122.96240100743738">
        <ele>1981.9</ele>
      </trkpt>
      <trkpt lat="50.05622261690109" lon="-122.96240036723376">
        <ele>1981.9</ele>
      </trkpt>
      <trkpt lat="50.05622368663643" lon="-122.96239970562813">
        <ele>1981.9</ele>
      </trkpt>
      <trkpt lat="50.05622475084152" lon="-122.96239902272912">
        <ele>1981.9</ele>
      </trkpt>
      <trkpt lat="50.05622580934168" lon="-122.96239831864882">
        <ele>1981.9</ele>
      </trkpt>
      <trkpt lat="50.05622686196312" lon="-122.96239759350284">
        <ele>1981.9</ele>
      </trkpt>
      <trkpt lat="50.056227908533046" lon="-122.9623968474102">
        <ele>1981.9</ele>
      </trkpt>
      <trkpt lat="50.056228948879635" lon="-122.9623960804934">
        <ele>1981.9</ele>
      </trkpt>
      <trkpt lat="50.05622998283211" lon="-122.96239529287836">
        <ele>1981.9</ele>
      </trkpt>
      <trkpt lat="50.05623101022071" lon="-122.96239448469433">
        <ele>1981.9</ele>
      </trkpt>
      <trkpt lat="50.05623203087679" lon="-122.96239365607403">
        <ele>1981.9</ele>
      </trkpt>
      <trkpt lat="50.05628" lon="-122.96244">
        <ele>1981.9</ele>
      </trkpt>
      <trkpt lat="50.05642362584721" lon="-122.96274230907767">
        <ele>1973.4</ele>
      </trkpt>
      <trkpt lat="50.056425149953654" lon="-122.96274095977925">
        <ele>1973.4</ele>
      </trkpt>
      <trkpt lat="50.056426656864474" lon="-122.96273956441259">
        <ele>1973.4</ele>
      </trkpt>
      <trkpt lat="50.05642814600574" lon="-122.96273812350908">
        <ele>1973.4</ele>
      </trkpt>
      <trkpt lat="50.05642961681031" lon="-122.96273663761752">
        <ele>1973.4</ele>
      </trkpt>
      <trkpt lat="50.05643106871802" lon="-122.96273510730384">
        <ele>1973.4</ele>
      </trkpt>
      <trkpt lat="50.056432501175905" lon="-122.96273353315084">
        <ele>1973.4</ele>
      </trkpt>
      <trkpt lat="50.056433913638394" lon="-122.96273191575806">
        <ele>1973.4</ele>
      </trkpt>
      <trkpt lat="50.056435305567554" lon="-122.96273025574148">
        <ele>1973.4</ele>
      </trkpt>
      <trkpt lat="50.05643667643325" lon="-122.96272855373334">
        <ele>1973.4</ele>
      </trkpt>
      <trkpt lat="50.05643802571339" lon="-122.96272681038185">
        <ele>1973.4</ele>
      </trkpt>
      <trkpt lat="50.05649" lon="-122.96275">
        <ele>1987.0</ele>
      </trkpt>
      <trkpt lat="50.056668461316335" lon="-122.96299623308006">
        <ele>1980.4</ele>
      </trkpt>
      <trkpt lat="50.05666662992086" lon="-122.96299861312684">
        <ele>1980.4</ele>
      </trkpt>
      <trkpt lat="50.056664758602025" lon="-122.96300091660277">
        <ele>1980.4</ele>
      </trkpt>
      <trkpt lat="50.05666284867908" lon="-122.96300314188395">
        <ele>1980.4</ele>
      </trkpt>
      <trkpt lat="50.05666090149851" lon="-122.96300528740154">
        <ele>1980.4</ele>
      </trkpt>
      <trkpt lat="50.05665891843304" lon="-122.96300735164303">
        <ele>1980.4</ele>
      </trkpt>
      <trkpt lat="50.05665690088071" lon="-122.96300933315314">
        <ele>1980.4</ele>
      </trkpt>
      <trkpt lat="50.05665485026387" lon="-122.9630112305349">
        <ele>1980.4</ele>
      </trkpt>
      <trkpt lat="50.05665276802817" lon="-122.96301304245073">
        <ele>1980.4</ele>
      </trkpt>
      <trkpt lat="50.056650655641576" lon="-122.96301476762322">
        <ele>1980.4</ele>
      </trkpt>
      <trkpt lat="50.05664851459327" lon="-122.96301640483615">
        <ele>1980.4</ele>
      </trkpt>
      <trkpt lat="50.05689" lon="-122.96348">
        <ele>1979.7</ele>
      </trkpt>
      <trkpt lat="50.057010173697044" lon="-122.96376514671327">
        <ele>1984.0</ele>
      </trkpt>
      <trkpt lat="50.05700857995157" lon="-122.96376635742241">
        <ele>1984.0</ele>
      </trkpt>
      <trkpt lat="50.057006971173905" lon="-122.96376751889798">
        <ele>1984.0</ele>
      </trkpt>
      <trkpt lat="50.05700534799088" lon="-122.96376863068741">
        <ele>1984.0</ele>
      </trkpt>
      <trkpt lat="50.05700371103496" lon="-122.9637696923575">
        <ele>1984.0</ele>
      </trkpt>
      <trkpt lat="50.05700206094396" lon="-122.9637707034946">
        <ele>1984.0</ele>
      </trkpt>
      <trkpt lat="50.05700039836082" lon="-122.96377166370475">
        <ele>1984.0</ele>
      </trkpt>
      <trkpt lat="50.05699872393333" lon="-122.96377257261376">
        <ele>1984.0</ele>
      </trkpt>
      <trkpt lat="50.05699703831393" lon="-122.96377342986754">
        <ele>1984.0</ele>
      </trkpt>
      <trkpt lat="50.05699534215939" lon="-122.96377423513205">
        <ele>1984.0</ele>
      </trkpt>
      <trkpt lat="50.0569936361306" lon="-122.96377498809352">
        <ele>1984.0</ele>
      </trkpt>
      <trkpt lat="50.0570236361306" lon="-122.96388498817794">
        <ele>1984.0</ele>
      </trkpt>
      <trkpt lat="50.05702183288869" lon="-122.96388572296128">
        <ele>1984.0</ele>
      </trkpt>
      <trkpt lat="50.05702002024704" lon="-122.96388639931162">
        <ele>1984.0</ele>
      </trkpt>
      <trkpt lat="50.057018198986036" lon="-122.96388701693778">
        <ele>1984.0</ele>
      </trkpt>
      <trkpt lat="50.05701636988981" lon="-122.96388757557385">
        <ele>1984.0</ele>
      </trkpt>
      <trkpt lat="50.05701453374582" lon="-122.96388807497931">
        <ele>1984.0</ele>
      </trkpt>
      <trkpt lat="50.0570126913446" lon="-122.96388851493916">
        <ele>1984.0</ele>
      </trkpt>
      <trkpt lat="50.05701084347936" lon="-122.96388889526398">
        <ele>1984.0</ele>
      </trkpt>
      <trkpt lat="50.05700899094566" lon="-122.96388921579002">
        <ele>1984.0</ele>
      </trkpt>
      <trkpt lat="50.05700713454108" lon="-122.96388947637931">
        <ele>1984.0</ele>
      </trkpt>
      <trkpt lat="50.05700527506485" lon="-122.96388967691962">
        <ele>1984.0</ele>
      </trkpt>
      <trkpt lat="50.05701527506485" lon="-122.96405967694874">
        <ele>1977.2</ele>
      </trkpt>
      <trkpt lat="50.05701713454108" lon="-122.96405947640837">
        <ele>1977.2</ele>
      </trkpt>
      <trkpt lat="50.05701899094566" lon="-122.96405921581903">
        <ele>1977.2</ele>
      </trkpt>
      <trkpt lat="50.05702084347936" lon="-122.96405889529292">
        <ele>1977.2</ele>
      </trkpt>
      <trkpt lat="50.0570226913446" lon="-122.96405851496802">
        <ele>1977.2</ele>
      </trkpt>
      <trkpt lat="50.05702453374582" lon="-122.96405807500808">
        <ele>1977.2</ele>
      </trkpt>
      <trkpt lat="50.057026369889805" lon="-122.96405757560251">
        <ele>1977.2</ele>
      </trkpt>
      <trkpt lat="50.05702819898604" lon="-122.96405701696634">
        <ele>1977.2</ele>
      </trkpt>
      <trkpt lat="50.05703002024703" lon="-122.96405639934004">
        <ele>1977.2</ele>
      </trkpt>
      <trkpt lat="50.05703183288869" lon="-122.96405572298956">
        <ele>1977.2</ele>
      </trkpt>
      <trkpt lat="50.0570336361306" lon="-122.96405498820607">
        <ele>1977.2</ele>
      </trkpt>
      <trkpt lat="50.0570636361306" lon="-122.96416498829046">
        <ele>1977.2</ele>
      </trkpt>
      <trkpt lat="50.057064559800054" lon="-122.96416458766147">
        <ele>1977.2</ele>
      </trkpt>
      <trkpt lat="50.057065480671554" lon="-122.96416417169972">
        <ele>1977.2</ele>
      </trkpt>
      <trkpt lat="50.057066398640195" lon="-122.96416374045259">
        <ele>1977.2</ele>
      </trkpt>
      <trkpt lat="50.0570673136014" lon="-122.96416329396924">
        <ele>1977.2</ele>
      </trkpt>
      <trkpt lat="50.057068225450934" lon="-122.96416283230049">
        <ele>1977.2</ele>
      </trkpt>
      <trkpt lat="50.057069134084905" lon="-122.96416235549897">
        <ele>1977.2</ele>
      </trkpt>
      <trkpt lat="50.05707003939981" lon="-122.96416186361898">
        <ele>1977.2</ele>
      </trkpt>
      <trkpt lat="50.05707094129251" lon="-122.96416135671657">
        <ele>1977.2</ele>
      </trkpt>
      <trkpt lat="50.05707183966025" lon="-122.9641608348495">
        <ele>1977.2</ele>
      </trkpt>
      <trkpt lat="50.0570727344007" lon="-122.96416029807718">
        <ele>1977.2</ele>
      </trkpt>
      <trkpt lat="50.0571627344007" lon="-122.96439029832159">
        <ele>1970.8</ele>
      </trkpt>
      <trkpt lat="50.05716381791093" lon="-122.96438962526952">
        <ele>1970.8</ele>
      </trkpt>
      <trkpt lat="50.05716489571872" lon="-122.96438893035976">
        <ele>1970.8</ele>
      </trkpt>
      <trkpt lat="50.05716596764231" lon="-122.9643882137095">
        <ele>1970.8</ele>
      </trkpt>
      <trkpt lat="50.057167033500974" lon="-122.96438747543957">
        <ele>1970.8</ele>
      </trkpt>
      <trkpt lat="50.05716809311496" lon="-122.96438671567445">
        <ele>1970.8</ele>
      </trkpt>
      <trkpt lat="50.05716914630561" lon="-122.96438593454228">
        <ele>1970.8</ele>
      </trkpt>
      <trkpt lat="50.05717019289533" lon="-122.96438513217475">
        <ele>1970.8</ele>
      </trkpt>
      <trkpt lat="50.05717123270763" lon="-122.96438430870718">
        <ele>1970.8</ele>
      </trkpt>
      <trkpt lat="50.05717226556719" lon="-122.9643834642784">
        <ele>1970.8</ele>
      </trkpt>
      <trkpt lat="50.05717329129983" lon="-122.96438259903083">
        <ele>1970.8</ele>
      </trkpt>
      <trkpt lat="50.05728329129983" lon="-122.96458259931191">
        <ele>1980.3</ele>
      </trkpt>
      <trkpt lat="50.05728124744312" lon="-122.9645842971317">
        <ele>1980.3</ele>
      </trkpt>
      <trkpt lat="50.0572791761608" lon="-122.96458591230576">
        <ele>1980.3</ele>
      </trkpt>
      <trkpt lat="50.057277078830076" lon="-122.9645874437602">
        <ele>1980.3</ele>
      </trkpt>
      <trkpt lat="50.05727495684548" lon="-122.9645888904767">
        <ele>1980.3</ele>
      </trkpt>
      <trkpt lat="50.05727281161792" lon="-122.96459025149338">
        <ele>1980.3</ele>
      </trkpt>
      <trkpt lat="50.05727064457377" lon="-122.96459152590525">
        <ele>1980.3</ele>
      </trkpt>
      <trkpt lat="50.05726845715391" lon="-122.96459271286496">
        <ele>1980.3</ele>
      </trkpt>
      <trkpt lat="50.05726625081276" lon="-122.96459381158331">
        <ele>1980.3</ele>
      </trkpt>
      <trkpt lat="50.05726402701733" lon="-122.96459482132975">
        <ele>1980.3</ele>
      </trkpt>
      <trkpt lat="50.05726178724623" lon="-122.96459574143289">
        <ele>1980.3</ele>
      </trkpt>
      <trkpt lat="50.05731" lon="-122.96474">
        <ele>1975.5</ele>
      </trkpt>
      <trkpt lat="50.057397050967296" lon="-122.96506342475774">
        <ele>1975.5</ele>
      </trkpt>
      <trkpt lat="50.0573959692968" lon="-122.9650639451453">
        <ele>1975.5</ele>
      </trkpt>
      <trkpt lat="50.05739488350181" lon="-122.96506444425944">
        <ele>1975.5</ele>
      </trkpt>
      <trkpt lat="50.05739379375478" lon="-122.96506492202089">
        <ele>1975.5</ele>
      </trkpt>
      <trkpt lat="50.057392700228775" lon="-122.96506537835377">
        <ele>1975.5</ele>
      </trkpt>
      <trkpt lat="50.05739160309748" lon="-122.96506581318562">
        <ele>1975.5</ele>
      </trkpt>
      <trkpt lat="50.05739050253514" lon="-122.96506622644738">
        <ele>1975.5</ele>
      </trkpt>
      <trkpt lat="50.05738939871656" lon="-122.96506661807338">
        <ele>1975.5</ele>
      </trkpt>
      <trkpt lat="50.05738829181703" lon="-122.96506698800147">
        <ele>1975.5</ele>
      </trkpt>
      <trkpt lat="50.05738718201236" lon="-122.96506733617286">
        <ele>1975.5</ele>
      </trkpt>
      <trkpt lat="50.05738606947882" lon="-122.96506766253226">
        <ele>1975.5</ele>
      </trkpt>
      <trkpt lat="50.05746606947882" lon="-122.96550766276181">
        <ele>1971.6</ele>
      </trkpt>
      <trkpt lat="50.05746447738196" lon="-122.96550809063905">
        <ele>1971.6</ele>
      </trkpt>
      <trkpt lat="50.057462880602195" lon="-122.96550847384893">
        <ele>1971.6</ele>
      </trkpt>
      <trkpt lat="50.05746127965602" lon="-122.96550881226749">
        <ele>1971.6</ele>
      </trkpt>
      <trkpt lat="50.05745967506127" lon="-122.96550910578526">
        <ele>1971.6</ele>
      </trkpt>
      <trkpt lat="50.05745806733699" lon="-122.9655093543073">
        <ele>1971.6</ele>
      </trkpt>
      <trkpt lat="50.05745645700321" lon="-122.96550955775324">
        <ele>1971.6</ele>
      </trkpt>
      <trkpt lat="50.05745484458083" lon="-122.96550971605726">
        <ele>1971.6</ele>
      </trkpt>
      <trkpt lat="50.0574532305914" lon="-122.96550982916814">
        <ele>1971.6</ele>
      </trkpt>
      <trkpt lat="50.057451615556985" lon="-122.9655098970493">
        <ele>1971.6</ele>
      </trkpt>
      <trkpt lat="50.05745" lon="-122.96550991967881">
        <ele>1971.6</ele>
      </trkpt>
      <trkpt lat="50.05745" lon="-122.96561991967882">
        <ele>1971.6</ele>
      </trkpt>
      <trkpt lat="50.057447430718355" lon="-122.96561986243778">
        <ele>1971.6</ele>
      </trkpt>
      <trkpt lat="50.05744486353889" lon="-122.9656196907615">
        <ele>1971.6</ele>
      </trkpt>
      <trkpt lat="50.05744230056207" lon="-122.96561940479047">
        <ele>1971.6</ele>
      </trkpt>
      <trkpt lat="50.05743974388492" lon="-122.96561900475865">
        <ele>1971.6</ele>
      </trkpt>
      <trkpt lat="50.05743719559931" lon="-122.96561849099334">
        <ele>1971.6</ele>
      </trkpt>
      <trkpt lat="50.05743465779024" lon="-122.96561786391491">
        <ele>1971.6</ele>
      </trkpt>
      <trkpt lat="50.05743213253414" lon="-122.96561712403644">
        <ele>1971.6</ele>
      </trkpt>
      <trkpt lat="50.05742962189717" lon="-122.96561627196328">
        <ele>1971.6</ele>
      </trkpt>
      <trkpt lat="50.05742712793354" lon="-122.96561530839263">
        <ele>1971.6</ele>
      </trkpt>
      <trkpt lat="50.0574246526838" lon="-122.96561423411283">
        <ele>1971.6</ele>
      </trkpt>
      <trkpt lat="50.0573746526838" lon="-122.96578423397295">
        <ele>1967.0</ele>
      </trkpt>
      <trkpt lat="50.057371588998684" lon="-122.965782737295">
        <ele>1967.0</ele>
      </trkpt>
      <trkpt lat="50.057368561610524" lon="-122.96578107103632">
        <ele>1967.0</ele>
      </trkpt>
      <trkpt lat="50.057365574387" lon="-122.96577923732566">
        <ele>1967.0</ele>
      </trkpt>
      <trkpt lat="50.057362631144485" lon="-122.96577723850571">
        <ele>1967.0</ele>
      </trkpt>
      <trkpt lat="50.057359735643175" lon="-122.96577507713009">
        <ele>1967.0</ele>
      </trkpt>
      <trkpt lat="50.05735689158226" lon="-122.96577275596012">
        <ele>1967.0</ele>
      </trkpt>
      <trkpt lat="50.05735410259522" lon="-122.96577027796121">
        <ele>1967.0</ele>
      </trkpt>
      <trkpt lat="50.05735137224517" lon="-122.96576764629921">
        <ele>1967.0</ele>
      </trkpt>
      <trkpt lat="50.05734870402032" lon="-122.96576486433622">
        <ele>1967.0</ele>
      </trkpt>
      <trkpt lat="50.0573461013295" lon="-122.96576193562639">
        <ele>1967.0</ele>
      </trkpt>
      <trkpt lat="50.05728" lon="-122.96581">
        <ele>1967.0</ele>
      </trkpt>
      <trkpt lat="50.0571361013295" lon="-122.96604193513646">
        <ele>1956.7</ele>
      </trkpt>
      <trkpt lat="50.057137211080274" lon="-122.96604321091215">
        <ele>1956.7</ele>
      </trkpt>
      <trkpt lat="50.05713833327616" lon="-122.9660444599981">
        <ele>1956.7</ele>
      </trkpt>
      <trkpt lat="50.0571394676526" lon="-122.96604568209986">
        <ele>1956.7</ele>
      </trkpt>
      <trkpt lat="50.057140613942146" lon="-122.96604687692928">
        <ele>1956.7</ele>
      </trkpt>
      <trkpt lat="50.057141771874576" lon="-122.9660480442047">
        <ele>1956.7</ele>
      </trkpt>
      <trkpt lat="50.0571429411769" lon="-122.96604918365092">
        <ele>1956.7</ele>
      </trkpt>
      <trkpt lat="50.057144121573444" lon="-122.96605029499933">
        <ele>1956.7</ele>
      </trkpt>
      <trkpt lat="50.057145312785934" lon="-122.96605137798792">
        <ele>1956.7</ele>
      </trkpt>
      <trkpt lat="50.057146514533535" lon="-122.96605243236137">
        <ele>1956.7</ele>
      </trkpt>
      <trkpt lat="50.05714772653294" lon="-122.9660534578711">
        <ele>1956.7</ele>
      </trkpt>
      <trkpt lat="50.05698772653294" lon="-122.9663534574594">
        <ele>1957.0</ele>
      </trkpt>
      <trkpt lat="50.056989308127555" lon="-122.96635474005821">
        <ele>1957.0</ele>
      </trkpt>
      <trkpt lat="50.05699090575524" lon="-122.96635597350796">
        <ele>1957.0</ele>
      </trkpt>
      <trkpt lat="50.056992518786515" lon="-122.96635715732269">
        <ele>1957.0</ele>
      </trkpt>
      <trkpt lat="50.05699414658583" lon="-122.96635829103596">
        <ele>1957.0</ele>
      </trkpt>
      <trkpt lat="50.056995788511806" lon="-122.96635937420105">
        <ele>1957.0</ele>
      </trkpt>
      <trkpt lat="50.05699744391751" lon="-122.9663604063912">
        <ele>1957.0</ele>
      </trkpt>
      <trkpt lat="50.056999112150685" lon="-122.96636138719971">
        <ele>1957.0</ele>
      </trkpt>
      <trkpt lat="50.057000792554035" lon="-122.96636231624012">
        <ele>1957.0</ele>
      </trkpt>
      <trkpt lat="50.057002484465464" lon="-122.96636319314639">
        <ele>1957.0</ele>
      </trkpt>
      <trkpt lat="50.05700418721833" lon="-122.96636401757301">
        <ele>1957.0</ele>
      </trkpt>
      <trkpt lat="50.05697418721834" lon="-122.96646401748923">
        <ele>1957.0</ele>
      </trkpt>
      <trkpt lat="50.05697523605705" lon="-122.96646449676768">
        <ele>1957.0</ele>
      </trkpt>
      <trkpt lat="50.05697628856218" lon="-122.96646495613325">
        <ele>1957.0</ele>
      </trkpt>
      <trkpt lat="50.05697734457791" lon="-122.96646539551791">
        <ele>1957.0</ele>
      </trkpt>
      <trkpt lat="50.05697840394787" lon="-122.96646581485662">
        <ele>1957.0</ele>
      </trkpt>
      <trkpt lat="50.056979466515244" lon="-122.96646621408728">
        <ele>1957.0</ele>
      </trkpt>
      <trkpt lat="50.056980532122694" lon="-122.9664665931508">
        <ele>1957.0</ele>
      </trkpt>
      <trkpt lat="50.05698160061245" lon="-122.96646695199104">
        <ele>1957.0</ele>
      </trkpt>
      <trkpt lat="50.05698267182633" lon="-122.96646729055489">
        <ele>1957.0</ele>
      </trkpt>
      <trkpt lat="50.056983745605734" lon="-122.9664676087922">
        <ele>1957.0</ele>
      </trkpt>
      <trkpt lat="50.05698482179167" lon="-122.96646790665588">
        <ele>1957.0</ele>
      </trkpt>
      <trkpt lat="50.05692482179167" lon="-122.96681790648343">
        <ele>1949.0</ele>
      </trkpt>
      <trkpt lat="50.05692632711611" lon="-122.96681828796379">
        <ele>1949.0</ele>
      </trkpt>
      <trkpt lat="50.05692783638162" lon="-122.96681862958408">
        <ele>1949.0</ele>
      </trkpt>
      <trkpt lat="50.05692934915316" lon="-122.96681893124581">
        <ele>1949.0</ele>
      </trkpt>
      <trkpt lat="50.056930864994705" lon="-122.96681919286205">
        <ele>1949.0</ele>
      </trkpt>
      <trkpt lat="50.05693238346932" lon="-122.96681941435737">
        <ele>1949.0</ele>
      </trkpt>
      <trkpt lat="50.05693390413932" lon="-122.96681959566794">
        <ele>1949.0</ele>
      </trkpt>
      <trkpt lat="50.05693542656639" lon="-122.9668197367415">
        <ele>1949.0</ele>
      </trkpt>
      <trkpt lat="50.0569369503117" lon="-122.96681983753739">
        <ele>1949.0</ele>
      </trkpt>
      <trkpt lat="50.05693847493606" lon="-122.96681989802654">
        <ele>1949.0</ele>
      </trkpt>
      <trkpt lat="50.05694" lon="-122.96681991819153">
        <ele>1949.0</ele>
      </trkpt>
      <trkpt lat="50.05694" lon="-122.96690991819153">
        <ele>1949.0</ele>
      </trkpt>
      <trkpt lat="50.056942889822515" lon="-122.96690984577373">
        <ele>1949.0</ele>
      </trkpt>
      <trkpt lat="50.05694577665365" lon="-122.96690962859529">
        <ele>1949.0</ele>
      </trkpt>
      <trkpt lat="50.05694865750511" lon="-122.96690926688103">
        <ele>1949.0</ele>
      </trkpt>
      <trkpt lat="50.056951529394794" lon="-122.96690876100537">
        <ele>1949.0</ele>
      </trkpt>
      <trkpt lat="50.05695438934989" lon="-122.96690811149196">
        <ele>1949.0</ele>
      </trkpt>
      <trkpt lat="50.05695723440992" lon="-122.96690731901315">
        <ele>1949.0</ele>
      </trkpt>
      <trkpt lat="50.05696006162984" lon="-122.96690638438925">
        <ele>1949.0</ele>
      </trkpt>
      <trkpt lat="50.05696286808307" lon="-122.96690530858777">
        <ele>1949.0</ele>
      </trkpt>
      <trkpt lat="50.05696565086451" lon="-122.96690409272227">
        <ele>1949.0</ele>
      </trkpt>
      <trkpt lat="50.0569684070936" lon="-122.9669027380514">
        <ele>1949.0</ele>
      </trkpt>
      <trkpt lat="50.0569884070936" lon="-122.96696273810673">
        <ele>1958.6</ele>
      </trkpt>
      <trkpt lat="50.05699232641463" lon="-122.96696054473739">
        <ele>1958.6</ele>
      </trkpt>
      <trkpt lat="50.0569961762563" lon="-122.96695807078747">
        <ele>1958.6</ele>
      </trkpt>
      <trkpt lat="50.05699994834413" lon="-122.96695532157422">
        <ele>1958.6</ele>
      </trkpt>
      <trkpt lat="50.057003634570734" lon="-122.96695230300658">
        <ele>1958.6</ele>
      </trkpt>
      <trkpt lat="50.0570072270133" lon="-122.96694902157235">
        <ele>1958.6</ele>
      </trkpt>
      <trkpt lat="50.05701071795057" lon="-122.96694548432434">
        <ele>1958.6</ele>
      </trkpt>
      <trkpt lat="50.05701409987944" lon="-122.96694169886517">
        <ele>1958.6</ele>
      </trkpt>
      <trkpt lat="50.05701736553112" lon="-122.96693767333097">
        <ele>1958.6</ele>
      </trkpt>
      <trkpt lat="50.05702050788671" lon="-122.96693341637385">
        <ele>1958.6</ele>
      </trkpt>
      <trkpt lat="50.057023520192345" lon="-122.96692893714328">
        <ele>1958.6</ele>
      </trkpt>
      <trkpt lat="50.05706352019235" lon="-122.96696893722576">
        <ele>1958.6</ele>
      </trkpt>
      <trkpt lat="50.05706144390295" lon="-122.96697206878008">
        <ele>1958.6</ele>
      </trkpt>
      <trkpt lat="50.05705930401021" lon="-122.96697509467843">
        <ele>1958.6</ele>
      </trkpt>
      <trkpt lat="50.057057102729225" lon="-122.96697801178857">
        <ele>1958.6</ele>
      </trkpt>
      <trkpt lat="50.05705484233864" lon="-122.96698081709086">
        <ele>1958.6</ele>
      </trkpt>
      <trkpt lat="50.05705252517829" lon="-122.96698350768139">
        <ele>1958.6</ele>
      </trkpt>
      <trkpt lat="50.05705015364677" lon="-122.96698608077503">
        <ele>1958.6</ele>
      </trkpt>
      <trkpt lat="50.05704773019896" lon="-122.96698853370825">
        <ele>1958.6</ele>
      </trkpt>
      <trkpt lat="50.057045257343475" lon="-122.9669908639419">
        <ele>1958.6</ele>
      </trkpt>
      <trkpt lat="50.05704273764009" lon="-122.96699306906388">
        <ele>1958.6</ele>
      </trkpt>
      <trkpt lat="50.05704017369705" lon="-122.96699514679152">
        <ele>1958.6</ele>
      </trkpt>
      <trkpt lat="50.057060173697046" lon="-122.96703514684368">
        <ele>1958.6</ele>
      </trkpt>
      <trkpt lat="50.05705603316709" lon="-122.96703816877276">
        <ele>1958.6</ele>
      </trkpt>
      <trkpt lat="50.05705179927621" lon="-122.96704085862014">
        <ele>1958.6</ele>
      </trkpt>
      <trkpt lat="50.05704748299429" lon="-122.96704320941647">
        <ele>1958.6</ele>
      </trkpt>
      <trkpt lat="50.0570430955047" lon="-122.96704521507093">
        <ele>1958.6</ele>
      </trkpt>
      <trkpt lat="50.05703864817531" lon="-122.96704687038691">
        <ele>1958.6</ele>
      </trkpt>
      <trkpt lat="50.057034152529006" lon="-122.96704817107555">
        <ele>1958.6</ele>
      </trkpt>
      <trkpt lat="50.0570296202139" lon="-122.96704911376679">
        <ele>1958.6</ele>
      </trkpt>
      <trkpt lat="50.05702506297309" lon="-122.96704969601814">
        <ele>1958.6</ele>
      </trkpt>
      <trkpt lat="50.05702049261426" lon="-122.967049916321">
        <ele>1958.6</ele>
      </trkpt>
      <trkpt lat="50.057015920979076" lon="-122.9670497741046">
        <ele>1958.6</ele>
      </trkpt>
      <trkpt lat="50.05700592097907" lon="-122.96726977407546">
        <ele>1955.0</ele>
      </trkpt>
      <trkpt lat="50.05700882764866" lon="-122.96726990647981">
        <ele>1955.0</ele>
      </trkpt>
      <trkpt lat="50.05701173554672" lon="-122.9672698922798">
        <ele>1955.0</ele>
      </trkpt>
      <trkpt lat="50.05701464162615" lon="-122.96726973149033">
        <ele>1955.0</ele>
      </trkpt>
      <trkpt lat="50.057017542841734" lon="-122.96726942427988">
        <ele>1955.0</ele>
      </trkpt>
      <trkpt lat="50.05702043615338" lon="-122.96726897097037">
        <ele>1955.0</ele>
      </trkpt>
      <trkpt lat="50.05702331852925" lon="-122.96726837203678">
        <ele>1955.0</ele>
      </trkpt>
      <trkpt lat="50.05702618694898" lon="-122.96726762810678">
        <ele>1955.0</ele>
      </trkpt>
      <trkpt lat="50.05702903840683" lon="-122.96726673995987">
        <ele>1955.0</ele>
      </trkpt>
      <trkpt lat="50.05703186991483" lon="-122.96726570852672">
        <ele>1955.0</ele>
      </trkpt>
      <trkpt lat="50.057034678505914" lon="-122.96726453488814">
        <ele>1955.0</ele>
      </trkpt>
      <trkpt lat="50.057054678505914" lon="-122.96733453494424">
        <ele>1955.0</ele>
      </trkpt>
      <trkpt lat="50.05705693382336" lon="-122.96733348129412">
        <ele>1955.0</ele>
      </trkpt>
      <trkpt lat="50.05705917063649" lon="-122.9673323359385">
        <ele>1955.0</ele>
      </trkpt>
      <trkpt lat="50.05706138740857" lon="-122.96733109966429">
        <ele>1955.0</ele>
      </trkpt>
      <trkpt lat="50.05706358261658" lon="-122.96732977332084">
        <ele>1955.0</ele>
      </trkpt>
      <trkpt lat="50.05706575475237" lon="-122.96732835781938">
        <ele>1955.0</ele>
      </trkpt>
      <trkpt lat="50.05706790232362" lon="-122.96732685413241">
        <ele>1955.0</ele>
      </trkpt>
      <trkpt lat="50.05707002385488" lon="-122.96732526329299">
        <ele>1955.0</ele>
      </trkpt>
      <trkpt lat="50.0570721178886" lon="-122.96732358639409">
        <ele>1955.0</ele>
      </trkpt>
      <trkpt lat="50.05707418298612" lon="-122.96732182458778">
        <ele>1955.0</ele>
      </trkpt>
      <trkpt lat="50.05707621772866" lon="-122.96731997908448">
        <ele>1955.0</ele>
      </trkpt>
      <trkpt lat="50.05710621772866" lon="-122.9673699791595">
        <ele>1949.6</ele>
      </trkpt>
      <trkpt lat="50.05711155568471" lon="-122.96736458109231">
        <ele>1949.6</ele>
      </trkpt>
      <trkpt lat="50.05711663486159" lon="-122.96735860789552">
        <ele>1949.6</ele>
      </trkpt>
      <trkpt lat="50.057121429764834" lon="-122.96735208955107">
        <ele>1949.6</ele>
      </trkpt>
      <trkpt lat="50.05712591632683" lon="-122.96734505877721">
        <ele>1949.6</ele>
      </trkpt>
      <trkpt lat="50.0571300720277" lon="-122.96733755086427">
        <ele>1949.6</ele>
      </trkpt>
      <trkpt lat="50.05713387600825" lon="-122.96732960349757">
        <ele>1949.6</ele>
      </trkpt>
      <trkpt lat="50.05713730917476" lon="-122.9673212565682">
        <ele>1949.6</ele>
      </trkpt>
      <trkpt lat="50.05714035429475" lon="-122.96731255197282">
        <ele>1949.6</ele>
      </trkpt>
      <trkpt lat="50.05714299608351" lon="-122.9673035334034">
        <ele>1949.6</ele>
      </trkpt>
      <trkpt lat="50.05714522128082" lon="-122.9672942461278">
        <ele>1949.6</ele>
      </trkpt>
      <trkpt lat="50.05726522128082" lon="-122.96733424623847">
        <ele>1949.6</ele>
      </trkpt>
      <trkpt lat="50.057264434820524" lon="-122.96733776433422">
        <ele>1949.6</ele>
      </trkpt>
      <trkpt lat="50.057263588507794" lon="-122.96734124857177">
        <ele>1949.6</ele>
      </trkpt>
      <trkpt lat="50.05726268294254" lon="-122.96734469648128">
        <ele>1949.6</ele>
      </trkpt>
      <trkpt lat="50.05726171876669" lon="-122.96734810561864">
        <ele>1949.6</ele>
      </trkpt>
      <trkpt lat="50.0572606966637" lon="-122.96735147356729">
        <ele>1949.6</ele>
      </trkpt>
      <trkpt lat="50.0572596173581" lon="-122.9673547979398">
        <ele>1949.6</ele>
      </trkpt>
      <trkpt lat="50.057258481614966" lon="-122.96735807637967">
        <ele>1949.6</ele>
      </trkpt>
      <trkpt lat="50.05725729023938" lon="-122.96736130656294">
        <ele>1949.6</ele>
      </trkpt>
      <trkpt lat="50.05725604407586" lon="-122.96736448619986">
        <ele>1949.6</ele>
      </trkpt>
      <trkpt lat="50.057254744007764" lon="-122.96736761303652">
        <ele>1949.6</ele>
      </trkpt>
      <trkpt lat="50.05728474400776" lon="-122.96738761308504">
        <ele>1949.6</ele>
      </trkpt>
      <trkpt lat="50.05728863074133" lon="-122.96737765765222">
        <ele>1949.6</ele>
      </trkpt>
      <trkpt lat="50.05729197220477" lon="-122.96736723304289">
        <ele>1949.6</ele>
      </trkpt>
      <trkpt lat="50.057294745226486" lon="-122.9673564115472">
        <ele>1949.6</ele>
      </trkpt>
      <trkpt lat="50.057296930576754" lon="-122.96734526820752">
        <ele>1949.6</ele>
      </trkpt>
      <trkpt lat="50.05729851310113" lon="-122.96733388029811">
        <ele>1949.6</ele>
      </trkpt>
      <trkpt lat="50.05729948182549" lon="-122.96732232678919">
        <ele>1949.6</ele>
      </trkpt>
      <trkpt lat="50.05729983003215" lon="-122.9673106877993">
        <ele>1949.6</ele>
      </trkpt>
      <trkpt lat="50.05729955530644" lon="-122.96729904403983">
        <ele>1949.6</ele>
      </trkpt>
      <trkpt lat="50.05729865955348" lon="-122.96728747625521">
        <ele>1949.6</ele>
      </trkpt>
      <trkpt lat="50.057297148984915" lon="-122.96727606466298">
        <ele>1949.6</ele>
      </trkpt>
      <trkpt lat="50.05725" lon="-122.9673">
        <ele>1953.2</ele>
      </trkpt>
      <trkpt lat="50.057377148984926" lon="-122.96725606460645">
        <ele>1953.2</ele>
      </trkpt>
      <trkpt lat="50.057378111456764" lon="-122.9672627534279">
        <ele>1953.2</ele>
      </trkpt>
      <trkpt lat="50.05737886245215" lon="-122.96726950764388">
        <ele>1953.2</ele>
      </trkpt>
      <trkpt lat="50.057379400168614" lon="-122.9672763110436">
        <ele>1953.2</ele>
      </trkpt>
      <trkpt lat="50.0573797233156" lon="-122.96728314729822">
        <ele>1953.2</ele>
      </trkpt>
      <trkpt lat="50.0573798311175" lon="-122.96729">
        <ele>1953.2</ele>
      </trkpt>
      <trkpt lat="50.0573797233156" lon="-122.96729685270179">
        <ele>1953.2</ele>
      </trkpt>
      <trkpt lat="50.057379400168614" lon="-122.9673036889564">
        <ele>1953.2</ele>
      </trkpt>
      <trkpt lat="50.05737886245215" lon="-122.96731049235613">
        <ele>1953.2</ele>
      </trkpt>
      <trkpt lat="50.057378111456764" lon="-122.96731724657211">
        <ele>1953.2</ele>
      </trkpt>
      <trkpt lat="50.057377148984926" lon="-122.96732393539357">
        <ele>1953.2</ele>
      </trkpt>
      <trkpt lat="50.057417148984925" lon="-122.96733393542183">
        <ele>1953.2</ele>
      </trkpt>
      <trkpt lat="50.05741621174816" lon="-122.96733931665639">
        <ele>1953.2</ele>
      </trkpt>
      <trkpt lat="50.057415137607904" lon="-122.96734463545643">
        <ele>1953.2</ele>
      </trkpt>
      <trkpt lat="50.05741392826987" lon="-122.96734988337576">
        <ele>1953.2</ele>
      </trkpt>
      <trkpt lat="50.057412585654475" lon="-122.96735505208073">
        <ele>1953.2</ele>
      </trkpt>
      <trkpt lat="50.05741111189379" lon="-122.96736013336347">
        <ele>1953.2</ele>
      </trkpt>
      <trkpt lat="50.05740950932814" lon="-122.96736511915496">
        <ele>1953.2</ele>
      </trkpt>
      <trkpt lat="50.057407780502366" lon="-122.96737000153782">
        <ele>1953.2</ele>
      </trkpt>
      <trkpt lat="50.057405928161835" lon="-122.96737477275884">
        <ele>1953.2</ele>
      </trkpt>
      <trkpt lat="50.057403955248056" lon="-122.96737942524138">
        <ele>1953.2</ele>
      </trkpt>
      <trkpt lat="50.05740186489399" lon="-122.96738395159733">
        <ele>1953.2</ele>
      </trkpt>
      <trkpt lat="50.05744186489399" lon="-122.96741395166733">
        <ele>1953.2</ele>
      </trkpt>
      <trkpt lat="50.05743928956045" lon="-122.96741904945449">
        <ele>1953.2</ele>
      </trkpt>
      <trkpt lat="50.05743656530244" lon="-122.96742395584712">
        <ele>1953.2</ele>
      </trkpt>
      <trkpt lat="50.05743369797522" lon="-122.96742866029989">
        <ele>1953.2</ele>
      </trkpt>
      <trkpt lat="50.05743069374157" lon="-122.96743315270149">
        <ele>1953.2</ele>
      </trkpt>
      <trkpt lat="50.057427559058496" lon="-122.96743742339638">
        <ele>1953.2</ele>
      </trkpt>
      <trkpt lat="50.0574243006634" lon="-122.9674414632055">
        <ele>1953.2</ele>
      </trkpt>
      <trkpt lat="50.057420925559555" lon="-122.96744526344611">
        <ele>1953.2</ele>
      </trkpt>
      <trkpt lat="50.0574174410011" lon="-122.96744881595029">
        <ele>1953.2</ele>
      </trkpt>
      <trkpt lat="50.057413854477424" lon="-122.96745211308264">
        <ele>1953.2</ele>
      </trkpt>
      <trkpt lat="50.05741017369705" lon="-122.96745514775661">
        <ele>1953.2</ele>
      </trkpt>
      <trkpt lat="50.0574" lon="-122.96739">
        <ele>1953.2</ele>
      </trkpt>
      <trkpt lat="50.05745336243948" lon="-122.96756991207914">
        <ele>1953.2</ele>
      </trkpt>
      <trkpt lat="50.05744978074259" lon="-122.96757200692338">
        <ele>1953.2</ele>
      </trkpt>
      <trkpt lat="50.05744614502681" lon="-122.96757386232206">
        <ele>1953.2</ele>
      </trkpt>
      <trkpt lat="50.057442461886914" lon="-122.96757547490967">
        <ele>1953.2</ele>
      </trkpt>
      <trkpt lat="50.05743873800371" lon="-122.96757684176117">
        <ele>1953.2</ele>
      </trkpt>
      <trkpt lat="50.057434980131895" lon="-122.96757796039726">
        <ele>1953.2</ele>
      </trkpt>
      <trkpt lat="50.057431195087815" lon="-122.96757882878886">
        <ele>1953.2</ele>
      </trkpt>
      <trkpt lat="50.05742738973712" lon="-122.96757944536078">
        <ele>1953.2</ele>
      </trkpt>
      <trkpt lat="50.05742357098229" lon="-122.96757980899466">
        <ele>1953.2</ele>
      </trkpt>
      <trkpt lat="50.05741974575009" lon="-122.9675799190309">
        <ele>1953.2</ele>
      </trkpt>
      <trkpt lat="50.057415920979075" lon="-122.96757977526988">
        <ele>1953.2</ele>
      </trkpt>
      <trkpt lat="50.05740592097907" lon="-122.96779977524075">
        <ele>1948.3</ele>
      </trkpt>
      <trkpt lat="50.05740344313342" lon="-122.96779954634025">
        <ele>1948.3</ele>
      </trkpt>
      <trkpt lat="50.057400970294054" lon="-122.96779921089343">
        <ele>1948.3</ele>
      </trkpt>
      <trkpt lat="50.057398504349045" lon="-122.96779876915647">
        <ele>1948.3</ele>
      </trkpt>
      <trkpt lat="50.057396047181186" lon="-122.96779822146661">
        <ele>1948.3</ele>
      </trkpt>
      <trkpt lat="50.057393600666565" lon="-122.96779756824202">
        <ele>1948.3</ele>
      </trkpt>
      <trkpt lat="50.057391166673156" lon="-122.96779680998146">
        <ele>1948.3</ele>
      </trkpt>
      <trkpt lat="50.05738874705934" lon="-122.96779594726388">
        <ele>1948.3</ele>
      </trkpt>
      <trkpt lat="50.057386343672555" lon="-122.96779498074798">
        <ele>1948.3</ele>
      </trkpt>
      <trkpt lat="50.05738395834783" lon="-122.9677939111717">
        <ele>1948.3</ele>
      </trkpt>
      <trkpt lat="50.057381592906395" lon="-122.96779273935168">
        <ele>1948.3</ele>
      </trkpt>
      <trkpt lat="50.057361592906396" lon="-122.96785273929636">
        <ele>1948.3</ele>
      </trkpt>
      <trkpt lat="50.057367131916926" lon="-122.96785530985683">
        <ele>1948.3</ele>
      </trkpt>
      <trkpt lat="50.057372765590074" lon="-122.96785732030106">
        <ele>1948.3</ele>
      </trkpt>
      <trkpt lat="50.0573784706052" lon="-122.96785876230682">
        <ele>1948.3</ele>
      </trkpt>
      <trkpt lat="50.05738422334635" lon="-122.96785962990488">
        <ele>1948.3</ele>
      </trkpt>
      <trkpt lat="50.05739" lon="-122.96785991950384">
        <ele>1948.3</ele>
      </trkpt>
      <trkpt lat="50.05739577665365" lon="-122.96785962990488">
        <ele>1948.3</ele>
      </trkpt>
      <trkpt lat="50.057401529394795" lon="-122.96785876230682">
        <ele>1948.3</ele>
      </trkpt>
      <trkpt lat="50.05740723440992" lon="-122.96785732030106">
        <ele>1948.3</ele>
      </trkpt>
      <trkpt lat="50.05741286808307" lon="-122.96785530985683">
        <ele>1948.3</ele>
      </trkpt>
      <trkpt lat="50.0574184070936" lon="-122.96785273929636">
        <ele>1948.3</ele>
      </trkpt>
      <trkpt lat="50.0574384070936" lon="-122.96791273935169">
        <ele>1943.5</ele>
      </trkpt>
      <trkpt lat="50.05744066579127" lon="-122.96791151437328">
        <ele>1943.5</ele>
      </trkpt>
      <trkpt lat="50.05744290275119" lon="-122.96791019616963">
        <ele>1943.5</ele>
      </trkpt>
      <trkpt lat="50.05744511638768" lon="-122.96790878567516">
        <ele>1943.5</ele>
      </trkpt>
      <trkpt lat="50.05744730513159" lon="-122.96790728388974">
        <ele>1943.5</ele>
      </trkpt>
      <trkpt lat="50.05744946743138" lon="-122.96790569187789">
        <ele>1943.5</ele>
      </trkpt>
      <trkpt lat="50.057451601754316" lon="-122.96790401076814">
        <ele>1943.5</ele>
      </trkpt>
      <trkpt lat="50.05745370658744" lon="-122.96790224175217">
        <ele>1943.5</ele>
      </trkpt>
      <trkpt lat="50.05745578043872" lon="-122.96790038608394">
        <ele>1943.5</ele>
      </trkpt>
      <trkpt lat="50.057457821838106" lon="-122.96789844507887">
        <ele>1943.5</ele>
      </trkpt>
      <trkpt lat="50.05745982933851" lon="-122.96789642011287">
        <ele>1943.5</ele>
      </trkpt>
      <trkpt lat="50.05749982933852" lon="-122.96795642020992">
        <ele>1943.5</ele>
      </trkpt>
      <trkpt lat="50.05749767829072" lon="-122.96795858549086">
        <ele>1943.5</ele>
      </trkpt>
      <trkpt lat="50.057495488486865" lon="-122.96796065437768">
        <ele>1943.5</ele>
      </trkpt>
      <trkpt lat="50.05749326170695" lon="-122.96796262518862">
        <ele>1943.5</ele>
      </trkpt>
      <trkpt lat="50.057490999761065" lon="-122.96796449632171">
        <ele>1943.5</ele>
      </trkpt>
      <trkpt lat="50.05748870448785" lon="-122.96796626625594">
        <ele>1943.5</ele>
      </trkpt>
      <trkpt lat="50.05748637775308" lon="-122.96796793355261">
        <ele>1943.5</ele>
      </trkpt>
      <trkpt lat="50.057484021448055" lon="-122.96796949685643">
        <ele>1943.5</ele>
      </trkpt>
      <trkpt lat="50.05748163748815" lon="-122.96797095489663">
        <ele>1943.5</ele>
      </trkpt>
      <trkpt lat="50.0574792278112" lon="-122.96797230648802">
        <ele>1943.5</ele>
      </trkpt>
      <trkpt lat="50.05747679437595" lon="-122.96797355053195">
        <ele>1943.5</ele>
      </trkpt>
      <trkpt lat="50.0575" lon="-122.968">
        <ele>1947.7</ele>
      </trkpt>
      <trkpt lat="50.05755336243948" lon="-122.96817991234991">
        <ele>1947.7</ele>
      </trkpt>
      <trkpt lat="50.057558495106285" lon="-122.96817642163383">
        <ele>1947.7</ele>
      </trkpt>
      <trkpt lat="50.05756347814184" lon="-122.9681724395143">
        <ele>1947.7</ele>
      </trkpt>
      <trkpt lat="50.05756829217698" lon="-122.96816798146993">
        <ele>1947.7</ele>
      </trkpt>
      <trkpt lat="50.05757291849945" lon="-122.9681630648292">
        <ele>1947.7</ele>
      </trkpt>
      <trkpt lat="50.05757733912666" lon="-122.9681577087032">
        <ele>1947.7</ele>
      </trkpt>
      <trkpt lat="50.05758153687552" lon="-122.96815193391132">
        <ele>1947.7</ele>
      </trkpt>
      <trkpt lat="50.05758549542931" lon="-122.96814576290025">
        <ele>1947.7</ele>
      </trkpt>
      <trkpt lat="50.05758919940104" lon="-122.96813921965686">
        <ele>1947.7</ele>
      </trkpt>
      <trkpt lat="50.057592634393316" lon="-122.96813232961487">
        <ele>1947.7</ele>
      </trkpt>
      <trkpt lat="50.05759578705423" lon="-122.96812511955602">
        <ele>1947.7</ele>
      </trkpt>
      <trkpt lat="50.05770578705424" lon="-122.96819511972824">
        <ele>1939.6</ele>
      </trkpt>
      <trkpt lat="50.057704329332665" lon="-122.96819857397891">
        <ele>1939.6</ele>
      </trkpt>
      <trkpt lat="50.05770280673725" lon="-122.96820195965104">
        <ele>1939.6</ele>
      </trkpt>
      <trkpt lat="50.05770122059687" lon="-122.96820527378966">
        <ele>1939.6</ele>
      </trkpt>
      <trkpt lat="50.05769957229592" lon="-122.96820851350223">
        <ele>1939.6</ele>
      </trkpt>
      <trkpt lat="50.057697863273" lon="-122.96821167596114">
        <ele>1939.6</ele>
      </trkpt>
      <trkpt lat="50.057696095019736" lon="-122.96821475840625">
        <ele>1939.6</ele>
      </trkpt>
      <trkpt lat="50.05769426907944" lon="-122.96821775814722">
        <ele>1939.6</ele>
      </trkpt>
      <trkpt lat="50.057692387045776" lon="-122.96822067256592">
        <ele>1939.6</ele>
      </trkpt>
      <trkpt lat="50.05769045056136" lon="-122.96822349911868">
        <ele>1939.6</ele>
      </trkpt>
      <trkpt lat="50.05768846131633" lon="-122.9682262353385">
        <ele>1939.6</ele>
      </trkpt>
      <trkpt lat="50.05774846131633" lon="-122.96829623547136">
        <ele>1939.6</ele>
      </trkpt>
      <trkpt lat="50.05775163581373" lon="-122.96829178914628">
        <ele>1939.6</ele>
      </trkpt>
      <trkpt lat="50.05775467109913" lon="-122.96828711291802">
        <ele>1939.6</ele>
      </trkpt>
      <trkpt lat="50.05775756031698" lon="-122.96828221734839">
        <ele>1939.6</ele>
      </trkpt>
      <trkpt lat="50.05776029694162" lon="-122.96827711349465">
        <ele>1939.6</ele>
      </trkpt>
      <trkpt lat="50.057762874792054" lon="-122.96827181288448">
        <ele>1939.6</ele>
      </trkpt>
      <trkpt lat="50.05776528804589" lon="-122.96826632748994">
        <ele>1939.6</ele>
      </trkpt>
      <trkpt lat="50.05776753125251" lon="-122.96826066970046">
        <ele>1939.6</ele>
      </trkpt>
      <trkpt lat="50.05776959934535" lon="-122.96825485229485">
        <ele>1939.6</ele>
      </trkpt>
      <trkpt lat="50.05777148765336" lon="-122.96824888841243">
        <ele>1939.6</ele>
      </trkpt>
      <trkpt lat="50.057773191911586" lon="-122.96824279152337">
        <ele>1939.6</ele>
      </trkpt>
      <trkpt lat="50.05796" lon="-122.9683">
        <ele>1938.9</ele>
      </trkpt>
      <trkpt lat="50.05813522128082" lon="-122.96837424704077">
        <ele>1938.9</ele>
      </trkpt>
      <trkpt lat="50.05813585492951" lon="-122.96837116797626">
        <ele>1938.9</ele>
      </trkpt>
      <trkpt lat="50.058136442731225" lon="-122.96836806692784">
        <ele>1938.9</ele>
      </trkpt>
      <trkpt lat="50.05813698437207" lon="-122.96836494555149">
        <ele>1938.9</ele>
      </trkpt>
      <trkpt lat="50.0581374795628" lon="-122.96836180551401">
        <ele>1938.9</ele>
      </trkpt>
      <trkpt lat="50.058137928039" lon="-122.96835864849224">
        <ele>1938.9</ele>
      </trkpt>
      <trkpt lat="50.05813832956117" lon="-122.96835547617202">
        <ele>1938.9</ele>
      </trkpt>
      <trkpt lat="50.05813868391489" lon="-122.96835229024738">
        <ele>1938.9</ele>
      </trkpt>
      <trkpt lat="50.05813899091094" lon="-122.96834909241964">
        <ele>1938.9</ele>
      </trkpt>
      <trkpt lat="50.05813925038538" lon="-122.96834588439646">
        <ele>1938.9</ele>
      </trkpt>
      <trkpt lat="50.05813946219965" lon="-122.96834266789092">
        <ele>1938.9</ele>
      </trkpt>
      <trkpt lat="50.05824946219965" lon="-122.96835266791997">
        <ele>1930.5</ele>
      </trkpt>
      <trkpt lat="50.05824960077979" lon="-122.96835001361231">
        <ele>1930.5</ele>
      </trkpt>
      <trkpt lat="50.05824970690307" lon="-122.96834735567732">
        <ele>1930.5</ele>
      </trkpt>
      <trkpt lat="50.05824978053104" lon="-122.96834469507783">
        <ele>1930.5</ele>
      </trkpt>
      <trkpt lat="50.05824982163705" lon="-122.96834203277761">
        <ele>1930.5</ele>
      </trkpt>
      <trkpt lat="50.05824983020619" lon="-122.96833936974103">
        <ele>1930.5</ele>
      </trkpt>
      <trkpt lat="50.05824980623536" lon="-122.96833670693276">
        <ele>1930.5</ele>
      </trkpt>
      <trkpt lat="50.05824974973325" lon="-122.96833404531735">
        <ele>1930.5</ele>
      </trkpt>
      <trkpt lat="50.05824966072032" lon="-122.96833138585897">
        <ele>1930.5</ele>
      </trkpt>
      <trkpt lat="50.05824953922882" lon="-122.96832872952096">
        <ele>1930.5</ele>
      </trkpt>
      <trkpt lat="50.05824938530275" lon="-122.96832607726556">
        <ele>1930.5</ele>
      </trkpt>
      <trkpt lat="50.05834938530275" lon="-122.96831607723654">
        <ele>1937.5</ele>
      </trkpt>
      <trkpt lat="50.05834976699152" lon="-122.9683247139994">
        <ele>1937.5</ele>
      </trkpt>
      <trkpt lat="50.05834980504369" lon="-122.96833337099756">
        <ele>1937.5</ele>
      </trkpt>
      <trkpt lat="50.05834949931359" lon="-122.96834201509122">
        <ele>1937.5</ele>
      </trkpt>
      <trkpt lat="50.05834885097158" lon="-122.96835061318998">
        <ele>1937.5</ele>
      </trkpt>
      <trkpt lat="50.05834786249959" lon="-122.96835913237949">
        <ele>1937.5</ele>
      </trkpt>
      <trkpt lat="50.05834653768157" lon="-122.96836754004745">
        <ele>1937.5</ele>
      </trkpt>
      <trkpt lat="50.05834488158906" lon="-122.96837580400855">
        <ele>1937.5</ele>
      </trkpt>
      <trkpt lat="50.058342900561726" lon="-122.96838389262753">
        <ele>1937.5</ele>
      </trkpt>
      <trkpt lat="50.05834060218314" lon="-122.96839177494039">
        <ele>1937.5</ele>
      </trkpt>
      <trkpt lat="50.05833799525171" lon="-122.9683994207729">
        <ele>1937.5</ele>
      </trkpt>
      <trkpt lat="50.058477995251714" lon="-122.96847942097548">
        <ele>1928.6</ele>
      </trkpt>
      <trkpt lat="50.05847929903139" lon="-122.96847573979005">
        <ele>1928.6</ele>
      </trkpt>
      <trkpt lat="50.058480531220106" lon="-122.9684719992549">
        <ele>1928.6</ele>
      </trkpt>
      <trkpt lat="50.058481690705456" lon="-122.96846820274699">
        <ele>1928.6</ele>
      </trkpt>
      <trkpt lat="50.05848277644065" lon="-122.9684643536938">
        <ele>1928.6</ele>
      </trkpt>
      <trkpt lat="50.05848378744549" lon="-122.96846045557024">
        <ele>1928.6</ele>
      </trkpt>
      <trkpt lat="50.05848472280724" lon="-122.96845651189552">
        <ele>1928.6</ele>
      </trkpt>
      <trkpt lat="50.058485581681474" lon="-122.96845252622998">
        <ele>1928.6</ele>
      </trkpt>
      <trkpt lat="50.058486363292786" lon="-122.96844850217188">
        <ele>1928.6</ele>
      </trkpt>
      <trkpt lat="50.05848706693554" lon="-122.96844444335412">
        <ele>1928.6</ele>
      </trkpt>
      <trkpt lat="50.058487691974506" lon="-122.96844035344098">
        <ele>1928.6</ele>
      </trkpt>
      <trkpt lat="50.058577691974506" lon="-122.96846035349792">
        <ele>1928.6</ele>
      </trkpt>
      <trkpt lat="50.05857683892101" lon="-122.96846581277029">
        <ele>1928.6</ele>
      </trkpt>
      <trkpt lat="50.05857584584388" lon="-122.96847121429626">
        <ele>1928.6</ele>
      </trkpt>
      <trkpt lat="50.058574714344395" lon="-122.96847654936613">
        <ele>1928.6</ele>
      </trkpt>
      <trkpt lat="50.058573446247046" lon="-122.96848180937737">
        <ele>1928.6</ele>
      </trkpt>
      <trkpt lat="50.058572043596584" lon="-122.96848698584843">
        <ele>1928.6</ele>
      </trkpt>
      <trkpt lat="50.058570508654704" lon="-122.96849207043252">
        <ele>1928.6</ele>
      </trkpt>
      <trkpt lat="50.05856884389644" lon="-122.96849705493096">
        <ele>1928.6</ele>
      </trkpt>
      <trkpt lat="50.05856705200613" lon="-122.96850193130652">
        <ele>1928.6</ele>
      </trkpt>
      <trkpt lat="50.05856513587312" lon="-122.96850669169626">
        <ele>1928.6</ele>
      </trkpt>
      <trkpt lat="50.058563098587065" lon="-122.96851132842427">
        <ele>1928.6</ele>
      </trkpt>
      <trkpt lat="50.058633098587066" lon="-122.96856132854293">
        <ele>1928.6</ele>
      </trkpt>
      <trkpt lat="50.058633622735904" lon="-122.96856017324333">
        <ele>1928.6</ele>
      </trkpt>
      <trkpt lat="50.05863413935917" lon="-122.96855900974859">
        <ele>1928.6</ele>
      </trkpt>
      <trkpt lat="50.05863464840406" lon="-122.96855783817762">
        <ele>1928.6</ele>
      </trkpt>
      <trkpt lat="50.05863514981853" lon="-122.96855665865017">
        <ele>1928.6</ele>
      </trkpt>
      <trkpt lat="50.058635643551334" lon="-122.96855547128683">
        <ele>1928.6</ele>
      </trkpt>
      <trkpt lat="50.058636129552006" lon="-122.96855427620898">
        <ele>1928.6</ele>
      </trkpt>
      <trkpt lat="50.05863660777086" lon="-122.96855307353874">
        <ele>1928.6</ele>
      </trkpt>
      <trkpt lat="50.058637078159016" lon="-122.96855186339907">
        <ele>1928.6</ele>
      </trkpt>
      <trkpt lat="50.05863754066839" lon="-122.96855064591367">
        <ele>1928.6</ele>
      </trkpt>
      <trkpt lat="50.05863799525172" lon="-122.96854942120697">
        <ele>1928.6</ele>
      </trkpt>
      <trkpt lat="50.05870799525172" lon="-122.96858942130827">
        <ele>1928.1</ele>
      </trkpt>
      <trkpt lat="50.058711039081075" lon="-122.96858037269736">
        <ele>1928.1</ele>
      </trkpt>
      <trkpt lat="50.058713650961806" lon="-122.96857100229231">
        <ele>1928.1</ele>
      </trkpt>
      <trkpt lat="50.05871581697227" lon="-122.96856136003854">
        <ele>1928.1</ele>
      </trkpt>
      <trkpt lat="50.05871752556734" lon="-122.9685514973305">
        <ele>1928.1</ele>
      </trkpt>
      <trkpt lat="50.058718767639995" lon="-122.96854146673768">
        <ele>1928.1</ele>
      </trkpt>
      <trkpt lat="50.05871953656983" lon="-122.96853132172441">
        <ele>1928.1</ele>
      </trkpt>
      <trkpt lat="50.05871982825835" lon="-122.96852111636491">
        <ele>1928.1</ele>
      </trkpt>
      <trkpt lat="50.058719641150816" lon="-122.96851090505504">
        <ele>1928.1</ele>
      </trkpt>
      <trkpt lat="50.05871897624454" lon="-122.9685007422224">
        <ele>1928.1</ele>
      </trkpt>
      <trkpt lat="50.05871783708355" lon="-122.96849068203615">
        <ele>1928.1</ele>
      </trkpt>
      <trkpt lat="50.05877" lon="-122.96849">
        <ele>1928.1</ele>
      </trkpt>
      <trkpt lat="50.058908086657894" lon="-122.96845255870979">
        <ele>1928.1</ele>
      </trkpt>
      <trkpt lat="50.05890892976923" lon="-122.96846022816571">
        <ele>1928.1</ele>
      </trkpt>
      <trkpt lat="50.05890949787313" lon="-122.96846795876428">
        <ele>1928.1</ele>
      </trkpt>
      <trkpt lat="50.05890978921278" lon="-122.96847572659931">
        <ele>1928.1</ele>
      </trkpt>
      <trkpt lat="50.05890980288723" lon="-122.96848350764945">
        <ele>1928.1</ele>
      </trkpt>
      <trkpt lat="50.058909538854195" lon="-122.96849127785251">
        <ele>1928.1</ele>
      </trkpt>
      <trkpt lat="50.05890899793018" lon="-122.9684990131798">
        <ele>1928.1</ele>
      </trkpt>
      <trkpt lat="50.05890818178794" lon="-122.96850668971051">
        <ele>1928.1</ele>
      </trkpt>
      <trkpt lat="50.05890709295133" lon="-122.96851428370564">
        <ele>1928.1</ele>
      </trkpt>
      <trkpt lat="50.05890573478747" lon="-122.96852177168147">
        <ele>1928.1</ele>
      </trkpt>
      <trkpt lat="50.05890411149637" lon="-122.96852913048205">
        <ele>1928.1</ele>
      </trkpt>
      <trkpt lat="50.0589" lon="-122.96851">
        <ele>1925.8</ele>
      </trkpt>
      <trkpt lat="50.05906411149636" lon="-122.96858913064592">
        <ele>1925.8</ele>
      </trkpt>
      <trkpt lat="50.05906573478747" lon="-122.9685817718208">
        <ele>1925.8</ele>
      </trkpt>
      <trkpt lat="50.059067092951324" lon="-122.96857428382">
        <ele>1925.8</ele>
      </trkpt>
      <trkpt lat="50.05906818178794" lon="-122.96856668979953">
        <ele>1925.8</ele>
      </trkpt>
      <trkpt lat="50.05906899793018" lon="-122.96855901324322">
        <ele>1925.8</ele>
      </trkpt>
      <trkpt lat="50.059069538854196" lon="-122.96855127789013">
        <ele>1925.8</ele>
      </trkpt>
      <trkpt lat="50.05906980288723" lon="-122.96854350766117">
        <ele>1925.8</ele>
      </trkpt>
      <trkpt lat="50.05906978921278" lon="-122.96853572658507">
        <ele>1925.8</ele>
      </trkpt>
      <trkpt lat="50.05906949787313" lon="-122.96852795872414">
        <ele>1925.8</ele>
      </trkpt>
      <trkpt lat="50.05906892976923" lon="-122.96852022809978">
        <ele>1925.8</ele>
      </trkpt>
      <trkpt lat="50.059068086657895" lon="-122.96851255861827">
        <ele>1925.8</ele>
      </trkpt>
      <trkpt lat="50.0591180866579" lon="-122.96850255858968">
        <ele>1925.8</ele>
      </trkpt>
      <trkpt lat="50.059119058001976" lon="-122.96851168189853">
        <ele>1925.8</ele>
      </trkpt>
      <trkpt lat="50.05911964032381" lon="-122.96852088522435">
        <ele>1925.8</ele>
      </trkpt>
      <trkpt lat="50.0591198310797" lon="-122.96853012836523">
        <ele>1925.8</ele>
      </trkpt>
      <trkpt lat="50.059119629436395" lon="-122.96853937094538">
        <ele>1925.8</ele>
      </trkpt>
      <trkpt lat="50.05911903627471" lon="-122.96854857259147">
        <ele>1925.8</ele>
      </trkpt>
      <trkpt lat="50.05911805418569" lon="-122.96855769310895">
        <ele>1925.8</ele>
      </trkpt>
      <trkpt lat="50.05911668745929" lon="-122.96856669265769">
        <ele>1925.8</ele>
      </trkpt>
      <trkpt lat="50.05911494206561" lon="-122.96857553192592">
        <ele>1925.8</ele>
      </trkpt>
      <trkpt lat="50.05911282562888" lon="-122.96858417230209">
        <ele>1925.8</ele>
      </trkpt>
      <trkpt lat="50.059110347394096" lon="-122.96859257604335">
        <ele>1925.8</ele>
      </trkpt>
      <trkpt lat="50.059150347394095" lon="-122.96861257609551">
        <ele>1925.8</ele>
      </trkpt>
      <trkpt lat="50.05914621240261" lon="-122.96862407057077">
        <ele>1925.8</ele>
      </trkpt>
      <trkpt lat="50.05914140162959" lon="-122.96863490825629">
        <ele>1925.8</ele>
      </trkpt>
      <trkpt lat="50.059135957732536" lon="-122.96864499305343">
        <ele>1925.8</ele>
      </trkpt>
      <trkpt lat="50.059129928982934" lon="-122.96865423553949">
        <ele>1925.8</ele>
      </trkpt>
      <trkpt lat="50.05912336883819" lon="-122.96866255376058">
        <ele>1925.8</ele>
      </trkpt>
      <trkpt lat="50.05911633546765" lon="-122.96866987395836">
        <ele>1925.8</ele>
      </trkpt>
      <trkpt lat="50.05910889123676" lon="-122.96867613122406">
        <ele>1925.8</ele>
      </trkpt>
      <trkpt lat="50.05910110215412" lon="-122.96868127007399">
        <ele>1925.8</ele>
      </trkpt>
      <trkpt lat="50.059093037286175" lon="-122.96868524494155">
        <ele>1925.8</ele>
      </trkpt>
      <trkpt lat="50.05908476814475" lon="-122.96868802058128">
        <ele>1925.8</ele>
      </trkpt>
      <trkpt lat="50.05909476814475" lon="-122.96874802061005">
        <ele>1925.8</ele>
      </trkpt>
      <trkpt lat="50.059090825568774" lon="-122.9687489046752">
        <ele>1925.8</ele>
      </trkpt>
      <trkpt lat="50.059086861708195" lon="-122.96874951563402">
        <ele>1925.8</ele>
      </trkpt>
      <trkpt lat="50.05908288435653" lon="-122.96874985228528">
        <ele>1925.8</ele>
      </trkpt>
      <trkpt lat="50.0590789013338" lon="-122.96874991396709">
        <ele>1925.8</ele>
      </trkpt>
      <trkpt lat="50.059074920471204" lon="-122.96874970055816">
        <ele>1925.8</ele>
      </trkpt>
      <trkpt lat="50.059070949595686" lon="-122.9687492124781">
        <ele>1925.8</ele>
      </trkpt>
      <trkpt lat="50.059066996514545" lon="-122.96874845068653">
        <ele>1925.8</ele>
      </trkpt>
      <trkpt lat="50.05906306900011" lon="-122.96874741668125">
        <ele>1925.8</ele>
      </trkpt>
      <trkpt lat="50.05905917477442" lon="-122.96874611249525">
        <ele>1925.8</ele>
      </trkpt>
      <trkpt lat="50.059055321494085" lon="-122.96874454069275">
        <ele>1925.8</ele>
      </trkpt>
      <trkpt lat="50.059035321494086" lon="-122.96881454063667">
        <ele>1917.1</ele>
      </trkpt>
      <trkpt lat="50.05903191752901" lon="-122.9688129113963">
        <ele>1917.1</ele>
      </trkpt>
      <trkpt lat="50.05902855769416" lon="-122.96881107329217">
        <ele>1917.1</ele>
      </trkpt>
      <trkpt lat="50.05902524726936" lon="-122.96880902921278">
        <ele>1917.1</ele>
      </trkpt>
      <trkpt lat="50.05902199145678" lon="-122.9688067823703">
        <ele>1917.1</ele>
      </trkpt>
      <trkpt lat="50.05901879537276" lon="-122.9688043362955">
        <ele>1917.1</ele>
      </trkpt>
      <trkpt lat="50.0590156640398" lon="-122.96880169483232">
        <ele>1917.1</ele>
      </trkpt>
      <trkpt lat="50.05901260237863" lon="-122.96879886213166">
        <ele>1917.1</ele>
      </trkpt>
      <trkpt lat="50.0590096152005" lon="-122.96879584264497">
        <ele>1917.1</ele>
      </trkpt>
      <trkpt lat="50.05900670719962" lon="-122.96879264111723">
        <ele>1917.1</ele>
      </trkpt>
      <trkpt lat="50.059003882945774" lon="-122.96878926257949">
        <ele>1917.1</ele>
      </trkpt>
      <trkpt lat="50.05896388294577" lon="-122.96883926248839">
        <ele>1917.1</ele>
      </trkpt>
      <trkpt lat="50.05896234437571" lon="-122.96883730137964">
        <ele>1917.1</ele>
      </trkpt>
      <trkpt lat="50.058960834044264" lon="-122.96883528771671">
        <ele>1917.1</ele>
      </trkpt>
      <trkpt lat="50.058959352691176" lon="-122.9688332224859">
        <ele>1917.1</ele>
      </trkpt>
      <trkpt lat="50.05895790104197" lon="-122.96883110669869">
        <ele>1917.1</ele>
      </trkpt>
      <trkpt lat="50.058956479807655" lon="-122.96882894139137">
        <ele>1917.1</ele>
      </trkpt>
      <trkpt lat="50.058955089684304" lon="-122.96882672762443">
        <ele>1917.1</ele>
      </trkpt>
      <trkpt lat="50.05895373135278" lon="-122.96882446648216">
        <ele>1917.1</ele>
      </trkpt>
      <trkpt lat="50.05895240547837" lon="-122.96882215907202">
        <ele>1917.1</ele>
      </trkpt>
      <trkpt lat="50.05895111271047" lon="-122.96881980652414">
        <ele>1917.1</ele>
      </trkpt>
      <trkpt lat="50.058949853682236" lon="-122.96881740999073">
        <ele>1917.1</ele>
      </trkpt>
      <trkpt lat="50.05889985368224" lon="-122.96885740989966">
        <ele>1917.1</ele>
      </trkpt>
      <trkpt lat="50.058898062023076" lon="-122.96885380247022">
        <ele>1917.1</ele>
      </trkpt>
      <trkpt lat="50.05889634679585" lon="-122.96885010600317">
        <ele>1917.1</ele>
      </trkpt>
      <trkpt lat="50.05889470982293" lon="-122.96884632442591">
        <ele>1917.1</ele>
      </trkpt>
      <trkpt lat="50.05889315284357" lon="-122.96884246175624">
        <ele>1917.1</ele>
      </trkpt>
      <trkpt lat="50.058891677511994" lon="-122.96883852209812">
        <ele>1917.1</ele>
      </trkpt>
      <trkpt lat="50.05889028539571" lon="-122.96883450963735">
        <ele>1917.1</ele>
      </trkpt>
      <trkpt lat="50.058888977973794" lon="-122.96883042863703">
        <ele>1917.1</ele>
      </trkpt>
      <trkpt lat="50.05888775663535" lon="-122.96882628343309">
        <ele>1917.1</ele>
      </trkpt>
      <trkpt lat="50.058886622678" lon="-122.9688220784297">
        <ele>1917.1</ele>
      </trkpt>
      <trkpt lat="50.058885577306555" lon="-122.96881781809455">
        <ele>1917.1</ele>
      </trkpt>
      <trkpt lat="50.058775577306555" lon="-122.96885781798491">
        <ele>1920.0</ele>
      </trkpt>
      <trkpt lat="50.05877633581459" lon="-122.96886094988454">
        <ele>1920.0</ele>
      </trkpt>
      <trkpt lat="50.05877714220283" lon="-122.96886405262605">
        <ele>1920.0</ele>
      </trkpt>
      <trkpt lat="50.05877799600978" lon="-122.96886712443377">
        <ele>1920.0</ele>
      </trkpt>
      <trkpt lat="50.05877889674682" lon="-122.96887016354972">
        <ele>1920.0</ele>
      </trkpt>
      <trkpt lat="50.05877984389846" lon="-122.96887316823467">
        <ele>1920.0</ele>
      </trkpt>
      <trkpt lat="50.058780836922665" lon="-122.96887613676905">
        <ele>1920.0</ele>
      </trkpt>
      <trkpt lat="50.05878187525113" lon="-122.968879067454">
        <ele>1920.0</ele>
      </trkpt>
      <trkpt lat="50.058782958289626" lon="-122.9688819586123">
        <ele>1920.0</ele>
      </trkpt>
      <trkpt lat="50.058784085418345" lon="-122.96888480858941">
        <ele>1920.0</ele>
      </trkpt>
      <trkpt lat="50.05878525599224" lon="-122.96888761575427">
        <ele>1920.0</ele>
      </trkpt>
      <trkpt lat="50.058725255992236" lon="-122.96892761565721">
        <ele>1920.0</ele>
      </trkpt>
      <trkpt lat="50.058726477675506" lon="-122.96893039689434">
        <ele>1920.0</ele>
      </trkpt>
      <trkpt lat="50.05872774200482" lon="-122.96893313149788">
        <ele>1920.0</ele>
      </trkpt>
      <trkpt lat="50.05872904824681" lon="-122.96893581788166">
        <ele>1920.0</ele>
      </trkpt>
      <trkpt lat="50.058730395643806" lon="-122.96893845448746">
        <ele>1920.0</ele>
      </trkpt>
      <trkpt lat="50.05873178341427" lon="-122.96894103978592">
        <ele>1920.0</ele>
      </trkpt>
      <trkpt lat="50.05873321075321" lon="-122.96894357227748">
        <ele>1920.0</ele>
      </trkpt>
      <trkpt lat="50.058734676832735" lon="-122.96894605049317">
        <ele>1920.0</ele>
      </trkpt>
      <trkpt lat="50.05873618080245" lon="-122.96894847299554">
        <ele>1920.0</ele>
      </trkpt>
      <trkpt lat="50.05873772178998" lon="-122.96895083837941">
        <ele>1920.0</ele>
      </trkpt>
      <trkpt lat="50.05873929890149" lon="-122.96895314527279">
        <ele>1920.0</ele>
      </trkpt>
      <trkpt lat="50.058629298901494" lon="-122.96907314503629">
        <ele>1911.3</ele>
      </trkpt>
      <trkpt lat="50.05862772178998" lon="-122.96907083814821">
        <ele>1911.3</ele>
      </trkpt>
      <trkpt lat="50.05862618080245" lon="-122.96906847276975">
        <ele>1911.3</ele>
      </trkpt>
      <trkpt lat="50.058624676832736" lon="-122.96906605027294">
        <ele>1911.3</ele>
      </trkpt>
      <trkpt lat="50.05862321075321" lon="-122.96906357206294">
        <ele>1911.3</ele>
      </trkpt>
      <trkpt lat="50.05862178341427" lon="-122.96906103957718">
        <ele>1911.3</ele>
      </trkpt>
      <trkpt lat="50.058620395643814" lon="-122.96905845428465">
        <ele>1911.3</ele>
      </trkpt>
      <trkpt lat="50.05861904824682" lon="-122.9690558176849">
        <ele>1911.3</ele>
      </trkpt>
      <trkpt lat="50.05861774200482" lon="-122.96905313130728">
        <ele>1911.3</ele>
      </trkpt>
      <trkpt lat="50.058616477675514" lon="-122.96905039671">
        <ele>1911.3</ele>
      </trkpt>
      <trkpt lat="50.058615255992244" lon="-122.96904761547925">
        <ele>1911.3</ele>
      </trkpt>
      <trkpt lat="50.058555255992246" lon="-122.96908761538218">
        <ele>1911.3</ele>
      </trkpt>
      <trkpt lat="50.05855403993046" lon="-122.96908469611866">
        <ele>1911.3</ele>
      </trkpt>
      <trkpt lat="50.05855287085262" lon="-122.96908173065299">
        <ele>1911.3</ele>
      </trkpt>
      <trkpt lat="50.058551749481836" lon="-122.96907872081943">
        <ele>1911.3</ele>
      </trkpt>
      <trkpt lat="50.05855067651171" lon="-122.96907566847965">
        <ele>1911.3</ele>
      </trkpt>
      <trkpt lat="50.05854965260591" lon="-122.96907257552164">
        <ele>1911.3</ele>
      </trkpt>
      <trkpt lat="50.05854867839777" lon="-122.9690694438585">
        <ele>1911.3</ele>
      </trkpt>
      <trkpt lat="50.05854775448986" lon="-122.96906627542727">
        <ele>1911.3</ele>
      </trkpt>
      <trkpt lat="50.058546881453644" lon="-122.96906307218774">
        <ele>1911.3</ele>
      </trkpt>
      <trkpt lat="50.05854605982914" lon="-122.9690598361212">
        <ele>1911.3</ele>
      </trkpt>
      <trkpt lat="50.05854529012454" lon="-122.96905656922931">
        <ele>1911.3</ele>
      </trkpt>
      <trkpt lat="50.05837529012454" lon="-122.96911656906431">
        <ele>1913.3</ele>
      </trkpt>
      <trkpt lat="50.058375668456335" lon="-122.96911820623176">
        <ele>1913.3</ele>
      </trkpt>
      <trkpt lat="50.058376059829136" lon="-122.96911983594462">
        <ele>1913.3</ele>
      </trkpt>
      <trkpt lat="50.058376464182416" lon="-122.96912145795088">
        <ele>1913.3</ele>
      </trkpt>
      <trkpt lat="50.05837688145364" lon="-122.96912307199968">
        <ele>1913.3</ele>
      </trkpt>
      <trkpt lat="50.05837731157829" lon="-122.96912467784145">
        <ele>1913.3</ele>
      </trkpt>
      <trkpt lat="50.05837775448985" lon="-122.96912627522786">
        <ele>1913.3</ele>
      </trkpt>
      <trkpt lat="50.05837821011983" lon="-122.9691278639119">
        <ele>1913.3</ele>
      </trkpt>
      <trkpt lat="50.05837867839776" lon="-122.96912944364787">
        <ele>1913.3</ele>
      </trkpt>
      <trkpt lat="50.05837915925124" lon="-122.96913101419149">
        <ele>1913.3</ele>
      </trkpt>
      <trkpt lat="50.05837965260591" lon="-122.96913257529991">
        <ele>1913.3</ele>
      </trkpt>
      <trkpt lat="50.05831965260591" lon="-122.96916257522165">
        <ele>1913.3</ele>
      </trkpt>
      <trkpt lat="50.05832160092805" lon="-122.96916830846665">
        <ele>1913.3</ele>
      </trkpt>
      <trkpt lat="50.058323717753794" lon="-122.96917389489586">
        <ele>1913.3</ele>
      </trkpt>
      <trkpt lat="50.05832599853342" lon="-122.96917932250231">
        <ele>1913.3</ele>
      </trkpt>
      <trkpt lat="50.058328438364846" lon="-122.96918457962045">
        <ele>1913.3</ele>
      </trkpt>
      <trkpt lat="50.05833103200412" lon="-122.9691896549511">
        <ele>1913.3</ele>
      </trkpt>
      <trkpt lat="50.05833377387672" lon="-122.96919453758582">
        <ele>1913.3</ele>
      </trkpt>
      <trkpt lat="50.05833665808952" lon="-122.96919921703035">
        <ele>1913.3</ele>
      </trkpt>
      <trkpt lat="50.05833967844347" lon="-122.96920368322712">
        <ele>1913.3</ele>
      </trkpt>
      <trkpt lat="50.058342828446904" lon="-122.96920792657691">
        <ele>1913.3</ele>
      </trkpt>
      <trkpt lat="50.0583461013295" lon="-122.96921193795946">
        <ele>1913.3</ele>
      </trkpt>
      <trkpt lat="50.05837" lon="-122.96914">
        <ele>1913.3</ele>
      </trkpt>
      <trkpt lat="50.058272389602955" lon="-122.9693386538019">
        <ele>1906.9</ele>
      </trkpt>
      <trkpt lat="50.058277372815304" lon="-122.96934316535307">
        <ele>1906.9</ele>
      </trkpt>
      <trkpt lat="50.05828253151934" lon="-122.96934716984526">
        <ele>1906.9</ele>
      </trkpt>
      <trkpt lat="50.05828784447721" lon="-122.96935065079244">
        <ele>1906.9</ele>
      </trkpt>
      <trkpt lat="50.05829328981604" lon="-122.96935359386386">
        <ele>1906.9</ele>
      </trkpt>
      <trkpt lat="50.05829884511792" lon="-122.96935598694323">
        <ele>1906.9</ele>
      </trkpt>
      <trkpt lat="50.05830448751225" lon="-122.96935782017847">
        <ele>1906.9</ele>
      </trkpt>
      <trkpt lat="50.058310193769884" lon="-122.96935908602235">
        <ele>1906.9</ele>
      </trkpt>
      <trkpt lat="50.05831594039874" lon="-122.96935977926354">
        <ele>1906.9</ele>
      </trkpt>
      <trkpt lat="50.05832170374056" lon="-122.96935989704801">
        <ele>1906.9</ele>
      </trkpt>
      <trkpt lat="50.058327460068256" lon="-122.96935943889086">
        <ele>1906.9</ele>
      </trkpt>
      <trkpt lat="50.05833746006825" lon="-122.96947943891993">
        <ele>1906.9</ele>
      </trkpt>
      <trkpt lat="50.058335666038175" lon="-122.96947964363645">
        <ele>1906.9</ele>
      </trkpt>
      <trkpt lat="50.05833386973608" lon="-122.96947979235765">
        <ele>1906.9</ele>
      </trkpt>
      <trkpt lat="50.05833207188228" lon="-122.96947988502393">
        <ele>1906.9</ele>
      </trkpt>
      <trkpt lat="50.05833027319768" lon="-122.96947992159811">
        <ele>1906.9</ele>
      </trkpt>
      <trkpt lat="50.05832847440353" lon="-122.96947990206553">
        <ele>1906.9</ele>
      </trkpt>
      <trkpt lat="50.05832667622113" lon="-122.96947982643402">
        <ele>1906.9</ele>
      </trkpt>
      <trkpt lat="50.05832487937151" lon="-122.96947969473392">
        <ele>1906.9</ele>
      </trkpt>
      <trkpt lat="50.05832308457521" lon="-122.96947950701802">
        <ele>1906.9</ele>
      </trkpt>
      <trkpt lat="50.058321292551895" lon="-122.9694792633616">
        <ele>1906.9</ele>
      </trkpt>
      <trkpt lat="50.05831950402016" lon="-122.96947896386237">
        <ele>1906.9</ele>
      </trkpt>
      <trkpt lat="50.05829950402016" lon="-122.96964896380443">
        <ele>1898.5</ele>
      </trkpt>
      <trkpt lat="50.05829669673656" lon="-122.9696483793488">
        <ele>1898.5</ele>
      </trkpt>
      <trkpt lat="50.0582939026771" lon="-122.96964765733684">
        <ele>1898.5</ele>
      </trkpt>
      <trkpt lat="50.058291124619224" lon="-122.96964679848625">
        <ele>1898.5</ele>
      </trkpt>
      <trkpt lat="50.05828836532447" lon="-122.96964580365082">
        <ele>1898.5</ele>
      </trkpt>
      <trkpt lat="50.05828562753572" lon="-122.96964467381942">
        <ele>1898.5</ele>
      </trkpt>
      <trkpt lat="50.058282913974466" lon="-122.96964341011518">
        <ele>1898.5</ele>
      </trkpt>
      <trkpt lat="50.058280227338145" lon="-122.96964201379431">
        <ele>1898.5</ele>
      </trkpt>
      <trkpt lat="50.05827757029741" lon="-122.9696404862448">
        <ele>1898.5</ele>
      </trkpt>
      <trkpt lat="50.05827494549351" lon="-122.96963882898511">
        <ele>1898.5</ele>
      </trkpt>
      <trkpt lat="50.05827235553562" lon="-122.96963704366266">
        <ele>1898.5</ele>
      </trkpt>
      <trkpt lat="50.05821235553562" lon="-122.96976704350378">
        <ele>1898.5</ele>
      </trkpt>
      <trkpt lat="50.05820950048825" lon="-122.9697648950168">
        <ele>1898.5</ele>
      </trkpt>
      <trkpt lat="50.05820669589893" lon="-122.96976259092402">
        <ele>1898.5</ele>
      </trkpt>
      <trkpt lat="50.05820394526188" lon="-122.9697601340961">
        <ele>1898.5</ele>
      </trkpt>
      <trkpt lat="50.05820125200409" lon="-122.96975752759397">
        <ele>1898.5</ele>
      </trkpt>
      <trkpt lat="50.058198619481075" lon="-122.96975477466508">
        <ele>1898.5</ele>
      </trkpt>
      <trkpt lat="50.058196050972676" lon="-122.96975187873925">
        <ele>1898.5</ele>
      </trkpt>
      <trkpt lat="50.05819354967898" lon="-122.96974884342451">
        <ele>1898.5</ele>
      </trkpt>
      <trkpt lat="50.05819111871634" lon="-122.96974567250254">
        <ele>1898.5</ele>
      </trkpt>
      <trkpt lat="50.05818876111345" lon="-122.96974236992395">
        <ele>1898.5</ele>
      </trkpt>
      <trkpt lat="50.05818647980765" lon="-122.96973893980342">
        <ele>1898.5</ele>
      </trkpt>
      <trkpt lat="50.05810647980765" lon="-122.96981893963844">
        <ele>1898.5</ele>
      </trkpt>
      <trkpt lat="50.05810805482091" lon="-122.96982133351845">
        <ele>1898.5</ele>
      </trkpt>
      <trkpt lat="50.05810966700843" lon="-122.96982366658665">
        <ele>1898.5</ele>
      </trkpt>
      <trkpt lat="50.058111315402705" lon="-122.96982593744292">
        <ele>1898.5</ele>
      </trkpt>
      <trkpt lat="50.05811299901452" lon="-122.9698281447245">
        <ele>1898.5</ele>
      </trkpt>
      <trkpt lat="50.0581147168335" lon="-122.96983028710676">
        <ele>1898.5</ele>
      </trkpt>
      <trkpt lat="50.05811646782877" lon="-122.96983236330402">
        <ele>1898.5</ele>
      </trkpt>
      <trkpt lat="50.05811825094952" lon="-122.96983437207032">
        <ele>1898.5</ele>
      </trkpt>
      <trkpt lat="50.05812006512567" lon="-122.9698363122002">
        <ele>1898.5</ele>
      </trkpt>
      <trkpt lat="50.05812190926851" lon="-122.96983818252932">
        <ele>1898.5</ele>
      </trkpt>
      <trkpt lat="50.05812378227134" lon="-122.96983998193527">
        <ele>1898.5</ele>
      </trkpt>
      <trkpt lat="50.05806378227134" lon="-122.96993998178523">
        <ele>1889.5</ele>
      </trkpt>
      <trkpt lat="50.05806020096323" lon="-122.9699364532631">
        <ele>1889.5</ele>
      </trkpt>
      <trkpt lat="50.05805673047429" lon="-122.96993266559434">
        <ele>1889.5</ele>
      </trkpt>
      <trkpt lat="50.058053378527475" lon="-122.96992862720774">
        <ele>1889.5</ele>
      </trkpt>
      <trkpt lat="50.058050152581984" lon="-122.96992434709004">
        <ele>1889.5</ele>
      </trkpt>
      <trkpt lat="50.05804705981659" lon="-122.9699198347659">
        <ele>1889.5</ele>
      </trkpt>
      <trkpt lat="50.0580441071137" lon="-122.96991510027672">
        <ele>1889.5</ele>
      </trkpt>
      <trkpt lat="50.058041301044064" lon="-122.9699101541583">
        <ele>1889.5</ele>
      </trkpt>
      <trkpt lat="50.0580386478521" lon="-122.96990500741734">
        <ele>1889.5</ele>
      </trkpt>
      <trkpt lat="50.058036153442025" lon="-122.96989967150705">
        <ele>1889.5</ele>
      </trkpt>
      <trkpt lat="50.05803382336472" lon="-122.96989415830159">
        <ele>1889.5</ele>
      </trkpt>
      <trkpt lat="50.05795382336472" lon="-122.96994415817794">
        <ele>1891.4</ele>
      </trkpt>
      <trkpt lat="50.057952075202486" lon="-122.96993961213333">
        <ele>1891.4</ele>
      </trkpt>
      <trkpt lat="50.05795043880876" lon="-122.96993496624319">
        <ele>1891.4</ele>
      </trkpt>
      <trkpt lat="50.05794891653064" lon="-122.96993022717115">
        <ele>1891.4</ele>
      </trkpt>
      <trkpt lat="50.05794751055156" lon="-122.96992540171453">
        <ele>1891.4</ele>
      </trkpt>
      <trkpt lat="50.05794622288811" lon="-122.96992049679454">
        <ele>1891.4</ele>
      </trkpt>
      <trkpt lat="50.05794505538722" lon="-122.96991551944637">
        <ele>1891.4</ele>
      </trkpt>
      <trkpt lat="50.05794400972345" lon="-122.96991047680909">
        <ele>1891.4</ele>
      </trkpt>
      <trkpt lat="50.05794308739661" lon="-122.96990537611542">
        <ele>1891.4</ele>
      </trkpt>
      <trkpt lat="50.05794228972959" lon="-122.96990022468135">
        <ele>1891.4</ele>
      </trkpt>
      <trkpt lat="50.057941617866504" lon="-122.96989502989564">
        <ele>1891.4</ele>
      </trkpt>
      <trkpt lat="50.057831617866505" lon="-122.96991502983826">
        <ele>1891.4</ele>
      </trkpt>
      <trkpt lat="50.05783076743656" lon="-122.96990612544451">
        <ele>1891.4</ele>
      </trkpt>
      <trkpt lat="50.05783028638553" lon="-122.96989715429935">
        <ele>1891.4</ele>
      </trkpt>
      <trkpt lat="50.05783017670472" lon="-122.9698881535389">
        <ele>1891.4</ele>
      </trkpt>
      <trkpt lat="50.057830438848164" lon="-122.96987916042191">
        <ele>1891.4</ele>
      </trkpt>
      <trkpt lat="50.05783107173072" lon="-122.96987021217542">
        <ele>1891.4</ele>
      </trkpt>
      <trkpt lat="50.05783207273256" lon="-122.9698613458408">
        <ele>1891.4</ele>
      </trkpt>
      <trkpt lat="50.05783343771002" lon="-122.9698525981203">
        <ele>1891.4</ele>
      </trkpt>
      <trkpt lat="50.05783516101278" lon="-122.96984400522518">
        <ele>1891.4</ele>
      </trkpt>
      <trkpt lat="50.05783723550721" lon="-122.96983560272581">
        <ele>1891.4</ele>
      </trkpt>
      <trkpt lat="50.057839652605914" lon="-122.96982742540438">
        <ele>1891.4</ele>
      </trkpt>
      <trkpt lat="50.05769965260591" lon="-122.96975742558696">
        <ele>1891.4</ele>
      </trkpt>
      <trkpt lat="50.05769885351624" lon="-122.96975997939786">
        <ele>1891.4</ele>
      </trkpt>
      <trkpt lat="50.05769808787998" lon="-122.96976255795283">
        <ele>1891.4</ele>
      </trkpt>
      <trkpt lat="50.05769735601275" lon="-122.96976516018883">
        <ele>1891.4</ele>
      </trkpt>
      <trkpt lat="50.057696658216294" lon="-122.96976778503304">
        <ele>1891.4</ele>
      </trkpt>
      <trkpt lat="50.05769599477827" lon="-122.96977043140338">
        <ele>1891.4</ele>
      </trkpt>
      <trkpt lat="50.057695365972194" lon="-122.96977309820883">
        <ele>1891.4</ele>
      </trkpt>
      <trkpt lat="50.057694772057296" lon="-122.96977578434999">
        <ele>1891.4</ele>
      </trkpt>
      <trkpt lat="50.057694213278424" lon="-122.96977848871947">
        <ele>1891.4</ele>
      </trkpt>
      <trkpt lat="50.057693689865935" lon="-122.96978121020237">
        <ele>1891.4</ele>
      </trkpt>
      <trkpt lat="50.05769320203561" lon="-122.96978394767672">
        <ele>1891.4</ele>
      </trkpt>
      <trkpt lat="50.05754320203561" lon="-122.96974394778944">
        <ele>1893.0</ele>
      </trkpt>
      <trkpt lat="50.05754262838251" lon="-122.96974748286675">
        <ele>1893.0</ele>
      </trkpt>
      <trkpt lat="50.05754211406326" lon="-122.96975104002638">
        <ele>1893.0</ele>
      </trkpt>
      <trkpt lat="50.057541659427145" lon="-122.96975461685265">
        <ele>1893.0</ele>
      </trkpt>
      <trkpt lat="50.057541264782905" lon="-122.96975821091657">
        <ele>1893.0</ele>
      </trkpt>
      <trkpt lat="50.05754093039854" lon="-122.9697618197774">
        <ele>1893.0</ele>
      </trkpt>
      <trkpt lat="50.05754065650113" lon="-122.96976544098438">
        <ele>1893.0</ele>
      </trkpt>
      <trkpt lat="50.05754044327668" lon="-122.96976907207834">
        <ele>1893.0</ele>
      </trkpt>
      <trkpt lat="50.05754029086999" lon="-122.96977271059343">
        <ele>1893.0</ele>
      </trkpt>
      <trkpt lat="50.057540199384555" lon="-122.96977635405874">
        <ele>1893.0</ele>
      </trkpt>
      <trkpt lat="50.057540168882504" lon="-122.96978">
        <ele>1893.0</ele>
      </trkpt>
      <trkpt lat="50.0573701688825" lon="-122.96978">
        <ele>1892.6</ele>
      </trkpt>
      <trkpt lat="50.057370183411074" lon="-122.96978251636925">
        <ele>1892.6</ele>
      </trkpt>
      <trkpt lat="50.057370226992084" lon="-122.96978503192454">
        <ele>1892.6</ele>
      </trkpt>
      <trkpt lat="50.05737029961144" lon="-122.96978754585218">
        <ele>1892.6</ele>
      </trkpt>
      <trkpt lat="50.05737040124565" lon="-122.96979005733903">
        <ele>1892.6</ele>
      </trkpt>
      <trkpt lat="50.05737053186184" lon="-122.96979256557267">
        <ele>1892.6</ele>
      </trkpt>
      <trkpt lat="50.057370691417766" lon="-122.9697950697418">
        <ele>1892.6</ele>
      </trkpt>
      <trkpt lat="50.05737087986181" lon="-122.96979756903643">
        <ele>1892.6</ele>
      </trkpt>
      <trkpt lat="50.057371097133014" lon="-122.96980006264809">
        <ele>1892.6</ele>
      </trkpt>
      <trkpt lat="50.05737134316111" lon="-122.96980254977021">
        <ele>1892.6</ele>
      </trkpt>
      <trkpt lat="50.0573716178665" lon="-122.96980502959828">
        <ele>1892.6</ele>
      </trkpt>
      <trkpt lat="50.0572616178665" lon="-122.9698250295409">
        <ele>1892.6</ele>
      </trkpt>
      <trkpt lat="50.057261097133015" lon="-122.9698200626021">
        <ele>1892.6</ele>
      </trkpt>
      <trkpt lat="50.05726069141777" lon="-122.96981506970727">
        <ele>1892.6</ele>
      </trkpt>
      <trkpt lat="50.05726040124565" lon="-122.96981005731598">
        <ele>1892.6</ele>
      </trkpt>
      <trkpt lat="50.057260226992085" lon="-122.96980503191301">
        <ele>1892.6</ele>
      </trkpt>
      <trkpt lat="50.0572601688825" lon="-122.9698">
        <ele>1892.6</ele>
      </trkpt>
      <trkpt lat="50.057260226992085" lon="-122.969794968087">
        <ele>1892.6</ele>
      </trkpt>
      <trkpt lat="50.05726040124565" lon="-122.96978994268403">
        <ele>1892.6</ele>
      </trkpt>
      <trkpt lat="50.05726069141777" lon="-122.96978493029275">
        <ele>1892.6</ele>
      </trkpt>
      <trkpt lat="50.057261097133015" lon="-122.96977993739792">
        <ele>1892.6</ele>
      </trkpt>
      <trkpt lat="50.0572616178665" lon="-122.96977497045911">
        <ele>1892.6</ele>
      </trkpt>
      <trkpt lat="50.05724" lon="-122.96978">
        <ele>1892.6</ele>
      </trkpt>
      <trkpt lat="50.057050614697246" lon="-122.96975607756154">
        <ele>1888.9</ele>
      </trkpt>
      <trkpt lat="50.057050794420405" lon="-122.96975351659098">
        <ele>1888.9</ele>
      </trkpt>
      <trkpt lat="50.05705100438534" lon="-122.9697509612085">
        <ele>1888.9</ele>
      </trkpt>
      <trkpt lat="50.057051244520885" lon="-122.96974841228041">
        <ele>1888.9</ele>
      </trkpt>
      <trkpt lat="50.05705151474562" lon="-122.96974587067082">
        <ele>1888.9</ele>
      </trkpt>
      <trkpt lat="50.05705181496795" lon="-122.96974333724137">
        <ele>1888.9</ele>
      </trkpt>
      <trkpt lat="50.05705214508608" lon="-122.96974081285092">
        <ele>1888.9</ele>
      </trkpt>
      <trkpt lat="50.05705250498811" lon="-122.96973829835527">
        <ele>1888.9</ele>
      </trkpt>
      <trkpt lat="50.057052894552015" lon="-122.96973579460686">
        <ele>1888.9</ele>
      </trkpt>
      <trkpt lat="50.05705331364574" lon="-122.9697333024545">
        <ele>1888.9</ele>
      </trkpt>
      <trkpt lat="50.0570537621272" lon="-122.96973082274306">
        <ele>1888.9</ele>
      </trkpt>
      <trkpt lat="50.0568137621272" lon="-122.96966082293903">
        <ele>1891.4</ele>
      </trkpt>
      <trkpt lat="50.056811570393805" lon="-122.96967538084435">
        <ele>1891.4</ele>
      </trkpt>
      <trkpt lat="50.05681038860035" lon="-122.96969021992098">
        <ele>1891.4</ele>
      </trkpt>
      <trkpt lat="50.0568102302439" lon="-122.96970517069427">
        <ele>1891.4</ele>
      </trkpt>
      <trkpt lat="50.056811097133014" lon="-122.96972006241393">
        <ele>1891.4</ele>
      </trkpt>
      <trkpt lat="50.0568129793671" lon="-122.96973472500406">
        <ele>1891.4</ele>
      </trkpt>
      <trkpt lat="50.05681585544947" lon="-122.96974899100564">
        <ele>1891.4</ele>
      </trkpt>
      <trkpt lat="50.05681969253287" lon="-122.96976269748905">
        <ele>1891.4</ele>
      </trkpt>
      <trkpt lat="50.05682444679459" lon="-122.96977568791478">
        <ele>1891.4</ele>
      </trkpt>
      <trkpt lat="50.05683006393701" lon="-122.96978781392133">
        <ele>1891.4</ele>
      </trkpt>
      <trkpt lat="50.05683647980765" lon="-122.96979893701956">
        <ele>1891.4</ele>
      </trkpt>
      <trkpt lat="50.05679647980765" lon="-122.96983893693708">
        <ele>1884.9</ele>
      </trkpt>
      <trkpt lat="50.05679793665077" lon="-122.9698411551787">
        <ele>1884.9</ele>
      </trkpt>
      <trkpt lat="50.05679942541648" lon="-122.96984332139063">
        <ele>1884.9</ele>
      </trkpt>
      <trkpt lat="50.05680094533904" lon="-122.96984543445866">
        <ele>1884.9</ele>
      </trkpt>
      <trkpt lat="50.056802495636674" lon="-122.96984749329596">
        <ele>1884.9</ele>
      </trkpt>
      <trkpt lat="50.05680407551196" lon="-122.96984949684351">
        <ele>1884.9</ele>
      </trkpt>
      <trkpt lat="50.0568056841523" lon="-122.96985144407081">
        <ele>1884.9</ele>
      </trkpt>
      <trkpt lat="50.05680732073028" lon="-122.96985333397627">
        <ele>1884.9</ele>
      </trkpt>
      <trkpt lat="50.05680898440411" lon="-122.96985516558783">
        <ele>1884.9</ele>
      </trkpt>
      <trkpt lat="50.056810674318065" lon="-122.96985693796339">
        <ele>1884.9</ele>
      </trkpt>
      <trkpt lat="50.056812389602946" lon="-122.96985865019128">
        <ele>1884.9</ele>
      </trkpt>
      <trkpt lat="50.056762389602945" lon="-122.96993865006763">
        <ele>1884.9</ele>
      </trkpt>
      <trkpt lat="50.056769271527976" lon="-122.96994471050493">
        <ele>1884.9</ele>
      </trkpt>
      <trkpt lat="50.05677646890133" lon="-122.96994980504007">
        <ele>1884.9</ele>
      </trkpt>
      <trkpt lat="50.05678392597824" lon="-122.96995389421507">
        <ele>1884.9</ele>
      </trkpt>
      <trkpt lat="50.05679158500248" lon="-122.96995694635865">
        <ele>1884.9</ele>
      </trkpt>
      <trkpt lat="50.05679938665373" lon="-122.96995893783148">
        <ele>1884.9</ele>
      </trkpt>
      <trkpt lat="50.05680727050699" lon="-122.96995985320929">
        <ele>1884.9</ele>
      </trkpt>
      <trkpt lat="50.05681517550059" lon="-122.96995968540234">
        <ele>1884.9</ele>
      </trkpt>
      <trkpt lat="50.05682304040914" lon="-122.96995843571034">
        <ele>1884.9</ele>
      </trkpt>
      <trkpt lat="50.056830804317705" lon="-122.96995611381232">
        <ele>1884.9</ele>
      </trkpt>
      <trkpt lat="50.05683840709361" lon="-122.96995273769176">
        <ele>1884.9</ele>
      </trkpt>
      <trkpt lat="50.05686840709361" lon="-122.97004273777475">
        <ele>1884.9</ele>
      </trkpt>
      <trkpt lat="50.05686650763381" lon="-122.97004368758385">
        <ele>1884.9</ele>
      </trkpt>
      <trkpt lat="50.05686459510089" lon="-122.97004457146046">
        <ele>1884.9</ele>
      </trkpt>
      <trkpt lat="50.056862670438065" lon="-122.97004538896866">
        <ele>1884.9</ele>
      </trkpt>
      <trkpt lat="50.056860734594565" lon="-122.97004613970525">
        <ele>1884.9</ele>
      </trkpt>
      <trkpt lat="50.0568587885251" lon="-122.9700468233">
        <ele>1884.9</ele>
      </trkpt>
      <trkpt lat="50.05685683318945" lon="-122.97004743941575">
        <ele>1884.9</ele>
      </trkpt>
      <trkpt lat="50.05685486955194" lon="-122.97004798774867">
        <ele>1884.9</ele>
      </trkpt>
      <trkpt lat="50.05685289858103" lon="-122.97004846802831">
        <ele>1884.9</ele>
      </trkpt>
      <trkpt lat="50.05685092124874" lon="-122.97004888001781">
        <ele>1884.9</ele>
      </trkpt>
      <trkpt lat="50.05684893853027" lon="-122.970049223514">
        <ele>1884.9</ele>
      </trkpt>
      <trkpt lat="50.05685893853027" lon="-122.97014922354302">
        <ele>1883.3</ele>
      </trkpt>
      <trkpt lat="50.05685585319149" lon="-122.97014962060032">
        <ele>1883.3</ele>
      </trkpt>
      <trkpt lat="50.05685276090088" lon="-122.97014985183021">
        <ele>1883.3</ele>
      </trkpt>
      <trkpt lat="50.05684966533115" lon="-122.97014991695808">
        <ele>1883.3</ele>
      </trkpt>
      <trkpt lat="50.0568465701589" lon="-122.97014981590654">
        <ele>1883.3</ele>
      </trkpt>
      <trkpt lat="50.05684347906028" lon="-122.97014954879563">
        <ele>1883.3</ele>
      </trkpt>
      <trkpt lat="50.05684039570657" lon="-122.9701491159426">
        <ele>1883.3</ele>
      </trkpt>
      <trkpt lat="50.05683732375989" lon="-122.97014851786155">
        <ele>1883.3</ele>
      </trkpt>
      <trkpt lat="50.05683426686878" lon="-122.9701477552628">
        <ele>1883.3</ele>
      </trkpt>
      <trkpt lat="50.05683122866392" lon="-122.97014682905211">
        <ele>1883.3</ele>
      </trkpt>
      <trkpt lat="50.056828212753764" lon="-122.97014574032953">
        <ele>1883.3</ele>
      </trkpt>
      <trkpt lat="50.056808212753765" lon="-122.97022574027295">
        <ele>1883.3</ele>
      </trkpt>
      <trkpt lat="50.056805647899246" lon="-122.97022467860197">
        <ele>1883.3</ele>
      </trkpt>
      <trkpt lat="50.05680310429898" lon="-122.97022349938491">
        <ele>1883.3</ele>
      </trkpt>
      <trkpt lat="50.056800584173" lon="-122.97022220365103">
        <ele>1883.3</ele>
      </trkpt>
      <trkpt lat="50.056798089720836" lon="-122.9702207925312">
        <ele>1883.3</ele>
      </trkpt>
      <trkpt lat="50.056795623119626" lon="-122.97021926725702">
        <ele>1883.3</ele>
      </trkpt>
      <trkpt lat="50.05679318652219" lon="-122.97021762915976">
        <ele>1883.3</ele>
      </trkpt>
      <trkpt lat="50.056790782055174" lon="-122.97021587966913">
        <ele>1883.3</ele>
      </trkpt>
      <trkpt lat="50.05678841181716" lon="-122.97021402031206">
        <ele>1883.3</ele>
      </trkpt>
      <trkpt lat="50.05678607787687" lon="-122.97021205271136">
        <ele>1883.3</ele>
      </trkpt>
      <trkpt lat="50.056783782271346" lon="-122.97020997858436">
        <ele>1883.3</ele>
      </trkpt>
      <trkpt lat="50.05675378227135" lon="-122.97025997850935">
        <ele>1883.3</ele>
      </trkpt>
      <trkpt lat="50.05674610448629" lon="-122.97025193791413">
        <ele>1883.3</ele>
      </trkpt>
      <trkpt lat="50.05673899839112" lon="-122.97024270995153">
        <ele>1883.3</ele>
      </trkpt>
      <trkpt lat="50.056732539362855" lon="-122.97023239250603">
        <ele>1883.3</ele>
      </trkpt>
      <trkpt lat="50.05672679591483" lon="-122.97022109501864">
        <ele>1883.3</ele>
      </trkpt>
      <trkpt lat="50.056721828969934" lon="-122.97020893732602">
        <ele>1883.3</ele>
      </trkpt>
      <trkpt lat="50.05671769121442" lon="-122.97019604838937">
        <ele>1883.3</ele>
      </trkpt>
      <trkpt lat="50.056714426539024" lon="-122.97018256492646">
        <ele>1883.3</ele>
      </trkpt>
      <trkpt lat="50.05671206957336" lon="-122.97016862996145">
        <ele>1883.3</ele>
      </trkpt>
      <trkpt lat="50.05671064531865" lon="-122.97015439130772">
        <ele>1883.3</ele>
      </trkpt>
      <trkpt lat="50.0567101688825" lon="-122.97014">
        <ele>1883.3</ele>
      </trkpt>
      <trkpt lat="50.0566601688825" lon="-122.97014">
        <ele>1883.3</ele>
      </trkpt>
      <trkpt lat="50.05666032413199" lon="-122.97013177754656">
        <ele>1883.3</ele>
      </trkpt>
      <trkpt lat="50.05666078934383" lon="-122.9701235835138">
        <ele>1883.3</ele>
      </trkpt>
      <trkpt lat="50.05666156291004" lon="-122.97011544622421">
        <ele>1883.3</ele>
      </trkpt>
      <trkpt lat="50.056662642156795" lon="-122.97010739380414">
        <ele>1883.3</ele>
      </trkpt>
      <trkpt lat="50.05666402335371" lon="-122.97009945408654">
        <ele>1883.3</ele>
      </trkpt>
      <trkpt lat="50.05666570172672" lon="-122.97009165451486">
        <ele>1883.3</ele>
      </trkpt>
      <trkpt lat="50.05666767147457" lon="-122.97008402204813">
        <ele>1883.3</ele>
      </trkpt>
      <trkpt lat="50.05666992578887" lon="-122.97007658306775">
        <ele>1883.3</ele>
      </trkpt>
      <trkpt lat="50.05667245687764" lon="-122.9700693632864">
        <ele>1883.3</ele>
      </trkpt>
      <trkpt lat="50.056675255992246" lon="-122.97006238765904">
        <ele>1883.3</ele>
      </trkpt>
      <trkpt lat="50.05661525599225" lon="-122.9700223877561">
        <ele>1883.3</ele>
      </trkpt>
      <trkpt lat="50.056610544467446" lon="-122.97003472261197">
        <ele>1883.3</ele>
      </trkpt>
      <trkpt lat="50.05660666903048" lon="-122.97004774436311">
        <ele>1883.3</ele>
      </trkpt>
      <trkpt lat="50.056603670461456" lon="-122.97006131598536">
        <ele>1883.3</ele>
      </trkpt>
      <trkpt lat="50.05660158031347" lon="-122.97007529466843">
        <ele>1883.3</ele>
      </trkpt>
      <trkpt lat="50.05660042058054" lon="-122.97008953331864">
        <ele>1883.3</ele>
      </trkpt>
      <trkpt lat="50.05660020346621" lon="-122.97010388210674">
        <ele>1883.3</ele>
      </trkpt>
      <trkpt lat="50.05660093125511" lon="-122.97011819004454">
        <ele>1883.3</ele>
      </trkpt>
      <trkpt lat="50.056602596288926" lon="-122.97013230657372">
        <ele>1883.3</ele>
      </trkpt>
      <trkpt lat="50.05660518104699" lon="-122.97014608315006">
        <ele>1883.3</ele>
      </trkpt>
      <trkpt lat="50.05660865833062" lon="-122.97015937480658">
        <ele>1883.3</ele>
      </trkpt>
      <trkpt lat="50.056612991549365" lon="-122.97017204167902">
        <ele>1883.3</ele>
      </trkpt>
      <trkpt lat="50.056618135106" lon="-122.97018395047748">
        <ele>1883.3</ele>
      </trkpt>
      <trkpt lat="50.056578135105994" lon="-122.97021395040748">
        <ele>1874.2</ele>
      </trkpt>
      <trkpt lat="50.056580004858496" lon="-122.97021769919563">
        <ele>1874.2</ele>
      </trkpt>
      <trkpt lat="50.05658195518132" lon="-122.9702213470346">
        <ele>1874.2</ele>
      </trkpt>
      <trkpt lat="50.05658398382946" lon="-122.97022488972542">
        <ele>1874.2</ele>
      </trkpt>
      <trkpt lat="50.05658608846779" lon="-122.97022832319016">
        <ele>1874.2</ele>
      </trkpt>
      <trkpt lat="50.056588266673685" lon="-122.97023164347662">
        <ele>1874.2</ele>
      </trkpt>
      <trkpt lat="50.05659051593984" lon="-122.97023484676286">
        <ele>1874.2</ele>
      </trkpt>
      <trkpt lat="50.05659283367717" lon="-122.97023792936164">
        <ele>1874.2</ele>
      </trkpt>
      <trkpt lat="50.056595217217755" lon="-122.97024088772461">
        <ele>1874.2</ele>
      </trkpt>
      <trkpt lat="50.056597663817946" lon="-122.97024371844647">
        <ele>1874.2</ele>
      </trkpt>
      <trkpt lat="50.0566001706615" lon="-122.9702464182688">
        <ele>1874.2</ele>
      </trkpt>
      <trkpt lat="50.0565601706615" lon="-122.97030641817175">
        <ele>1874.2</ele>
      </trkpt>
      <trkpt lat="50.056565080262345" lon="-122.97031116811678">
        <ele>1874.2</ele>
      </trkpt>
      <trkpt lat="50.0565701758088" lon="-122.97031541648542">
        <ele>1874.2</ele>
      </trkpt>
      <trkpt lat="50.05657543620782" lon="-122.9703191456915">
        <ele>1874.2</ele>
      </trkpt>
      <trkpt lat="50.05658083968393" lon="-122.97032234029797">
        <ele>1874.2</ele>
      </trkpt>
      <trkpt lat="50.05658636386941" lon="-122.9703249870807">
        <ele>1874.2</ele>
      </trkpt>
      <trkpt lat="50.05659198589683" lon="-122.97032707508335">
        <ele>1874.2</ele>
      </trkpt>
      <trkpt lat="50.05659768249379" lon="-122.97032859566256">
        <ele>1874.2</ele>
      </trkpt>
      <trkpt lat="50.05660343007915" lon="-122.97032954252394">
        <ele>1874.2</ele>
      </trkpt>
      <trkpt lat="50.056609204860756" lon="-122.97032991174792">
        <ele>1874.2</ele>
      </trkpt>
      <trkpt lat="50.05661498293385" lon="-122.9703297018061">
        <ele>1874.2</ele>
      </trkpt>
      <trkpt lat="50.056624982933855" lon="-122.97050970183521">
        <ele>1871.3</ele>
      </trkpt>
      <trkpt lat="50.05662205281893" lon="-122.97050988072029">
        <ele>1871.3</ele>
      </trkpt>
      <trkpt lat="50.05661912051658" lon="-122.97050991055252">
        <ele>1871.3</ele>
      </trkpt>
      <trkpt lat="50.056616189151384" lon="-122.97050979130012">
        <ele>1871.3</ele>
      </trkpt>
      <trkpt lat="50.05661326184692" lon="-122.97050952309016">
        <ele>1871.3</ele>
      </trkpt>
      <trkpt lat="50.05661034172243" lon="-122.97050910620841">
        <ele>1871.3</ele>
      </trkpt>
      <trkpt lat="50.056607431889525" lon="-122.97050854109912">
        <ele>1871.3</ele>
      </trkpt>
      <trkpt lat="50.056604535448834" lon="-122.97050782836445">
        <ele>1871.3</ele>
      </trkpt>
      <trkpt lat="50.05660165548672" lon="-122.97050696876386">
        <ele>1871.3</ele>
      </trkpt>
      <trkpt lat="50.056598795072" lon="-122.97050596321331">
        <ele>1871.3</ele>
      </trkpt>
      <trkpt lat="50.056595957252625" lon="-122.9705048127843">
        <ele>1871.3</ele>
      </trkpt>
      <trkpt lat="50.056545957252624" lon="-122.97068481264381">
        <ele>1871.3</ele>
      </trkpt>
      <trkpt lat="50.05654734765088" lon="-122.97068539555184">
        <ele>1871.3</ele>
      </trkpt>
      <trkpt lat="50.056548743869016" lon="-122.97068594367376">
        <ele>1871.3</ele>
      </trkpt>
      <trkpt lat="50.05655014554833" lon="-122.97068645686872">
        <ele>1871.3</ele>
      </trkpt>
      <trkpt lat="50.056551552328685" lon="-122.9706869350049">
        <ele>1871.3</ele>
      </trkpt>
      <trkpt lat="50.05655296384867" lon="-122.97068737795944">
        <ele>1871.3</ele>
      </trkpt>
      <trkpt lat="50.056554379745606" lon="-122.97068778561854">
        <ele>1871.3</ele>
      </trkpt>
      <trkpt lat="50.05655579965573" lon="-122.97068815787746">
        <ele>1871.3</ele>
      </trkpt>
      <trkpt lat="50.05655722321425" lon="-122.97068849464057">
        <ele>1871.3</ele>
      </trkpt>
      <trkpt lat="50.0565586500554" lon="-122.97068879582133">
        <ele>1871.3</ele>
      </trkpt>
      <trkpt lat="50.056560079812606" lon="-122.97068906134237">
        <ele>1871.3</ele>
      </trkpt>
      <trkpt lat="50.0565500798126" lon="-122.9707790613134">
        <ele>1869.6</ele>
      </trkpt>
      <trkpt lat="50.0565527065262" lon="-122.97077945515625">
        <ele>1869.6</ele>
      </trkpt>
      <trkpt lat="50.05655533953359" lon="-122.97077972865844">
        <ele>1869.6</ele>
      </trkpt>
      <trkpt lat="50.05655797656266" lon="-122.97077988158394">
        <ele>1869.6</ele>
      </trkpt>
      <trkpt lat="50.056560615337816" lon="-122.97077991380078">
        <ele>1869.6</ele>
      </trkpt>
      <trkpt lat="50.056563253581984" lon="-122.97077982528118">
        <ele>1869.6</ele>
      </trkpt>
      <trkpt lat="50.05656588901852" lon="-122.97077961610152">
        <ele>1869.6</ele>
      </trkpt>
      <trkpt lat="50.056568519373215" lon="-122.9707792864423">
        <ele>1869.6</ele>
      </trkpt>
      <trkpt lat="50.05657114237626" lon="-122.970778836588">
        <ele>1869.6</ele>
      </trkpt>
      <trkpt lat="50.056573755764155" lon="-122.9707782669268">
        <ele>1869.6</ele>
      </trkpt>
      <trkpt lat="50.05657635728173" lon="-122.9707775779503">
        <ele>1869.6</ele>
      </trkpt>
      <trkpt lat="50.05666" lon="-122.97118">
        <ele>1866.8</ele>
      </trkpt>
      <trkpt lat="50.05669924354574" lon="-122.97160917475175">
        <ele>1871.1</ele>
      </trkpt>
      <trkpt lat="50.05669763506948" lon="-122.97160941117083">
        <ele>1871.1</ele>
      </trkpt>
      <trkpt lat="50.05669602412355" lon="-122.97160960249542">
        <ele>1871.1</ele>
      </trkpt>
      <trkpt lat="50.056694411229046" lon="-122.9716097486636">
        <ele>1871.1</ele>
      </trkpt>
      <trkpt lat="50.056692796907654" lon="-122.97160984962811">
        <ele>1871.1</ele>
      </trkpt>
      <trkpt lat="50.05669118168157" lon="-122.97160990535629">
        <ele>1871.1</ele>
      </trkpt>
      <trkpt lat="50.05668956607325" lon="-122.9716099158301">
        <ele>1871.1</ele>
      </trkpt>
      <trkpt lat="50.056687950605294" lon="-122.97160988104616">
        <ele>1871.1</ele>
      </trkpt>
      <trkpt lat="50.056686335800244" lon="-122.97160980101575">
        <ele>1871.1</ele>
      </trkpt>
      <trkpt lat="50.05668472218043" lon="-122.97160967576471">
        <ele>1871.1</ele>
      </trkpt>
      <trkpt lat="50.0566831102678" lon="-122.97160950533357">
        <ele>1871.1</ele>
      </trkpt>
      <trkpt lat="50.056673110267795" lon="-122.9717395053045">
        <ele>1871.1</ele>
      </trkpt>
      <trkpt lat="50.056669981588215" lon="-122.97173904457703">
        <ele>1871.1</ele>
      </trkpt>
      <trkpt lat="50.05666686516981" lon="-122.97173841367784">
        <ele>1871.1</ele>
      </trkpt>
      <trkpt lat="50.05666376482666" lon="-122.97173761337903">
        <ele>1871.1</ele>
      </trkpt>
      <trkpt lat="50.05666068435316" lon="-122.9717366446601">
        <ele>1871.1</ele>
      </trkpt>
      <trkpt lat="50.05665762751941" lon="-122.9717355087066">
        <ele>1871.1</ele>
      </trkpt>
      <trkpt lat="50.05665459806653" lon="-122.9717342069088">
        <ele>1871.1</ele>
      </trkpt>
      <trkpt lat="50.056651599702185" lon="-122.97173274085992">
        <ele>1871.1</ele>
      </trkpt>
      <trkpt lat="50.05664863609596" lon="-122.9717311123542">
        <ele>1871.1</ele>
      </trkpt>
      <trkpt lat="50.0566457108749" lon="-122.97172932338471">
        <ele>1871.1</ele>
      </trkpt>
      <trkpt lat="50.05664282761909" lon="-122.97172737614092">
        <ele>1871.1</ele>
      </trkpt>
      <trkpt lat="50.05659282761909" lon="-122.97183737600818">
        <ele>1864.7</ele>
      </trkpt>
      <trkpt lat="50.05659485683111" lon="-122.97183876585744">
        <ele>1864.7</ele>
      </trkpt>
      <trkpt lat="50.05659690744333" lon="-122.97184007729562">
        <ele>1864.7</ele>
      </trkpt>
      <trkpt lat="50.05659897820703" lon="-122.97184130952412">
        <ele>1864.7</ele>
      </trkpt>
      <trkpt lat="50.05660106786124" lon="-122.97184246179259">
        <ele>1864.7</ele>
      </trkpt>
      <trkpt lat="50.056603175133475" lon="-122.97184353339937">
        <ele>1864.7</ele>
      </trkpt>
      <trkpt lat="50.05660529874053" lon="-122.97184452369189">
        <ele>1864.7</ele>
      </trkpt>
      <trkpt lat="50.056607437389246" lon="-122.97184543206713">
        <ele>1864.7</ele>
      </trkpt>
      <trkpt lat="50.05660958977731" lon="-122.97184625797195">
        <ele>1864.7</ele>
      </trkpt>
      <trkpt lat="50.05661175459404" lon="-122.9718470009034">
        <ele>1864.7</ele>
      </trkpt>
      <trkpt lat="50.05661393052118" lon="-122.9718476604091">
        <ele>1864.7</ele>
      </trkpt>
      <trkpt lat="50.05657393052118" lon="-122.97206766029434">
        <ele>1864.7</ele>
      </trkpt>
      <trkpt lat="50.05657252346643" lon="-122.97206724375195">
        <ele>1864.7</ele>
      </trkpt>
      <trkpt lat="50.05657112085426" lon="-122.97206679232181">
        <ele>1864.7</ele>
      </trkpt>
      <trkpt lat="50.05656972304122" lon="-122.97206630611866">
        <ele>1864.7</ele>
      </trkpt>
      <trkpt lat="50.05656833038265" lon="-122.9720657852661">
        <ele>1864.7</ele>
      </trkpt>
      <trkpt lat="50.05656694323256" lon="-122.97206522989651">
        <ele>1864.7</ele>
      </trkpt>
      <trkpt lat="50.056565561943565" lon="-122.9720646401511">
        <ele>1864.7</ele>
      </trkpt>
      <trkpt lat="50.056564186866794" lon="-122.97206401617976">
        <ele>1864.7</ele>
      </trkpt>
      <trkpt lat="50.0565628183518" lon="-122.97206335814113">
        <ele>1864.7</ele>
      </trkpt>
      <trkpt lat="50.05656145674646" lon="-122.97206266620245">
        <ele>1864.7</ele>
      </trkpt>
      <trkpt lat="50.0565601023969" lon="-122.97206194053965">
        <ele>1864.7</ele>
      </trkpt>
      <trkpt lat="50.0565001023969" lon="-122.97223194037464">
        <ele>1860.8</ele>
      </trkpt>
      <trkpt lat="50.056501208415256" lon="-122.97223253579165">
        <ele>1860.8</ele>
      </trkpt>
      <trkpt lat="50.056502319319534" lon="-122.9722331087174">
        <ele>1860.8</ele>
      </trkpt>
      <trkpt lat="50.056503434921204" lon="-122.97223365905468">
        <ele>1860.8</ele>
      </trkpt>
      <trkpt lat="50.05650455503096" lon="-122.97223418671008">
        <ele>1860.8</ele>
      </trkpt>
      <trkpt lat="50.05650567945871" lon="-122.97223469159407">
        <ele>1860.8</ele>
      </trkpt>
      <trkpt lat="50.056506808013644" lon="-122.97223517362096">
        <ele>1860.8</ele>
      </trkpt>
      <trkpt lat="50.05650794050425" lon="-122.97223563270896">
        <ele>1860.8</ele>
      </trkpt>
      <trkpt lat="50.05650907673833" lon="-122.97223606878016">
        <ele>1860.8</ele>
      </trkpt>
      <trkpt lat="50.05651021652308" lon="-122.97223648176056">
        <ele>1860.8</ele>
      </trkpt>
      <trkpt lat="50.05651135966508" lon="-122.97223687158008">
        <ele>1860.8</ele>
      </trkpt>
      <trkpt lat="50.05644135966508" lon="-122.97256687138041">
        <ele>1858.3</ele>
      </trkpt>
      <trkpt lat="50.05644261334777" lon="-122.97256727107231">
        <ele>1858.3</ele>
      </trkpt>
      <trkpt lat="50.05644387055874" lon="-122.97256764290776">
        <ele>1858.3</ele>
      </trkpt>
      <trkpt lat="50.05644513104286" lon="-122.97256798681131">
        <ele>1858.3</ele>
      </trkpt>
      <trkpt lat="50.05644639454434" lon="-122.97256830271319">
        <ele>1858.3</ele>
      </trkpt>
      <trkpt lat="50.056447660806775" lon="-122.97256859054924">
        <ele>1858.3</ele>
      </trkpt>
      <trkpt lat="50.05644892957321" lon="-122.9725688502611">
        <ele>1858.3</ele>
      </trkpt>
      <trkpt lat="50.05645020058617" lon="-122.97256908179604">
        <ele>1858.3</ele>
      </trkpt>
      <trkpt lat="50.05645147358772" lon="-122.97256928510708">
        <ele>1858.3</ele>
      </trkpt>
      <trkpt lat="50.05645274831954" lon="-122.97256946015297">
        <ele>1858.3</ele>
      </trkpt>
      <trkpt lat="50.05645402452295" lon="-122.97256960689818">
        <ele>1858.3</ele>
      </trkpt>
      <trkpt lat="50.056444024522946" lon="-122.97271960686908">
        <ele>1854.4</ele>
      </trkpt>
      <trkpt lat="50.05644878313221" lon="-122.97271990392476">
        <ele>1854.4</ele>
      </trkpt>
      <trkpt lat="50.05645354516164" lon="-122.97271980776239">
        <ele>1854.4</ele>
      </trkpt>
      <trkpt lat="50.05645829722694" lon="-122.97271931865225">
        <ele>1854.4</ele>
      </trkpt>
      <trkpt lat="50.0564630259718" lon="-122.97271843796906">
        <ele>1854.4</ele>
      </trkpt>
      <trkpt lat="50.056467718105495" lon="-122.97271716818808">
        <ele>1854.4</ele>
      </trkpt>
      <trkpt lat="50.05647236044017" lon="-122.9727155128782">
        <ele>1854.4</ele>
      </trkpt>
      <trkpt lat="50.05647693992793" lon="-122.97271347669188">
        <ele>1854.4</ele>
      </trkpt>
      <trkpt lat="50.05648144369755" lon="-122.97271106535209">
        <ele>1854.4</ele>
      </trkpt>
      <trkpt lat="50.0564858590906" lon="-122.97270828563619">
        <ele>1854.4</ele>
      </trkpt>
      <trkpt lat="50.05649017369704" lon="-122.97270514535697">
        <ele>1854.4</ele>
      </trkpt>
      <trkpt lat="50.056520173697045" lon="-122.97276514543522">
        <ele>1854.4</ele>
      </trkpt>
      <trkpt lat="50.056516406571106" lon="-122.97276791107706">
        <ele>1854.4</ele>
      </trkpt>
      <trkpt lat="50.05651256119631" lon="-122.97277040179887">
        <ele>1854.4</ele>
      </trkpt>
      <trkpt lat="50.05650864583753" lon="-122.97277261224731">
        <ele>1854.4</ele>
      </trkpt>
      <trkpt lat="50.05650466891009" lon="-122.97277453767146">
        <ele>1854.4</ele>
      </trkpt>
      <trkpt lat="50.0565006389616" lon="-122.97277617393297">
        <ele>1854.4</ele>
      </trkpt>
      <trkpt lat="50.05649656465368" lon="-122.97277751751504">
        <ele>1854.4</ele>
      </trkpt>
      <trkpt lat="50.05649245474324" lon="-122.97277856552991">
        <ele>1854.4</ele>
      </trkpt>
      <trkpt lat="50.05648831806376" lon="-122.97277931572503">
        <ele>1854.4</ele>
      </trkpt>
      <trkpt lat="50.056484163506205" lon="-122.97277976648805">
        <ele>1854.4</ele>
      </trkpt>
      <trkpt lat="50.05648" lon="-122.9727799168501">
        <ele>1854.4</ele>
      </trkpt>
      <trkpt lat="50.05648" lon="-122.97284991685011">
        <ele>1854.4</ele>
      </trkpt>
      <trkpt lat="50.05647066660973" lon="-122.9728491595952">
        <ele>1854.4</ele>
      </trkpt>
      <trkpt lat="50.0564614342474" lon="-122.97284689602724">
        <ele>1854.4</ele>
      </trkpt>
      <trkpt lat="50.05645240284739" lon="-122.97284315064789">
        <ele>1854.4</ele>
      </trkpt>
      <trkpt lat="50.0564436701688" lon="-122.9728379639985">
        <ele>1854.4</ele>
      </trkpt>
      <trkpt lat="50.056435330737244" lon="-122.97283139222118">
        <ele>1854.4</ele>
      </trkpt>
      <trkpt lat="50.0564274748217" lon="-122.97282350645122">
        <ele>1854.4</ele>
      </trkpt>
      <trkpt lat="50.056420187457405" lon="-122.97281439204697">
        <ele>1854.4</ele>
      </trkpt>
      <trkpt lat="50.05641354752539" lon="-122.97280414766603">
        <ele>1854.4</ele>
      </trkpt>
      <trkpt lat="50.056407626898626" lon="-122.97279288419719">
        <ele>1854.4</ele>
      </trkpt>
      <trkpt lat="50.05640248966411" lon="-122.97278072356028">
        <ele>1854.4</ele>
      </trkpt>
      <trkpt lat="50.05639819142908" lon="-122.97276779738634">
        <ele>1854.4</ele>
      </trkpt>
      <trkpt lat="50.056394778719174" lon="-122.9727542455929">
        <ele>1854.4</ele>
      </trkpt>
      <trkpt lat="50.05636477871917" lon="-122.97276424556522">
        <ele>1854.4</ele>
      </trkpt>
      <trkpt lat="50.05636390898524" lon="-122.97275995259123">
        <ele>1854.4</ele>
      </trkpt>
      <trkpt lat="50.056363128367984" lon="-122.97275561826054">
        <ele>1854.4</ele>
      </trkpt>
      <trkpt lat="50.05636243767545" lon="-122.97275124705976">
        <ele>1854.4</ele>
      </trkpt>
      <trkpt lat="50.05636183762261" lon="-122.97274684351376">
        <ele>1854.4</ele>
      </trkpt>
      <trkpt lat="50.056361328830604" lon="-122.97274241218084">
        <ele>1854.4</ele>
      </trkpt>
      <trkpt lat="50.05636091182611" lon="-122.97273795764806">
        <ele>1854.4</ele>
      </trkpt>
      <trkpt lat="50.05636058704078" lon="-122.97273348452651">
        <ele>1854.4</ele>
      </trkpt>
      <trkpt lat="50.05636035481081" lon="-122.97272899744652">
        <ele>1854.4</ele>
      </trkpt>
      <trkpt lat="50.05636021537661" lon="-122.97272450105288">
        <ele>1854.4</ele>
      </trkpt>
      <trkpt lat="50.0563601688825" lon="-122.97272">
        <ele>1854.4</ele>
      </trkpt>
      <trkpt lat="50.0563201688825" lon="-122.97272">
        <ele>1854.4</ele>
      </trkpt>
      <trkpt lat="50.05632067660198" lon="-122.97270514514646">
        <ele>1854.4</ele>
      </trkpt>
      <trkpt lat="50.056322194021206" lon="-122.97269045821022">
        <ele>1854.4</ele>
      </trkpt>
      <trkpt lat="50.056324703987485" lon="-122.97267610521041">
        <ele>1854.4</ele>
      </trkpt>
      <trkpt lat="50.056328178128496" lon="-122.97266224839144">
        <ele>1854.4</ele>
      </trkpt>
      <trkpt lat="50.05633257717301" lon="-122.97264904438894">
        <ele>1854.4</ele>
      </trkpt>
      <trkpt lat="50.056337851394815" lon="-122.9726366424592">
        <ele>1854.4</ele>
      </trkpt>
      <trkpt lat="50.05634394117481" lon="-122.97262518279194">
        <ele>1854.4</ele>
      </trkpt>
      <trkpt lat="50.056350777674936" lon="-122.97261479492573">
        <ele>1854.4</ele>
      </trkpt>
      <trkpt lat="50.05635828361632" lon="-122.97260559628364">
        <ele>1854.4</ele>
      </trkpt>
      <trkpt lat="50.05636637415279" lon="-122.97259769084586">
        <ele>1854.4</ele>
      </trkpt>
      <trkpt lat="50.056316374152786" lon="-122.97250769097332">
        <ele>1846.4</ele>
      </trkpt>
      <trkpt lat="50.05631009834634" lon="-122.97251365760327">
        <ele>1846.4</ele>
      </trkpt>
      <trkpt lat="50.0563041568444" lon="-122.97252040364204">
        <ele>1846.4</ele>
      </trkpt>
      <trkpt lat="50.05629858945069" lon="-122.97252788389608">
        <ele>1846.4</ele>
      </trkpt>
      <trkpt lat="50.05629343346266" lon="-122.9725360482532">
        <ele>1846.4</ele>
      </trkpt>
      <trkpt lat="50.05628872342166" lon="-122.9725448420182">
        <ele>1846.4</ele>
      </trkpt>
      <trkpt lat="50.05628449088151" lon="-122.97255420627927">
        <ele>1846.4</ele>
      </trkpt>
      <trkpt lat="50.05628076419712" lon="-122.97256407830272">
        <ele>1846.4</ele>
      </trkpt>
      <trkpt lat="50.05627756833455" lon="-122.97257439195324">
        <ele>1846.4</ele>
      </trkpt>
      <trkpt lat="50.056274924703736" lon="-122.97258507813694">
        <ele>1846.4</ele>
      </trkpt>
      <trkpt lat="50.05627285101507" lon="-122.97259606526421">
        <ele>1846.4</ele>
      </trkpt>
      <trkpt lat="50.056232851015075" lon="-122.9725860652925">
        <ele>1846.4</ele>
      </trkpt>
      <trkpt lat="50.056231031557815" lon="-122.97260065589337">
        <ele>1846.4</ele>
      </trkpt>
      <trkpt lat="50.056230216085446" lon="-122.97261546478728">
        <ele>1846.4</ele>
      </trkpt>
      <trkpt lat="50.05623041380035" lon="-122.97263032485984">
        <ele>1846.4</ele>
      </trkpt>
      <trkpt lat="50.05623162247136" lon="-122.97264506841913">
        <ele>1846.4</ele>
      </trkpt>
      <trkpt lat="50.05623382845896" lon="-122.97265952908806">
        <ele>1846.4</ele>
      </trkpt>
      <trkpt lat="50.05623700686916" lon="-122.9726735436819">
        <ele>1846.4</ele>
      </trkpt>
      <trkpt lat="50.056241121834475" lon="-122.97268695404973">
        <ele>1846.4</ele>
      </trkpt>
      <trkpt lat="50.05624612691862" lon="-122.97269960885916">
        <ele>1846.4</ele>
      </trkpt>
      <trkpt lat="50.05625196564058" lon="-122.97271136530406">
        <ele>1846.4</ele>
      </trkpt>
      <trkpt lat="50.056258572111936" lon="-122.97272209071615">
        <ele>1846.4</ele>
      </trkpt>
      <trkpt lat="50.05626587178045" lon="-122.97273166406202">
        <ele>1846.4</ele>
      </trkpt>
      <trkpt lat="50.05627378227133" lon="-122.97273997730906">
        <ele>1846.4</ele>
      </trkpt>
      <trkpt lat="50.05624378227133" lon="-122.97278997723404">
        <ele>1846.4</ele>
      </trkpt>
      <trkpt lat="50.05624801054608" lon="-122.97279369046684">
        <ele>1846.4</ele>
      </trkpt>
      <trkpt lat="50.056252361422544" lon="-122.97279704254557">
        <ele>1846.4</ele>
      </trkpt>
      <trkpt lat="50.05625682219694" lon="-122.9728000236827">
        <ele>1846.4</ele>
      </trkpt>
      <trkpt lat="50.056261379844614" lon="-122.97280262517387">
        <ele>1846.4</ele>
      </trkpt>
      <trkpt lat="50.05626602105803" lon="-122.97280483942319">
        <ele>1846.4</ele>
      </trkpt>
      <trkpt lat="50.05627073228568" lon="-122.97280665996546">
        <ele>1846.4</ele>
      </trkpt>
      <trkpt lat="50.05627549977162" lon="-122.97280808148498">
        <ele>1846.4</ele>
      </trkpt>
      <trkpt lat="50.05628030959564" lon="-122.97280909983121">
        <ele>1846.4</ele>
      </trkpt>
      <trkpt lat="50.056285147713915" lon="-122.97280971203072">
        <ele>1846.4</ele>
      </trkpt>
      <trkpt lat="50.05629" lon="-122.97280991629604">
        <ele>1846.4</ele>
      </trkpt>
      <trkpt lat="50.05629" lon="-122.97288">
        <ele>1844.0</ele>
      </trkpt>
      <trkpt lat="50.056261867072756" lon="-122.97323934163063">
        <ele>1839.1</ele>
      </trkpt>
      <trkpt lat="50.05626361783149" lon="-122.97323956267203">
        <ele>1839.1</ele>
      </trkpt>
      <trkpt lat="50.05626537103034" lon="-122.97323973035384">
        <ele>1839.1</ele>
      </trkpt>
      <trkpt lat="50.056267125999014" lon="-122.97323984461192">
        <ele>1839.1</ele>
      </trkpt>
      <trkpt lat="50.05626888206651" lon="-122.97323990540262">
        <ele>1839.1</ele>
      </trkpt>
      <trkpt lat="50.056270638561436" lon="-122.97323991270268">
        <ele>1839.1</ele>
      </trkpt>
      <trkpt lat="50.05627239481221" lon="-122.97323986650932">
        <ele>1839.1</ele>
      </trkpt>
      <trkpt lat="50.056274150147374" lon="-122.97323976684018">
        <ele>1839.1</ele>
      </trkpt>
      <trkpt lat="50.05627590389579" lon="-122.97323961373338">
        <ele>1839.1</ele>
      </trkpt>
      <trkpt lat="50.05627765538694" lon="-122.97323940724746">
        <ele>1839.1</ele>
      </trkpt>
      <trkpt lat="50.05627940395117" lon="-122.97323914746137">
        <ele>1839.1</ele>
      </trkpt>
      <trkpt lat="50.05629" lon="-122.97329">
        <ele>1839.1</ele>
      </trkpt>
      <trkpt lat="50.056306889732205" lon="-122.97355950419966">
        <ele>1837.4</ele>
      </trkpt>
      <trkpt lat="50.056305350723484" lon="-122.97355966790009">
        <ele>1837.4</ele>
      </trkpt>
      <trkpt lat="50.05630381013693" lon="-122.97355979041487">
        <ele>1837.4</ele>
      </trkpt>
      <trkpt lat="50.05630226842683" lon="-122.97355987170788">
        <ele>1837.4</ele>
      </trkpt>
      <trkpt lat="50.05630072604781" lon="-122.97355991175515">
        <ele>1837.4</ele>
      </trkpt>
      <trkpt lat="50.0562991834547" lon="-122.97355991054486">
        <ele>1837.4</ele>
      </trkpt>
      <trkpt lat="50.05629764110236" lon="-122.97355986807737">
        <ele>1837.4</ele>
      </trkpt>
      <trkpt lat="50.056296099445625" lon="-122.97355978436522">
        <ele>1837.4</ele>
      </trkpt>
      <trkpt lat="50.0562945589391" lon="-122.97355965943306">
        <ele>1837.4</ele>
      </trkpt>
      <trkpt lat="50.056293020037046" lon="-122.97355949331777">
        <ele>1837.4</ele>
      </trkpt>
      <trkpt lat="50.05629148319326" lon="-122.9735592860683">
        <ele>1837.4</ele>
      </trkpt>
      <trkpt lat="50.056271483193264" lon="-122.97376928601022">
        <ele>1835.0</ele>
      </trkpt>
      <trkpt lat="50.05627332355196" lon="-122.97376952929757">
        <ele>1835.0</ele>
      </trkpt>
      <trkpt lat="50.05627516673304" lon="-122.97376971360093">
        <ele>1835.0</ele>
      </trkpt>
      <trkpt lat="50.056277011957306" lon="-122.9737698388424">
        <ele>1835.0</ele>
      </trkpt>
      <trkpt lat="50.05627885844473" lon="-122.97376990496903">
        <ele>1835.0</ele>
      </trkpt>
      <trkpt lat="50.05628070541472" lon="-122.97376991195289">
        <ele>1835.0</ele>
      </trkpt>
      <trkpt lat="50.056282552086515" lon="-122.973769859791">
        <ele>1835.0</ele>
      </trkpt>
      <trkpt lat="50.05628439767945" lon="-122.97376974850543">
        <ele>1835.0</ele>
      </trkpt>
      <trkpt lat="50.056286241413325" lon="-122.97376957814322">
        <ele>1835.0</ele>
      </trkpt>
      <trkpt lat="50.05628808250874" lon="-122.97376934877639">
        <ele>1835.0</ele>
      </trkpt>
      <trkpt lat="50.05628992018739" lon="-122.97376906050188">
        <ele>1835.0</ele>
      </trkpt>
      <trkpt lat="50.056299920187385" lon="-122.97385906053086">
        <ele>1835.0</ele>
      </trkpt>
      <trkpt lat="50.05630591724473" lon="-122.97385770233399">
        <ele>1835.0</ele>
      </trkpt>
      <trkpt lat="50.05631184186226" lon="-122.97385571745016">
        <ele>1835.0</ele>
      </trkpt>
      <trkpt lat="50.05631766707691" lon="-122.97385311491264">
        <ele>1835.0</ele>
      </trkpt>
      <trkpt lat="50.05632336637796" lon="-122.97384990656565">
        <ele>1835.0</ele>
      </trkpt>
      <trkpt lat="50.05632891382775" lon="-122.97384610701044">
        <ele>1835.0</ele>
      </trkpt>
      <trkpt lat="50.05633428417968" lon="-122.97384173353892">
        <ele>1835.0</ele>
      </trkpt>
      <trkpt lat="50.056339452993136" lon="-122.97383680605483">
        <ele>1835.0</ele>
      </trkpt>
      <trkpt lat="50.05634439674472" lon="-122.97383134698333">
        <ele>1835.0</ele>
      </trkpt>
      <trkpt lat="50.056349092935285" lon="-122.97382538116877">
        <ele>1835.0</ele>
      </trkpt>
      <trkpt lat="50.056353520192346" lon="-122.97381893576173">
        <ele>1835.0</ele>
      </trkpt>
      <trkpt lat="50.05642352019235" lon="-122.97388893590606">
        <ele>1835.0</ele>
      </trkpt>
      <trkpt lat="50.05642167744981" lon="-122.97389172512138">
        <ele>1835.0</ele>
      </trkpt>
      <trkpt lat="50.05641978424288" lon="-122.97389443110535">
        <ele>1835.0</ele>
      </trkpt>
      <trkpt lat="50.05641784212057" lon="-122.97389705164396">
        <ele>1835.0</ele>
      </trkpt>
      <trkpt lat="50.05641585267192" lon="-122.97389958459307">
        <ele>1835.0</ele>
      </trkpt>
      <trkpt lat="50.05641381752471" lon="-122.97390202788024">
        <ele>1835.0</ele>
      </trkpt>
      <trkpt lat="50.056411738344075" lon="-122.97390437950637">
        <ele>1835.0</ele>
      </trkpt>
      <trkpt lat="50.0564096168312" lon="-122.97390663754734">
        <ele>1835.0</ele>
      </trkpt>
      <trkpt lat="50.05640745472192" lon="-122.97390880015567">
        <ele>1835.0</ele>
      </trkpt>
      <trkpt lat="50.05640525378526" lon="-122.97391086556188">
        <ele>1835.0</ele>
      </trkpt>
      <trkpt lat="50.05640301582201" lon="-122.97391283207608">
        <ele>1835.0</ele>
      </trkpt>
      <trkpt lat="50.05646301582202" lon="-122.97402283222968">
        <ele>1832.4</ele>
      </trkpt>
      <trkpt lat="50.05646643302219" lon="-122.97401977572216">
        <ele>1832.4</ele>
      </trkpt>
      <trkpt lat="50.05646976087245" lon="-122.97401648873321">
        <ele>1832.4</ele>
      </trkpt>
      <trkpt lat="50.05647299296912" lon="-122.97401297758789">
        <ele>1832.4</ele>
      </trkpt>
      <trkpt lat="50.056476123092736" lon="-122.97400924904264">
        <ele>1832.4</ele>
      </trkpt>
      <trkpt lat="50.05647914522009" lon="-122.97400531027218">
        <ele>1832.4</ele>
      </trkpt>
      <trkpt lat="50.05648205353577" lon="-122.97400116885579">
        <ele>1832.4</ele>
      </trkpt>
      <trkpt lat="50.05648484244338" lon="-122.9739968327627">
        <ele>1832.4</ele>
      </trkpt>
      <trkpt lat="50.0564875065763" lon="-122.97399231033674">
        <ele>1832.4</ele>
      </trkpt>
      <trkpt lat="50.05649004080801" lon="-122.97398761028032">
        <ele>1832.4</ele>
      </trkpt>
      <trkpt lat="50.056492440261934" lon="-122.97398274163761">
        <ele>1832.4</ele>
      </trkpt>
      <trkpt lat="50.05664244026193" lon="-122.9740927418963">
        <ele>1832.4</ele>
      </trkpt>
      <trkpt lat="50.05664130111404" lon="-122.97409510851108">
        <ele>1832.4</ele>
      </trkpt>
      <trkpt lat="50.056640130101336" lon="-122.97409743709048">
        <ele>1832.4</ele>
      </trkpt>
      <trkpt lat="50.05663892774716" lon="-122.97409972659382">
        <ele>1832.4</ele>
      </trkpt>
      <trkpt lat="50.05663769458885" lon="-122.97410197599793">
        <ele>1832.4</ele>
      </trkpt>
      <trkpt lat="50.05663643117751" lon="-122.97410418429752">
        <ele>1832.4</ele>
      </trkpt>
      <trkpt lat="50.05663513807775" lon="-122.9741063505057">
        <ele>1832.4</ele>
      </trkpt>
      <trkpt lat="50.056633815867485" lon="-122.97410847365438">
        <ele>1832.4</ele>
      </trkpt>
      <trkpt lat="50.056632465137604" lon="-122.97411055279474">
        <ele>1832.4</ele>
      </trkpt>
      <trkpt lat="50.05663108649176" lon="-122.97411258699756">
        <ele>1832.4</ele>
      </trkpt>
      <trkpt lat="50.056629680546074" lon="-122.97411457535377">
        <ele>1832.4</ele>
      </trkpt>
      <trkpt lat="50.056789680546075" lon="-122.97429457570249">
        <ele>1830.5</ele>
      </trkpt>
      <trkpt lat="50.05679067703327" lon="-122.97429317516973">
        <ele>1830.5</ele>
      </trkpt>
      <trkpt lat="50.056791659974536" lon="-122.97429175160349">
        <ele>1830.5</ele>
      </trkpt>
      <trkpt lat="50.056792629150436" lon="-122.97429030532157">
        <ele>1830.5</ele>
      </trkpt>
      <trkpt lat="50.056793584344604" lon="-122.97428883664685">
        <ele>1830.5</ele>
      </trkpt>
      <trkpt lat="50.0567945253438" lon="-122.9742873459072">
        <ele>1830.5</ele>
      </trkpt>
      <trkpt lat="50.05679545193794" lon="-122.97428583343543">
        <ele>1830.5</ele>
      </trkpt>
      <trkpt lat="50.05679636392017" lon="-122.97428429956919">
        <ele>1830.5</ele>
      </trkpt>
      <trkpt lat="50.0567972610869" lon="-122.97428274465092">
        <ele>1830.5</ele>
      </trkpt>
      <trkpt lat="50.056798143237835" lon="-122.97428116902773">
        <ele>1830.5</ele>
      </trkpt>
      <trkpt lat="50.056799010176036" lon="-122.9742795730514">
        <ele>1830.5</ele>
      </trkpt>
      <trkpt lat="50.05691901017603" lon="-122.97437957327543">
        <ele>1830.5</ele>
      </trkpt>
      <trkpt lat="50.05691658045976" lon="-122.97438392877004">
        <ele>1830.5</ele>
      </trkpt>
      <trkpt lat="50.05691403751792" lon="-122.97438812453102">
        <ele>1830.5</ele>
      </trkpt>
      <trkpt lat="50.05691138567499" lon="-122.97439215342312">
        <ele>1830.5</ele>
      </trkpt>
      <trkpt lat="50.056908629440635" lon="-122.97439600859488">
        <ele>1830.5</ele>
      </trkpt>
      <trkpt lat="50.05690577350207" lon="-122.97439968349026">
        <ele>1830.5</ele>
      </trkpt>
      <trkpt lat="50.05690282271606" lon="-122.97440317185979">
        <ele>1830.5</ele>
      </trkpt>
      <trkpt lat="50.05689978210065" lon="-122.97440646777122">
        <ele>1830.5</ele>
      </trkpt>
      <trkpt lat="50.056896656826666" lon="-122.97440956561958">
        <ele>1830.5</ele>
      </trkpt>
      <trkpt lat="50.05689345220889" lon="-122.97441246013672">
        <ele>1830.5</ele>
      </trkpt>
      <trkpt lat="50.05689017369704" lon="-122.97441514640028">
        <ele>1830.5</ele>
      </trkpt>
      <trkpt lat="50.05694017369704" lon="-122.97451514653069">
        <ele>1830.5</ele>
      </trkpt>
      <trkpt lat="50.05693890111923" lon="-122.97451611812548">
        <ele>1830.5</ele>
      </trkpt>
      <trkpt lat="50.05693761885875" lon="-122.97451705832887">
        <ele>1830.5</ele>
      </trkpt>
      <trkpt lat="50.05693632723476" lon="-122.97451796690687">
        <ele>1830.5</ele>
      </trkpt>
      <trkpt lat="50.05693502656875" lon="-122.97451884363333">
        <ele>1830.5</ele>
      </trkpt>
      <trkpt lat="50.05693371718448" lon="-122.97451968829002">
        <ele>1830.5</ele>
      </trkpt>
      <trkpt lat="50.056932399407835" lon="-122.97452050066669">
        <ele>1830.5</ele>
      </trkpt>
      <trkpt lat="50.05693107356684" lon="-122.97452128056115">
        <ele>1830.5</ele>
      </trkpt>
      <trkpt lat="50.05692973999148" lon="-122.97452202777927">
        <ele>1830.5</ele>
      </trkpt>
      <trkpt lat="50.056928399013714" lon="-122.97452274213506">
        <ele>1830.5</ele>
      </trkpt>
      <trkpt lat="50.056927050967296" lon="-122.97452342345075">
        <ele>1830.5</ele>
      </trkpt>
      <trkpt lat="50.056987050967294" lon="-122.9747134236176">
        <ele>1827.0</ele>
      </trkpt>
      <trkpt lat="50.056989456593264" lon="-122.97471218198659">
        <ele>1827.0</ele>
      </trkpt>
      <trkpt lat="50.056991838775176" lon="-122.97471083515389">
        <ele>1827.0</ele>
      </trkpt>
      <trkpt lat="50.05699419561707" lon="-122.97470938419141">
        <ele>1827.0</ele>
      </trkpt>
      <trkpt lat="50.056996525243186" lon="-122.97470783025398">
        <ele>1827.0</ele>
      </trkpt>
      <trkpt lat="50.0569988257994" lon="-122.97470617457833">
        <ele>1827.0</ele>
      </trkpt>
      <trkpt lat="50.05700109545473" lon="-122.97470441848222">
        <ele>1827.0</ele>
      </trkpt>
      <trkpt lat="50.05700333240279" lon="-122.97470256336325">
        <ele>1827.0</ele>
      </trkpt>
      <trkpt lat="50.057005534863244" lon="-122.97470061069794">
        <ele>1827.0</ele>
      </trkpt>
      <trkpt lat="50.057007701083165" lon="-122.97469856204034">
        <ele>1827.0</ele>
      </trkpt>
      <trkpt lat="50.057009829338504" lon="-122.97469641902097">
        <ele>1827.0</ele>
      </trkpt>
      <trkpt lat="50.05706" lon="-122.97473">
        <ele>1825.6</ele>
      </trkpt>
      <trkpt lat="50.057184568715265" lon="-122.97499148351665">
        <ele>1825.6</ele>
      </trkpt>
      <trkpt lat="50.05718348314258" lon="-122.97499243423614">
        <ele>1825.6</ele>
      </trkpt>
      <trkpt lat="50.057182389212144" lon="-122.97499336142297">
        <ele>1825.6</ele>
      </trkpt>
      <trkpt lat="50.05718128713423" lon="-122.9749942648989">
        <ele>1825.6</ele>
      </trkpt>
      <trkpt lat="50.057180177120635" lon="-122.9749951444903">
        <ele>1825.6</ele>
      </trkpt>
      <trkpt lat="50.057179059384744" lon="-122.97499600002807">
        <ele>1825.6</ele>
      </trkpt>
      <trkpt lat="50.05717793414137" lon="-122.9749968313478">
        <ele>1825.6</ele>
      </trkpt>
      <trkpt lat="50.0571768016068" lon="-122.9749976382897">
        <ele>1825.6</ele>
      </trkpt>
      <trkpt lat="50.05717566199872" lon="-122.97499842069865">
        <ele>1825.6</ele>
      </trkpt>
      <trkpt lat="50.05717451553616" lon="-122.9749991784243">
        <ele>1825.6</ele>
      </trkpt>
      <trkpt lat="50.057173362439485" lon="-122.97499991132099">
        <ele>1825.6</ele>
      </trkpt>
      <trkpt lat="50.05723336243949" lon="-122.97514991148346">
        <ele>1824.2</ele>
      </trkpt>
      <trkpt lat="50.05723478496743" lon="-122.97514900313384">
        <ele>1824.2</ele>
      </trkpt>
      <trkpt lat="50.05723619730646" lon="-122.97514805699774">
        <ele>1824.2</ele>
      </trkpt>
      <trkpt lat="50.05723759904289" lon="-122.97514707335229">
        <ele>1824.2</ele>
      </trkpt>
      <trkpt lat="50.05723898976614" lon="-122.97514605248564">
        <ele>1824.2</ele>
      </trkpt>
      <trkpt lat="50.05724036906884" lon="-122.97514499469678">
        <ele>1824.2</ele>
      </trkpt>
      <trkpt lat="50.05724173654699" lon="-122.97514390029556">
        <ele>1824.2</ele>
      </trkpt>
      <trkpt lat="50.05724309180003" lon="-122.97514276960254">
        <ele>1824.2</ele>
      </trkpt>
      <trkpt lat="50.057244434431" lon="-122.97514160294892">
        <ele>1824.2</ele>
      </trkpt>
      <trkpt lat="50.05724576404661" lon="-122.97514040067644">
        <ele>1824.2</ele>
      </trkpt>
      <trkpt lat="50.057247080257426" lon="-122.97513916313721">
        <ele>1824.2</ele>
      </trkpt>
      <trkpt lat="50.05732708025742" lon="-122.97526916333591">
        <ele>1820.7</ele>
      </trkpt>
      <trkpt lat="50.057328855495804" lon="-122.97526741687176">
        <ele>1820.7</ele>
      </trkpt>
      <trkpt lat="50.05733060404277" lon="-122.97526560625879">
        <ele>1820.7</ele>
      </trkpt>
      <trkpt lat="50.05733232494303" lon="-122.9752637324862">
        <ele>1820.7</ele>
      </trkpt>
      <trkpt lat="50.05733401725641" lon="-122.97526179657771">
        <ele>1820.7</ele>
      </trkpt>
      <trkpt lat="50.05733568005833" lon="-122.97525979959096">
        <ele>1820.7</ele>
      </trkpt>
      <trkpt lat="50.057337312440346" lon="-122.97525774261698">
        <ele>1820.7</ele>
      </trkpt>
      <trkpt lat="50.05733891351064" lon="-122.97525562677954">
        <ele>1820.7</ele>
      </trkpt>
      <trkpt lat="50.05734048239448" lon="-122.97525345323463">
        <ele>1820.7</ele>
      </trkpt>
      <trkpt lat="50.05734201823475" lon="-122.9752512231697">
        <ele>1820.7</ele>
      </trkpt>
      <trkpt lat="50.05734352019235" lon="-122.97524893780314">
        <ele>1820.7</ele>
      </trkpt>
      <trkpt lat="50.05742352019235" lon="-122.97532893796811">
        <ele>1820.7</ele>
      </trkpt>
      <trkpt lat="50.057424507101096" lon="-122.97532737651268">
        <ele>1820.7</ele>
      </trkpt>
      <trkpt lat="50.05742547819034" lon="-122.975325791177">
        <ele>1820.7</ele>
      </trkpt>
      <trkpt lat="50.05742643322195" lon="-122.97532418234981">
        <ele>1820.7</ele>
      </trkpt>
      <trkpt lat="50.057427371961715" lon="-122.97532255042569">
        <ele>1820.7</ele>
      </trkpt>
      <trkpt lat="50.05742829417941" lon="-122.97532089580481">
        <ele>1820.7</ele>
      </trkpt>
      <trkpt lat="50.05742919964889" lon="-122.97531921889298">
        <ele>1820.7</ele>
      </trkpt>
      <trkpt lat="50.05743008814808" lon="-122.97531752010141">
        <ele>1820.7</ele>
      </trkpt>
      <trkpt lat="50.05743095945911" lon="-122.97531579984673">
        <ele>1820.7</ele>
      </trkpt>
      <trkpt lat="50.0574318133683" lon="-122.9753140585508">
        <ele>1820.7</ele>
      </trkpt>
      <trkpt lat="50.05743264966622" lon="-122.97531229664064">
        <ele>1820.7</ele>
      </trkpt>
      <trkpt lat="50.05754264966622" lon="-122.97539229682933">
        <ele>1822.0</ele>
      </trkpt>
      <trkpt lat="50.0575437460585" lon="-122.97538989596754">
        <ele>1822.0</ele>
      </trkpt>
      <trkpt lat="50.057544809752585" lon="-122.97538745968076">
        <ele>1822.0</ele>
      </trkpt>
      <trkpt lat="50.05754584027684" lon="-122.97538498904922">
        <ele>1822.0</ele>
      </trkpt>
      <trkpt lat="50.057546837174336" lon="-122.97538248516832">
        <ele>1822.0</ele>
      </trkpt>
      <trkpt lat="50.05754780000307" lon="-122.9753799491483">
        <ele>1822.0</ele>
      </trkpt>
      <trkpt lat="50.05754872833614" lon="-122.9753773821136">
        <ele>1822.0</ele>
      </trkpt>
      <trkpt lat="50.05754962176191" lon="-122.9753747852024">
        <ele>1822.0</ele>
      </trkpt>
      <trkpt lat="50.05755047988426" lon="-122.97537215956615">
        <ele>1822.0</ele>
      </trkpt>
      <trkpt lat="50.057551302322715" lon="-122.97536950636902">
        <ele>1822.0</ele>
      </trkpt>
      <trkpt lat="50.0575520887126" lon="-122.97536682678741">
        <ele>1822.0</ele>
      </trkpt>
      <trkpt lat="50.05765" lon="-122.97539">
        <ele>1818.1</ele>
      </trkpt>
      <trkpt lat="50.0578025678252" lon="-122.9754751173719">
        <ele>1818.1</ele>
      </trkpt>
      <trkpt lat="50.057801634415284" lon="-122.97547839322166">
        <ele>1818.1</ele>
      </trkpt>
      <trkpt lat="50.05780064744508" lon="-122.97548163075966">
        <ele>1818.1</ele>
      </trkpt>
      <trkpt lat="50.057799607562124" lon="-122.97548482786175">
        <ele>1818.1</ele>
      </trkpt>
      <trkpt lat="50.057798515448695" lon="-122.97548798243032">
        <ele>1818.1</ele>
      </trkpt>
      <trkpt lat="50.05779737182133" lon="-122.97549109239566">
        <ele>1818.1</ele>
      </trkpt>
      <trkpt lat="50.057796177430355" lon="-122.97549415571731">
        <ele>1818.1</ele>
      </trkpt>
      <trkpt lat="50.057794933059405" lon="-122.97549717038545">
        <ele>1818.1</ele>
      </trkpt>
      <trkpt lat="50.057793639524924" lon="-122.97550013442213">
        <ele>1818.1</ele>
      </trkpt>
      <trkpt lat="50.05779229767559" lon="-122.97550304588268">
        <ele>1818.1</ele>
      </trkpt>
      <trkpt lat="50.057790908391794" lon="-122.97550590285687">
        <ele>1818.1</ele>
      </trkpt>
      <trkpt lat="50.057880908391795" lon="-122.975575903018">
        <ele>1814.0</ele>
      </trkpt>
      <trkpt lat="50.05787978489081" lon="-122.9755781068749">
        <ele>1814.0</ele>
      </trkpt>
      <trkpt lat="50.05787863316137" lon="-122.97558027509199">
        <ele>1814.0</ele>
      </trkpt>
      <trkpt lat="50.05787745366937" lon="-122.97558240679221">
        <ele>1814.0</ele>
      </trkpt>
      <trkpt lat="50.05787624689191" lon="-122.97558450111327">
        <ele>1814.0</ele>
      </trkpt>
      <trkpt lat="50.057875013317144" lon="-122.97558655720802">
        <ele>1814.0</ele>
      </trkpt>
      <trkpt lat="50.05787375344407" lon="-122.97558857424472">
        <ele>1814.0</ele>
      </trkpt>
      <trkpt lat="50.057872467782296" lon="-122.97559055140749">
        <ele>1814.0</ele>
      </trkpt>
      <trkpt lat="50.057871156851895" lon="-122.97559248789656">
        <ele>1814.0</ele>
      </trkpt>
      <trkpt lat="50.05786982118315" lon="-122.9755943829286">
        <ele>1814.0</ele>
      </trkpt>
      <trkpt lat="50.05786846131633" lon="-122.97559623573706">
        <ele>1814.0</ele>
      </trkpt>
      <trkpt lat="50.05792846131633" lon="-122.97566623586992">
        <ele>1817.0</ele>
      </trkpt>
      <trkpt lat="50.05792715855244" lon="-122.97566794208983">
        <ele>1817.0</ele>
      </trkpt>
      <trkpt lat="50.057925835267675" lon="-122.97566960955675">
        <ele>1817.0</ele>
      </trkpt>
      <trkpt lat="50.05792449193712" lon="-122.97567123767203">
        <ele>1817.0</ele>
      </trkpt>
      <trkpt lat="50.05792312904307" lon="-122.97567282585113">
        <ele>1817.0</ele>
      </trkpt>
      <trkpt lat="50.05792174707481" lon="-122.97567437352389">
        <ele>1817.0</ele>
      </trkpt>
      <trkpt lat="50.05792034652848" lon="-122.97567588013466">
        <ele>1817.0</ele>
      </trkpt>
      <trkpt lat="50.05791892790693" lon="-122.97567734514254">
        <ele>1817.0</ele>
      </trkpt>
      <trkpt lat="50.057917491719444" lon="-122.97567876802157">
        <ele>1817.0</ele>
      </trkpt>
      <trkpt lat="50.05791603848164" lon="-122.9756801482609">
        <ele>1817.0</ele>
      </trkpt>
      <trkpt lat="50.05791456871527" lon="-122.97568148536504">
        <ele>1817.0</ele>
      </trkpt>
      <trkpt lat="50.057994568715266" lon="-122.97582148556761">
        <ele>1817.0</ele>
      </trkpt>
      <trkpt lat="50.05799348314258" lon="-122.97582243630316">
        <ele>1817.0</ele>
      </trkpt>
      <trkpt lat="50.057992389212146" lon="-122.97582336350564">
        <ele>1817.0</ele>
      </trkpt>
      <trkpt lat="50.05799128713422" lon="-122.97582426699682">
        <ele>1817.0</ele>
      </trkpt>
      <trkpt lat="50.05799017712064" lon="-122.97582514660306">
        <ele>1817.0</ele>
      </trkpt>
      <trkpt lat="50.05798905938474" lon="-122.97582600215527">
        <ele>1817.0</ele>
      </trkpt>
      <trkpt lat="50.057987934141366" lon="-122.97582683348904">
        <ele>1817.0</ele>
      </trkpt>
      <trkpt lat="50.0579868016068" lon="-122.97582764044456">
        <ele>1817.0</ele>
      </trkpt>
      <trkpt lat="50.057985661998714" lon="-122.97582842286674">
        <ele>1817.0</ele>
      </trkpt>
      <trkpt lat="50.057984515536155" lon="-122.97582918060517">
        <ele>1817.0</ele>
      </trkpt>
      <trkpt lat="50.05798336243948" lon="-122.97582991351423">
        <ele>1817.0</ele>
      </trkpt>
      <trkpt lat="50.05802336243948" lon="-122.97592991362255">
        <ele>1817.0</ele>
      </trkpt>
      <trkpt lat="50.05802240733189" lon="-122.97593049885798">
        <ele>1817.0</ele>
      </trkpt>
      <trkpt lat="50.058021447993866" lon="-122.9759310670582">
        <ele>1817.0</ele>
      </trkpt>
      <trkpt lat="50.05802048455066" lon="-122.97593161814905">
        <ele>1817.0</ele>
      </trkpt>
      <trkpt lat="50.058019517128024" lon="-122.97593215205858">
        <ele>1817.0</ele>
      </trkpt>
      <trkpt lat="50.05801854585225" lon="-122.97593266871709">
        <ele>1817.0</ele>
      </trkpt>
      <trkpt lat="50.058017570850126" lon="-122.97593316805717">
        <ele>1817.0</ele>
      </trkpt>
      <trkpt lat="50.058016592248926" lon="-122.9759336500136">
        <ele>1817.0</ele>
      </trkpt>
      <trkpt lat="50.0580156101764" lon="-122.97593411452347">
        <ele>1817.0</ele>
      </trkpt>
      <trkpt lat="50.058014624760744" lon="-122.97593456152616">
        <ele>1817.0</ele>
      </trkpt>
      <trkpt lat="50.058013636130596" lon="-122.97593499096331">
        <ele>1817.0</ele>
      </trkpt>
      <trkpt lat="50.05802" lon="-122.97591">
        <ele>1820.4</ele>
      </trkpt>
      <trkpt lat="50.05807019938077" lon="-122.9761763382081">
        <ele>1820.4</ele>
      </trkpt>
      <trkpt lat="50.05807211397541" lon="-122.97617561548122">
        <ele>1820.4</ele>
      </trkpt>
      <trkpt lat="50.05807401793467" lon="-122.97617482753209">
        <ele>1820.4</ele>
      </trkpt>
      <trkpt lat="50.058075910342865" lon="-122.97617397473968">
        <ele>1820.4</ele>
      </trkpt>
      <trkpt lat="50.058077790289865" lon="-122.97617305751413">
        <ele>1820.4</ele>
      </trkpt>
      <trkpt lat="50.05807965687154" lon="-122.97617207629656">
        <ele>1820.4</ele>
      </trkpt>
      <trkpt lat="50.05808150919019" lon="-122.97617103155889">
        <ele>1820.4</ele>
      </trkpt>
      <trkpt lat="50.05808334635496" lon="-122.97616992380354">
        <ele>1820.4</ele>
      </trkpt>
      <trkpt lat="50.05808516748231" lon="-122.97616875356329">
        <ele>1820.4</ele>
      </trkpt>
      <trkpt lat="50.05808697169638" lon="-122.97616752140094">
        <ele>1820.4</ele>
      </trkpt>
      <trkpt lat="50.05808875812947" lon="-122.97616622790908">
        <ele>1820.4</ele>
      </trkpt>
      <trkpt lat="50.05816" lon="-122.97627">
        <ele>1812.5</ele>
      </trkpt>
      <trkpt lat="50.058236483872264" lon="-122.97648786221711">
        <ele>1812.5</ele>
      </trkpt>
      <trkpt lat="50.058235440350316" lon="-122.97648857231435">
        <ele>1812.5</ele>
      </trkpt>
      <trkpt lat="50.05823439113318" lon="-122.97648926175029">
        <ele>1812.5</ele>
      </trkpt>
      <trkpt lat="50.05823333638946" lon="-122.97648993041415">
        <ele>1812.5</ele>
      </trkpt>
      <trkpt lat="50.05823227628865" lon="-122.97649057819844">
        <ele>1812.5</ele>
      </trkpt>
      <trkpt lat="50.05823121100111" lon="-122.97649120499909">
        <ele>1812.5</ele>
      </trkpt>
      <trkpt lat="50.05823014069802" lon="-122.97649181071537">
        <ele>1812.5</ele>
      </trkpt>
      <trkpt lat="50.05822906555139" lon="-122.97649239524995">
        <ele>1812.5</ele>
      </trkpt>
      <trkpt lat="50.058227985733986" lon="-122.97649295850887">
        <ele>1812.5</ele>
      </trkpt>
      <trkpt lat="50.058226901419324" lon="-122.97649350040165">
        <ele>1812.5</ele>
      </trkpt>
      <trkpt lat="50.05822581278167" lon="-122.97649402084119">
        <ele>1812.5</ele>
      </trkpt>
      <trkpt lat="50.05826" lon="-122.97656">
        <ele>1809.4</ele>
      </trkpt>
      <trkpt lat="50.05832154181114" lon="-122.97677101317153">
        <ele>1809.4</ele>
      </trkpt>
      <trkpt lat="50.058325100449935" lon="-122.9767687985779">
        <ele>1809.4</ele>
      </trkpt>
      <trkpt lat="50.058328595211734" lon="-122.97676634959221">
        <ele>1809.4</ele>
      </trkpt>
      <trkpt lat="50.058332019736646" lon="-122.97676367067123">
        <ele>1809.4</ele>
      </trkpt>
      <trkpt lat="50.058335367792616" lon="-122.97676076669015">
        <ele>1809.4</ele>
      </trkpt>
      <trkpt lat="50.05833863328672" lon="-122.97675764293372">
        <ele>1809.4</ele>
      </trkpt>
      <trkpt lat="50.05834181027631" lon="-122.97675430508666">
        <ele>1809.4</ele>
      </trkpt>
      <trkpt lat="50.0583448929798" lon="-122.9767507592233">
        <ele>1809.4</ele>
      </trkpt>
      <trkpt lat="50.058347875787156" lon="-122.97674701179652">
        <ele>1809.4</ele>
      </trkpt>
      <trkpt lat="50.05835075327019" lon="-122.97674306962604">
        <ele>1809.4</ele>
      </trkpt>
      <trkpt lat="50.05835352019235" lon="-122.97673893988592">
        <ele>1809.4</ele>
      </trkpt>
      <trkpt lat="50.058413520192346" lon="-122.97679894000964">
        <ele>1797.9</ele>
      </trkpt>
      <trkpt lat="50.058414219185806" lon="-122.97679783913179">
        <ele>1797.9</ele>
      </trkpt>
      <trkpt lat="50.0584149103157" lon="-122.97679672627363">
        <ele>1797.9</ele>
      </trkpt>
      <trkpt lat="50.05841559349738" lon="-122.97679560157144">
        <ele>1797.9</ele>
      </trkpt>
      <trkpt lat="50.058416268647214" lon="-122.97679446516294">
        <ele>1797.9</ele>
      </trkpt>
      <trkpt lat="50.05841693568252" lon="-122.97679331718727">
        <ele>1797.9</ele>
      </trkpt>
      <trkpt lat="50.05841759452162" lon="-122.97679215778503">
        <ele>1797.9</ele>
      </trkpt>
      <trkpt lat="50.05841824508384" lon="-122.97679098709814">
        <ele>1797.9</ele>
      </trkpt>
      <trkpt lat="50.05841888728953" lon="-122.97678980526999">
        <ele>1797.9</ele>
      </trkpt>
      <trkpt lat="50.05841952106004" lon="-122.97678861244528">
        <ele>1797.9</ele>
      </trkpt>
      <trkpt lat="50.058420146317765" lon="-122.97678740877005">
        <ele>1797.9</ele>
      </trkpt>
      <trkpt lat="50.05847014631777" lon="-122.97682740886117">
        <ele>1797.9</ele>
      </trkpt>
      <trkpt lat="50.05847566687697" lon="-122.97681541428375">
        <ele>1797.9</ele>
      </trkpt>
      <trkpt lat="50.058480345631615" lon="-122.97680258071189">
        <ele>1797.9</ele>
      </trkpt>
      <trkpt lat="50.05848413052988" lon="-122.97678905092087">
        <ele>1797.9</ele>
      </trkpt>
      <trkpt lat="50.05848697946425" lon="-122.9767749754315">
        <ele>1797.9</ele>
      </trkpt>
      <trkpt lat="50.05848886073993" lon="-122.97676051083558">
        <ele>1797.9</ele>
      </trkpt>
      <trkpt lat="50.058489753427466" lon="-122.97674581805374">
        <ele>1797.9</ele>
      </trkpt>
      <trkpt lat="50.058489647595586" lon="-122.97673106054525">
        <ele>1797.9</ele>
      </trkpt>
      <trkpt lat="50.058488544421685" lon="-122.97671640248943">
        <ele>1797.9</ele>
      </trkpt>
      <trkpt lat="50.058486456178734" lon="-122.97670200695923">
        <ele>1797.9</ele>
      </trkpt>
      <trkpt lat="50.05848340609871" lon="-122.9766880341069">
        <ele>1797.9</ele>
      </trkpt>
      <trkpt lat="50.05853340609871" lon="-122.97666803405274">
        <ele>1797.9</ele>
      </trkpt>
      <trkpt lat="50.058531987292454" lon="-122.97666281793352">
        <ele>1797.9</ele>
      </trkpt>
      <trkpt lat="50.05853043409675" lon="-122.97665769554428">
        <ele>1797.9</ele>
      </trkpt>
      <trkpt lat="50.05852874905754" lon="-122.97665267528134">
        <ele>1797.9</ele>
      </trkpt>
      <trkpt lat="50.05852693493683" lon="-122.97664776537371">
        <ele>1797.9</ele>
      </trkpt>
      <trkpt lat="50.05852499470825" lon="-122.97664297386945">
        <ele>1797.9</ele>
      </trkpt>
      <trkpt lat="50.05852293155212" lon="-122.97663830862253">
        <ele>1797.9</ele>
      </trkpt>
      <trkpt lat="50.05852074885026" lon="-122.97663377727999">
        <ele>1797.9</ele>
      </trkpt>
      <trkpt lat="50.05851845018045" lon="-122.9766293872694">
        <ele>1797.9</ele>
      </trkpt>
      <trkpt lat="50.058516039310554" lon="-122.97662514578664">
        <ele>1797.9</ele>
      </trkpt>
      <trkpt lat="50.05851352019235" lon="-122.97662105978412">
        <ele>1797.9</ele>
      </trkpt>
      <trkpt lat="50.05855352019235" lon="-122.97658105970163">
        <ele>1797.9</ele>
      </trkpt>
      <trkpt lat="50.05855665825823" lon="-122.97658620198403">
        <ele>1797.9</ele>
      </trkpt>
      <trkpt lat="50.05855962494988" lon="-122.97659158541529">
        <ele>1797.9</ele>
      </trkpt>
      <trkpt lat="50.05856241264011" lon="-122.97659719615497">
        <ele>1797.9</ele>
      </trkpt>
      <trkpt lat="50.05856501416192" lon="-122.9766030197782">
        <ele>1797.9</ele>
      </trkpt>
      <trkpt lat="50.05856742282699" lon="-122.9766090413128">
        <ele>1797.9</ele>
      </trkpt>
      <trkpt lat="50.05856963244277" lon="-122.97661524527777">
        <ele>1797.9</ele>
      </trkpt>
      <trkpt lat="50.058571637328484" lon="-122.97662161572312">
        <ele>1797.9</ele>
      </trkpt>
      <trkpt lat="50.058573432329695" lon="-122.97662813627082">
        <ele>1797.9</ele>
      </trkpt>
      <trkpt lat="50.05857501283156" lon="-122.97663479015695">
        <ele>1797.9</ele>
      </trkpt>
      <trkpt lat="50.058576374770716" lon="-122.97664156027479">
        <ele>1797.9</ele>
      </trkpt>
      <trkpt lat="50.05864637477072" lon="-122.97662156021869">
        <ele>1801.7</ele>
      </trkpt>
      <trkpt lat="50.05864611803279" lon="-122.976620187169">
        <ele>1801.7</ele>
      </trkpt>
      <trkpt lat="50.05864585229887" lon="-122.97661881827823">
        <ele>1801.7</ele>
      </trkpt>
      <trkpt lat="50.058645577596714" lon="-122.97661745368933">
        <ele>1801.7</ele>
      </trkpt>
      <trkpt lat="50.05864529395502" lon="-122.97661609354486">
        <ele>1801.7</ele>
      </trkpt>
      <trkpt lat="50.05864500140341" lon="-122.97661473798694">
        <ele>1801.7</ele>
      </trkpt>
      <trkpt lat="50.058644699972454" lon="-122.97661338715713">
        <ele>1801.7</ele>
      </trkpt>
      <trkpt lat="50.05864438969363" lon="-122.97661204119656">
        <ele>1801.7</ele>
      </trkpt>
      <trkpt lat="50.058644070599364" lon="-122.97661070024581">
        <ele>1801.7</ele>
      </trkpt>
      <trkpt lat="50.05864374272297" lon="-122.976609364445">
        <ele>1801.7</ele>
      </trkpt>
      <trkpt lat="50.05864340609872" lon="-122.97660803393362">
        <ele>1801.7</ele>
      </trkpt>
      <trkpt lat="50.05869340609872" lon="-122.97658803387947">
        <ele>1801.7</ele>
      </trkpt>
      <trkpt lat="50.05869106343498" lon="-122.97657970670552">
        <ele>1801.7</ele>
      </trkpt>
      <trkpt lat="50.05868837853521" lon="-122.97657163407959">
        <ele>1801.7</ele>
      </trkpt>
      <trkpt lat="50.0586853627346" lon="-122.97656385008295">
        <ele>1801.7</ele>
      </trkpt>
      <trkpt lat="50.05868202876535" lon="-122.97655638757831">
        <ele>1801.7</ele>
      </trkpt>
      <trkpt lat="50.058678390702894" lon="-122.97654927807109">
        <ele>1801.7</ele>
      </trkpt>
      <trkpt lat="50.05867446390654" lon="-122.97654255157642">
        <ele>1801.7</ele>
      </trkpt>
      <trkpt lat="50.058670264954536" lon="-122.97653623649241">
        <ele>1801.7</ele>
      </trkpt>
      <trkpt lat="50.05866581157415" lon="-122.97653035948026">
        <ele>1801.7</ele>
      </trkpt>
      <trkpt lat="50.0586611225668" lon="-122.97652494535174">
        <ele>1801.7</ele>
      </trkpt>
      <trkpt lat="50.05865621772866" lon="-122.97652001696437">
        <ele>1801.7</ele>
      </trkpt>
      <trkpt lat="50.0587" lon="-122.97649">
        <ele>1801.5</ele>
      </trkpt>
      <trkpt lat="50.05877621772865" lon="-122.97632001666426">
        <ele>1801.5</ele>
      </trkpt>
      <trkpt lat="50.05877993487432" lon="-122.97632368644217">
        <ele>1801.5</ele>
      </trkpt>
      <trkpt lat="50.05878353217122" lon="-122.97632763538444">
        <ele>1801.5</ele>
      </trkpt>
      <trkpt lat="50.05878700098547" lon="-122.9763318540132">
        <ele>1801.5</ele>
      </trkpt>
      <trkpt lat="50.05879033299156" lon="-122.97633633220332">
        <ele>1801.5</ele>
      </trkpt>
      <trkpt lat="50.058793520192346" lon="-122.97634105920669">
        <ele>1801.5</ele>
      </trkpt>
      <trkpt lat="50.058796554938205" lon="-122.97634602367802">
        <ele>1801.5</ele>
      </trkpt>
      <trkpt lat="50.05879942994545" lon="-122.97635121370207">
        <ele>1801.5</ele>
      </trkpt>
      <trkpt lat="50.05880213831378" lon="-122.97635661682226">
        <ele>1801.5</ele>
      </trkpt>
      <trkpt lat="50.05880467354282" lon="-122.97636222007054">
        <ele>1801.5</ele>
      </trkpt>
      <trkpt lat="50.058807029547765" lon="-122.97636800999857">
        <ele>1801.5</ele>
      </trkpt>
      <trkpt lat="50.05885702954777" lon="-122.97633800992355">
        <ele>1801.5</ele>
      </trkpt>
      <trkpt lat="50.05885775874953" lon="-122.9763399377393">
        <ele>1801.5</ele>
      </trkpt>
      <trkpt lat="50.05885846806709" lon="-122.97634188347112">
        <ele>1801.5</ele>
      </trkpt>
      <trkpt lat="50.05885915731906" lon="-122.97634384662149">
        <ele>1801.5</ele>
      </trkpt>
      <trkpt lat="50.0588598263292" lon="-122.97634582668836">
        <ele>1801.5</ele>
      </trkpt>
      <trkpt lat="50.058860474926405" lon="-122.97634782316543">
        <ele>1801.5</ele>
      </trkpt>
      <trkpt lat="50.05886110294484" lon="-122.97634983554214">
        <ele>1801.5</ele>
      </trkpt>
      <trkpt lat="50.0588617102239" lon="-122.9763518633039">
        <ele>1801.5</ele>
      </trkpt>
      <trkpt lat="50.058862296608304" lon="-122.97635390593219">
        <ele>1801.5</ele>
      </trkpt>
      <trkpt lat="50.05886286194809" lon="-122.97635596290465">
        <ele>1801.5</ele>
      </trkpt>
      <trkpt lat="50.05886340609871" lon="-122.97635803369529">
        <ele>1801.5</ele>
      </trkpt>
      <trkpt lat="50.05891340609871" lon="-122.97633803364113">
        <ele>1801.5</ele>
      </trkpt>
      <trkpt lat="50.05891532840668" lon="-122.97634625600983">
        <ele>1801.5</ele>
      </trkpt>
      <trkpt lat="50.05891691699184" lon="-122.97635464946302">
        <ele>1801.5</ele>
      </trkpt>
      <trkpt lat="50.05891816564116" lon="-122.97636318117358">
        <ele>1801.5</ele>
      </trkpt>
      <trkpt lat="50.05891906947114" lon="-122.97637181777364">
        <ele>1801.5</ele>
      </trkpt>
      <trkpt lat="50.058919624946846" lon="-122.97638052548513">
        <ele>1801.5</ele>
      </trkpt>
      <trkpt lat="50.05891982989581" lon="-122.9763892702518">
        <ele>1801.5</ele>
      </trkpt>
      <trkpt lat="50.05891968351644" lon="-122.97639801787255">
        <ele>1801.5</ele>
      </trkpt>
      <trkpt lat="50.05891918638127" lon="-122.9764067341351">
        <ele>1801.5</ele>
      </trkpt>
      <trkpt lat="50.05891834043458" lon="-122.97641538494976">
        <ele>1801.5</ele>
      </trkpt>
      <trkpt lat="50.05891714898492" lon="-122.97642393648287">
        <ele>1801.5</ele>
      </trkpt>
      <trkpt lat="50.058957148984916" lon="-122.97643393651117">
        <ele>1801.5</ele>
      </trkpt>
      <trkpt lat="50.05895834043458" lon="-122.97642538497094">
        <ele>1801.5</ele>
      </trkpt>
      <trkpt lat="50.05895918638126" lon="-122.97641673414905">
        <ele>1801.5</ele>
      </trkpt>
      <trkpt lat="50.05895968351644" lon="-122.97640801787925">
        <ele>1801.5</ele>
      </trkpt>
      <trkpt lat="50.058959829895805" lon="-122.9763992702512">
        <ele>1801.5</ele>
      </trkpt>
      <trkpt lat="50.058959624946844" lon="-122.97639052547724">
        <ele>1801.5</ele>
      </trkpt>
      <trkpt lat="50.058959069471136" lon="-122.97638181775851">
        <ele>1801.5</ele>
      </trkpt>
      <trkpt lat="50.058958165641165" lon="-122.97637318115125">
        <ele>1801.5</ele>
      </trkpt>
      <trkpt lat="50.05895691699184" lon="-122.97636464943358">
        <ele>1801.5</ele>
      </trkpt>
      <trkpt lat="50.05895532840668" lon="-122.9763562559734">
        <ele>1801.5</ele>
      </trkpt>
      <trkpt lat="50.058953406098716" lon="-122.97634803359784">
        <ele>1801.5</ele>
      </trkpt>
      <trkpt lat="50.05900340609872" lon="-122.9763280335437">
        <ele>1799.5</ele>
      </trkpt>
      <trkpt lat="50.059000763876405" lon="-122.97631873872565">
        <ele>1799.5</ele>
      </trkpt>
      <trkpt lat="50.05899769540108" lon="-122.9763097672304">
        <ele>1799.5</ele>
      </trkpt>
      <trkpt lat="50.05899421686746" lon="-122.97630116640742">
        <ele>1799.5</ele>
      </trkpt>
      <trkpt lat="50.058990346634424" lon="-122.97629298164986">
        <ele>1799.5</ele>
      </trkpt>
      <trkpt lat="50.05898610512817" lon="-122.97628525615497">
        <ele>1799.5</ele>
      </trkpt>
      <trkpt lat="50.05898151473438" lon="-122.97627803069611">
        <ele>1799.5</ele>
      </trkpt>
      <trkpt lat="50.05897659968009" lon="-122.97627134340759">
        <ele>1799.5</ele>
      </trkpt>
      <trkpt lat="50.05897138590582" lon="-122.97626522958335">
        <ele>1799.5</ele>
      </trkpt>
      <trkpt lat="50.058965900928655" lon="-122.97625972149075">
        <ele>1799.5</ele>
      </trkpt>
      <trkpt lat="50.05896017369704" lon="-122.97625484820023">
        <ele>1799.5</ele>
      </trkpt>
      <trkpt lat="50.05900017369704" lon="-122.97617484809588">
        <ele>1799.5</ele>
      </trkpt>
      <trkpt lat="50.05900201955859" lon="-122.97617632745491">
        <ele>1799.5</ele>
      </trkpt>
      <trkpt lat="50.05900384298148" lon="-122.97617787285571">
        <ele>1799.5</ele>
      </trkpt>
      <trkpt lat="50.059005642992" lon="-122.97617948347306">
        <ele>1799.5</ele>
      </trkpt>
      <trkpt lat="50.059007418628916" lon="-122.97618115844686">
        <ele>1799.5</ele>
      </trkpt>
      <trkpt lat="50.05900916894404" lon="-122.97618289688266">
        <ele>1799.5</ele>
      </trkpt>
      <trkpt lat="50.059010893002686" lon="-122.97618469785215">
        <ele>1799.5</ele>
      </trkpt>
      <trkpt lat="50.05901258988421" lon="-122.97618656039357">
        <ele>1799.5</ele>
      </trkpt>
      <trkpt lat="50.05901425868246" lon="-122.97618848351233">
        <ele>1799.5</ele>
      </trkpt>
      <trkpt lat="50.059015898506296" lon="-122.97619046618148">
        <ele>1799.5</ele>
      </trkpt>
      <trkpt lat="50.05901750848003" lon="-122.97619250734225">
        <ele>1799.5</ele>
      </trkpt>
      <trkpt lat="50.059067508480034" lon="-122.97613250723023">
        <ele>1799.5</ele>
      </trkpt>
      <trkpt lat="50.05907099977228" lon="-122.97613728267095">
        <ele>1799.5</ele>
      </trkpt>
      <trkpt lat="50.05907432787392" lon="-122.9761423329078">
        <ele>1799.5</ele>
      </trkpt>
      <trkpt lat="50.05907748388141" lon="-122.97614764443009">
        <ele>1799.5</ele>
      </trkpt>
      <trkpt lat="50.05908045935159" lon="-122.97615320302805">
        <ele>1799.5</ele>
      </trkpt>
      <trkpt lat="50.05908324632428" lon="-122.97615899383098">
        <ele>1799.5</ele>
      </trkpt>
      <trkpt lat="50.05908583734359" lon="-122.97616500134693">
        <ele>1799.5</ele>
      </trkpt>
      <trkpt lat="50.05908822547786" lon="-122.97617120950422">
        <ele>1799.5</ele>
      </trkpt>
      <trkpt lat="50.059090404338185" lon="-122.97617760169435">
        <ele>1799.5</ele>
      </trkpt>
      <trkpt lat="50.05909236809555" lon="-122.97618416081653">
        <ele>1799.5</ele>
      </trkpt>
      <trkpt lat="50.059094111496364" lon="-122.97619086932336">
        <ele>1799.5</ele>
      </trkpt>
      <trkpt lat="50.05917411149636" lon="-122.97616086924143">
        <ele>1799.5</ele>
      </trkpt>
      <trkpt lat="50.05917568761224" lon="-122.97616799388437">
        <ele>1799.5</ele>
      </trkpt>
      <trkpt lat="50.059177015194734" lon="-122.97617524036434">
        <ele>1799.5</ele>
      </trkpt>
      <trkpt lat="50.05917809039326" lon="-122.97618258766319">
        <ele>1799.5</ele>
      </trkpt>
      <trkpt lat="50.059178910089244" lon="-122.97619001447038">
        <ele>1799.5</ele>
      </trkpt>
      <trkpt lat="50.05917947190519" lon="-122.97619749924478">
        <ele>1799.5</ele>
      </trkpt>
      <trkpt lat="50.05917977421158" lon="-122.97620502027709">
        <ele>1799.5</ele>
      </trkpt>
      <trkpt lat="50.059179816131575" lon="-122.9762125557529">
        <ele>1799.5</ele>
      </trkpt>
      <trkpt lat="50.0591795975436" lon="-122.97622008381583">
        <ele>1799.5</ele>
      </trkpt>
      <trkpt lat="50.059179119081655" lon="-122.9762275826311">
        <ele>1799.5</ele>
      </trkpt>
      <trkpt lat="50.059178382133496" lon="-122.97623503044865">
        <ele>1799.5</ele>
      </trkpt>
      <trkpt lat="50.059288382133495" lon="-122.97625503050605">
        <ele>1788.5</ele>
      </trkpt>
      <trkpt lat="50.05928754236274" lon="-122.97626138425414">
        <ele>1788.5</ele>
      </trkpt>
      <trkpt lat="50.05928651443666" lon="-122.97626767054787">
        <ele>1788.5</ele>
      </trkpt>
      <trkpt lat="50.05928530056458" lon="-122.97627387587607">
        <ele>1788.5</ele>
      </trkpt>
      <trkpt lat="50.05928390335549" lon="-122.97627998690159">
        <ele>1788.5</ele>
      </trkpt>
      <trkpt lat="50.059282325812426" lon="-122.97628599048996">
        <ele>1788.5</ele>
      </trkpt>
      <trkpt lat="50.059280571325985" lon="-122.97629187373764">
        <ele>1788.5</ele>
      </trkpt>
      <trkpt lat="50.05927864366712" lon="-122.97629762399971">
        <ele>1788.5</ele>
      </trkpt>
      <trkpt lat="50.05927654697895" lon="-122.97630322891712">
        <ele>1788.5</ele>
      </trkpt>
      <trkpt lat="50.0592742857679" lon="-122.97630867644318">
        <ele>1788.5</ele>
      </trkpt>
      <trkpt lat="50.059271864894" lon="-122.9763139548695">
        <ele>1788.5</ele>
      </trkpt>
      <trkpt lat="50.059311864894006" lon="-122.9763439549395">
        <ele>1788.5</ele>
      </trkpt>
      <trkpt lat="50.05931705442072" lon="-122.97633192615528">
        <ele>1788.5</ele>
      </trkpt>
      <trkpt lat="50.05932141734577" lon="-122.97631912578291">
        <ele>1788.5</ele>
      </trkpt>
      <trkpt lat="50.05932490686587" lon="-122.97630569113842">
        <ele>1788.5</ele>
      </trkpt>
      <trkpt lat="50.059327485547165" lon="-122.97629176634203">
        <ele>1788.5</ele>
      </trkpt>
      <trkpt lat="50.05932912572685" lon="-122.97627750077206">
        <ele>1788.5</ele>
      </trkpt>
      <trkpt lat="50.059329809809874" lon="-122.97626304746247">
        <ele>1788.5</ele>
      </trkpt>
      <trkpt lat="50.05932953045775" lon="-122.97624856146122">
        <ele>1788.5</ele>
      </trkpt>
      <trkpt lat="50.05932829066723" lon="-122.97623419816694">
        <ele>1788.5</ele>
      </trkpt>
      <trkpt lat="50.05932610373816" lon="-122.97622011166195">
        <ele>1788.5</ele>
      </trkpt>
      <trkpt lat="50.05932299313084" lon="-122.97620645305929">
        <ele>1788.5</ele>
      </trkpt>
      <trkpt lat="50.05931899221432" lon="-122.97619336888168">
        <ele>1788.5</ele>
      </trkpt>
      <trkpt lat="50.05931414390845" lon="-122.97618099948971">
        <ele>1788.5</ele>
      </trkpt>
      <trkpt lat="50.059308500223466" lon="-122.9761694775761">
        <ele>1788.5</ele>
      </trkpt>
      <trkpt lat="50.05930212170201" lon="-122.97615892674219">
        <ele>1788.5</ele>
      </trkpt>
      <trkpt lat="50.05929507676971" lon="-122.97614946017212">
        <ele>1788.5</ele>
      </trkpt>
      <trkpt lat="50.059287441001096" lon="-122.97614117941858">
        <ele>1788.5</ele>
      </trkpt>
      <trkpt lat="50.05927929630893" lon="-122.97613417331338">
        <ele>1788.5</ele>
      </trkpt>
      <trkpt lat="50.05927073006542" lon="-122.97612851701454">
        <ele>1788.5</ele>
      </trkpt>
      <trkpt lat="50.059261834165" lon="-122.97612427120005">
        <ele>1788.5</ele>
      </trkpt>
      <trkpt lat="50.05925270403847" lon="-122.9761214814169">
        <ele>1788.5</ele>
      </trkpt>
      <trkpt lat="50.05926270403847" lon="-122.97605148138803">
        <ele>1788.5</ele>
      </trkpt>
      <trkpt lat="50.05925949002493" lon="-122.97605085807393">
        <ele>1788.5</ele>
      </trkpt>
      <trkpt lat="50.059256263674946" lon="-122.97605041563567">
        <ele>1788.5</ele>
      </trkpt>
      <trkpt lat="50.059253029182585" lon="-122.97605015464835">
        <ele>1788.5</ele>
      </trkpt>
      <trkpt lat="50.05924979075247" lon="-122.97605007545125">
        <ele>1788.5</ele>
      </trkpt>
      <trkpt lat="50.05924655259437" lon="-122.97605017814735">
        <ele>1788.5</ele>
      </trkpt>
      <trkpt lat="50.05924331891767" lon="-122.9760504626031">
        <ele>1788.5</ele>
      </trkpt>
      <trkpt lat="50.05924009392597" lon="-122.97605092844877">
        <ele>1788.5</ele>
      </trkpt>
      <trkpt lat="50.05923688181154" lon="-122.97605157507877">
        <ele>1788.5</ele>
      </trkpt>
      <trkpt lat="50.05923368674995" lon="-122.97605240165252">
        <ele>1788.5</ele>
      </trkpt>
      <trkpt lat="50.05923051289455" lon="-122.97605340709555">
        <ele>1788.5</ele>
      </trkpt>
      <trkpt lat="50.05921051289455" lon="-122.97596340715249">
        <ele>1782.9</ele>
      </trkpt>
      <trkpt lat="50.05920799205474" lon="-122.97596433934217">
        <ele>1782.9</ele>
      </trkpt>
      <trkpt lat="50.05920548952242" lon="-122.9759653843823">
        <ele>1782.9</ele>
      </trkpt>
      <trkpt lat="50.05920300737935" lon="-122.97596654140358">
        <ele>1782.9</ele>
      </trkpt>
      <trkpt lat="50.05920054769032" lon="-122.9759678094435">
        <ele>1782.9</ele>
      </trkpt>
      <trkpt lat="50.059198112501434" lon="-122.97596918744726">
        <ele>1782.9</ele>
      </trkpt>
      <trkpt lat="50.05919570383844" lon="-122.97597067426855">
        <ele>1782.9</ele>
      </trkpt>
      <trkpt lat="50.059193323704996" lon="-122.97597226867055">
        <ele>1782.9</ele>
      </trkpt>
      <trkpt lat="50.059190974081034" lon="-122.97597396932692">
        <ele>1782.9</ele>
      </trkpt>
      <trkpt lat="50.059188656921116" lon="-122.97597577482296">
        <ele>1782.9</ele>
      </trkpt>
      <trkpt lat="50.05918637415279" lon="-122.97597768365677">
        <ele>1782.9</ele>
      </trkpt>
      <trkpt lat="50.05918" lon="-122.97601">
        <ele>1782.9</ele>
      </trkpt>
      <trkpt lat="50.05908637415279" lon="-122.97579768391171">
        <ele>1795.4</ele>
      </trkpt>
      <trkpt lat="50.05908480059106" lon="-122.97579907810591">
        <ele>1795.4</ele>
      </trkpt>
      <trkpt lat="50.05908324538574" lon="-122.97580052140898">
        <ele>1795.4</ele>
      </trkpt>
      <trkpt lat="50.05908170916844" lon="-122.97580201323478">
        <ele>1795.4</ele>
      </trkpt>
      <trkpt lat="50.059080192563044" lon="-122.97580355297745">
        <ele>1795.4</ele>
      </trkpt>
      <trkpt lat="50.05907869618547" lon="-122.97580514001166">
        <ele>1795.4</ele>
      </trkpt>
      <trkpt lat="50.059077220643445" lon="-122.97580677369288">
        <ele>1795.4</ele>
      </trkpt>
      <trkpt lat="50.0590757665362" lon="-122.97580845335766">
        <ele>1795.4</ele>
      </trkpt>
      <trkpt lat="50.05907433445429" lon="-122.97581017832381">
        <ele>1795.4</ele>
      </trkpt>
      <trkpt lat="50.059072924979304" lon="-122.97581194789083">
        <ele>1795.4</ele>
      </trkpt>
      <trkpt lat="50.05907153868367" lon="-122.97581376134004">
        <ele>1795.4</ele>
      </trkpt>
      <trkpt lat="50.05901153868366" lon="-122.9757437614729">
        <ele>1795.4</ele>
      </trkpt>
      <trkpt lat="50.059008235553655" lon="-122.97574839727383">
        <ele>1795.4</ele>
      </trkpt>
      <trkpt lat="50.05900508372877" lon="-122.97575328197222">
        <ele>1795.4</ele>
      </trkpt>
      <trkpt lat="50.05900209093008" lon="-122.97575840360196">
        <ele>1795.4</ele>
      </trkpt>
      <trkpt lat="50.058999264489074" lon="-122.9757637496165">
        <ele>1795.4</ele>
      </trkpt>
      <trkpt lat="50.05899661132972" lon="-122.9757693069197">
        <ele>1795.4</ele>
      </trkpt>
      <trkpt lat="50.0589941379515" lon="-122.97577506189772">
        <ele>1795.4</ele>
      </trkpt>
      <trkpt lat="50.05899185041347" lon="-122.97578100045253">
        <ele>1795.4</ele>
      </trkpt>
      <trkpt lat="50.058989754319455" lon="-122.97578710803639">
        <ele>1795.4</ele>
      </trkpt>
      <trkpt lat="50.058987854804265" lon="-122.97579336968745">
        <ele>1795.4</ele>
      </trkpt>
      <trkpt lat="50.05898615652118" lon="-122.9757997700665">
        <ele>1795.4</ele>
      </trkpt>
      <trkpt lat="50.05894" lon="-122.9758">
        <ele>1789.1</ele>
      </trkpt>
      <trkpt lat="50.05880659390129" lon="-122.97572803357615">
        <ele>1789.1</ele>
      </trkpt>
      <trkpt lat="50.058810684774215" lon="-122.9757143069552">
        <ele>1789.1</ele>
      </trkpt>
      <trkpt lat="50.058815703444054" lon="-122.97570134878448">
        <ele>1789.1</ele>
      </trkpt>
      <trkpt lat="50.05882159120447" lon="-122.97568931064336">
        <ele>1789.1</ele>
      </trkpt>
      <trkpt lat="50.05882827918286" lon="-122.97567833334905">
        <ele>1789.1</ele>
      </trkpt>
      <trkpt lat="50.058835689146" lon="-122.97566854530946">
        <ele>1789.1</ele>
      </trkpt>
      <trkpt lat="50.05884373441519" lon="-122.97566006102102">
        <ele>1789.1</ele>
      </trkpt>
      <trkpt lat="50.05885232088018" lon="-122.97565297972946">
        <ele>1789.1</ele>
      </trkpt>
      <trkpt lat="50.05886134810002" lon="-122.97564738426881">
        <ele>1789.1</ele>
      </trkpt>
      <trkpt lat="50.05887071047801" lon="-122.9756433400925">
        <ele>1789.1</ele>
      </trkpt>
      <trkpt lat="50.05888029849691" lon="-122.9756408945076">
        <ele>1789.1</ele>
      </trkpt>
      <trkpt lat="50.05889" lon="-122.97564007612159">
        <ele>1789.1</ele>
      </trkpt>
      <trkpt lat="50.05889" lon="-122.9755600761216">
        <ele>1789.1</ele>
      </trkpt>
      <trkpt lat="50.0588941635062" lon="-122.97556022649121">
        <ele>1789.1</ele>
      </trkpt>
      <trkpt lat="50.058898318063754" lon="-122.97556067727687">
        <ele>1789.1</ele>
      </trkpt>
      <trkpt lat="50.05890245474324" lon="-122.97556142750969">
        <ele>1789.1</ele>
      </trkpt>
      <trkpt lat="50.058906564653675" lon="-122.97556247557718">
        <ele>1789.1</ele>
      </trkpt>
      <trkpt lat="50.0589106389616" lon="-122.97556381922675">
        <ele>1789.1</ele>
      </trkpt>
      <trkpt lat="50.058914668910084" lon="-122.97556545557046">
        <ele>1789.1</ele>
      </trkpt>
      <trkpt lat="50.05891864583753" lon="-122.97556738109132">
        <ele>1789.1</ele>
      </trkpt>
      <trkpt lat="50.058922561196304" lon="-122.9755695916508">
        <ele>1789.1</ele>
      </trkpt>
      <trkpt lat="50.0589264065711" lon="-122.97557208249772">
        <ele>1789.1</ele>
      </trkpt>
      <trkpt lat="50.05893017369704" lon="-122.97557484827848">
        <ele>1789.1</ele>
      </trkpt>
      <trkpt lat="50.058960173697045" lon="-122.97551484820023">
        <ele>1789.1</ele>
      </trkpt>
      <trkpt lat="50.05896345220889" lon="-122.97551753457968">
        <ele>1789.1</ele>
      </trkpt>
      <trkpt lat="50.05896665682667" lon="-122.9755204292217">
        <ele>1789.1</ele>
      </trkpt>
      <trkpt lat="50.058969782100654" lon="-122.97552352720372">
        <ele>1789.1</ele>
      </trkpt>
      <trkpt lat="50.058972822716065" lon="-122.97552682325735">
        <ele>1789.1</ele>
      </trkpt>
      <trkpt lat="50.05897577350208" lon="-122.9755303117774">
        <ele>1789.1</ele>
      </trkpt>
      <trkpt lat="50.05897862944064" lon="-122.97553398683134">
        <ele>1789.1</ele>
      </trkpt>
      <trkpt lat="50.05898138567499" lon="-122.97553784216942">
        <ele>1789.1</ele>
      </trkpt>
      <trkpt lat="50.058984037517924" lon="-122.97554187123535">
        <ele>1789.1</ele>
      </trkpt>
      <trkpt lat="50.05898658045977" lon="-122.97554606717735">
        <ele>1789.1</ele>
      </trkpt>
      <trkpt lat="50.058989010176035" lon="-122.97555042285988">
        <ele>1789.1</ele>
      </trkpt>
      <trkpt lat="50.05904901017603" lon="-122.97550042274786">
        <ele>1789.1</ele>
      </trkpt>
      <trkpt lat="50.05905110667655" lon="-122.97550449346676">
        <ele>1789.1</ele>
      </trkpt>
      <trkpt lat="50.05905310426504" lon="-122.97550868312842">
        <ele>1789.1</ele>
      </trkpt>
      <trkpt lat="50.059055000162786" lon="-122.97551298590487">
        <ele>1789.1</ele>
      </trkpt>
      <trkpt lat="50.05905679173252" lon="-122.97551739581078">
        <ele>1789.1</ele>
      </trkpt>
      <trkpt lat="50.05905847648211" lon="-122.97552190671182">
        <ele>1789.1</ele>
      </trkpt>
      <trkpt lat="50.059060052067984" lon="-122.97552651233316">
        <ele>1789.1</ele>
      </trkpt>
      <trkpt lat="50.05906151629847" lon="-122.97553120626819">
        <ele>1789.1</ele>
      </trkpt>
      <trkpt lat="50.05906286713676" lon="-122.97553598198748">
        <ele>1789.1</ele>
      </trkpt>
      <trkpt lat="50.05906410270378" lon="-122.97554083284784">
        <ele>1789.1</ele>
      </trkpt>
      <trkpt lat="50.05906522128082" lon="-122.97554575210152">
        <ele>1789.1</ele>
      </trkpt>
      <trkpt lat="50.05912522128082" lon="-122.9755257520462">
        <ele>1789.1</ele>
      </trkpt>
      <trkpt lat="50.059125765385126" lon="-122.97552838080125">
        <ele>1789.1</ele>
      </trkpt>
      <trkpt lat="50.05912627607202" lon="-122.9755310257727">
        <ele>1789.1</ele>
      </trkpt>
      <trkpt lat="50.05912675314253" lon="-122.97553368592996">
        <ele>1789.1</ele>
      </trkpt>
      <trkpt lat="50.05912719641077" lon="-122.97553636023655">
        <ele>1789.1</ele>
      </trkpt>
      <trkpt lat="50.05912760570402" lon="-122.97553904765043">
        <ele>1789.1</ele>
      </trkpt>
      <trkpt lat="50.05912798086282" lon="-122.97554174712452">
        <ele>1789.1</ele>
      </trkpt>
      <trkpt lat="50.05912832174098" lon="-122.97554445760699">
        <ele>1789.1</ele>
      </trkpt>
      <trkpt lat="50.05912862820568" lon="-122.97554717804172">
        <ele>1789.1</ele>
      </trkpt>
      <trkpt lat="50.059128900137516" lon="-122.97554990736874">
        <ele>1789.1</ele>
      </trkpt>
      <trkpt lat="50.05912913743054" lon="-122.97555264452461">
        <ele>1789.1</ele>
      </trkpt>
      <trkpt lat="50.059209137430535" lon="-122.97554264449568">
        <ele>1789.1</ele>
      </trkpt>
      <trkpt lat="50.0592095456429" lon="-122.97554885361762">
        <ele>1789.1</ele>
      </trkpt>
      <trkpt lat="50.05920977567989" lon="-122.97555508491834">
        <ele>1789.1</ele>
      </trkpt>
      <trkpt lat="50.059209827083784" lon="-122.97556132599894">
        <ele>1789.1</ele>
      </trkpt>
      <trkpt lat="50.0592096997523" lon="-122.9755675644411">
        <ele>1789.1</ele>
      </trkpt>
      <trkpt lat="50.059209393938794" lon="-122.97557378783178">
        <ele>1789.1</ele>
      </trkpt>
      <trkpt lat="50.05920891025177" lon="-122.9755799837878">
        <ele>1789.1</ele>
      </trkpt>
      <trkpt lat="50.05920824965366" lon="-122.97558613998063">
        <ele>1789.1</ele>
      </trkpt>
      <trkpt lat="50.059207413458886" lon="-122.9755922441609">
        <ele>1789.1</ele>
      </trkpt>
      <trkpt lat="50.059206403331295" lon="-122.97559828418264">
        <ele>1789.1</ele>
      </trkpt>
      <trkpt lat="50.05920522128082" lon="-122.97560424802761">
        <ele>1789.1</ele>
      </trkpt>
      <trkpt lat="50.05932522128082" lon="-122.97564424813828">
        <ele>1778.4</ele>
      </trkpt>
      <trkpt lat="50.05932430902127" lon="-122.9756483025022">
        <ele>1778.4</ele>
      </trkpt>
      <trkpt lat="50.05932331728388" lon="-122.97565231133149">
        <ele>1778.4</ele>
      </trkpt>
      <trkpt lat="50.05932224700355" lon="-122.97565627084707">
        <ele>1778.4</ele>
      </trkpt>
      <trkpt lat="50.05932109918924" lon="-122.9756601773163">
        <ele>1778.4</ele>
      </trkpt>
      <trkpt lat="50.05931987492299" lon="-122.97566402705657">
        <ele>1778.4</ele>
      </trkpt>
      <trkpt lat="50.059318575358915" lon="-122.97566781643874">
        <ele>1778.4</ele>
      </trkpt>
      <trkpt lat="50.059317201722095" lon="-122.97567154189058">
        <ele>1778.4</ele>
      </trkpt>
      <trkpt lat="50.059315755307466" lon="-122.97567519990011">
        <ele>1778.4</ele>
      </trkpt>
      <trkpt lat="50.05931423747856" lon="-122.97567878701894">
        <ele>1778.4</ele>
      </trkpt>
      <trkpt lat="50.05931264966622" lon="-122.9756822998655">
        <ele>1778.4</ele>
      </trkpt>
      <trkpt lat="50.05942264966622" lon="-122.9757623000542">
        <ele>1778.4</ele>
      </trkpt>
      <trkpt lat="50.059423939006656" lon="-122.97575946526352">
        <ele>1778.4</ele>
      </trkpt>
      <trkpt lat="50.05942518276761" lon="-122.97575658148672">
        <ele>1778.4</ele>
      </trkpt>
      <trkpt lat="50.059426380182366" lon="-122.97575365050147">
        <ele>1778.4</ele>
      </trkpt>
      <trkpt lat="50.05942753051278" lon="-122.9757506741146">
        <ele>1778.4</ele>
      </trkpt>
      <trkpt lat="50.05942863304973" lon="-122.97574765416086">
        <ele>1778.4</ele>
      </trkpt>
      <trkpt lat="50.05942968711356" lon="-122.97574459250191">
        <ele>1778.4</ele>
      </trkpt>
      <trkpt lat="50.0594306920545" lon="-122.97574149102509">
        <ele>1778.4</ele>
      </trkpt>
      <trkpt lat="50.05943164725305" lon="-122.97573835164232">
        <ele>1778.4</ele>
      </trkpt>
      <trkpt lat="50.05943255212039" lon="-122.97573517628884">
        <ele>1778.4</ele>
      </trkpt>
      <trkpt lat="50.05943340609871" lon="-122.9757319669221">
        <ele>1778.4</ele>
      </trkpt>
      <trkpt lat="50.05958340609871" lon="-122.97579196708459">
        <ele>1766.2</ele>
      </trkpt>
      <trkpt lat="50.05958165110419" lon="-122.97579833874872">
        <ele>1766.2</ele>
      </trkpt>
      <trkpt lat="50.05957969563889" lon="-122.97580456717884">
        <ele>1766.2</ele>
      </trkpt>
      <trkpt lat="50.05957754450389" lon="-122.97581063708284">
        <ele>1766.2</ele>
      </trkpt>
      <trkpt lat="50.05957520298069" lon="-122.97581653355783">
        <ele>1766.2</ele>
      </trkpt>
      <trkpt lat="50.05957267681821" lon="-122.9758222421267">
        <ele>1766.2</ele>
      </trkpt>
      <trkpt lat="50.05956997221874" lon="-122.9758277487737">
        <ele>1766.2</ele>
      </trkpt>
      <trkpt lat="50.05956709582262" lon="-122.97583303997884">
        <ele>1766.2</ele>
      </trkpt>
      <trkpt lat="50.05956405469203" lon="-122.97583810275111">
        <ele>1766.2</ele>
      </trkpt>
      <trkpt lat="50.05956085629359" lon="-122.97584292466031">
        <ele>1766.2</ele>
      </trkpt>
      <trkpt lat="50.05955750848003" lon="-122.97584749386765">
        <ele>1766.2</ele>
      </trkpt>
      <trkpt lat="50.059657508480036" lon="-122.9759674940917">
        <ele>1773.4</ele>
      </trkpt>
      <trkpt lat="50.05965449960896" lon="-122.97597123256405">
        <ele>1773.4</ele>
      </trkpt>
      <trkpt lat="50.05965139069167" lon="-122.97597476684416">
        <ele>1773.4</ele>
      </trkpt>
      <trkpt lat="50.05964818743527" lon="-122.97597809044406">
        <ele>1773.4</ele>
      </trkpt>
      <trkpt lat="50.05964489572007" lon="-122.97598119726256">
        <ele>1773.4</ele>
      </trkpt>
      <trkpt lat="50.05964152158873" lon="-122.97598408159637">
        <ele>1773.4</ele>
      </trkpt>
      <trkpt lat="50.05963807123523" lon="-122.97598673815068">
        <ele>1773.4</ele>
      </trkpt>
      <trkpt lat="50.059634550993465" lon="-122.97598916204878">
        <ele>1773.4</ele>
      </trkpt>
      <trkpt lat="50.05963096732563" lon="-122.97599134884105">
        <ele>1773.4</ele>
      </trkpt>
      <trkpt lat="50.05962732681035" lon="-122.97599329451317">
        <ele>1773.4</ele>
      </trkpt>
      <trkpt lat="50.059623636130596" lon="-122.97599499549341">
        <ele>1773.4</ele>
      </trkpt>
      <trkpt lat="50.05963" lon="-122.97597">
        <ele>1773.4</ele>
      </trkpt>
      <trkpt lat="50.05967840709361" lon="-122.97616274554927">
        <ele>1773.4</ele>
      </trkpt>
      <trkpt lat="50.0596856925164" lon="-122.97615840684591">
        <ele>1773.4</ele>
      </trkpt>
      <trkpt lat="50.0596927088581" lon="-122.97615310010057">
        <ele>1773.4</ele>
      </trkpt>
      <trkpt lat="50.059699403223455" lon="-122.97614686532009">
        <ele>1773.4</ele>
      </trkpt>
      <trkpt lat="50.05970572514453" lon="-122.97613974950764">
        <ele>1773.4</ele>
      </trkpt>
      <trkpt lat="50.059711626961224" lon="-122.97613180630837">
        <ele>1773.4</ele>
      </trkpt>
      <trkpt lat="50.05971706418052" lon="-122.97612309560502">
        <ele>1773.4</ele>
      </trkpt>
      <trkpt lat="50.05972199581196" lon="-122.97611368306637">
        <ele>1773.4</ele>
      </trkpt>
      <trkpt lat="50.05972638467663" lon="-122.97610363965232">
        <ele>1773.4</ele>
      </trkpt>
      <trkpt lat="50.05973019768747" lon="-122.97609304107881">
        <ele>1773.4</ele>
      </trkpt>
      <trkpt lat="50.05973340609871" lon="-122.97608196724707">
        <ele>1773.4</ele>
      </trkpt>
      <trkpt lat="50.05978340609871" lon="-122.97610196730123">
        <ele>1773.4</ele>
      </trkpt>
      <trkpt lat="50.059786445026376" lon="-122.9760880555897">
        <ele>1773.4</ele>
      </trkpt>
      <trkpt lat="50.059788530542455" lon="-122.97607372415892">
        <ele>1773.4</ele>
      </trkpt>
      <trkpt lat="50.05978963964559" lon="-122.97605913107184">
        <ele>1773.4</ele>
      </trkpt>
      <trkpt lat="50.05978976010333" lon="-122.97604443727715">
        <ele>1773.4</ele>
      </trkpt>
      <trkpt lat="50.05978889058715" lon="-122.97602980483435">
        <ele>1773.4</ele>
      </trkpt>
      <trkpt lat="50.05978704068704" lon="-122.97601539512624">
        <ele>1773.4</ele>
      </trkpt>
      <trkpt lat="50.059784230805754" lon="-122.97600136707902">
        <ele>1773.4</ele>
      </trkpt>
      <trkpt lat="50.059780491933765" lon="-122.97598787540956">
        <ele>1773.4</ele>
      </trkpt>
      <trkpt lat="50.0597758653075" lon="-122.97597506891896">
        <ele>1773.4</ele>
      </trkpt>
      <trkpt lat="50.05977040195452" lon="-122.97596308885137">
        <ele>1773.4</ele>
      </trkpt>
      <trkpt lat="50.059764162130755" lon="-122.9759520673363">
        <ele>1773.4</ele>
      </trkpt>
      <trkpt lat="50.05975721465588" lon="-122.97594212593117">
        <ele>1773.4</ele>
      </trkpt>
      <trkpt lat="50.05974963615436" lon="-122.97593337428087">
        <ele>1773.4</ele>
      </trkpt>
      <trkpt lat="50.0597415102103" lon="-122.9759259089083">
        <ele>1773.4</ele>
      </trkpt>
      <trkpt lat="50.05973292644563" lon="-122.97591981214983">
        <ele>1773.4</ele>
      </trkpt>
      <trkpt lat="50.05972397953162" lon="-122.97591515124728">
        <ele>1773.4</ele>
      </trkpt>
      <trkpt lat="50.05971476814475" lon="-122.97591197760627">
        <ele>1773.4</ele>
      </trkpt>
      <trkpt lat="50.059724768144754" lon="-122.97585197757749">
        <ele>1773.4</ele>
      </trkpt>
      <trkpt lat="50.05972170293777" lon="-122.97585126623447">
        <ele>1773.4</ele>
      </trkpt>
      <trkpt lat="50.05971862380258" lon="-122.97585072000501">
        <ele>1773.4</ele>
      </trkpt>
      <trkpt lat="50.05971553440379" lon="-122.97585033953922">
        <ele>1773.4</ele>
      </trkpt>
      <trkpt lat="50.05971243841826" lon="-122.97585012528991">
        <ele>1773.4</ele>
      </trkpt>
      <trkpt lat="50.05970933953064" lon="-122.97585007751205">
        <ele>1773.4</ele>
      </trkpt>
      <trkpt lat="50.05970624142908" lon="-122.97585019626253">
        <ele>1773.4</ele>
      </trkpt>
      <trkpt lat="50.059703147800775" lon="-122.97585048139999">
        <ele>1773.4</ele>
      </trkpt>
      <trkpt lat="50.05970006232759" lon="-122.97585093258509">
        <ele>1773.4</ele>
      </trkpt>
      <trkpt lat="50.059696988681694" lon="-122.97585154928085">
        <ele>1773.4</ele>
      </trkpt>
      <trkpt lat="50.059693930521185" lon="-122.97585233075333">
        <ele>1773.4</ele>
      </trkpt>
      <trkpt lat="50.059673930521186" lon="-122.97574233081072">
        <ele>1773.4</ele>
      </trkpt>
      <trkpt lat="50.05968252318239" lon="-122.97574055930392">
        <ele>1773.4</ele>
      </trkpt>
      <trkpt lat="50.05969118545183" lon="-122.97574008597269">
        <ele>1773.4</ele>
      </trkpt>
      <trkpt lat="50.059699836684864" lon="-122.97574091522371">
        <ele>1773.4</ele>
      </trkpt>
      <trkpt lat="50.05970839633959" lon="-122.97574303933673">
        <ele>1773.4</ele>
      </trkpt>
      <trkpt lat="50.05971678472667" lon="-122.97574643853653">
        <ele>1773.4</ele>
      </trkpt>
      <trkpt lat="50.05972492375127" lon="-122.975751081177">
        <ele>1773.4</ele>
      </trkpt>
      <trkpt lat="50.059732737640076" lon="-122.97575692403571">
        <ele>1773.4</ele>
      </trkpt>
      <trkpt lat="50.05974015364676" lon="-122.97576391271637">
        <ele>1773.4</ele>
      </trkpt>
      <trkpt lat="50.059747102729204" lon="-122.97577198215525">
        <ele>1773.4</ele>
      </trkpt>
      <trkpt lat="50.05975352019233" lon="-122.97578105722685">
        <ele>1773.4</ele>
      </trkpt>
      <trkpt lat="50.059783520192326" lon="-122.97575105716497">
        <ele>1773.4</ele>
      </trkpt>
      <trkpt lat="50.0597896643667" lon="-122.97576165851261">
        <ele>1773.4</ele>
      </trkpt>
      <trkpt lat="50.059795082757105" lon="-122.97577318022797">
        <ele>1773.4</ele>
      </trkpt>
      <trkpt lat="50.05979971891317" lon="-122.97578550227442">
        <ele>1773.4</ele>
      </trkpt>
      <trkpt lat="50.05980352453403" lon="-122.97579849627722">
        <ele>1773.4</ele>
      </trkpt>
      <trkpt lat="50.059806459971625" lon="-122.97581202686104">
        <ele>1773.4</ele>
      </trkpt>
      <trkpt lat="50.05980849464368" lon="-122.97582595306022">
        <ele>1773.4</ele>
      </trkpt>
      <trkpt lat="50.0598096073524" lon="-122.97584012978754">
        <ele>1773.4</ele>
      </trkpt>
      <trkpt lat="50.059809786505234" lon="-122.97585440934564">
        <ele>1773.4</ele>
      </trkpt>
      <trkpt lat="50.05980903023573" lon="-122.97586864296588">
        <ele>1773.4</ele>
      </trkpt>
      <trkpt lat="50.05980734642292" lon="-122.97588268235819">
        <ele>1773.4</ele>
      </trkpt>
      <trkpt lat="50.059804752609274" lon="-122.97589638125605">
        <ele>1773.4</ele>
      </trkpt>
      <trkpt lat="50.0598012758179" lon="-122.97590959694026">
        <ele>1773.4</ele>
      </trkpt>
      <trkpt lat="50.05979695227103" lon="-122.97592219172594">
        <ele>1773.4</ele>
      </trkpt>
      <trkpt lat="50.05979182701267" lon="-122.9759340343969">
        <ele>1773.4</ele>
      </trkpt>
      <trkpt lat="50.05978595343927" lon="-122.97594500157267">
        <ele>1773.4</ele>
      </trkpt>
      <trkpt lat="50.059779392743444" lon="-122.97595497899398">
        <ele>1773.4</ele>
      </trkpt>
      <trkpt lat="50.05977221327647" lon="-122.97596386271312">
        <ele>1773.4</ele>
      </trkpt>
      <trkpt lat="50.05982221327647" lon="-122.9760338628318">
        <ele>1759.3</ele>
      </trkpt>
      <trkpt lat="50.05982097720253" lon="-122.97603521381286">
        <ele>1759.3</ele>
      </trkpt>
      <trkpt lat="50.059819726724726" lon="-122.97603653223973">
        <ele>1759.3</ele>
      </trkpt>
      <trkpt lat="50.05981846219641" lon="-122.97603781773986">
        <ele>1759.3</ele>
      </trkpt>
      <trkpt lat="50.05981718397487" lon="-122.97603906995003">
        <ele>1759.3</ele>
      </trkpt>
      <trkpt lat="50.05981589242128" lon="-122.97604028851642">
        <ele>1759.3</ele>
      </trkpt>
      <trkpt lat="50.059814587900554" lon="-122.97604147309471">
        <ele>1759.3</ele>
      </trkpt>
      <trkpt lat="50.05981327078132" lon="-122.97604262335021">
        <ele>1759.3</ele>
      </trkpt>
      <trkpt lat="50.05981194143571" lon="-122.97604373895791">
        <ele>1759.3</ele>
      </trkpt>
      <trkpt lat="50.05981060023936" lon="-122.97604481960258">
        <ele>1759.3</ele>
      </trkpt>
      <trkpt lat="50.05980924757121" lon="-122.97604586497887">
        <ele>1759.3</ele>
      </trkpt>
      <trkpt lat="50.05994" lon="-122.97627">
        <ele>1767.7</ele>
      </trkpt>
      <trkpt lat="50.06001621772866" lon="-122.9764399864369">
        <ele>1767.7</ele>
      </trkpt>
      <trkpt lat="50.06001452241657" lon="-122.97644153186462">
        <ele>1767.7</ele>
      </trkpt>
      <trkpt lat="50.06001280581644" lon="-122.97644301918287">
        <ele>1767.7</ele>
      </trkpt>
      <trkpt lat="50.060011068749056" lon="-122.97644444768046">
        <ele>1767.7</ele>
      </trkpt>
      <trkpt lat="50.060009312044976" lon="-122.97644581667439">
        <ele>1767.7</ele>
      </trkpt>
      <trkpt lat="50.060007536544155" lon="-122.97644712551008">
        <ele>1767.7</ele>
      </trkpt>
      <trkpt lat="50.06000574309553" lon="-122.97644837356172">
        <ele>1767.7</ele>
      </trkpt>
      <trkpt lat="50.06000393255663" lon="-122.97644956023257">
        <ele>1767.7</ele>
      </trkpt>
      <trkpt lat="50.06000210579315" lon="-122.97645068495522">
        <ele>1767.7</ele>
      </trkpt>
      <trkpt lat="50.060000263678546" lon="-122.9764517471919">
        <ele>1767.7</ele>
      </trkpt>
      <trkpt lat="50.0599984070936" lon="-122.97645274643472">
        <ele>1767.7</ele>
      </trkpt>
      <trkpt lat="50.0600184070936" lon="-122.97651274649006">
        <ele>1767.7</ele>
      </trkpt>
      <trkpt lat="50.06001324533103" lon="-122.976515161137">
        <ele>1767.7</ele>
      </trkpt>
      <trkpt lat="50.060007999896364" lon="-122.9765170892684">
        <ele>1767.7</ele>
      </trkpt>
      <trkpt lat="50.060002689670675" lon="-122.97651852394392">
        <ele>1767.7</ele>
      </trkpt>
      <trkpt lat="50.05999733376823" lon="-122.97651945999941">
        <ele>1767.7</ele>
      </trkpt>
      <trkpt lat="50.05999195146772" lon="-122.97651989406552">
        <ele>1767.7</ele>
      </trkpt>
      <trkpt lat="50.05998656214286" lon="-122.9765198245798">
        <ele>1767.7</ele>
      </trkpt>
      <trkpt lat="50.05998118519264" lon="-122.97651925179238">
        <ele>1767.7</ele>
      </trkpt>
      <trkpt lat="50.05997583997152" lon="-122.97651817776503">
        <ele>1767.7</ele>
      </trkpt>
      <trkpt lat="50.05997054571974" lon="-122.97651660636372">
        <ele>1767.7</ele>
      </trkpt>
      <trkpt lat="50.059965321494076" lon="-122.97651454324475">
        <ele>1767.7</ele>
      </trkpt>
      <trkpt lat="50.05994532149408" lon="-122.97658454318865">
        <ele>1774.5</ele>
      </trkpt>
      <trkpt lat="50.059950870516" lon="-122.9765867175536">
        <ele>1774.5</ele>
      </trkpt>
      <trkpt lat="50.05995649715032" lon="-122.97658833722623">
        <ele>1774.5</ele>
      </trkpt>
      <trkpt lat="50.05996217856858" lon="-122.9765893956352">
        <ele>1774.5</ele>
      </trkpt>
      <trkpt lat="50.05996789172006" lon="-122.9765898884863">
        <ele>1774.5</ele>
      </trkpt>
      <trkpt lat="50.05997361342529" lon="-122.97658981377995">
        <ele>1774.5</ele>
      </trkpt>
      <trkpt lat="50.05997932047008" lon="-122.97658917181923">
        <ele>1774.5</ele>
      </trkpt>
      <trkpt lat="50.05998498969973" lon="-122.97658796520872">
        <ele>1774.5</ele>
      </trkpt>
      <trkpt lat="50.05999059811296" lon="-122.97658619884389">
        <ele>1774.5</ele>
      </trkpt>
      <trkpt lat="50.059996122955255" lon="-122.97658387989128">
        <ele>1774.5</ele>
      </trkpt>
      <trkpt lat="50.06000154181114" lon="-122.97658101775934">
        <ele>1774.5</ele>
      </trkpt>
      <trkpt lat="50.06003154181114" lon="-122.97666101784127">
        <ele>1761.2</ele>
      </trkpt>
      <trkpt lat="50.060039862066105" lon="-122.9766553961516">
        <ele>1761.2</ele>
      </trkpt>
      <trkpt lat="50.060047776016496" lon="-122.97664849632874">
        <ele>1761.2</ele>
      </trkpt>
      <trkpt lat="50.06005520299731" lon="-122.97664038870096">
        <ele>1761.2</ele>
      </trkpt>
      <trkpt lat="50.06006206730708" lon="-122.97663115590738">
        <ele>1761.2</ele>
      </trkpt>
      <trkpt lat="50.06006829897954" lon="-122.97662089205566">
        <ele>1761.2</ele>
      </trkpt>
      <trkpt lat="50.06007383449673" lon="-122.97660970176283">
        <ele>1761.2</ele>
      </trkpt>
      <trkpt lat="50.06007861743644" lon="-122.97659769908886">
        <ele>1761.2</ele>
      </trkpt>
      <trkpt lat="50.06008259904729" lon="-122.97658500637417">
        <ele>1761.2</ele>
      </trkpt>
      <trkpt lat="50.060085738745684" lon="-122.97657175299256">
        <ele>1761.2</ele>
      </trkpt>
      <trkpt lat="50.06008800452941" lon="-122.97655807403262">
        <ele>1761.2</ele>
      </trkpt>
      <trkpt lat="50.06008937330388" lon="-122.97654410892075">
        <ele>1761.2</ele>
      </trkpt>
      <trkpt lat="50.0600898311175" lon="-122.97653">
        <ele>1761.2</ele>
      </trkpt>
      <trkpt lat="50.0601098311175" lon="-122.97653">
        <ele>1761.2</ele>
      </trkpt>
      <trkpt lat="50.060109361341155" lon="-122.97651570840506">
        <ele>1761.2</ele>
      </trkpt>
      <trkpt lat="50.06010795692555" lon="-122.97650156628734">
        <ele>1761.2</ele>
      </trkpt>
      <trkpt lat="50.06010563255961" lon="-122.97648772156069">
        <ele>1761.2</ele>
      </trkpt>
      <trkpt lat="50.06010241255412" lon="-122.97647431902848">
        <ele>1761.2</ele>
      </trkpt>
      <trkpt lat="50.06009833058744" lon="-122.97646149886917">
        <ele>1761.2</ele>
      </trkpt>
      <trkpt lat="50.06009342935326" lon="-122.97644939517006">
        <ele>1761.2</ele>
      </trkpt>
      <trkpt lat="50.06008776011409" lon="-122.97643813452498">
        <ele>1761.2</ele>
      </trkpt>
      <trkpt lat="50.060081382165066" lon="-122.97642783471015">
        <ele>1761.2</ele>
      </trkpt>
      <trkpt lat="50.06007436221381" lon="-122.97641860345236">
        <ele>1761.2</ele>
      </trkpt>
      <trkpt lat="50.060066773682685" lon="-122.97641053730227">
        <ele>1761.2</ele>
      </trkpt>
      <trkpt lat="50.06005869594091" lon="-122.97640372062455">
        <ele>1761.2</ele>
      </trkpt>
      <trkpt lat="50.0600502134744" lon="-122.97639822471552">
        <ele>1761.2</ele>
      </trkpt>
      <trkpt lat="50.0601002134744" lon="-122.97625822457819">
        <ele>1761.2</ele>
      </trkpt>
      <trkpt lat="50.060098505990574" lon="-122.97625730473757">
        <ele>1761.2</ele>
      </trkpt>
      <trkpt lat="50.06009678697588" lon="-122.97625643857307">
        <ele>1761.2</ele>
      </trkpt>
      <trkpt lat="50.060095057125686" lon="-122.97625562643506">
        <ele>1761.2</ele>
      </trkpt>
      <trkpt lat="50.06009331713972" lon="-122.97625486865205">
        <ele>1761.2</ele>
      </trkpt>
      <trkpt lat="50.060091567721805" lon="-122.97625416553055">
        <ele>1761.2</ele>
      </trkpt>
      <trkpt lat="50.060089809579615" lon="-122.97625351735498">
        <ele>1761.2</ele>
      </trkpt>
      <trkpt lat="50.060088043424315" lon="-122.97625292438755">
        <ele>1761.2</ele>
      </trkpt>
      <trkpt lat="50.060086269970334" lon="-122.97625238686813">
        <ele>1761.2</ele>
      </trkpt>
      <trkpt lat="50.060084489935036" lon="-122.97625190501411">
        <ele>1761.2</ele>
      </trkpt>
      <trkpt lat="50.06008270403847" lon="-122.97625147902042">
        <ele>1761.2</ele>
      </trkpt>
      <trkpt lat="50.06009270403847" lon="-122.97618147899155">
        <ele>1753.2</ele>
      </trkpt>
      <trkpt lat="50.060091098330375" lon="-122.97618114466647">
        <ele>1753.2</ele>
      </trkpt>
      <trkpt lat="50.06008948901294" lon="-122.97618085549922">
        <ele>1753.2</ele>
      </trkpt>
      <trkpt lat="50.06008787660953" lon="-122.97618061158387">
        <ele>1753.2</ele>
      </trkpt>
      <trkpt lat="50.06008626164453" lon="-122.97618041299972">
        <ele>1753.2</ele>
      </trkpt>
      <trkpt lat="50.06008464464315" lon="-122.97618025981137">
        <ele>1753.2</ele>
      </trkpt>
      <trkpt lat="50.06008302613126" lon="-122.97618015206864">
        <ele>1753.2</ele>
      </trkpt>
      <trkpt lat="50.06008140663523" lon="-122.97618008980655">
        <ele>1753.2</ele>
      </trkpt>
      <trkpt lat="50.06007978668174" lon="-122.97618007304537">
        <ele>1753.2</ele>
      </trkpt>
      <trkpt lat="50.060078166797624" lon="-122.97618010179055">
        <ele>1753.2</ele>
      </trkpt>
      <trkpt lat="50.060076547509695" lon="-122.97618017603271">
        <ele>1753.2</ele>
      </trkpt>
      <trkpt lat="50.0600665475097" lon="-122.97592017606186">
        <ele>1744.7</ele>
      </trkpt>
      <trkpt lat="50.06006493036063" lon="-122.9759202956874">
        <ele>1744.7</ele>
      </trkpt>
      <trkpt lat="50.06006331485822" lon="-122.97592046068984">
        <ele>1744.7</ele>
      </trkpt>
      <trkpt lat="50.06006170152718" lon="-122.97592067101554">
        <ele>1744.7</ele>
      </trkpt>
      <trkpt lat="50.06006009089154" lon="-122.97592092659623">
        <ele>1744.7</ele>
      </trkpt>
      <trkpt lat="50.06005848347445" lon="-122.97592122734888">
        <ele>1744.7</ele>
      </trkpt>
      <trkpt lat="50.060056879798" lon="-122.9759215731758">
        <ele>1744.7</ele>
      </trkpt>
      <trkpt lat="50.060055280383075" lon="-122.97592196396467">
        <ele>1744.7</ele>
      </trkpt>
      <trkpt lat="50.06005368574918" lon="-122.97592239958854">
        <ele>1744.7</ele>
      </trkpt>
      <trkpt lat="50.06005209641427" lon="-122.97592287990595">
        <ele>1744.7</ele>
      </trkpt>
      <trkpt lat="50.06005051289455" lon="-122.97592340476086">
        <ele>1744.7</ele>
      </trkpt>
      <trkpt lat="50.06003051289454" lon="-122.9758334048178">
        <ele>1744.7</ele>
      </trkpt>
      <trkpt lat="50.06002849179833" lon="-122.97583414269046">
        <ele>1744.7</ele>
      </trkpt>
      <trkpt lat="50.060026482187595" lon="-122.97583495311163">
        <ele>1744.7</ele>
      </trkpt>
      <trkpt lat="50.06002448513551" lon="-122.97583583564854">
        <ele>1744.7</ele>
      </trkpt>
      <trkpt lat="50.06002250170848" lon="-122.9758367898299">
        <ele>1744.7</ele>
      </trkpt>
      <trkpt lat="50.06002053296569" lon="-122.97583781514619">
        <ele>1744.7</ele>
      </trkpt>
      <trkpt lat="50.060018579958445" lon="-122.97583891104988">
        <ele>1744.7</ele>
      </trkpt>
      <trkpt lat="50.06001664372967" lon="-122.97584007695575">
        <ele>1744.7</ele>
      </trkpt>
      <trkpt lat="50.06001472531331" lon="-122.9758413122412">
        <ele>1744.7</ele>
      </trkpt>
      <trkpt lat="50.06001282573382" lon="-122.97584261624658">
        <ele>1744.7</ele>
      </trkpt>
      <trkpt lat="50.06001094600558" lon="-122.97584398827554">
        <ele>1744.7</ele>
      </trkpt>
      <trkpt lat="50.05987094600559" lon="-122.97555398864327">
        <ele>1751.2</ele>
      </trkpt>
      <trkpt lat="50.0598700678495" lon="-122.97555465819913">
        <ele>1751.2</ele>
      </trkpt>
      <trkpt lat="50.05986919442376" lon="-122.97555534260295">
        <ele>1751.2</ele>
      </trkpt>
      <trkpt lat="50.059868325831836" lon="-122.97555604177363">
        <ele>1751.2</ele>
      </trkpt>
      <trkpt lat="50.05986746217661" lon="-122.97555675562836">
        <ele>1751.2</ele>
      </trkpt>
      <trkpt lat="50.05986660356041" lon="-122.97555748408257">
        <ele>1751.2</ele>
      </trkpt>
      <trkpt lat="50.05986575008493" lon="-122.97555822704997">
        <ele>1751.2</ele>
      </trkpt>
      <trkpt lat="50.059864901851284" lon="-122.97555898444256">
        <ele>1751.2</ele>
      </trkpt>
      <trkpt lat="50.059864058959946" lon="-122.9755597561706">
        <ele>1751.2</ele>
      </trkpt>
      <trkpt lat="50.05986322151076" lon="-122.97556054214269">
        <ele>1751.2</ele>
      </trkpt>
      <trkpt lat="50.05986238960295" lon="-122.97556134226569">
        <ele>1751.2</ele>
      </trkpt>
      <trkpt lat="50.05971238960294" lon="-122.9753213426367">
        <ele>1744.0</ele>
      </trkpt>
      <trkpt lat="50.05971542285079" lon="-122.97531851735698">
        <ele>1744.0</ele>
      </trkpt>
      <trkpt lat="50.059718525096685" lon="-122.97531588011228">
        <ele>1744.0</ele>
      </trkpt>
      <trkpt lat="50.05972169153886" lon="-122.9753134349846">
        <ele>1744.0</ele>
      </trkpt>
      <trkpt lat="50.05972491727619" lon="-122.9753111857586">
        <ele>1744.0</ele>
      </trkpt>
      <trkpt lat="50.05972819731576" lon="-122.9753091359157">
        <ele>1744.0</ele>
      </trkpt>
      <trkpt lat="50.05973152658062" lon="-122.97530728862873">
        <ele>1744.0</ele>
      </trkpt>
      <trkpt lat="50.059734899917615" lon="-122.97530564675698">
        <ele>1744.0</ele>
      </trkpt>
      <trkpt lat="50.05973831210538" lon="-122.97530421284179">
        <ele>1744.0</ele>
      </trkpt>
      <trkpt lat="50.05974175786242" lon="-122.97530298910263">
        <ele>1744.0</ele>
      </trkpt>
      <trkpt lat="50.05974523185526" lon="-122.97530197743366">
        <ele>1744.0</ele>
      </trkpt>
      <trkpt lat="50.059735231855264" lon="-122.97524197746242">
        <ele>1744.0</ele>
      </trkpt>
      <trkpt lat="50.059739174431236" lon="-122.97524109338492">
        <ele>1744.0</ele>
      </trkpt>
      <trkpt lat="50.059743138291815" lon="-122.97524048241758">
        <ele>1744.0</ele>
      </trkpt>
      <trkpt lat="50.05974711564348" lon="-122.9752401457616">
        <ele>1744.0</ele>
      </trkpt>
      <trkpt lat="50.05975109866621" lon="-122.97524008407893">
        <ele>1744.0</ele>
      </trkpt>
      <trkpt lat="50.059755079528806" lon="-122.97524029749084">
        <ele>1744.0</ele>
      </trkpt>
      <trkpt lat="50.059759050404324" lon="-122.97524078557772">
        <ele>1744.0</ele>
      </trkpt>
      <trkpt lat="50.05976300348546" lon="-122.97524154737994">
        <ele>1744.0</ele>
      </trkpt>
      <trkpt lat="50.05976693099989" lon="-122.97524258139966">
        <ele>1744.0</ele>
      </trkpt>
      <trkpt lat="50.059770825225584" lon="-122.97524388560387">
        <ele>1744.0</ele>
      </trkpt>
      <trkpt lat="50.05977467850592" lon="-122.97524545742833">
        <ele>1744.0</ele>
      </trkpt>
      <trkpt lat="50.05979467850592" lon="-122.97517545737223">
        <ele>1744.0</ele>
      </trkpt>
      <trkpt lat="50.05980357193653" lon="-122.97518021256343">
        <ele>1744.0</ele>
      </trkpt>
      <trkpt lat="50.05981209754598" lon="-122.97518638973294">
        <ele>1744.0</ele>
      </trkpt>
      <trkpt lat="50.059820161925906" lon="-122.9751939212024">
        <ele>1744.0</ele>
      </trkpt>
      <trkpt lat="50.05982767672127" lon="-122.97520272445547">
        <ele>1744.0</ele>
      </trkpt>
      <trkpt lat="50.059834559598414" lon="-122.97521270304185">
        <ele>1744.0</ele>
      </trkpt>
      <trkpt lat="50.059840735147084" lon="-122.97522374763406">
        <ele>1744.0</ele>
      </trkpt>
      <trkpt lat="50.05984613570668" lon="-122.97523573722525">
        <ele>1744.0</ele>
      </trkpt>
      <trkpt lat="50.05985070210754" lon="-122.97524854045494">
        <ele>1744.0</ele>
      </trkpt>
      <trkpt lat="50.05985438431922" lon="-122.97526201704825">
        <ele>1744.0</ele>
      </trkpt>
      <trkpt lat="50.05985714199865" lon="-122.97527601935285">
        <ele>1744.0</ele>
      </trkpt>
      <trkpt lat="50.0598589449321" lon="-122.9752903939565">
        <ele>1744.0</ele>
      </trkpt>
      <trkpt lat="50.05985977336626" lon="-122.97530498336809">
        <ele>1744.0</ele>
      </trkpt>
      <trkpt lat="50.059859618224635" lon="-122.97531962774293">
        <ele>1744.0</ele>
      </trkpt>
      <trkpt lat="50.05985848120699" lon="-122.97533416663421">
        <ele>1744.0</ele>
      </trkpt>
      <trkpt lat="50.05985637477072" lon="-122.97534844075079">
        <ele>1744.0</ele>
      </trkpt>
      <trkpt lat="50.05992637477072" lon="-122.97536844080689">
        <ele>1744.0</ele>
      </trkpt>
      <trkpt lat="50.05992418288505" lon="-122.97537883396762">
        <ele>1744.0</ele>
      </trkpt>
      <trkpt lat="50.05992147645214" lon="-122.97538892864272">
        <ele>1744.0</ele>
      </trkpt>
      <trkpt lat="50.059918272014414" lon="-122.97539866313093">
        <ele>1744.0</ele>
      </trkpt>
      <trkpt lat="50.0599145891582" lon="-122.9754079779326">
        <ele>1744.0</ele>
      </trkpt>
      <trkpt lat="50.05991045039404" lon="-122.9754168161133">
        <ele>1744.0</ele>
      </trkpt>
      <trkpt lat="50.05990588101915" lon="-122.97542512365179">
        <ele>1744.0</ele>
      </trkpt>
      <trkpt lat="50.059900908962675" lon="-122.97543284977029">
        <ele>1744.0</ele>
      </trkpt>
      <trkpt lat="50.05989556461512" lon="-122.97543994724481">
        <ele>1744.0</ele>
      </trkpt>
      <trkpt lat="50.05988988064248" lon="-122.97544637269377">
        <ele>1744.0</ele>
      </trkpt>
      <trkpt lat="50.05988389178665" lon="-122.97545208684318">
        <ele>1744.0</ele>
      </trkpt>
      <trkpt lat="50.06002389178665" lon="-122.97570208719945">
        <ele>1751.2</ele>
      </trkpt>
      <trkpt lat="50.060025173190446" lon="-122.97570094780542">
        <ele>1751.2</ele>
      </trkpt>
      <trkpt lat="50.06002644240728" lon="-122.97569977578173">
        <ele>1751.2</ele>
      </trkpt>
      <trkpt lat="50.060027699094725" lon="-122.97569857144454">
        <ele>1751.2</ele>
      </trkpt>
      <trkpt lat="50.06002894291376" lon="-122.97569733511877">
        <ele>1751.2</ele>
      </trkpt>
      <trkpt lat="50.06003017352882" lon="-122.97569606713796">
        <ele>1751.2</ele>
      </trkpt>
      <trkpt lat="50.06003139060792" lon="-122.97569476784419">
        <ele>1751.2</ele>
      </trkpt>
      <trkpt lat="50.06003259382268" lon="-122.97569343758799">
        <ele>1751.2</ele>
      </trkpt>
      <trkpt lat="50.06003378284852" lon="-122.97569207672824">
        <ele>1751.2</ele>
      </trkpt>
      <trkpt lat="50.06003495736466" lon="-122.97569068563207">
        <ele>1751.2</ele>
      </trkpt>
      <trkpt lat="50.06003611705422" lon="-122.97568926467478">
        <ele>1751.2</ele>
      </trkpt>
      <trkpt lat="50.060076117054216" lon="-122.97573926476589">
        <ele>1737.9</ele>
      </trkpt>
      <trkpt lat="50.060079657278415" lon="-122.97573461507893">
        <ele>1737.9</ele>
      </trkpt>
      <trkpt lat="50.060083038974184" lon="-122.97572968739632">
        <ele>1737.9</ele>
      </trkpt>
      <trkpt lat="50.06008625315528" lon="-122.9757244948125">
        <ele>1737.9</ele>
      </trkpt>
      <trkpt lat="50.060089291280605" lon="-122.97571905112578">
        <ele>1737.9</ele>
      </trkpt>
      <trkpt lat="50.06009214527688" lon="-122.97571337080181">
        <ele>1737.9</ele>
      </trkpt>
      <trkpt lat="50.060094807560134" lon="-122.97570746893503">
        <ele>1737.9</ele>
      </trkpt>
      <trkpt lat="50.06009727105582" lon="-122.97570136120855">
        <ele>1737.9</ele>
      </trkpt>
      <trkpt lat="50.06009952921765" lon="-122.97569506385257">
        <ele>1737.9</ele>
      </trkpt>
      <trkpt lat="50.06010157604498" lon="-122.97568859360116">
        <ele>1737.9</ele>
      </trkpt>
      <trkpt lat="50.06010340609871" lon="-122.97568196764786">
        <ele>1737.9</ele>
      </trkpt>
      <trkpt lat="50.06015340609871" lon="-122.97570196770202">
        <ele>1737.9</ele>
      </trkpt>
      <trkpt lat="50.06015646755028" lon="-122.97568793152338">
        <ele>1737.9</ele>
      </trkpt>
      <trkpt lat="50.060158558520584" lon="-122.9756734696147">
        <ele>1737.9</ele>
      </trkpt>
      <trkpt lat="50.060159655541305" lon="-122.97565874429137">
        <ele>1737.9</ele>
      </trkpt>
      <trkpt lat="50.060159746299874" lon="-122.97564392082518">
        <ele>1737.9</ele>
      </trkpt>
      <trkpt lat="50.06015882977765" lon="-122.97562916558951">
        <ele>1737.9</ele>
      </trkpt>
      <trkpt lat="50.060156916261356" lon="-122.97561464419191">
        <ele>1737.9</ele>
      </trkpt>
      <trkpt lat="50.06015402722762" lon="-122.97560051961541">
        <ele>1737.9</ele>
      </trkpt>
      <trkpt lat="50.06015019510194" lon="-122.97558695038929">
        <ele>1737.9</ele>
      </trkpt>
      <trkpt lat="50.06014546289474" lon="-122.97557408880975">
        <ele>1737.9</ele>
      </trkpt>
      <trkpt lat="50.06013988371864" lon="-122.97556207923061">
        <ele>1737.9</ele>
      </trkpt>
      <trkpt lat="50.06013352019235" lon="-122.97555105644317">
        <ele>1737.9</ele>
      </trkpt>
      <trkpt lat="50.06016352019235" lon="-122.9755210563813">
        <ele>1737.9</ele>
      </trkpt>
      <trkpt lat="50.0601568404219" lon="-122.97551164607523">
        <ele>1737.9</ele>
      </trkpt>
      <trkpt lat="50.06014958928958" lon="-122.97550332494656">
        <ele>1737.9</ele>
      </trkpt>
      <trkpt lat="50.060141839684015" lon="-122.97549617663954">
        <ele>1737.9</ele>
      </trkpt>
      <trkpt lat="50.0601336695045" lon="-122.9754902730092">
        <ele>1737.9</ele>
      </trkpt>
      <trkpt lat="50.06012516087797" lon="-122.97548567339904">
        <ele>1737.9</ele>
      </trkpt>
      <trkpt lat="50.06011639933343" lon="-122.97548242404449">
        <ele>1737.9</ele>
      </trkpt>
      <trkpt lat="50.06010747294222" lon="-122.97548055760818">
        <ele>1737.9</ele>
      </trkpt>
      <trkpt lat="50.060098471432745" lon="-122.9754800928516">
        <ele>1737.9</ele>
      </trkpt>
      <trkpt lat="50.06008948528848" lon="-122.97548103444649">
        <ele>1737.9</ele>
      </trkpt>
      <trkpt lat="50.060080604838454" lon="-122.9754833729279">
        <ele>1737.9</ele>
      </trkpt>
      <trkpt lat="50.06007191934926" lon="-122.97548708478935">
        <ele>1737.9</ele>
      </trkpt>
      <trkpt lat="50.060063516127734" lon="-122.97549213271907">
        <ele>1737.9</ele>
      </trkpt>
      <trkpt lat="50.05998351612774" lon="-122.9753121329323">
        <ele>1732.8</ele>
      </trkpt>
      <trkpt lat="50.05998698017928" lon="-122.97530986867514">
        <ele>1732.8</ele>
      </trkpt>
      <trkpt lat="50.05999050197791" lon="-122.97530783199957">
        <ele>1732.8</ele>
      </trkpt>
      <trkpt lat="50.05999407536447" lon="-122.97530602646746">
        <ele>1732.8</ele>
      </trkpt>
      <trkpt lat="50.05999769408962" lon="-122.97530445523644">
        <ele>1732.8</ele>
      </trkpt>
      <trkpt lat="50.060001351824695" lon="-122.97530312105437">
        <ele>1732.8</ele>
      </trkpt>
      <trkpt lat="50.06000504217284" lon="-122.97530202625452">
        <ele>1732.8</ele>
      </trkpt>
      <trkpt lat="50.06000875868015" lon="-122.9753011727516">
        <ele>1732.8</ele>
      </trkpt>
      <trkpt lat="50.06001249484696" lon="-122.97530056203821">
        <ele>1732.8</ele>
      </trkpt>
      <trkpt lat="50.06001624413924" lon="-122.97530019518244">
        <ele>1732.8</ele>
      </trkpt>
      <trkpt lat="50.06002" lon="-122.97530007282585">
        <ele>1732.8</ele>
      </trkpt>
      <trkpt lat="50.06002" lon="-122.97526007282583">
        <ele>1732.8</ele>
      </trkpt>
      <trkpt lat="50.060029004203805" lon="-122.9752607775255">
        <ele>1732.8</ele>
      </trkpt>
      <trkpt lat="50.06003791771386" lon="-122.97526288452653">
        <ele>1732.8</ele>
      </trkpt>
      <trkpt lat="50.06004665074994" lon="-122.97526637260637">
        <ele>1732.8</ele>
      </trkpt>
      <trkpt lat="50.0600551153496" lon="-122.9752712066318">
        <ele>1732.8</ele>
      </trkpt>
      <trkpt lat="50.0600632262542" lon="-122.97527733791267">
        <ele>1732.8</ele>
      </trkpt>
      <trkpt lat="50.06007090176764" lon="-122.97528470469241">
        <ele>1732.8</ele>
      </trkpt>
      <trkpt lat="50.06007806457925" lon="-122.97529323277003">
        <ele>1732.8</ele>
      </trkpt>
      <trkpt lat="50.06008464254249" lon="-122.97530283624751">
        <ele>1732.8</ele>
      </trkpt>
      <trkpt lat="50.06009056940163" lon="-122.975313418395">
        <ele>1732.8</ele>
      </trkpt>
      <trkpt lat="50.060095785459104" lon="-122.97532487262512">
        <ele>1732.8</ele>
      </trkpt>
      <trkpt lat="50.06010023817681" lon="-122.97533708356654">
        <ele>1732.8</ele>
      </trkpt>
      <trkpt lat="50.0601038827053" lon="-122.97534992822604">
        <ele>1732.8</ele>
      </trkpt>
      <trkpt lat="50.060106682335494" lon="-122.97536327722734">
        <ele>1732.8</ele>
      </trkpt>
      <trkpt lat="50.060108608868475" lon="-122.97537699611429">
        <ele>1732.8</ele>
      </trkpt>
      <trkpt lat="50.06016860886847" lon="-122.97536699608553">
        <ele>1732.8</ele>
      </trkpt>
      <trkpt lat="50.060169674662" lon="-122.97538174512626">
        <ele>1732.8</ele>
      </trkpt>
      <trkpt lat="50.060169731528056" lon="-122.97539658704237">
        <ele>1732.8</ele>
      </trkpt>
      <trkpt lat="50.060168778826835" lon="-122.97541135484782">
        <ele>1732.8</ele>
      </trkpt>
      <trkpt lat="50.06016682727716" lon="-122.97542588239038">
        <ele>1732.8</ele>
      </trkpt>
      <trkpt lat="50.06016389883587" lon="-122.97544000622105">
        <ele>1732.8</ele>
      </trkpt>
      <trkpt lat="50.06016002645079" lon="-122.97545356743291">
        <ele>1732.8</ele>
      </trkpt>
      <trkpt lat="50.06015525369002" lon="-122.9754664134491">
        <ele>1732.8</ele>
      </trkpt>
      <trkpt lat="50.06014963425179" lon="-122.97547839973942">
        <ele>1732.8</ele>
      </trkpt>
      <trkpt lat="50.060143231360264" lon="-122.97548939144637">
        <ele>1732.8</ele>
      </trkpt>
      <trkpt lat="50.06013611705421" lon="-122.97549926490255">
        <ele>1732.8</ele>
      </trkpt>
      <trkpt lat="50.06017611705421" lon="-122.97554926499366">
        <ele>1732.8</ele>
      </trkpt>
      <trkpt lat="50.060178720452626" lon="-122.97554589353248">
        <ele>1732.8</ele>
      </trkpt>
      <trkpt lat="50.06018124044228" lon="-122.97554237165612">
        <ele>1732.8</ele>
      </trkpt>
      <trkpt lat="50.0601836734437" lon="-122.9755387043672">
        <ele>1732.8</ele>
      </trkpt>
      <trkpt lat="50.06018601600096" lon="-122.97553489687485">
        <ele>1732.8</ele>
      </trkpt>
      <trkpt lat="50.06018826478659" lon="-122.9755309545874">
        <ele>1732.8</ele>
      </trkpt>
      <trkpt lat="50.06019041660633" lon="-122.97552688310462">
        <ele>1732.8</ele>
      </trkpt>
      <trkpt lat="50.06019246840367" lon="-122.97552268820978">
        <ele>1732.8</ele>
      </trkpt>
      <trkpt lat="50.06019441726414" lon="-122.97551837586148">
        <ele>1732.8</ele>
      </trkpt>
      <trkpt lat="50.060196260419524" lon="-122.97551395218515">
        <ele>1732.8</ele>
      </trkpt>
      <trkpt lat="50.06019799525172" lon="-122.97550942346435">
        <ele>1732.8</ele>
      </trkpt>
      <trkpt lat="50.06026799525172" lon="-122.97554942356564">
        <ele>1732.8</ele>
      </trkpt>
      <trkpt lat="50.0602672923725" lon="-122.97555130542676">
        <ele>1732.8</ele>
      </trkpt>
      <trkpt lat="50.06026657078137" lon="-122.97555317002535">
        <ele>1732.8</ele>
      </trkpt>
      <trkpt lat="50.06026583065302" lon="-122.97555501691004">
        <ele>1732.8</ele>
      </trkpt>
      <trkpt lat="50.06026507216664" lon="-122.97555684563366">
        <ele>1732.8</ele>
      </trkpt>
      <trkpt lat="50.060264295505824" lon="-122.97555865575355">
        <ele>1732.8</ele>
      </trkpt>
      <trkpt lat="50.060263500858625" lon="-122.97556044683144">
        <ele>1732.8</ele>
      </trkpt>
      <trkpt lat="50.0602626884174" lon="-122.97556221843375">
        <ele>1732.8</ele>
      </trkpt>
      <trkpt lat="50.06026185837886" lon="-122.97556397013159">
        <ele>1732.8</ele>
      </trkpt>
      <trkpt lat="50.060261010943925" lon="-122.97556570150087">
        <ele>1732.8</ele>
      </trkpt>
      <trkpt lat="50.06026014631777" lon="-122.97556741212246">
        <ele>1732.8</ele>
      </trkpt>
      <trkpt lat="50.060310146317775" lon="-122.97560741221356">
        <ele>1732.8</ele>
      </trkpt>
      <trkpt lat="50.06030826053497" lon="-122.97561096255681">
        <ele>1732.8</ele>
      </trkpt>
      <trkpt lat="50.060306300726396" lon="-122.97561441425489">
        <ele>1732.8</ele>
      </trkpt>
      <trkpt lat="50.06030426901739" lon="-122.97561776356456">
        <ele>1732.8</ele>
      </trkpt>
      <trkpt lat="50.06030216761125" lon="-122.97562100685361">
        <ele>1732.8</ele>
      </trkpt>
      <trkpt lat="50.06029999878687" lon="-122.97562414060486">
        <ele>1732.8</ele>
      </trkpt>
      <trkpt lat="50.060297764896255" lon="-122.97562716141988">
        <ele>1732.8</ele>
      </trkpt>
      <trkpt lat="50.060295468361964" lon="-122.9756300660227">
        <ele>1732.8</ele>
      </trkpt>
      <trkpt lat="50.0602931116745" lon="-122.97563285126341">
        <ele>1732.8</ele>
      </trkpt>
      <trkpt lat="50.06029069738959" lon="-122.97563551412152">
        <ele>1732.8</ele>
      </trkpt>
      <trkpt lat="50.06028822812542" lon="-122.97563805170928">
        <ele>1732.8</ele>
      </trkpt>
      <trkpt lat="50.06035822812542" lon="-122.97574805188152">
        <ele>1730.0</ele>
      </trkpt>
      <trkpt lat="50.06036069738959" lon="-122.97574551429007">
        <ele>1730.0</ele>
      </trkpt>
      <trkpt lat="50.0603631116745" lon="-122.97574285142807">
        <ele>1730.0</ele>
      </trkpt>
      <trkpt lat="50.060365468361965" lon="-122.97574006618329">
        <ele>1730.0</ele>
      </trkpt>
      <trkpt lat="50.060367764896256" lon="-122.97573716157623">
        <ele>1730.0</ele>
      </trkpt>
      <trkpt lat="50.06036999878687" lon="-122.97573414075681">
        <ele>1730.0</ele>
      </trkpt>
      <trkpt lat="50.06037216761125" lon="-122.97573100700099">
        <ele>1730.0</ele>
      </trkpt>
      <trkpt lat="50.06037426901739" lon="-122.9757277637072">
        <ele>1730.0</ele>
      </trkpt>
      <trkpt lat="50.060376300726396" lon="-122.97572441439264">
        <ele>1730.0</ele>
      </trkpt>
      <trkpt lat="50.06037826053497" lon="-122.97572096268954">
        <ele>1730.0</ele>
      </trkpt>
      <trkpt lat="50.060380146317776" lon="-122.9757174123411">
        <ele>1730.0</ele>
      </trkpt>
      <trkpt lat="50.06043014631778" lon="-122.9757574124322">
        <ele>1730.0</ele>
      </trkpt>
      <trkpt lat="50.06043377027384" lon="-122.9757498465237">
        <ele>1730.0</ele>
      </trkpt>
      <trkpt lat="50.06043705849944" lon="-122.97574191723156">
        <ele>1730.0</ele>
      </trkpt>
      <trkpt lat="50.06043999602977" lon="-122.97573366064219">
        <ele>1730.0</ele>
      </trkpt>
      <trkpt lat="50.060442569496075" lon="-122.97572511433158">
        <ele>1730.0</ele>
      </trkpt>
      <trkpt lat="50.06044476718642" lon="-122.97571631719418">
        <ele>1730.0</ele>
      </trkpt>
      <trkpt lat="50.060446579099064" lon="-122.97570730926603">
        <ele>1730.0</ele>
      </trkpt>
      <trkpt lat="50.060447996987946" lon="-122.9756981315424">
        <ele>1730.0</ele>
      </trkpt>
      <trkpt lat="50.06044901440022" lon="-122.9756888257914">
        <ele>1730.0</ele>
      </trkpt>
      <trkpt lat="50.06044962670561" lon="-122.97567943436371">
        <ele>1730.0</ele>
      </trkpt>
      <trkpt lat="50.0604498311175" lon="-122.97567">
        <ele>1730.0</ele>
      </trkpt>
      <trkpt lat="50.0604798311175" lon="-122.97567">
        <ele>1730.0</ele>
      </trkpt>
      <trkpt lat="50.06047935209487" lon="-122.9756555687057">
        <ele>1730.0</ele>
      </trkpt>
      <trkpt lat="50.06047792013575" lon="-122.9756412913206">
        <ele>1730.0</ele>
      </trkpt>
      <trkpt lat="50.06047555051193" lon="-122.9756273201124">
        <ele>1730.0</ele>
      </trkpt>
      <trkpt lat="50.06047226849534" lon="-122.97561380408347">
        <ele>1730.0</ele>
      </trkpt>
      <trkpt lat="50.06046810908856" lon="-122.97560088738173">
        <ele>1730.0</ele>
      </trkpt>
      <trkpt lat="50.060463116651505" lon="-122.97558870776328">
        <ele>1730.0</ele>
      </trkpt>
      <trkpt lat="50.0604573444283" lon="-122.97557739512327">
        <ele>1730.0</ele>
      </trkpt>
      <trkpt lat="50.060450853979475" lon="-122.97556707011053">
        <ele>1730.0</ele>
      </trkpt>
      <trkpt lat="50.06044371452542" lon="-122.97555784284091">
        <ele>1730.0</ele>
      </trkpt>
      <trkpt lat="50.06043600220811" lon="-122.9755498117229">
        <ele>1730.0</ele>
      </trkpt>
      <trkpt lat="50.060427799279104" lon="-122.97554306240801">
        <ele>1730.0</ele>
      </trkpt>
      <trkpt lat="50.0604191932223" lon="-122.97553766687741">
        <ele>1730.0</ele>
      </trkpt>
      <trkpt lat="50.06041027582097" lon="-122.97553368267425">
        <ele>1730.0</ele>
      </trkpt>
      <trkpt lat="50.06040114217882" lon="-122.97553115228988">
        <ele>1730.0</ele>
      </trkpt>
      <trkpt lat="50.06041114217882" lon="-122.97545115226094">
        <ele>1730.0</ele>
      </trkpt>
      <trkpt lat="50.060409142660795" lon="-122.97545079831876">
        <ele>1730.0</ele>
      </trkpt>
      <trkpt lat="50.06040713855457" lon="-122.97545051423425">
        <ele>1730.0</ele>
      </trkpt>
      <trkpt lat="50.060405130865895" lon="-122.97545030014997">
        <ele>1730.0</ele>
      </trkpt>
      <trkpt lat="50.060403120602324" lon="-122.97545015617335">
        <ele>1730.0</ele>
      </trkpt>
      <trkpt lat="50.060401108772695" lon="-122.97545008237667">
        <ele>1730.0</ele>
      </trkpt>
      <trkpt lat="50.06039909638663" lon="-122.97545007879691">
        <ele>1730.0</ele>
      </trkpt>
      <trkpt lat="50.060397084454046" lon="-122.97545014543593">
        <ele>1730.0</ele>
      </trkpt>
      <trkpt lat="50.06039507398461" lon="-122.97545028226024">
        <ele>1730.0</ele>
      </trkpt>
      <trkpt lat="50.06039306598726" lon="-122.9754504892012">
        <ele>1730.0</ele>
      </trkpt>
      <trkpt lat="50.06039106146972" lon="-122.97545076615494">
        <ele>1730.0</ele>
      </trkpt>
      <trkpt lat="50.06038106146972" lon="-122.97535076618396">
        <ele>1727.0</ele>
      </trkpt>
      <trkpt lat="50.060379078751254" lon="-122.97535110970556">
        <ele>1727.0</ele>
      </trkpt>
      <trkpt lat="50.06037710141897" lon="-122.97535152172554">
        <ele>1727.0</ele>
      </trkpt>
      <trkpt lat="50.06037513044805" lon="-122.97535200204072">
        <ele>1727.0</ele>
      </trkpt>
      <trkpt lat="50.06037316681055" lon="-122.97535255041421">
        <ele>1727.0</ele>
      </trkpt>
      <trkpt lat="50.060371211474894" lon="-122.97535316657556">
        <ele>1727.0</ele>
      </trkpt>
      <trkpt lat="50.060369265405434" lon="-122.9753538502209">
        <ele>1727.0</ele>
      </trkpt>
      <trkpt lat="50.06036732956193" lon="-122.97535460101304">
        <ele>1727.0</ele>
      </trkpt>
      <trkpt lat="50.06036540489911" lon="-122.97535541858173">
        <ele>1727.0</ele>
      </trkpt>
      <trkpt lat="50.060363492366186" lon="-122.97535630252374">
        <ele>1727.0</ele>
      </trkpt>
      <trkpt lat="50.06036159290639" lon="-122.97535725240313">
        <ele>1727.0</ele>
      </trkpt>
      <trkpt lat="50.06034159290639" lon="-122.97529725245847">
        <ele>1727.0</ele>
      </trkpt>
      <trkpt lat="50.06034434913548" lon="-122.97529589769074">
        <ele>1727.0</ele>
      </trkpt>
      <trkpt lat="50.06034713191693" lon="-122.97529468173833">
        <ele>1727.0</ele>
      </trkpt>
      <trkpt lat="50.06034993837015" lon="-122.97529360585993">
        <ele>1727.0</ele>
      </trkpt>
      <trkpt lat="50.060352765590075" lon="-122.97529267116921">
        <ele>1727.0</ele>
      </trkpt>
      <trkpt lat="50.060355610650106" lon="-122.97529187863374">
        <ele>1727.0</ele>
      </trkpt>
      <trkpt lat="50.0603584706052" lon="-122.9752912290739">
        <ele>1727.0</ele>
      </trkpt>
      <trkpt lat="50.060361342494886" lon="-122.97529072316206">
        <ele>1727.0</ele>
      </trkpt>
      <trkpt lat="50.06036422334635" lon="-122.97529036142194">
        <ele>1727.0</ele>
      </trkpt>
      <trkpt lat="50.06036711017748" lon="-122.97529014422797">
        <ele>1727.0</ele>
      </trkpt>
      <trkpt lat="50.06037" lon="-122.97529007180499">
        <ele>1727.0</ele>
      </trkpt>
      <trkpt lat="50.06037" lon="-122.97520007180499">
        <ele>1727.0</ele>
      </trkpt>
      <trkpt lat="50.06036838444302" lon="-122.97520009443588">
        <ele>1727.0</ele>
      </trkpt>
      <trkpt lat="50.0603667694086" lon="-122.97520016232117">
        <ele>1727.0</ele>
      </trkpt>
      <trkpt lat="50.06036515541917" lon="-122.97520027543894">
        <ele>1727.0</ele>
      </trkpt>
      <trkpt lat="50.06036354299679" lon="-122.97520043375259">
        <ele>1727.0</ele>
      </trkpt>
      <trkpt lat="50.060361932663014" lon="-122.9752006372109">
        <ele>1727.0</ele>
      </trkpt>
      <trkpt lat="50.060360324938735" lon="-122.97520088574808">
        <ele>1727.0</ele>
      </trkpt>
      <trkpt lat="50.06035872034399" lon="-122.97520117928372">
        <ele>1727.0</ele>
      </trkpt>
      <trkpt lat="50.06035711939781" lon="-122.97520151772288">
        <ele>1727.0</ele>
      </trkpt>
      <trkpt lat="50.06035552261804" lon="-122.97520190095608">
        <ele>1727.0</ele>
      </trkpt>
      <trkpt lat="50.06035393052118" lon="-122.97520232885937">
        <ele>1727.0</ele>
      </trkpt>
      <trkpt lat="50.06031393052118" lon="-122.97498232897415">
        <ele>1724.2</ele>
      </trkpt>
      <trkpt lat="50.060310941604655" lon="-122.97498325733328">
        <ele>1724.2</ele>
      </trkpt>
      <trkpt lat="50.06030797462595" lon="-122.97498434309475">
        <ele>1724.2</ele>
      </trkpt>
      <trkpt lat="50.060305033000304" lon="-122.97498558500877">
        <ele>1724.2</ele>
      </trkpt>
      <trkpt lat="50.06030212011378" lon="-122.97498698164577">
        <ele>1724.2</ele>
      </trkpt>
      <trkpt lat="50.060299239319356" lon="-122.97498853139813">
        <ele>1724.2</ele>
      </trkpt>
      <trkpt lat="50.06029639393307" lon="-122.97499023248193">
        <ele>1724.2</ele>
      </trkpt>
      <trkpt lat="50.06029358723021" lon="-122.97499208293908">
        <ele>1724.2</ele>
      </trkpt>
      <trkpt lat="50.060290822441516" lon="-122.97499408063958">
        <ele>1724.2</ele>
      </trkpt>
      <trkpt lat="50.06028810274949" lon="-122.97499622328387">
        <ele>1724.2</ele>
      </trkpt>
      <trkpt lat="50.06028543128474" lon="-122.97499850840559">
        <ele>1724.2</ele>
      </trkpt>
      <trkpt lat="50.06024543128474" lon="-122.97492850850688">
        <ele>1724.2</ele>
      </trkpt>
      <trkpt lat="50.060252139634294" lon="-122.97492310685222">
        <ele>1724.2</ele>
      </trkpt>
      <trkpt lat="50.0602591155395" lon="-122.97491860193955">
        <ele>1724.2</ele>
      </trkpt>
      <trkpt lat="50.06026630970231" lon="-122.97491502560467">
        <ele>1724.2</ele>
      </trkpt>
      <trkpt lat="50.060273671282225" lon="-122.97491240312121">
        <ele>1724.2</ele>
      </trkpt>
      <trkpt lat="50.06028114825566" lon="-122.974910753022">
        <ele>1724.2</ele>
      </trkpt>
      <trkpt lat="50.060288687783554" lon="-122.97491008696817">
        <ele>1724.2</ele>
      </trkpt>
      <trkpt lat="50.06029623658475" lon="-122.97491040966662">
        <ele>1724.2</ele>
      </trkpt>
      <trkpt lat="50.06030374131259" lon="-122.97491171883689">
        <ele>1724.2</ele>
      </trkpt>
      <trkpt lat="50.06031114893186" lon="-122.97491400522719">
        <ele>1724.2</ele>
      </trkpt>
      <trkpt lat="50.060318407093604" lon="-122.97491725267983">
        <ele>1724.2</ele>
      </trkpt>
      <trkpt lat="50.06032" lon="-122.97496">
        <ele>1722.4</ele>
      </trkpt>
      <trkpt lat="50.0603933624395" lon="-122.97473007995963">
        <ele>1722.4</ele>
      </trkpt>
      <trkpt lat="50.060396711218274" lon="-122.97473229000624">
        <ele>1722.4</ele>
      </trkpt>
      <trkpt lat="50.06039999982188" lon="-122.97473470938866">
        <ele>1722.4</ele>
      </trkpt>
      <trkpt lat="50.06040322285979" lon="-122.97473733414112">
        <ele>1722.4</ele>
      </trkpt>
      <trkpt lat="50.06040637504896" lon="-122.97474015996129">
        <ele>1722.4</ele>
      </trkpt>
      <trkpt lat="50.06040945122249" lon="-122.9747431822172">
        <ele>1722.4</ele>
      </trkpt>
      <trkpt lat="50.06041244633807" lon="-122.97474639595495">
        <ele>1722.4</ele>
      </trkpt>
      <trkpt lat="50.06041535548625" lon="-122.97474979590672">
        <ele>1722.4</ele>
      </trkpt>
      <trkpt lat="50.060418173898505" lon="-122.97475337649949">
        <ele>1722.4</ele>
      </trkpt>
      <trkpt lat="50.06042089695503" lon="-122.97475713186414">
        <ele>1722.4</ele>
      </trkpt>
      <trkpt lat="50.060423520192344" lon="-122.97476105584505">
        <ele>1722.4</ele>
      </trkpt>
      <trkpt lat="50.06049352019234" lon="-122.97469105570067">
        <ele>1722.4</ele>
      </trkpt>
      <trkpt lat="50.0604951335082" lon="-122.97469363424759">
        <ele>1722.4</ele>
      </trkpt>
      <trkpt lat="50.06049670369797" lon="-122.97469627660004">
        <ele>1722.4</ele>
      </trkpt>
      <trkpt lat="50.06049822972199" lon="-122.97469898100849">
        <ele>1722.4</ele>
      </trkpt>
      <trkpt lat="50.060499710569864" lon="-122.97470174568228">
        <ele>1722.4</ele>
      </trkpt>
      <trkpt lat="50.06050114526108" lon="-122.97470456879088">
        <ele>1722.4</ele>
      </trkpt>
      <trkpt lat="50.06050253284571" lon="-122.97470744846505">
        <ele>1722.4</ele>
      </trkpt>
      <trkpt lat="50.06050387240501" lon="-122.97471038279812">
        <ele>1722.4</ele>
      </trkpt>
      <trkpt lat="50.06050516305203" lon="-122.97471336984721">
        <ele>1722.4</ele>
      </trkpt>
      <trkpt lat="50.06050640393221" lon="-122.97471640763453">
        <ele>1722.4</ele>
      </trkpt>
      <trkpt lat="50.060507594223935" lon="-122.9747194941487">
        <ele>1722.4</ele>
      </trkpt>
      <trkpt lat="50.06055" lon="-122.97472">
        <ele>1729.0</ele>
      </trkpt>
      <trkpt lat="50.060714744007754" lon="-122.97458238136593">
        <ele>1722.2</ele>
      </trkpt>
      <trkpt lat="50.0607157192287" lon="-122.97458470979264">
        <ele>1722.2</ele>
      </trkpt>
      <trkpt lat="50.060716664559656" lon="-122.97458706793999">
        <ele>1722.2</ele>
      </trkpt>
      <trkpt lat="50.06071757962744" lon="-122.97458945487712">
        <ele>1722.2</ele>
      </trkpt>
      <trkpt lat="50.060718464070845" lon="-122.97459186966178">
        <ele>1722.2</ele>
      </trkpt>
      <trkpt lat="50.060719317540716" lon="-122.97459431134074">
        <ele>1722.2</ele>
      </trkpt>
      <trkpt lat="50.06072013970017" lon="-122.97459677895016">
        <ele>1722.2</ele>
      </trkpt>
      <trkpt lat="50.060720930224655" lon="-122.97459927151594">
        <ele>1722.2</ele>
      </trkpt>
      <trkpt lat="50.060721688802104" lon="-122.97460178805417">
        <ele>1722.2</ele>
      </trkpt>
      <trkpt lat="50.06072241513308" lon="-122.97460432757143">
        <ele>1722.2</ele>
      </trkpt>
      <trkpt lat="50.060723108930866" lon="-122.97460688906526">
        <ele>1722.2</ele>
      </trkpt>
      <trkpt lat="50.06103" lon="-122.9745">
        <ele>1714.9</ele>
      </trkpt>
      <trkpt lat="50.06119034739408" lon="-122.9743974212435">
        <ele>1714.9</ele>
      </trkpt>
      <trkpt lat="50.06118847588106" lon="-122.97439190200782">
        <ele>1714.9</ele>
      </trkpt>
      <trkpt lat="50.061186448218955" lon="-122.97438651827161">
        <ele>1714.9</ele>
      </trkpt>
      <trkpt lat="50.06118426844236" lon="-122.97438128074725">
        <ele>1714.9</ele>
      </trkpt>
      <trkpt lat="50.06118194088853" lon="-122.97437619985622">
        <ele>1714.9</ele>
      </trkpt>
      <trkpt lat="50.06117947018876" lon="-122.97437128570834">
        <ele>1714.9</ele>
      </trkpt>
      <trkpt lat="50.061176861259185" lon="-122.97436654808165">
        <ele>1714.9</ele>
      </trkpt>
      <trkpt lat="50.061174119290975" lon="-122.9743619964029">
        <ele>1714.9</ele>
      </trkpt>
      <trkpt lat="50.06117124974002" lon="-122.97435763972895">
        <ele>1714.9</ele>
      </trkpt>
      <trkpt lat="50.06116825831608" lon="-122.97435348672855">
        <ele>1714.9</ele>
      </trkpt>
      <trkpt lat="50.06116515097139" lon="-122.97434954566522">
        <ele>1714.9</ele>
      </trkpt>
      <trkpt lat="50.06123515097139" lon="-122.97425954550405">
        <ele>1717.3</ele>
      </trkpt>
      <trkpt lat="50.06123805090535" lon="-122.97426321214829">
        <ele>1717.3</ele>
      </trkpt>
      <trkpt lat="50.06124085048408" lon="-122.97426706340151">
        <ele>1717.3</ele>
      </trkpt>
      <trkpt lat="50.06124354486782" lon="-122.9742710926059">
        <ele>1717.3</ele>
      </trkpt>
      <trkpt lat="50.06124612939867" lon="-122.974275292796">
        <ele>1717.3</ele>
      </trkpt>
      <trkpt lat="50.061248599608625" lon="-122.97427965671072">
        <ele>1717.3</ele>
      </trkpt>
      <trkpt lat="50.06125095122733" lon="-122.97428417680598">
        <ele>1717.3</ele>
      </trkpt>
      <trkpt lat="50.06125318018943" lon="-122.9742888452677">
        <ele>1717.3</ele>
      </trkpt>
      <trkpt lat="50.06125528264162" lon="-122.97429365402527">
        <ele>1717.3</ele>
      </trkpt>
      <trkpt lat="50.06125725494929" lon="-122.9742985947656">
        <ele>1717.3</ele>
      </trkpt>
      <trkpt lat="50.06125909370283" lon="-122.97430365894739">
        <ele>1717.3</ele>
      </trkpt>
      <trkpt lat="50.06151909370283" lon="-122.97416365858786">
        <ele>1710.9</ele>
      </trkpt>
      <trkpt lat="50.06151781900413" lon="-122.97416009636434">
        <ele>1710.9</ele>
      </trkpt>
      <trkpt lat="50.06151647820515" lon="-122.97415659351773">
        <ele>1710.9</ele>
      </trkpt>
      <trkpt lat="50.061515072444784" lon="-122.97415315302335">
        <ele>1710.9</ele>
      </trkpt>
      <trkpt lat="50.06151360291709" lon="-122.9741497778036">
        <ele>1710.9</ele>
      </trkpt>
      <trkpt lat="50.06151207087031" lon="-122.97414647072543">
        <ele>1710.9</ele>
      </trkpt>
      <trkpt lat="50.06151047760577" lon="-122.97414323459789">
        <ele>1710.9</ele>
      </trkpt>
      <trkpt lat="50.06150882447682" lon="-122.9741400721698">
        <ele>1710.9</ele>
      </trkpt>
      <trkpt lat="50.06150711288763" lon="-122.97413698612736">
        <ele>1710.9</ele>
      </trkpt>
      <trkpt lat="50.06150534429205" lon="-122.97413397909187">
        <ele>1710.9</ele>
      </trkpt>
      <trkpt lat="50.061503520192346" lon="-122.97413105361755">
        <ele>1710.9</ele>
      </trkpt>
      <trkpt lat="50.06163352019235" lon="-122.97400105334941">
        <ele>1712.4</ele>
      </trkpt>
      <trkpt lat="50.06163154783381" lon="-122.97399807353693">
        <ele>1712.4</ele>
      </trkpt>
      <trkpt lat="50.061629517894445" lon="-122.97399518908134">
        <ele>1712.4</ele>
      </trkpt>
      <trkpt lat="50.06162743227336" lon="-122.97399240268116">
        <ele>1712.4</ele>
      </trkpt>
      <trkpt lat="50.06162529292175" lon="-122.97398971694321">
        <ele>1712.4</ele>
      </trkpt>
      <trkpt lat="50.06162310184107" lon="-122.97398713438012">
        <ele>1712.4</ele>
      </trkpt>
      <trkpt lat="50.06162086108118" lon="-122.97398465740801">
        <ele>1712.4</ele>
      </trkpt>
      <trkpt lat="50.06161857273842" lon="-122.97398228834417">
        <ele>1712.4</ele>
      </trkpt>
      <trkpt lat="50.06161623895363" lon="-122.973980029405">
        <ele>1712.4</ele>
      </trkpt>
      <trkpt lat="50.061613861910175" lon="-122.97397788270382">
        <ele>1712.4</ele>
      </trkpt>
      <trkpt lat="50.06161144383189" lon="-122.97397585024898">
        <ele>1712.4</ele>
      </trkpt>
      <trkpt lat="50.06174144383189" lon="-122.97372584991254">
        <ele>1702.6</ele>
      </trkpt>
      <trkpt lat="50.06174266015334" lon="-122.97372685366831">
        <ele>1702.6</ele>
      </trkpt>
      <trkpt lat="50.06174386645869" lon="-122.9737278863374">
        <ele>1702.6</ele>
      </trkpt>
      <trkpt lat="50.0617450624647" lon="-122.97372894767734">
        <ele>1702.6</ele>
      </trkpt>
      <trkpt lat="50.061746247890575" lon="-122.97373003743897">
        <ele>1702.6</ele>
      </trkpt>
      <trkpt lat="50.06174742245798" lon="-122.97373115536641">
        <ele>1702.6</ele>
      </trkpt>
      <trkpt lat="50.061748585891145" lon="-122.97373230119717">
        <ele>1702.6</ele>
      </trkpt>
      <trkpt lat="50.06174973791691" lon="-122.97373347466225">
        <ele>1702.6</ele>
      </trkpt>
      <trkpt lat="50.06175087826479" lon="-122.97373467548611">
        <ele>1702.6</ele>
      </trkpt>
      <trkpt lat="50.06175200666705" lon="-122.97373590338684">
        <ele>1702.6</ele>
      </trkpt>
      <trkpt lat="50.061753122858754" lon="-122.9737371580761">
        <ele>1702.6</ele>
      </trkpt>
      <trkpt lat="50.06186312285875" lon="-122.97358715781735">
        <ele>1702.6</ele>
      </trkpt>
      <trkpt lat="50.06186464229871" lon="-122.97358893229926">
        <ele>1702.6</ele>
      </trkpt>
      <trkpt lat="50.06186613731876" lon="-122.97359075641786">
        <ele>1702.6</ele>
      </trkpt>
      <trkpt lat="50.06186760725078" lon="-122.97359262935794">
        <ele>1702.6</ele>
      </trkpt>
      <trkpt lat="50.061869051437846" lon="-122.97359455028246">
        <ele>1702.6</ele>
      </trkpt>
      <trkpt lat="50.06187046923455" lon="-122.97359651833297">
        <ele>1702.6</ele>
      </trkpt>
      <trkpt lat="50.06187186000726" lon="-122.97359853262991">
        <ele>1702.6</ele>
      </trkpt>
      <trkpt lat="50.06187322313444" lon="-122.9736005922731">
        <ele>1702.6</ele>
      </trkpt>
      <trkpt lat="50.061874558006906" lon="-122.97360269634208">
        <ele>1702.6</ele>
      </trkpt>
      <trkpt lat="50.06187586402809" lon="-122.97360484389652">
        <ele>1702.6</ele>
      </trkpt>
      <trkpt lat="50.06187714061433" lon="-122.97360703397669">
        <ele>1702.6</ele>
      </trkpt>
      <trkpt lat="50.06205714061433" lon="-122.97344703362786">
        <ele>1698.7</ele>
      </trkpt>
      <trkpt lat="50.06205572933849" lon="-122.97344461781888">
        <ele>1698.7</ele>
      </trkpt>
      <trkpt lat="50.06205428224924" lon="-122.97344225398">
        <ele>1698.7</ele>
      </trkpt>
      <trkpt lat="50.06205280013507" lon="-122.97343994339917">
        <ele>1698.7</ele>
      </trkpt>
      <trkpt lat="50.06205128380351" lon="-122.97343768733536">
        <ele>1698.7</ele>
      </trkpt>
      <trkpt lat="50.06204973408075" lon="-122.9734354870178">
        <ele>1698.7</ele>
      </trkpt>
      <trkpt lat="50.06204815181119" lon="-122.97343334364535">
        <ele>1698.7</ele>
      </trkpt>
      <trkpt lat="50.06204653785693" lon="-122.97343125838586">
        <ele>1698.7</ele>
      </trkpt>
      <trkpt lat="50.06204489309735" lon="-122.97342923237551">
        <ele>1698.7</ele>
      </trkpt>
      <trkpt lat="50.062043218428634" lon="-122.97342726671819">
        <ele>1698.7</ele>
      </trkpt>
      <trkpt lat="50.06204151476324" lon="-122.97342536248492">
        <ele>1698.7</ele>
      </trkpt>
      <trkpt lat="50.06218151476324" lon="-122.97322536215034">
        <ele>1698.7</ele>
      </trkpt>
      <trkpt lat="50.06218236434107" lon="-122.97322630001943">
        <ele>1698.7</ele>
      </trkpt>
      <trkpt lat="50.062183206882985" lon="-122.97322725316577">
        <ele>1698.7</ele>
      </trkpt>
      <trkpt lat="50.06218404227578" lon="-122.9732282214613">
        <ele>1698.7</ele>
      </trkpt>
      <trkpt lat="50.062184870407215" lon="-122.97322920477588">
        <ele>1698.7</ele>
      </trkpt>
      <trkpt lat="50.06218569116601" lon="-122.97323020297742">
        <ele>1698.7</ele>
      </trkpt>
      <trkpt lat="50.06218650444188" lon="-122.97323121593179">
        <ele>1698.7</ele>
      </trkpt>
      <trkpt lat="50.062187310125566" lon="-122.97323224350289">
        <ele>1698.7</ele>
      </trkpt>
      <trkpt lat="50.06218810810879" lon="-122.97323328555264">
        <ele>1698.7</ele>
      </trkpt>
      <trkpt lat="50.062188898284354" lon="-122.97323434194102">
        <ele>1698.7</ele>
      </trkpt>
      <trkpt lat="50.06218968054607" lon="-122.97323541252611">
        <ele>1698.7</ele>
      </trkpt>
      <trkpt lat="50.06242968054607" lon="-122.97296541200286">
        <ele>1695.4</ele>
      </trkpt>
      <trkpt lat="50.062428814763514" lon="-122.97296422857688">
        <ele>1695.4</ele>
      </trkpt>
      <trkpt lat="50.0624279393112" lon="-122.97296306254081">
        <ele>1695.4</ele>
      </trkpt>
      <trkpt lat="50.06242705433307" lon="-122.97296191408635">
        <ele>1695.4</ele>
      </trkpt>
      <trkpt lat="50.06242615997463" lon="-122.97296078340234">
        <ele>1695.4</ele>
      </trkpt>
      <trkpt lat="50.0624252563829" lon="-122.97295967067465">
        <ele>1695.4</ele>
      </trkpt>
      <trkpt lat="50.06242434370646" lon="-122.97295857608624">
        <ele>1695.4</ele>
      </trkpt>
      <trkpt lat="50.06242342209536" lon="-122.97295749981706">
        <ele>1695.4</ele>
      </trkpt>
      <trkpt lat="50.06242249170111" lon="-122.97295644204407">
        <ele>1695.4</ele>
      </trkpt>
      <trkpt lat="50.062421552676696" lon="-122.97295540294117">
        <ele>1695.4</ele>
      </trkpt>
      <trkpt lat="50.062420605176484" lon="-122.9729543826792">
        <ele>1695.4</ele>
      </trkpt>
      <trkpt lat="50.06252" lon="-122.97285">
        <ele>1689.3</ele>
      </trkpt>
      <trkpt lat="50.06281" lon="-122.97236">
        <ele>1683.8</ele>
      </trkpt>
      <trkpt lat="50.06305169721579" lon="-122.97197555954999">
        <ele>1689.0</ele>
      </trkpt>
      <trkpt lat="50.06305078786252" lon="-122.97197457570792">
        <ele>1689.0</ele>
      </trkpt>
      <trkpt lat="50.06304987079439" lon="-122.97197360939924">
        <ele>1689.0</ele>
      </trkpt>
      <trkpt lat="50.063048946150694" lon="-122.97197266077073">
        <ele>1689.0</ele>
      </trkpt>
      <trkpt lat="50.06304801407189" lon="-122.9719717299665">
        <ele>1689.0</ele>
      </trkpt>
      <trkpt lat="50.06304707469957" lon="-122.97197081712791">
        <ele>1689.0</ele>
      </trkpt>
      <trkpt lat="50.06304612817643" lon="-122.97196992239367">
        <ele>1689.0</ele>
      </trkpt>
      <trkpt lat="50.06304517464624" lon="-122.97196904589966">
        <ele>1689.0</ele>
      </trkpt>
      <trkpt lat="50.06304421425386" lon="-122.97196818777903">
        <ele>1689.0</ele>
      </trkpt>
      <trkpt lat="50.06304324714516" lon="-122.97196734816212">
        <ele>1689.0</ele>
      </trkpt>
      <trkpt lat="50.06304227346706" lon="-122.9719665271765">
        <ele>1689.0</ele>
      </trkpt>
      <trkpt lat="50.06324" lon="-122.97164">
        <ele>1688.5</ele>
      </trkpt>
      <trkpt lat="50.06352621772866" lon="-122.9711200047836">
        <ele>1685.1</ele>
      </trkpt>
      <trkpt lat="50.0635252562789" lon="-122.97111911876442">
        <ele>1685.1</ele>
      </trkpt>
      <trkpt lat="50.063524287830724" lon="-122.97111825143827">
        <ele>1685.1</ele>
      </trkpt>
      <trkpt lat="50.063523312533896" lon="-122.97111740293927">
        <ele>1685.1</ele>
      </trkpt>
      <trkpt lat="50.063522330539236" lon="-122.97111657339865">
        <ele>1685.1</ele>
      </trkpt>
      <trkpt lat="50.063521341998594" lon="-122.97111576294466">
        <ele>1685.1</ele>
      </trkpt>
      <trkpt lat="50.06352034706484" lon="-122.97111497170265">
        <ele>1685.1</ele>
      </trkpt>
      <trkpt lat="50.06351934589183" lon="-122.97111419979498">
        <ele>1685.1</ele>
      </trkpt>
      <trkpt lat="50.06351833863438" lon="-122.97111344734101">
        <ele>1685.1</ele>
      </trkpt>
      <trkpt lat="50.06351732544826" lon="-122.97111271445709">
        <ele>1685.1</ele>
      </trkpt>
      <trkpt lat="50.06351630649014" lon="-122.97111200125657">
        <ele>1685.1</ele>
      </trkpt>
      <trkpt lat="50.06370630649015" lon="-122.97068200074958">
        <ele>1685.6</ele>
      </trkpt>
      <trkpt lat="50.063708890497914" lon="-122.97068385612803">
        <ele>1685.6</ele>
      </trkpt>
      <trkpt lat="50.063711435489736" lon="-122.97068583805724">
        <ele>1685.6</ele>
      </trkpt>
      <trkpt lat="50.06371393891242" lon="-122.97068794454887">
        <ele>1685.6</ele>
      </trkpt>
      <trkpt lat="50.06371639825447" lon="-122.97069017348966">
        <ele>1685.6</ele>
      </trkpt>
      <trkpt lat="50.0637188110486" lon="-122.97069252264345">
        <ele>1685.6</ele>
      </trkpt>
      <trkpt lat="50.063721174874246" lon="-122.97069498965352">
        <ele>1685.6</ele>
      </trkpt>
      <trkpt lat="50.063723487359944" lon="-122.97069757204491">
        <ele>1685.6</ele>
      </trkpt>
      <trkpt lat="50.06372574618577" lon="-122.97070026722689">
        <ele>1685.6</ele>
      </trkpt>
      <trkpt lat="50.06372794908559" lon="-122.9707030724956">
        <ele>1685.6</ele>
      </trkpt>
      <trkpt lat="50.06373009384941" lon="-122.97070598503669">
        <ele>1685.6</ele>
      </trkpt>
      <trkpt lat="50.06385" lon="-122.97061">
        <ele>1685.6</ele>
      </trkpt>
      <trkpt lat="50.06399" lon="-122.97048">
        <ele>1682.5</ele>
      </trkpt>
      <trkpt lat="50.06426982077531" lon="-122.97022195039794">
        <ele>1674.2</ele>
      </trkpt>
      <trkpt lat="50.06426922416533" lon="-122.97022081454455">
        <ele>1674.2</ele>
      </trkpt>
      <trkpt lat="50.06426861994133" lon="-122.97021968850072">
        <ele>1674.2</ele>
      </trkpt>
      <trkpt lat="50.064268008169776" lon="-122.97021857239032">
        <ele>1674.2</ele>
      </trkpt>
      <trkpt lat="50.06426738891796" lon="-122.97021746633611">
        <ele>1674.2</ele>
      </trkpt>
      <trkpt lat="50.064266762253986" lon="-122.97021637045974">
        <ele>1674.2</ele>
      </trkpt>
      <trkpt lat="50.064266128246786" lon="-122.97021528488175">
        <ele>1674.2</ele>
      </trkpt>
      <trkpt lat="50.064265486966086" lon="-122.97021420972155">
        <ele>1674.2</ele>
      </trkpt>
      <trkpt lat="50.06426483848244" lon="-122.97021314509738">
        <ele>1674.2</ele>
      </trkpt>
      <trkpt lat="50.06426418286715" lon="-122.97021209112636">
        <ele>1674.2</ele>
      </trkpt>
      <trkpt lat="50.06426352019235" lon="-122.9702110479244">
        <ele>1674.2</ele>
      </trkpt>
      <trkpt lat="50.06435" lon="-122.97016">
        <ele>1679.6</ele>
      </trkpt>
      <trkpt lat="50.0645309306596" lon="-122.96992717149202">
        <ele>1672.2</ele>
      </trkpt>
      <trkpt lat="50.06453238794981" lon="-122.96992931443849">
        <ele>1672.2</ele>
      </trkpt>
      <trkpt lat="50.064533814191485" lon="-122.96993150749302">
        <ele>1672.2</ele>
      </trkpt>
      <trkpt lat="50.06453520867485" lon="-122.96993374956416">
        <ele>1672.2</ele>
      </trkpt>
      <trkpt lat="50.06453657070589" lon="-122.96993603953612">
        <ele>1672.2</ele>
      </trkpt>
      <trkpt lat="50.06453789960678" lon="-122.96993837626927">
        <ele>1672.2</ele>
      </trkpt>
      <trkpt lat="50.064539194716176" lon="-122.96994075860067">
        <ele>1672.2</ele>
      </trkpt>
      <trkpt lat="50.064540455389526" lon="-122.96994318534472">
        <ele>1672.2</ele>
      </trkpt>
      <trkpt lat="50.06454168099944" lon="-122.9699456552937">
        <ele>1672.2</ele>
      </trkpt>
      <trkpt lat="50.064542870935966" lon="-122.96994816721839">
        <ele>1672.2</ele>
      </trkpt>
      <trkpt lat="50.06454402460692" lon="-122.96995071986869">
        <ele>1672.2</ele>
      </trkpt>
      <trkpt lat="50.06463" lon="-122.96992">
        <ele>1677.8</ele>
      </trkpt>
      <trkpt lat="50.06483" lon="-122.96977">
        <ele>1668.0</ele>
      </trkpt>
      <trkpt lat="50.06503" lon="-122.96964">
        <ele>1667.0</ele>
      </trkpt>
      <trkpt lat="50.0655" lon="-122.96938">
        <ele>1669.2</ele>
      </trkpt>
      <trkpt lat="50.06600110496935" lon="-122.96911983320929">
        <ele>1654.7</ele>
      </trkpt>
      <trkpt lat="50.06600024937353" lon="-122.96911711049034">
        <ele>1654.7</ele>
      </trkpt>
      <trkpt lat="50.06599935612142" lon="-122.96911441728174">
        <ele>1654.7</ele>
      </trkpt>
      <trkpt lat="50.065998425632145" lon="-122.96911175484725">
        <ele>1654.7</ele>
      </trkpt>
      <trkpt lat="50.06599745834235" lon="-122.96910912443619">
        <ele>1654.7</ele>
      </trkpt>
      <trkpt lat="50.065996454705925" lon="-122.96910652728283">
        <ele>1654.7</ele>
      </trkpt>
      <trkpt lat="50.06599541519381" lon="-122.9691039646059">
        <ele>1654.7</ele>
      </trkpt>
      <trkpt lat="50.0659943402938" lon="-122.9691014376079">
        <ele>1654.7</ele>
      </trkpt>
      <trkpt lat="50.06599323051026" lon="-122.96909894747459">
        <ele>1654.7</ele>
      </trkpt>
      <trkpt lat="50.06599208636396" lon="-122.96909649537446">
        <ele>1654.7</ele>
      </trkpt>
      <trkpt lat="50.06599090839179" lon="-122.96909408245813">
        <ele>1654.7</ele>
      </trkpt>
      <trkpt lat="50.06617090839179" lon="-122.96895408213571">
        <ele>1661.2</ele>
      </trkpt>
      <trkpt lat="50.06617184152348" lon="-122.96895598453132">
        <ele>1661.2</ele>
      </trkpt>
      <trkpt lat="50.066172753627406" lon="-122.96895791151798">
        <ele>1661.2</ele>
      </trkpt>
      <trkpt lat="50.0661736444366" lon="-122.96895986253163">
        <ele>1661.2</ele>
      </trkpt>
      <trkpt lat="50.06617451369033" lon="-122.96896183700126">
        <ele>1661.2</ele>
      </trkpt>
      <trkpt lat="50.06617536113416" lon="-122.96896383434893">
        <ele>1661.2</ele>
      </trkpt>
      <trkpt lat="50.06617618652004" lon="-122.96896585399">
        <ele>1661.2</ele>
      </trkpt>
      <trkpt lat="50.0661769896064" lon="-122.96896789533336">
        <ele>1661.2</ele>
      </trkpt>
      <trkpt lat="50.06617777015816" lon="-122.96896995778151">
        <ele>1661.2</ele>
      </trkpt>
      <trkpt lat="50.066178527946875" lon="-122.96897204073076">
        <ele>1661.2</ele>
      </trkpt>
      <trkpt lat="50.06617926275073" lon="-122.96897414357146">
        <ele>1661.2</ele>
      </trkpt>
      <trkpt lat="50.06647926275073" lon="-122.96881414315953">
        <ele>1660.6</ele>
      </trkpt>
      <trkpt lat="50.06647989064252" lon="-122.96881601099533">
        <ele>1660.6</ele>
      </trkpt>
      <trkpt lat="50.066480500399585" lon="-122.96881789335625">
        <ele>1660.6</ele>
      </trkpt>
      <trkpt lat="50.06648109188352" lon="-122.96881978981502">
        <ele>1660.6</ele>
      </trkpt>
      <trkpt lat="50.066481664960065" lon="-122.96882169994115">
        <ele>1660.6</ele>
      </trkpt>
      <trkpt lat="50.06648221949913" lon="-122.96882362330106">
        <ele>1660.6</ele>
      </trkpt>
      <trkpt lat="50.06648275537484" lon="-122.96882555945817">
        <ele>1660.6</ele>
      </trkpt>
      <trkpt lat="50.06648327246556" lon="-122.96882750797295">
        <ele>1660.6</ele>
      </trkpt>
      <trkpt lat="50.06648377065391" lon="-122.96882946840313">
        <ele>1660.6</ele>
      </trkpt>
      <trkpt lat="50.06648424982679" lon="-122.9688314403037">
        <ele>1660.6</ele>
      </trkpt>
      <trkpt lat="50.06648470987546" lon="-122.96883342322704">
        <ele>1660.6</ele>
      </trkpt>
      <trkpt lat="50.06665470987546" lon="-122.96877342306195">
        <ele>1660.6</ele>
      </trkpt>
      <trkpt lat="50.06665531784868" lon="-122.96877619900738">
        <ele>1660.6</ele>
      </trkpt>
      <trkpt lat="50.06665588834485" lon="-122.968778994193">
        <ele>1660.6</ele>
      </trkpt>
      <trkpt lat="50.066656421113365" lon="-122.96878180739101">
        <ele>1660.6</ele>
      </trkpt>
      <trkpt lat="50.066656915920206" lon="-122.96878463736564">
        <ele>1660.6</ele>
      </trkpt>
      <trkpt lat="50.066657372548015" lon="-122.96878748287381">
        <ele>1660.6</ele>
      </trkpt>
      <trkpt lat="50.06665779079622" lon="-122.96879034266557">
        <ele>1660.6</ele>
      </trkpt>
      <trkpt lat="50.06665817048109" lon="-122.96879321548474">
        <ele>1660.6</ele>
      </trkpt>
      <trkpt lat="50.066658511435854" lon="-122.96879610006937">
        <ele>1660.6</ele>
      </trkpt>
      <trkpt lat="50.066658813510735" lon="-122.96879899515238">
        <ele>1660.6</ele>
      </trkpt>
      <trkpt lat="50.066659076573046" lon="-122.96880189946206">
        <ele>1660.6</ele>
      </trkpt>
      <trkpt lat="50.0668" lon="-122.96879">
        <ele>1655.5</ele>
      </trkpt>
      <trkpt lat="50.06739967610251" lon="-122.96875178194458">
        <ele>1650.2</ele>
      </trkpt>
      <trkpt lat="50.06739975998778" lon="-122.96875443187191">
        <ele>1650.2</ele>
      </trkpt>
      <trkpt lat="50.06739981161266" lon="-122.96875708380047">
        <ele>1650.2</ele>
      </trkpt>
      <trkpt lat="50.06739983095861" lon="-122.96875973677714">
        <ele>1650.2</ele>
      </trkpt>
      <trkpt lat="50.06739981801865" lon="-122.96876238984842">
        <ele>1650.2</ele>
      </trkpt>
      <trkpt lat="50.06739977279746" lon="-122.96876504206075">
        <ele>1650.2</ele>
      </trkpt>
      <trkpt lat="50.06739969531127" lon="-122.96876769246094">
        <ele>1650.2</ele>
      </trkpt>
      <trkpt lat="50.06739958558794" lon="-122.96877034009641">
        <ele>1650.2</ele>
      </trkpt>
      <trkpt lat="50.067399443666915" lon="-122.96877298401557">
        <ele>1650.2</ele>
      </trkpt>
      <trkpt lat="50.067399269599186" lon="-122.96877562326819">
        <ele>1650.2</ele>
      </trkpt>
      <trkpt lat="50.06739906344732" lon="-122.96877825690568">
        <ele>1650.2</ele>
      </trkpt>
      <trkpt lat="50.06777906344732" lon="-122.96882825705033">
        <ele>1647.9</ele>
      </trkpt>
      <trkpt lat="50.067779626037876" lon="-122.96881945118676">
        <ele>1647.9</ele>
      </trkpt>
      <trkpt lat="50.06777983027106" lon="-122.96881060753392">
        <ele>1647.9</ele>
      </trkpt>
      <trkpt lat="50.06777967533025" lon="-122.96880176145196">
        <ele>1647.9</ele>
      </trkpt>
      <trkpt lat="50.06777916183498" lon="-122.96879294831068">
        <ele>1647.9</ele>
      </trkpt>
      <trkpt lat="50.067778291838366" lon="-122.96878420334824">
        <ele>1647.9</ele>
      </trkpt>
      <trkpt lat="50.06777706881899" lon="-122.96877556153015">
        <ele>1647.9</ele>
      </trkpt>
      <trkpt lat="50.067775497666915" lon="-122.96876705740956">
        <ele>1647.9</ele>
      </trkpt>
      <trkpt lat="50.06777358466418" lon="-122.96875872498902">
        <ele>1647.9</ele>
      </trkpt>
      <trkpt lat="50.06777133745967" lon="-122.96875059758453">
        <ele>1647.9</ele>
      </trkpt>
      <trkpt lat="50.06776876503851" lon="-122.96874270769244">
        <ele>1647.9</ele>
      </trkpt>
      <trkpt lat="50.06807876503851" lon="-122.96857270725748">
        <ele>1643.0</ele>
      </trkpt>
      <trkpt lat="50.06807969222167" lon="-122.96857541114426">
        <ele>1643.0</ele>
      </trkpt>
      <trkpt lat="50.06808058116803" lon="-122.96857814602113">
        <ele>1643.0</ele>
      </trkpt>
      <trkpt lat="50.068081431451084" lon="-122.96858091057592">
        <ele>1643.0</ele>
      </trkpt>
      <trkpt lat="50.06808224266284" lon="-122.96858370348217">
        <ele>1643.0</ele>
      </trkpt>
      <trkpt lat="50.06808301441408" lon="-122.96858652339981">
        <ele>1643.0</ele>
      </trkpt>
      <trkpt lat="50.06808374633451" lon="-122.96858936897583">
        <ele>1643.0</ele>
      </trkpt>
      <trkpt lat="50.06808443807296" lon="-122.96859223884493">
        <ele>1643.0</ele>
      </trkpt>
      <trkpt lat="50.068085089297526" lon="-122.96859513163011">
        <ele>1643.0</ele>
      </trkpt>
      <trkpt lat="50.068085699695736" lon="-122.9685980459434">
        <ele>1643.0</ele>
      </trkpt>
      <trkpt lat="50.06808626897473" lon="-122.96860098038648">
        <ele>1643.0</ele>
      </trkpt>
      <trkpt lat="50.06839626897473" lon="-122.96851098013428">
        <ele>1640.0</ele>
      </trkpt>
      <trkpt lat="50.06839549594785" lon="-122.96850704854813">
        <ele>1640.0</ele>
      </trkpt>
      <trkpt lat="50.06839464911732" lon="-122.96850315403944">
        <ele>1640.0</ele>
      </trkpt>
      <trkpt lat="50.06839372921417" lon="-122.96849929997013">
        <ele>1640.0</ele>
      </trkpt>
      <trkpt lat="50.068392737032504" lon="-122.96849548966719">
        <ele>1640.0</ele>
      </trkpt>
      <trkpt lat="50.0683916734288" lon="-122.96849172641983">
        <ele>1640.0</ele>
      </trkpt>
      <trkpt lat="50.068390539321214" lon="-122.96848801347662">
        <ele>1640.0</ele>
      </trkpt>
      <trkpt lat="50.06838933568875" lon="-122.96848435404276">
        <ele>1640.0</ele>
      </trkpt>
      <trkpt lat="50.06838806357044" lon="-122.96848075127718">
        <ele>1640.0</ele>
      </trkpt>
      <trkpt lat="50.06838672406442" lon="-122.96847720829">
        <ele>1640.0</ele>
      </trkpt>
      <trkpt lat="50.06838531832701" lon="-122.96847372813961">
        <ele>1640.0</ele>
      </trkpt>
      <trkpt lat="50.06858531832702" lon="-122.96834372782155">
        <ele>1635.6</ele>
      </trkpt>
      <trkpt lat="50.06858319571463" lon="-122.96833886685043">
        <ele>1635.6</ele>
      </trkpt>
      <trkpt lat="50.0685809439325" lon="-122.96833414905637">
        <ele>1635.6</ele>
      </trkpt>
      <trkpt lat="50.06857856695439" lon="-122.96832958276497">
        <ele>1635.6</ele>
      </trkpt>
      <trkpt lat="50.06857606897499" lon="-122.96832517603441">
        <ele>1635.6</ele>
      </trkpt>
      <trkpt lat="50.068573454402525" lon="-122.96832093664136">
        <ele>1635.6</ele>
      </trkpt>
      <trkpt lat="50.06857072785098" lon="-122.96831687206712">
        <ele>1635.6</ele>
      </trkpt>
      <trkpt lat="50.06856789413195" lon="-122.96831298948452">
        <ele>1635.6</ele>
      </trkpt>
      <trkpt lat="50.06856495824615" lon="-122.96830929574523">
        <ele>1635.6</ele>
      </trkpt>
      <trkpt lat="50.06856192537458" lon="-122.96830579736765">
        <ele>1635.6</ele>
      </trkpt>
      <trkpt lat="50.068558800869404" lon="-122.96830250052543">
        <ele>1635.6</ele>
      </trkpt>
      <trkpt lat="50.06862" lon="-122.96825">
        <ele>1631.9</ele>
      </trkpt>
      <trkpt lat="50.06875621772866" lon="-122.96797999169871">
        <ele>1631.9</ele>
      </trkpt>
      <trkpt lat="50.06875714350248" lon="-122.96798086895868">
        <ele>1631.9</ele>
      </trkpt>
      <trkpt lat="50.06875806241697" lon="-122.96798176355209">
        <ele>1631.9</ele>
      </trkpt>
      <trkpt lat="50.06875897433842" lon="-122.96798267534878">
        <ele>1631.9</ele>
      </trkpt>
      <trkpt lat="50.06875987913417" lon="-122.96798360421607">
        <ele>1631.9</ele>
      </trkpt>
      <trkpt lat="50.06876077667255" lon="-122.96798455001883">
        <ele>1631.9</ele>
      </trkpt>
      <trkpt lat="50.06876166682298" lon="-122.96798551261944">
        <ele>1631.9</ele>
      </trkpt>
      <trkpt lat="50.06876254945595" lon="-122.96798649187784">
        <ele>1631.9</ele>
      </trkpt>
      <trkpt lat="50.06876342444302" lon="-122.96798748765156">
        <ele>1631.9</ele>
      </trkpt>
      <trkpt lat="50.0687642916569" lon="-122.96798849979568">
        <ele>1631.9</ele>
      </trkpt>
      <trkpt lat="50.068765150971394" lon="-122.96798952816299">
        <ele>1631.9</ele>
      </trkpt>
      <trkpt lat="50.06892" lon="-122.96783">
        <ele>1634.2</ele>
      </trkpt>
      <trkpt lat="50.06905283612089" lon="-122.96760681465743">
        <ele>1642.2</ele>
      </trkpt>
      <trkpt lat="50.06905682994278" lon="-122.96761161263052">
        <ele>1642.2</ele>
      </trkpt>
      <trkpt lat="50.06906064464107" lon="-122.96761675223227">
        <ele>1642.2</ele>
      </trkpt>
      <trkpt lat="50.06906426819211" lon="-122.96762221726304">
        <ele>1642.2</ele>
      </trkpt>
      <trkpt lat="50.06906768917475" lon="-122.96762799049748">
        <ele>1642.2</ele>
      </trkpt>
      <trkpt lat="50.06907089680632" lon="-122.9676340537388">
        <ele>1642.2</ele>
      </trkpt>
      <trkpt lat="50.0690738809766" lon="-122.96764038787613">
        <ele>1642.2</ele>
      </trkpt>
      <trkpt lat="50.06907663227974" lon="-122.96764697294473">
        <ele>1642.2</ele>
      </trkpt>
      <trkpt lat="50.06907914204381" lon="-122.96765378818903">
        <ele>1642.2</ele>
      </trkpt>
      <trkpt lat="50.06908140235825" lon="-122.96766081212783">
        <ele>1642.2</ele>
      </trkpt>
      <trkpt lat="50.06908340609871" lon="-122.96766802262228">
        <ele>1642.2</ele>
      </trkpt>
      <trkpt lat="50.06915" lon="-122.96766">
        <ele>1642.2</ele>
      </trkpt>
      <trkpt lat="50.06937459772831" lon="-122.96756292830226">
        <ele>1628.6</ele>
      </trkpt>
      <trkpt lat="50.06937283658223" lon="-122.96755585676804">
        <ele>1628.6</ele>
      </trkpt>
      <trkpt lat="50.06937083211317" lon="-122.96754894427336">
        <ele>1628.6</ele>
      </trkpt>
      <trkpt lat="50.06936859020903" lon="-122.9675422111229">
        <ele>1628.6</ele>
      </trkpt>
      <trkpt lat="50.06936611745516" lon="-122.96753567709449">
        <ele>1628.6</ele>
      </trkpt>
      <trkpt lat="50.06936342111497" lon="-122.96752936138111">
        <ele>1628.6</ele>
      </trkpt>
      <trkpt lat="50.06936050910868" lon="-122.96752328253444">
        <ele>1628.6</ele>
      </trkpt>
      <trkpt lat="50.06935738998994" lon="-122.9675174584104">
        <ele>1628.6</ele>
      </trkpt>
      <trkpt lat="50.069354072920824" lon="-122.96751190611667">
        <ele>1628.6</ele>
      </trkpt>
      <trkpt lat="50.06935056764485" lon="-122.96750664196249">
        <ele>1628.6</ele>
      </trkpt>
      <trkpt lat="50.06934688445835" lon="-122.96750168141071">
        <ele>1628.6</ele>
      </trkpt>
      <trkpt lat="50.06938" lon="-122.9675">
        <ele>1631.9</ele>
      </trkpt>
      <trkpt lat="50.0695298293385" lon="-122.96723355058961">
        <ele>1626.3</ele>
      </trkpt>
      <trkpt lat="50.06953076778555" lon="-122.9672345386792">
        <ele>1626.3</ele>
      </trkpt>
      <trkpt lat="50.06953169816154" lon="-122.96723554512481">
        <ele>1626.3</ele>
      </trkpt>
      <trkpt lat="50.06953262031856" lon="-122.96723656976647">
        <ele>1626.3</ele>
      </trkpt>
      <trkpt lat="50.06953353411" lon="-122.96723761244125">
        <ele>1626.3</ele>
      </trkpt>
      <trkpt lat="50.06953443939059" lon="-122.96723867298341">
        <ele>1626.3</ele>
      </trkpt>
      <trkpt lat="50.06953533601641" lon="-122.96723975122433">
        <ele>1626.3</ele>
      </trkpt>
      <trkpt lat="50.069536223844906" lon="-122.9672408469926">
        <ele>1626.3</ele>
      </trkpt>
      <trkpt lat="50.06953710273494" lon="-122.96724196011401">
        <ele>1626.3</ele>
      </trkpt>
      <trkpt lat="50.06953797254678" lon="-122.9672430904116">
        <ele>1626.3</ele>
      </trkpt>
      <trkpt lat="50.069538833142154" lon="-122.96724423770567">
        <ele>1626.3</ele>
      </trkpt>
      <trkpt lat="50.06966883314215" lon="-122.96709423741899">
        <ele>1629.0</ele>
      </trkpt>
      <trkpt lat="50.069669874549085" lon="-122.96709566566769">
        <ele>1629.0</ele>
      </trkpt>
      <trkpt lat="50.0696709016736" lon="-122.9670971188042">
        <ele>1629.0</ele>
      </trkpt>
      <trkpt lat="50.069671914270664" lon="-122.96709859648193">
        <ele>1629.0</ele>
      </trkpt>
      <trkpt lat="50.06967291209875" lon="-122.96710009834838">
        <ele>1629.0</ele>
      </trkpt>
      <trkpt lat="50.06967389491983" lon="-122.9671016240453">
        <ele>1629.0</ele>
      </trkpt>
      <trkpt lat="50.06967486249946" lon="-122.96710317320874">
        <ele>1629.0</ele>
      </trkpt>
      <trkpt lat="50.06967581460684" lon="-122.96710474546917">
        <ele>1629.0</ele>
      </trkpt>
      <trkpt lat="50.06967675101485" lon="-122.96710634045154">
        <ele>1629.0</ele>
      </trkpt>
      <trkpt lat="50.06967767150013" lon="-122.9671079577754">
        <ele>1629.0</ele>
      </trkpt>
      <trkpt lat="50.06967857584309" lon="-122.96710959705493">
        <ele>1629.0</ele>
      </trkpt>
      <trkpt lat="50.0698085758431" lon="-122.96699959680987">
        <ele>1623.7</ele>
      </trkpt>
      <trkpt lat="50.06980617086847" lon="-122.96699534621465">
        <ele>1623.7</ele>
      </trkpt>
      <trkpt lat="50.06980365742988" lon="-122.96699125077113">
        <ele>1623.7</ele>
      </trkpt>
      <trkpt lat="50.06980103964724" lon="-122.96698731719239">
        <ele>1623.7</ele>
      </trkpt>
      <trkpt lat="50.069798321811476" lon="-122.96698355192612">
        <ele>1623.7</ele>
      </trkpt>
      <trkpt lat="50.069795508377545" lon="-122.96697996114419">
        <ele>1623.7</ele>
      </trkpt>
      <trkpt lat="50.069792603957076" lon="-122.9669765507324">
        <ele>1623.7</ele>
      </trkpt>
      <trkpt lat="50.069789613310846" lon="-122.96697332628094">
        <ele>1623.7</ele>
      </trkpt>
      <trkpt lat="50.06978654134098" lon="-122.96697029307515">
        <ele>1623.7</ele>
      </trkpt>
      <trkpt lat="50.069783393082886" lon="-122.96696745608693">
        <ele>1623.7</ele>
      </trkpt>
      <trkpt lat="50.06978017369704" lon="-122.96696481996653">
        <ele>1623.7</ele>
      </trkpt>
      <trkpt lat="50.069830173697035" lon="-122.96686481983602">
        <ele>1623.7</ele>
      </trkpt>
      <trkpt lat="50.06983457268269" lon="-122.96686848797465">
        <ele>1623.7</ele>
      </trkpt>
      <trkpt lat="50.06983883416431" lon="-122.96687253097053">
        <ele>1623.7</ele>
      </trkpt>
      <trkpt lat="50.069842944995486" lon="-122.96687693635127">
        <ele>1623.7</ele>
      </trkpt>
      <trkpt lat="50.06984689249456" lon="-122.96688169052652">
        <ele>1623.7</ele>
      </trkpt>
      <trkpt lat="50.069850664483724" lon="-122.96688677882995">
        <ele>1623.7</ele>
      </trkpt>
      <trkpt lat="50.069854249326625" lon="-122.96689218556443">
        <ele>1623.7</ele>
      </trkpt>
      <trkpt lat="50.06985763596425" lon="-122.96689789405053">
        <ele>1623.7</ele>
      </trkpt>
      <trkpt lat="50.069860813949006" lon="-122.96690388667791">
        <ele>1623.7</ele>
      </trkpt>
      <trkpt lat="50.06986377347702" lon="-122.9669101449597">
        <ele>1623.7</ele>
      </trkpt>
      <trkpt lat="50.06986650541832" lon="-122.96691664958944">
        <ele>1623.7</ele>
      </trkpt>
      <trkpt lat="50.069996505418324" lon="-122.9668366493906">
        <ele>1627.9</ele>
      </trkpt>
      <trkpt lat="50.069995615766196" lon="-122.96683444329823">
        <ele>1627.9</ele>
      </trkpt>
      <trkpt lat="50.06999469990974" lon="-122.9668322633897">
        <ele>1627.9</ele>
      </trkpt>
      <trkpt lat="50.069993758166355" lon="-122.96683011042046">
        <ele>1627.9</ele>
      </trkpt>
      <trkpt lat="50.06999279086239" lon="-122.96682798513662">
        <ele>1627.9</ele>
      </trkpt>
      <trkpt lat="50.069991798333064" lon="-122.96682588827468">
        <ele>1627.9</ele>
      </trkpt>
      <trkpt lat="50.06999078092233" lon="-122.9668238205613">
        <ele>1627.9</ele>
      </trkpt>
      <trkpt lat="50.06998973898278" lon="-122.96682178271304">
        <ele>1627.9</ele>
      </trkpt>
      <trkpt lat="50.06998867287547" lon="-122.96681977543611">
        <ele>1627.9</ele>
      </trkpt>
      <trkpt lat="50.069987582969866" lon="-122.9668177994261">
        <ele>1627.9</ele>
      </trkpt>
      <trkpt lat="50.06998646964368" lon="-122.96681585536781">
        <ele>1627.9</ele>
      </trkpt>
      <trkpt lat="50.07009646964368" lon="-122.96671585515188">
        <ele>1622.4</ele>
      </trkpt>
      <trkpt lat="50.070092077636446" lon="-122.96670883832164">
        <ele>1622.4</ele>
      </trkpt>
      <trkpt lat="50.07008738119969" lon="-122.96670231758955">
        <ele>1622.4</ele>
      </trkpt>
      <trkpt lat="50.07008240336481" lon="-122.96669632493337">
        <ele>1622.4</ele>
      </trkpt>
      <trkpt lat="50.07007716854316" lon="-122.96669088974116">
        <ele>1622.4</ele>
      </trkpt>
      <trkpt lat="50.07007170240637" lon="-122.96668603866718">
        <ele>1622.4</ele>
      </trkpt>
      <trkpt lat="50.070066031760454" lon="-122.96668179550115">
        <ele>1622.4</ele>
      </trkpt>
      <trkpt lat="50.07006018441433" lon="-122.9666781810516">
        <ele>1622.4</ele>
      </trkpt>
      <trkpt lat="50.070054189043454" lon="-122.96667521304386">
        <ele>1622.4</ele>
      </trkpt>
      <trkpt lat="50.0700480750492" lon="-122.96667290603305">
        <ele>1622.4</ele>
      </trkpt>
      <trkpt lat="50.07004187241467" lon="-122.96667127133281">
        <ele>1622.4</ele>
      </trkpt>
      <trkpt lat="50.07006187241467" lon="-122.96652127127497">
        <ele>1623.2</ele>
      </trkpt>
      <trkpt lat="50.07006549331715" lon="-122.96652214088184">
        <ele>1623.2</ele>
      </trkpt>
      <trkpt lat="50.0700690884491" lon="-122.9665232397942">
        <ele>1623.2</ele>
      </trkpt>
      <trkpt lat="50.07007265183062" lon="-122.96652456618422">
        <ele>1623.2</ele>
      </trkpt>
      <trkpt lat="50.070076177534624" lon="-122.96652611784566">
        <ele>1623.2</ele>
      </trkpt>
      <trkpt lat="50.07007965969669" lon="-122.9665278921976">
        <ele>1623.2</ele>
      </trkpt>
      <trkpt lat="50.07008309252482" lon="-122.96652988628871">
        <ele>1623.2</ele>
      </trkpt>
      <trkpt lat="50.07008647030909" lon="-122.96653209680213">
        <ele>1623.2</ele>
      </trkpt>
      <trkpt lat="50.07008978743113" lon="-122.96653452006106">
        <ele>1623.2</ele>
      </trkpt>
      <trkpt lat="50.07009303837345" lon="-122.96653715203482">
        <ele>1623.2</ele>
      </trkpt>
      <trkpt lat="50.07009621772866" lon="-122.96653998834554">
        <ele>1623.2</ele>
      </trkpt>
      <trkpt lat="50.07015621772866" lon="-122.96643998819539">
        <ele>1623.2</ele>
      </trkpt>
      <trkpt lat="50.070159984978794" lon="-122.96644371108313">
        <ele>1623.2</ele>
      </trkpt>
      <trkpt lat="50.07016362895147" lon="-122.9664477207731">
        <ele>1623.2</ele>
      </trkpt>
      <trkpt lat="50.070167140659585" lon="-122.96645200737623">
        <ele>1623.2</ele>
      </trkpt>
      <trkpt lat="50.07017051144224" lon="-122.96645656032052">
        <ele>1623.2</ele>
      </trkpt>
      <trkpt lat="50.07017373298612" lon="-122.9664613683771">
        <ele>1623.2</ele>
      </trkpt>
      <trkpt lat="50.07017679734595" lon="-122.96646641968788">
        <ele>1623.2</ele>
      </trkpt>
      <trkpt lat="50.07017969696414" lon="-122.96647170179487">
        <ele>1623.2</ele>
      </trkpt>
      <trkpt lat="50.070182424689385" lon="-122.96647720167087">
        <ele>1623.2</ele>
      </trkpt>
      <trkpt lat="50.07018497379432" lon="-122.96648290575159">
        <ele>1623.2</ele>
      </trkpt>
      <trkpt lat="50.07018733799212" lon="-122.9664887999691">
        <ele>1623.2</ele>
      </trkpt>
      <trkpt lat="50.07033" lon="-122.96643">
        <ele>1620.5</ele>
      </trkpt>
      <trkpt lat="50.07044" lon="-122.96636">
        <ele>1618.0</ele>
      </trkpt>
      <trkpt lat="50.07072" lon="-122.96616">
        <ele>1613.6</ele>
      </trkpt>
      <trkpt lat="50.07089702954776" lon="-122.96602799185115">
        <ele>1613.1</ele>
      </trkpt>
      <trkpt lat="50.07089984217933" lon="-122.96603585844869">
        <ele>1613.1</ele>
      </trkpt>
      <trkpt lat="50.07090232430356" lon="-122.96604399056068">
        <ele>1613.1</ele>
      </trkpt>
      <trkpt lat="50.07090446564567" lon="-122.96605235452421">
        <ele>1613.1</ele>
      </trkpt>
      <trkpt lat="50.07090625734156" lon="-122.96606091571655">
        <ele>1613.1</ele>
      </trkpt>
      <trkpt lat="50.070907691974504" lon="-122.96606963869861">
        <ele>1613.1</ele>
      </trkpt>
      <trkpt lat="50.07090876360581" lon="-122.96607848736151">
        <ele>1613.1</ele>
      </trkpt>
      <trkpt lat="50.07090946779945" lon="-122.96608742507615">
        <ele>1613.1</ele>
      </trkpt>
      <trkpt lat="50.070909801640425" lon="-122.9660964148448">
        <ele>1613.1</ele>
      </trkpt>
      <trkpt lat="50.07090976374679" lon="-122.96610541945422">
        <ele>1613.1</ele>
      </trkpt>
      <trkpt lat="50.0709093542754" lon="-122.96611440162977">
        <ele>1613.1</ele>
      </trkpt>
      <trkpt lat="50.0711993542754" lon="-122.96614440171687">
        <ele>1609.0</ele>
      </trkpt>
      <trkpt lat="50.07119900849165" lon="-122.96614889768938">
        <ele>1609.0</ele>
      </trkpt>
      <trkpt lat="50.0711985695402" lon="-122.96615337388116">
        <ele>1609.0</ele>
      </trkpt>
      <trkpt lat="50.071198037880535" lon="-122.96615782560683">
        <ele>1609.0</ele>
      </trkpt>
      <trkpt lat="50.07119741406915" lon="-122.96616224820666">
        <ele>1609.0</ele>
      </trkpt>
      <trkpt lat="50.071196698758996" lon="-122.96616663705139">
        <ele>1609.0</ele>
      </trkpt>
      <trkpt lat="50.07119589269882" lon="-122.96617098754709">
        <ele>1609.0</ele>
      </trkpt>
      <trkpt lat="50.071194996732345" lon="-122.96617529513996">
        <ele>1609.0</ele>
      </trkpt>
      <trkpt lat="50.0711940117974" lon="-122.96617955532115">
        <ele>1609.0</ele>
      </trkpt>
      <trkpt lat="50.07119293892495" lon="-122.96618376363139">
        <ele>1609.0</ele>
      </trkpt>
      <trkpt lat="50.071191779238006" lon="-122.96618791566573">
        <ele>1609.0</ele>
      </trkpt>
      <trkpt lat="50.071301779238006" lon="-122.96623791579856">
        <ele>1606.0</ele>
      </trkpt>
      <trkpt lat="50.07130129796812" lon="-122.9662395378653">
        <ele>1606.0</ele>
      </trkpt>
      <trkpt lat="50.07130080344507" lon="-122.96624115022622">
        <ele>1606.0</ele>
      </trkpt>
      <trkpt lat="50.071300295749474" lon="-122.96624275261844">
        <ele>1606.0</ele>
      </trkpt>
      <trkpt lat="50.071299774964096" lon="-122.96624434478076">
        <ele>1606.0</ele>
      </trkpt>
      <trkpt lat="50.07129924117383" lon="-122.96624592645361">
        <ele>1606.0</ele>
      </trkpt>
      <trkpt lat="50.0712986944657" lon="-122.96624749737916">
        <ele>1606.0</ele>
      </trkpt>
      <trkpt lat="50.07129813492883" lon="-122.96624905730131">
        <ele>1606.0</ele>
      </trkpt>
      <trkpt lat="50.071297562654436" lon="-122.96625060596577">
        <ele>1606.0</ele>
      </trkpt>
      <trkpt lat="50.071296977735805" lon="-122.96625214312006">
        <ele>1606.0</ele>
      </trkpt>
      <trkpt lat="50.07129638026829" lon="-122.96625366851362">
        <ele>1606.0</ele>
      </trkpt>
      <trkpt lat="50.07143" lon="-122.96631">
        <ele>1598.4</ele>
      </trkpt>
      <trkpt lat="50.07160702954776" lon="-122.96644200921494">
        <ele>1598.4</ele>
      </trkpt>
      <trkpt lat="50.07160472959991" lon="-122.9664476699204">
        <ele>1598.4</ele>
      </trkpt>
      <trkpt lat="50.0716022584235" lon="-122.96645315266012">
        <ele>1598.4</ele>
      </trkpt>
      <trkpt lat="50.071599621680754" lon="-122.96645844487144">
        <ele>1598.4</ele>
      </trkpt>
      <trkpt lat="50.071596825413266" lon="-122.96646353442829">
        <ele>1598.4</ele>
      </trkpt>
      <trkpt lat="50.07159387602815" lon="-122.96646840966892">
        <ele>1598.4</ele>
      </trkpt>
      <trkpt lat="50.07159078028336" lon="-122.96647305942264">
        <ele>1598.4</ele>
      </trkpt>
      <trkpt lat="50.07158754527219" lon="-122.96647747303545">
        <ele>1598.4</ele>
      </trkpt>
      <trkpt lat="50.07158417840705" lon="-122.96648164039438">
        <ele>1598.4</ele>
      </trkpt>
      <trkpt lat="50.071580687402474" lon="-122.96648555195075">
        <ele>1598.4</ele>
      </trkpt>
      <trkpt lat="50.07157708025743" lon="-122.96648919874195">
        <ele>1598.4</ele>
      </trkpt>
      <trkpt lat="50.071657080257424" lon="-122.9666191989408">
        <ele>1603.8</ele>
      </trkpt>
      <trkpt lat="50.07166125528031" lon="-122.96661494245132">
        <ele>1603.8</ele>
      </trkpt>
      <trkpt lat="50.07166527218376" lon="-122.96661033137131">
        <ele>1603.8</ele>
      </trkpt>
      <trkpt lat="50.071669118575855" lon="-122.96660537992571">
        <ele>1603.8</ele>
      </trkpt>
      <trkpt lat="50.07167278259073" lon="-122.96660010338941">
        <ele>1603.8</ele>
      </trkpt>
      <trkpt lat="50.07167625292511" lon="-122.96659451804021">
        <ele>1603.8</ele>
      </trkpt>
      <trkpt lat="50.07167951887322" lon="-122.96658864110857">
        <ele>1603.8</ele>
      </trkpt>
      <trkpt lat="50.07168257035981" lon="-122.96658249072448">
        <ele>1603.8</ele>
      </trkpt>
      <trkpt lat="50.07168539797124" lon="-122.96657608586149">
        <ele>1603.8</ele>
      </trkpt>
      <trkpt lat="50.07168799298448" lon="-122.96656944627823">
        <ele>1603.8</ele>
      </trkpt>
      <trkpt lat="50.07169034739409" lon="-122.9665625924574">
        <ele>1603.8</ele>
      </trkpt>
      <trkpt lat="50.07179034739409" lon="-122.96661259258791">
        <ele>1594.1</ele>
      </trkpt>
      <trkpt lat="50.07179401634899" lon="-122.96659953720577">
        <ele>1594.1</ele>
      </trkpt>
      <trkpt lat="50.071796814136825" lon="-122.96658596817142">
        <ele>1594.1</ele>
      </trkpt>
      <trkpt lat="50.07179871174728" lon="-122.96657202618245">
        <ele>1594.1</ele>
      </trkpt>
      <trkpt lat="50.071799689504" lon="-122.96655785580357">
        <ele>1594.1</ele>
      </trkpt>
      <trkpt lat="50.0717997372686" lon="-122.96654360396774">
        <ele>1594.1</ele>
      </trkpt>
      <trkpt lat="50.07179885454582" lon="-122.96652941845248">
        <ele>1594.1</ele>
      </trkpt>
      <trkpt lat="50.07179705048862" lon="-122.96651544634766">
        <ele>1594.1</ele>
      </trkpt>
      <trkpt lat="50.071794343803305" lon="-122.9665018325303">
        <ele>1594.1</ele>
      </trkpt>
      <trkpt lat="50.07179076255554" lon="-122.96648871816231">
        <ele>1594.1</ele>
      </trkpt>
      <trkpt lat="50.07178634387936" lon="-122.96647623922682">
        <ele>1594.1</ele>
      </trkpt>
      <trkpt lat="50.07178113359209" lon="-122.96646452511816">
        <ele>1594.1</ele>
      </trkpt>
      <trkpt lat="50.0717751857193" lon="-122.96645369730011">
        <ele>1594.1</ele>
      </trkpt>
      <trkpt lat="50.07176856193458" lon="-122.96644386804651">
        <ele>1594.1</ele>
      </trkpt>
      <trkpt lat="50.07176133092009" lon="-122.96643513927711">
        <ele>1594.1</ele>
      </trkpt>
      <trkpt lat="50.07175356765435" lon="-122.96642760150064">
        <ele>1594.1</ele>
      </trkpt>
      <trkpt lat="50.0717453526348" lon="-122.96642133287645">
        <ele>1594.1</ele>
      </trkpt>
      <trkpt lat="50.071736771043135" lon="-122.96641639840405">
        <ele>1594.1</ele>
      </trkpt>
      <trkpt lat="50.07172791186203" lon="-122.96641284924904">
        <ele>1594.1</ele>
      </trkpt>
      <trkpt lat="50.071718866952494" lon="-122.96641072221267">
        <ele>1594.1</ele>
      </trkpt>
      <trkpt lat="50.07170973010137" lon="-122.96641003935025">
        <ele>1594.1</ele>
      </trkpt>
      <trkpt lat="50.07170059604882" lon="-122.96641080774239">
        <ele>1594.1</ele>
      </trkpt>
      <trkpt lat="50.071680596048814" lon="-122.96622080780044">
        <ele>1587.8</ele>
      </trkpt>
      <trkpt lat="50.07167609087429" lon="-122.96622172669157">
        <ele>1587.8</ele>
      </trkpt>
      <trkpt lat="50.0716716212833" lon="-122.9662229993255">
        <ele>1587.8</ele>
      </trkpt>
      <trkpt lat="50.07166719871033" lon="-122.96622462244643">
        <ele>1587.8</ele>
      </trkpt>
      <trkpt lat="50.071662834469606" lon="-122.96622659190197">
        <ele>1587.8</ele>
      </trkpt>
      <trkpt lat="50.071658539726094" lon="-122.96622890265368">
        <ele>1587.8</ele>
      </trkpt>
      <trkpt lat="50.07165432546699" lon="-122.96623154879">
        <ele>1587.8</ele>
      </trkpt>
      <trkpt lat="50.07165020247357" lon="-122.96623452354136">
        <ele>1587.8</ele>
      </trkpt>
      <trkpt lat="50.07164618129363" lon="-122.96623781929748">
        <ele>1587.8</ele>
      </trkpt>
      <trkpt lat="50.07164227221451" lon="-122.96624142762687">
        <ele>1587.8</ele>
      </trkpt>
      <trkpt lat="50.07163848523676" lon="-122.96624533929841">
        <ele>1587.8</ele>
      </trkpt>
      <trkpt lat="50.07156848523677" lon="-122.96614533946578">
        <ele>1598.4</ele>
      </trkpt>
      <trkpt lat="50.071572161519896" lon="-122.96614153613709">
        <ele>1598.4</ele>
      </trkpt>
      <trkpt lat="50.071575953248875" lon="-122.9661380186904">
        <ele>1598.4</ele>
      </trkpt>
      <trkpt lat="50.07157985127334" lon="-122.96613479561417">
        <ele>1598.4</ele>
      </trkpt>
      <trkpt lat="50.071583846186414" lon="-122.96613187468647">
        <ele>1598.4</ele>
      </trkpt>
      <trkpt lat="50.0715879283474" lon="-122.9661292629562">
        <ele>1598.4</ele>
      </trkpt>
      <trkpt lat="50.07159208790505" lon="-122.9661269667261">
        <ele>1598.4</ele>
      </trkpt>
      <trkpt lat="50.07159631482135" lon="-122.96612499153751">
        <ele>1598.4</ele>
      </trkpt>
      <trkpt lat="50.07160059889573" lon="-122.96612334215708">
        <ele>1598.4</ele>
      </trkpt>
      <trkpt lat="50.07160492978968" lon="-122.96612202256512">
        <ele>1598.4</ele>
      </trkpt>
      <trkpt lat="50.07160929705169" lon="-122.96612103594616">
        <ele>1598.4</ele>
      </trkpt>
      <trkpt lat="50.071579297051684" lon="-122.96587103603308">
        <ele>1593.0</ele>
      </trkpt>
      <trkpt lat="50.07158163123951" lon="-122.96587064775137">
        <ele>1593.0</ele>
      </trkpt>
      <trkpt lat="50.07158397114214" lon="-122.96587035462966">
        <ele>1593.0</ele>
      </trkpt>
      <trkpt lat="50.07158631516172" lon="-122.96587015686812">
        <ele>1593.0</ele>
      </trkpt>
      <trkpt lat="50.071588661697575" lon="-122.96587005460178">
        <ele>1593.0</ele>
      </trkpt>
      <trkpt lat="50.07159100914732" lon="-122.9658700479005">
        <ele>1593.0</ele>
      </trkpt>
      <trkpt lat="50.07159335590795" lon="-122.96587013676884">
        <ele>1593.0</ele>
      </trkpt>
      <trkpt lat="50.07159570037692" lon="-122.96587032114613">
        <ele>1593.0</ele>
      </trkpt>
      <trkpt lat="50.07159804095325" lon="-122.96587060090644">
        <ele>1593.0</ele>
      </trkpt>
      <trkpt lat="50.07160037603862" lon="-122.96587097585873">
        <ele>1593.0</ele>
      </trkpt>
      <trkpt lat="50.07160270403847" lon="-122.965871445747">
        <ele>1593.0</ele>
      </trkpt>
      <trkpt lat="50.071612704038465" lon="-122.9658014457181">
        <ele>1593.0</ele>
      </trkpt>
      <trkpt lat="50.07162173284615" lon="-122.96580419676259">
        <ele>1593.0</ele>
      </trkpt>
      <trkpt lat="50.07163053371221" lon="-122.9658083721585">
        <ele>1593.0</ele>
      </trkpt>
      <trkpt lat="50.07163901433012" lon="-122.96581392811285">
        <ele>1593.0</ele>
      </trkpt>
      <trkpt lat="50.071647085752204" lon="-122.96582080635285">
        <ele>1593.0</ele>
      </trkpt>
      <trkpt lat="50.0716546633226" lon="-122.96582893473713">
        <ele>1593.0</ele>
      </trkpt>
      <trkpt lat="50.071661667565124" lon="-122.96583822801239">
        <ele>1593.0</ele>
      </trkpt>
      <trkpt lat="50.07166802501684" lon="-122.96584858870753">
        <ele>1593.0</ele>
      </trkpt>
      <trkpt lat="50.07167366899861" lon="-122.96585990815599">
        <ele>1593.0</ele>
      </trkpt>
      <trkpt lat="50.07167854031439" lon="-122.96587206763547">
        <ele>1593.0</ele>
      </trkpt>
      <trkpt lat="50.07168258787212" lon="-122.96588493961315">
        <ele>1593.0</ele>
      </trkpt>
      <trkpt lat="50.07168576921962" lon="-122.96589838908324">
        <ele>1593.0</ele>
      </trkpt>
      <trkpt lat="50.07168805098982" lon="-122.96591227498304">
        <ele>1593.0</ele>
      </trkpt>
      <trkpt lat="50.071689409250716" lon="-122.96592645167244">
        <ele>1593.0</ele>
      </trkpt>
      <trkpt lat="50.0716898297564" lon="-122.9659407704614">
        <ele>1593.0</ele>
      </trkpt>
      <trkpt lat="50.07168930809647" lon="-122.96595508116948">
        <ele>1593.0</ele>
      </trkpt>
      <trkpt lat="50.071687849742254" lon="-122.96596923370105">
        <ele>1593.0</ele>
      </trkpt>
      <trkpt lat="50.0716854699895" lon="-122.9659830796194">
        <ele>1593.0</ele>
      </trkpt>
      <trkpt lat="50.07168219379786" lon="-122.96599647370378">
        <ele>1593.0</ele>
      </trkpt>
      <trkpt lat="50.07167805552918" lon="-122.96600927547239">
        <ele>1593.0</ele>
      </trkpt>
      <trkpt lat="50.07167309858706" lon="-122.96602135065582">
        <ele>1593.0</ele>
      </trkpt>
      <trkpt lat="50.07174309858706" lon="-122.96607135077458">
        <ele>1583.4</ele>
      </trkpt>
      <trkpt lat="50.07173967313598" lon="-122.9660783467141">
        <ele>1583.4</ele>
      </trkpt>
      <trkpt lat="50.07173597229868" lon="-122.96608499345925">
        <ele>1583.4</ele>
      </trkpt>
      <trkpt lat="50.0717320107029" lon="-122.96609126473845">
        <ele>1583.4</ele>
      </trkpt>
      <trkpt lat="50.07172780400702" lon="-122.96609713576423">
        <ele>1583.4</ele>
      </trkpt>
      <trkpt lat="50.071723368838185" lon="-122.96610258333105">
        <ele>1583.4</ele>
      </trkpt>
      <trkpt lat="50.071718722726615" lon="-122.96610758590717">
        <ele>1583.4</ele>
      </trkpt>
      <trkpt lat="50.07171388403627" lon="-122.9661121237197">
        <ele>1583.4</ele>
      </trkpt>
      <trkpt lat="50.07170887189229" lon="-122.96611617883269">
        <ele>1583.4</ele>
      </trkpt>
      <trkpt lat="50.071703706105396" lon="-122.96611973521817">
        <ele>1583.4</ele>
      </trkpt>
      <trkpt lat="50.071698407093606" lon="-122.96612277881935">
        <ele>1583.4</ele>
      </trkpt>
      <trkpt lat="50.07174840709361" lon="-122.96627277895779">
        <ele>1587.8</ele>
      </trkpt>
      <trkpt lat="50.071749613458095" lon="-122.96627213758028">
        <ele>1587.8</ele>
      </trkpt>
      <trkpt lat="50.071750813860085" lon="-122.96627146959761">
        <ele>1587.8</ele>
      </trkpt>
      <trkpt lat="50.07175200805787" lon="-122.96627077514428">
        <ele>1587.8</ele>
      </trkpt>
      <trkpt lat="50.07175319581102" lon="-122.96627005436012">
        <ele>1587.8</ele>
      </trkpt>
      <trkpt lat="50.07175437688038" lon="-122.96626930739025">
        <ele>1587.8</ele>
      </trkpt>
      <trkpt lat="50.07175555102815" lon="-122.96626853438505">
        <ele>1587.8</ele>
      </trkpt>
      <trkpt lat="50.071756718017916" lon="-122.9662677355002">
        <ele>1587.8</ele>
      </trkpt>
      <trkpt lat="50.071757877614715" lon="-122.96626691089651">
        <ele>1587.8</ele>
      </trkpt>
      <trkpt lat="50.071759029585074" lon="-122.96626606074003">
        <ele>1587.8</ele>
      </trkpt>
      <trkpt lat="50.071760173697044" lon="-122.96626518520193">
        <ele>1587.8</ele>
      </trkpt>
      <trkpt lat="50.071790173697046" lon="-122.96632518528025">
        <ele>1587.8</ele>
      </trkpt>
      <trkpt lat="50.07179635383883" lon="-122.96631988841386">
        <ele>1587.8</ele>
      </trkpt>
      <trkpt lat="50.071802248193784" lon="-122.96631385239554">
        <ele>1587.8</ele>
      </trkpt>
      <trkpt lat="50.07180782042124" lon="-122.96630711443935">
        <ele>1587.8</ele>
      </trkpt>
      <trkpt lat="50.07181303616658" lon="-122.96629971608701">
        <ele>1587.8</ele>
      </trkpt>
      <trkpt lat="50.071817863273" lon="-122.96629170295184">
        <ele>1587.8</ele>
      </trkpt>
      <trkpt lat="50.07182227197976" lon="-122.96628312443747">
        <ele>1587.8</ele>
      </trkpt>
      <trkpt lat="50.07182623510574" lon="-122.96627403343331">
        <ele>1587.8</ele>
      </trkpt>
      <trkpt lat="50.07182972821694" lon="-122.9662644859884">
        <ele>1587.8</ele>
      </trkpt>
      <trkpt lat="50.07183272977717" lon="-122.96625454096595">
        <ele>1587.8</ele>
      </trkpt>
      <trkpt lat="50.071835221280814" lon="-122.9662442596803">
        <ele>1587.8</ele>
      </trkpt>
      <trkpt lat="50.07189522128081" lon="-122.96626425973568">
        <ele>1587.8</ele>
      </trkpt>
      <trkpt lat="50.071894809626635" lon="-122.96626613931457">
        <ele>1587.8</ele>
      </trkpt>
      <trkpt lat="50.07189438089652" lon="-122.96626800960357">
        <ele>1587.8</ele>
      </trkpt>
      <trkpt lat="50.07189393517679" lon="-122.9662698702261">
        <ele>1587.8</ele>
      </trkpt>
      <trkpt lat="50.07189347255718" lon="-122.96627172080754">
        <ele>1587.8</ele>
      </trkpt>
      <trkpt lat="50.07189299313084" lon="-122.9662735609753">
        <ele>1587.8</ele>
      </trkpt>
      <trkpt lat="50.0718924969943" lon="-122.96627539035885">
        <ele>1587.8</ele>
      </trkpt>
      <trkpt lat="50.07189198424746" lon="-122.96627720858986">
        <ele>1587.8</ele>
      </trkpt>
      <trkpt lat="50.071891454993555" lon="-122.96627901530223">
        <ele>1587.8</ele>
      </trkpt>
      <trkpt lat="50.07189090933914" lon="-122.96628081013223">
        <ele>1587.8</ele>
      </trkpt>
      <trkpt lat="50.07189034739409" lon="-122.96628259271844">
        <ele>1587.8</ele>
      </trkpt>
      <trkpt lat="50.071950347394086" lon="-122.96631259279675">
        <ele>1587.8</ele>
      </trkpt>
      <trkpt lat="50.0719475976967" lon="-122.96632051339334">
        <ele>1587.8</ele>
      </trkpt>
      <trkpt lat="50.07194452678302" lon="-122.96632814209916">
        <ele>1587.8</ele>
      </trkpt>
      <trkpt lat="50.07194114736512" lon="-122.96633544733514">
        <ele>1587.8</ele>
      </trkpt>
      <trkpt lat="50.07193747343214" lon="-122.9663423988612">
        <ele>1587.8</ele>
      </trkpt>
      <trkpt lat="50.071933520192346" lon="-122.96634896790142">
        <ele>1587.8</ele>
      </trkpt>
      <trkpt lat="50.071929304010204" lon="-122.96635512726323">
        <ele>1587.8</ele>
      </trkpt>
      <trkpt lat="50.07192484233864" lon="-122.96636085144989">
        <ele>1587.8</ele>
      </trkpt>
      <trkpt lat="50.071920153646765" lon="-122.96636611676607">
        <ele>1587.8</ele>
      </trkpt>
      <trkpt lat="50.07191525734348" lon="-122.96637090141598">
        <ele>1587.8</ele>
      </trkpt>
      <trkpt lat="50.07191017369705" lon="-122.9663751855935">
        <ele>1587.8</ele>
      </trkpt>
      <trkpt lat="50.0719" lon="-122.96631">
        <ele>1587.8</ele>
      </trkpt>
      <trkpt lat="50.07197621772866" lon="-122.96648001635931">
        <ele>1587.8</ele>
      </trkpt>
      <trkpt lat="50.07198401632336" lon="-122.96647183182178">
        <ele>1587.8</ele>
      </trkpt>
      <trkpt lat="50.07199122310392" lon="-122.9664624220314">
        <ele>1587.8</ele>
      </trkpt>
      <trkpt lat="50.07199775911134" lon="-122.9664518900838">
        <ele>1587.8</ele>
      </trkpt>
      <trkpt lat="50.07200355273576" lon="-122.96644035136923">
        <ele>1587.8</ele>
      </trkpt>
      <trkpt lat="50.07200854050101" lon="-122.96642793230825">
        <ele>1587.8</ele>
      </trkpt>
      <trkpt lat="50.07201266776009" lon="-122.96641476896667">
        <ele>1587.8</ele>
      </trkpt>
      <trkpt lat="50.0720158892939" lon="-122.96640100556483">
        <ele>1587.8</ele>
      </trkpt>
      <trkpt lat="50.07201816980663" lon="-122.96638679289744">
        <ele>1587.8</ele>
      </trkpt>
      <trkpt lat="50.07201948431251" lon="-122.96637228668146">
        <ele>1587.8</ele>
      </trkpt>
      <trkpt lat="50.07201981840954" lon="-122.96635764585004">
        <ele>1587.8</ele>
      </trkpt>
      <trkpt lat="50.07201916843727" lon="-122.96634303081116">
        <ele>1587.8</ele>
      </trkpt>
      <trkpt lat="50.07201754151695" lon="-122.96632860169028">
        <ele>1587.8</ele>
      </trkpt>
      <trkpt lat="50.07201495547345" lon="-122.96631451657585">
        <ele>1587.8</ele>
      </trkpt>
      <trkpt lat="50.07201143864" lon="-122.96630092978732">
        <ele>1587.8</ele>
      </trkpt>
      <trkpt lat="50.07200702954777" lon="-122.96628799018441">
        <ele>1587.8</ele>
      </trkpt>
      <trkpt lat="50.07205702954777" lon="-122.96625799010934">
        <ele>1578.0</ele>
      </trkpt>
      <trkpt lat="50.07205245924205" lon="-122.96624727185855">
        <ele>1578.0</ele>
      </trkpt>
      <trkpt lat="50.07204727644702" lon="-122.96623725289885">
        <ele>1578.0</ele>
      </trkpt>
      <trkpt lat="50.072041524972214" lon="-122.96622801791932">
        <ele>1578.0</ele>
      </trkpt>
      <trkpt lat="50.07203525343417" lon="-122.96621964498215">
        <ele>1578.0</ele>
      </trkpt>
      <trkpt lat="50.07202851484545" lon="-122.96621220486274">
        <ele>1578.0</ele>
      </trkpt>
      <trkpt lat="50.07202136616653" lon="-122.96620576045157">
        <ele>1578.0</ele>
      </trkpt>
      <trkpt lat="50.07201386782435" lon="-122.96620036622245">
        <ele>1578.0</ele>
      </trkpt>
      <trkpt lat="50.0720060832015" lon="-122.96619606777217">
        <ele>1578.0</ele>
      </trkpt>
      <trkpt lat="50.07199807810046" lon="-122.96619290143502">
        <ele>1578.0</ele>
      </trkpt>
      <trkpt lat="50.07198992018739" lon="-122.96619089397566">
        <ele>1578.0</ele>
      </trkpt>
      <trkpt lat="50.07199992018739" lon="-122.96610089394665">
        <ele>1578.0</ele>
      </trkpt>
      <trkpt lat="50.07199577148554" lon="-122.9661003270698">
        <ele>1578.0</ele>
      </trkpt>
      <trkpt lat="50.071991610379" lon="-122.96610006039279">
        <ele>1578.0</ele>
      </trkpt>
      <trkpt lat="50.07198744581126" lon="-122.96610009448884">
        <ele>1578.0</ele>
      </trkpt>
      <trkpt lat="50.07198328673326" lon="-122.96610042928462">
        <ele>1578.0</ele>
      </trkpt>
      <trkpt lat="50.07197914208412" lon="-122.9661010640606">
        <ele>1578.0</ele>
      </trkpt>
      <trkpt lat="50.071975020771966" lon="-122.9661019974524">
        <ele>1578.0</ele>
      </trkpt>
      <trkpt lat="50.071970931654754" lon="-122.96610322745391">
        <ele>1578.0</ele>
      </trkpt>
      <trkpt lat="50.07196688352125" lon="-122.96610475142148">
        <ele>1578.0</ele>
      </trkpt>
      <trkpt lat="50.07196288507213" lon="-122.96610656607962">
        <ele>1578.0</ele>
      </trkpt>
      <trkpt lat="50.07195894490129" lon="-122.96610866752809">
        <ele>1578.0</ele>
      </trkpt>
      <trkpt lat="50.07188894490129" lon="-122.96591866771979">
        <ele>1583.4</ele>
      </trkpt>
      <trkpt lat="50.07189108994669" lon="-122.965917484276">
        <ele>1583.4</ele>
      </trkpt>
      <trkpt lat="50.07189325354322" lon="-122.96591638586554">
        <ele>1583.4</ele>
      </trkpt>
      <trkpt lat="50.071895434302554" lon="-122.96591537319321">
        <ele>1583.4</ele>
      </trkpt>
      <trkpt lat="50.07189763082531" lon="-122.96591444690884">
        <ele>1583.4</ele>
      </trkpt>
      <trkpt lat="50.071899841702034" lon="-122.96591360760682">
        <ele>1583.4</ele>
      </trkpt>
      <trkpt lat="50.071902065514024" lon="-122.96591285582572">
        <ele>1583.4</ele>
      </trkpt>
      <trkpt lat="50.0719043008343" lon="-122.96591219204794">
        <ele>1583.4</ele>
      </trkpt>
      <trkpt lat="50.07190654622848" lon="-122.9659116166994">
        <ele>1583.4</ele>
      </trkpt>
      <trkpt lat="50.071908800255756" lon="-122.96591113014931">
        <ele>1583.4</ele>
      </trkpt>
      <trkpt lat="50.07191106146973" lon="-122.96591073270989">
        <ele>1583.4</ele>
      </trkpt>
      <trkpt lat="50.07190106146973" lon="-122.96581073273893">
        <ele>1583.4</ele>
      </trkpt>
      <trkpt lat="50.07190322310999" lon="-122.96581043698174">
        <ele>1583.4</ele>
      </trkpt>
      <trkpt lat="50.07190538870464" lon="-122.96581022266116">
        <ele>1583.4</ele>
      </trkpt>
      <trkpt lat="50.071907556990034" lon="-122.96581008990229">
        <ele>1583.4</ele>
      </trkpt>
      <trkpt lat="50.07190972670096" lon="-122.96581003878256">
        <ele>1583.4</ele>
      </trkpt>
      <trkpt lat="50.07191189657135" lon="-122.96581006933182">
        <ele>1583.4</ele>
      </trkpt>
      <trkpt lat="50.07191406533507" lon="-122.96581018153225">
        <ele>1583.4</ele>
      </trkpt>
      <trkpt lat="50.071916231726625" lon="-122.96581037531836">
        <ele>1583.4</ele>
      </trkpt>
      <trkpt lat="50.07191839448189" lon="-122.96581065057707">
        <ele>1583.4</ele>
      </trkpt>
      <trkpt lat="50.07192055233889" lon="-122.96581100714778">
        <ele>1583.4</ele>
      </trkpt>
      <trkpt lat="50.071922704038464" lon="-122.96581144482244">
        <ele>1583.4</ele>
      </trkpt>
      <trkpt lat="50.07193270403846" lon="-122.96574144479352">
        <ele>1583.4</ele>
      </trkpt>
      <trkpt lat="50.07193964210774" lon="-122.96574342490102">
        <ele>1583.4</ele>
      </trkpt>
      <trkpt lat="50.0719464590769" lon="-122.9657462470394">
        <ele>1583.4</ele>
      </trkpt>
      <trkpt lat="50.07195311291705" lon="-122.96574989380929">
        <ele>1583.4</ele>
      </trkpt>
      <trkpt lat="50.07195956260505" lon="-122.96575434272708">
        <ele>1583.4</ele>
      </trkpt>
      <trkpt lat="50.071965768376444" lon="-122.96575956636376">
        <ele>1583.4</ele>
      </trkpt>
      <trkpt lat="50.071971691970575" lon="-122.96576553251386">
        <ele>1583.4</ele>
      </trkpt>
      <trkpt lat="50.071977296866514" lon="-122.96577220439406">
        <ele>1583.4</ele>
      </trkpt>
      <trkpt lat="50.07198254850822" lon="-122.96577954087002">
        <ele>1583.4</ele>
      </trkpt>
      <trkpt lat="50.071987414517565" lon="-122.96578749670994">
        <ele>1583.4</ele>
      </trkpt>
      <trkpt lat="50.071991864894" lon="-122.96579602286339">
        <ele>1583.4</ele>
      </trkpt>
      <trkpt lat="50.072031864894" lon="-122.96576602279333">
        <ele>1575.6</ele>
      </trkpt>
      <trkpt lat="50.07203395524806" lon="-122.96577055053004">
        <ele>1575.6</ele>
      </trkpt>
      <trkpt lat="50.07203592816184" lon="-122.96577520443181">
        <ele>1575.6</ele>
      </trkpt>
      <trkpt lat="50.07203778050236" lon="-122.96577997710828">
        <ele>1575.6</ele>
      </trkpt>
      <trkpt lat="50.072039509328135" lon="-122.96578486098049">
        <ele>1575.6</ele>
      </trkpt>
      <trkpt lat="50.07204111189379" lon="-122.96578984829289">
        <ele>1575.6</ele>
      </trkpt>
      <trkpt lat="50.07204258565447" lon="-122.96579493112567">
        <ele>1575.6</ele>
      </trkpt>
      <trkpt lat="50.072043928269856" lon="-122.96580010140734">
        <ele>1575.6</ele>
      </trkpt>
      <trkpt lat="50.072045137607894" lon="-122.96580535092754">
        <ele>1575.6</ele>
      </trkpt>
      <trkpt lat="50.07204621174815" lon="-122.96581067135007">
        <ele>1575.6</ele>
      </trkpt>
      <trkpt lat="50.072047148984915" lon="-122.96581605422615">
        <ele>1575.6</ele>
      </trkpt>
      <trkpt lat="50.07208714898492" lon="-122.96580605419783">
        <ele>1575.6</ele>
      </trkpt>
      <trkpt lat="50.07208834043458" lon="-122.96581460807928">
        <ele>1575.6</ele>
      </trkpt>
      <trkpt lat="50.07208918638127" lon="-122.96582326126955">
        <ele>1575.6</ele>
      </trkpt>
      <trkpt lat="50.072089683516445" lon="-122.96583197992565">
        <ele>1575.6</ele>
      </trkpt>
      <trkpt lat="50.07208982989581" lon="-122.9658407299486">
        <ele>1575.6</ele>
      </trkpt>
      <trkpt lat="50.07208962494685" lon="-122.96584947711668">
        <ele>1575.6</ele>
      </trkpt>
      <trkpt lat="50.07208906947114" lon="-122.96585818721938">
        <ele>1575.6</ele>
      </trkpt>
      <trkpt lat="50.07208816564116" lon="-122.96586682619113">
        <ele>1575.6</ele>
      </trkpt>
      <trkpt lat="50.072086916991836" lon="-122.96587536024458">
        <ele>1575.6</ele>
      </trkpt>
      <trkpt lat="50.07208532840668" lon="-122.96588375600271">
        <ele>1575.6</ele>
      </trkpt>
      <trkpt lat="50.07208340609871" lon="-122.96589198062935">
        <ele>1575.6</ele>
      </trkpt>
      <trkpt lat="50.07213340609871" lon="-122.96591198068356">
        <ele>1575.6</ele>
      </trkpt>
      <trkpt lat="50.07213226671252" lon="-122.9659162159132">
        <ele>1575.6</ele>
      </trkpt>
      <trkpt lat="50.07213103876375" lon="-122.96592039062472">
        <ele>1575.6</ele>
      </trkpt>
      <trkpt lat="50.072129723574314" lon="-122.96592450032392">
        <ele>1575.6</ele>
      </trkpt>
      <trkpt lat="50.072128322560054" lon="-122.96592854058657">
        <ele>1575.6</ele>
      </trkpt>
      <trkpt lat="50.0721268372292" lon="-122.96593250706323">
        <ele>1575.6</ele>
      </trkpt>
      <trkpt lat="50.07212526918076" lon="-122.96593639548387">
        <ele>1575.6</ele>
      </trkpt>
      <trkpt lat="50.072123620102786" lon="-122.96594020166245">
        <ele>1575.6</ele>
      </trkpt>
      <trkpt lat="50.07212189177056" lon="-122.96594392150153">
        <ele>1575.6</ele>
      </trkpt>
      <trkpt lat="50.07212008604468" lon="-122.9659475509966">
        <ele>1575.6</ele>
      </trkpt>
      <trkpt lat="50.072118204869064" lon="-122.9659510862404">
        <ele>1575.6</ele>
      </trkpt>
      <trkpt lat="50.072188204869065" lon="-122.96601108637334">
        <ele>1575.6</ele>
      </trkpt>
      <trkpt lat="50.07218632749733" lon="-122.96601439199715">
        <ele>1575.6</ele>
      </trkpt>
      <trkpt lat="50.072184384158206" lon="-122.96601760374143">
        <ele>1575.6</ele>
      </trkpt>
      <trkpt lat="50.07218237678449" lon="-122.96602071841191">
        <ele>1575.6</ele>
      </trkpt>
      <trkpt lat="50.07218030737266" lon="-122.96602373291081">
        <ele>1575.6</ele>
      </trkpt>
      <trkpt lat="50.07217817798088" lon="-122.96602664423999">
        <ele>1575.6</ele>
      </trkpt>
      <trkpt lat="50.07217599072699" lon="-122.96602944950395">
        <ele>1575.6</ele>
      </trkpt>
      <trkpt lat="50.072173747786366" lon="-122.96603214591264">
        <ele>1575.6</ele>
      </trkpt>
      <trkpt lat="50.07217145138977" lon="-122.96603473078429">
        <ele>1575.6</ele>
      </trkpt>
      <trkpt lat="50.07216910382114" lon="-122.96603720154808">
        <ele>1575.6</ele>
      </trkpt>
      <trkpt lat="50.07216670741528" lon="-122.96603955574663">
        <ele>1575.6</ele>
      </trkpt>
      <trkpt lat="50.07226" lon="-122.96615">
        <ele>1568.5</ele>
      </trkpt>
      <trkpt lat="50.07238151476324" lon="-122.96636466223187">
        <ele>1568.5</ele>
      </trkpt>
      <trkpt lat="50.07238042684385" lon="-122.96636583029091">
        <ele>1568.5</ele>
      </trkpt>
      <trkpt lat="50.072379328016304" lon="-122.96636697329396">
        <ele>1568.5</ele>
      </trkpt>
      <trkpt lat="50.07237821851829" lon="-122.96636809099374">
        <ele>1568.5</ele>
      </trkpt>
      <trkpt lat="50.07237709858981" lon="-122.96636918314849">
        <ele>1568.5</ele>
      </trkpt>
      <trkpt lat="50.07237596847313" lon="-122.96637024952196">
        <ele>1568.5</ele>
      </trkpt>
      <trkpt lat="50.07237482841271" lon="-122.96637128988345">
        <ele>1568.5</ele>
      </trkpt>
      <trkpt lat="50.07237367865516" lon="-122.96637230400796">
        <ele>1568.5</ele>
      </trkpt>
      <trkpt lat="50.0723725194492" lon="-122.96637329167608">
        <ele>1568.5</ele>
      </trkpt>
      <trkpt lat="50.07237135104558" lon="-122.96637425267417">
        <ele>1568.5</ele>
      </trkpt>
      <trkpt lat="50.072370173697045" lon="-122.96637518679435">
        <ele>1568.5</ele>
      </trkpt>
      <trkpt lat="50.07241" lon="-122.96641">
        <ele>1573.7</ele>
      </trkpt>
      <trkpt lat="50.0724753862108" lon="-122.96660864667462">
        <ele>1573.7</ele>
      </trkpt>
      <trkpt lat="50.07247850159723" lon="-122.96660645616659">
        <ele>1573.7</ele>
      </trkpt>
      <trkpt lat="50.072481561245816" lon="-122.96660408259095">
        <ele>1573.7</ele>
      </trkpt>
      <trkpt lat="50.07248456072716" lon="-122.96660152938388">
        <ele>1573.7</ele>
      </trkpt>
      <trkpt lat="50.072487495699" lon="-122.9665988002416">
        <ele>1573.7</ele>
      </trkpt>
      <trkpt lat="50.07249036191244" lon="-122.96659589911502">
        <ele>1573.7</ele>
      </trkpt>
      <trkpt lat="50.07249315521813" lon="-122.96659283020404">
        <ele>1573.7</ele>
      </trkpt>
      <trkpt lat="50.07249587157227" lon="-122.96658959795143">
        <ele>1573.7</ele>
      </trkpt>
      <trkpt lat="50.072498507042454" lon="-122.96658620703646">
        <ele>1573.7</ele>
      </trkpt>
      <trkpt lat="50.072501057813376" lon="-122.96658266236808">
        <ele>1573.7</ele>
      </trkpt>
      <trkpt lat="50.07250352019235" lon="-122.96657896907782">
        <ele>1573.7</ele>
      </trkpt>
      <trkpt lat="50.072583520192346" lon="-122.96665896924291">
        <ele>1563.7</ele>
      </trkpt>
      <trkpt lat="50.07258494436352" lon="-122.96665669937164">
        <ele>1563.7</ele>
      </trkpt>
      <trkpt lat="50.072586335130225" lon="-122.96665437976256">
        <ele>1563.7</ele>
      </trkpt>
      <trkpt lat="50.07258769177712" lon="-122.96665201160874">
        <ele>1563.7</ele>
      </trkpt>
      <trkpt lat="50.072589013606404" lon="-122.9666495961283">
        <ele>1563.7</ele>
      </trkpt>
      <trkpt lat="50.072590299938184" lon="-122.96664713456363">
        <ele>1563.7</ele>
      </trkpt>
      <trkpt lat="50.07259155011083" lon="-122.96664462818084">
        <ele>1563.7</ele>
      </trkpt>
      <trkpt lat="50.07259276348131" lon="-122.96664207826912">
        <ele>1563.7</ele>
      </trkpt>
      <trkpt lat="50.07259393942552" lon="-122.96663948614001">
        <ele>1563.7</ele>
      </trkpt>
      <trkpt lat="50.07259507733861" lon="-122.96663685312681">
        <ele>1563.7</ele>
      </trkpt>
      <trkpt lat="50.07259617663529" lon="-122.9666341805838">
        <ele>1563.7</ele>
      </trkpt>
      <trkpt lat="50.07267617663529" lon="-122.96668418070756">
        <ele>1563.7</ele>
      </trkpt>
      <trkpt lat="50.07267955494753" lon="-122.9666750045337">
        <ele>1563.7</ele>
      </trkpt>
      <trkpt lat="50.07268247879727" lon="-122.96666545701747">
        <ele>1563.7</ele>
      </trkpt>
      <trkpt lat="50.07268493148186" lon="-122.96665559269965">
        <ele>1563.7</ele>
      </trkpt>
      <trkpt lat="50.07268689899017" lon="-122.96664546793076">
        <ele>1563.7</ele>
      </trkpt>
      <trkpt lat="50.07268837008271" lon="-122.96663514054914">
        <ele>1563.7</ele>
      </trkpt>
      <trkpt lat="50.07268933635575" lon="-122.96662466955061">
        <ele>1563.7</ele>
      </trkpt>
      <trkpt lat="50.07268979228942" lon="-122.96661411475137">
        <ele>1563.7</ele>
      </trkpt>
      <trkpt lat="50.072689735279155" lon="-122.96660353644636">
        <ele>1563.7</ele>
      </trkpt>
      <trkpt lat="50.07268916565064" lon="-122.9665929950648">
        <ele>1563.7</ele>
      </trkpt>
      <trkpt lat="50.0726880866579" lon="-122.96658255082497">
        <ele>1563.7</ele>
      </trkpt>
      <trkpt lat="50.0727380866579" lon="-122.96657255079634">
        <ele>1563.7</ele>
      </trkpt>
      <trkpt lat="50.07273570386173" lon="-122.96655806253753">
        <ele>1563.7</ele>
      </trkpt>
      <trkpt lat="50.072732342432644" lon="-122.96654405315306">
        <ele>1563.7</ele>
      </trkpt>
      <trkpt lat="50.07272804075404" lon="-122.96653068261293">
        <ele>1563.7</ele>
      </trkpt>
      <trkpt lat="50.07272284794582" lon="-122.96651810359226">
        <ele>1563.7</ele>
      </trkpt>
      <trkpt lat="50.07271682330345" lon="-122.96650645972808">
        <ele>1563.7</ele>
      </trkpt>
      <trkpt lat="50.07271003562098" lon="-122.96649588397898">
        <ele>1563.7</ele>
      </trkpt>
      <trkpt lat="50.072702562405404" lon="-122.96648649710707">
        <ele>1563.7</ele>
      </trkpt>
      <trkpt lat="50.072694488991665" lon="-122.96647840629888">
        <ele>1563.7</ele>
      </trkpt>
      <trkpt lat="50.07268590756824" lon="-122.96647170394152">
        <ele>1563.7</ele>
      </trkpt>
      <trkpt lat="50.072676916124465" lon="-122.9664664665677">
        <ele>1563.7</ele>
      </trkpt>
      <trkpt lat="50.07266761733158" lon="-122.96646275398176">
        <ele>1563.7</ele>
      </trkpt>
      <trkpt lat="50.07268761733158" lon="-122.96636275392451">
        <ele>1563.7</ele>
      </trkpt>
      <trkpt lat="50.072684619050214" lon="-122.96636190176251">
        <ele>1563.7</ele>
      </trkpt>
      <trkpt lat="50.07268160394109" lon="-122.96636120856321">
        <ele>1563.7</ele>
      </trkpt>
      <trkpt lat="50.07267857547485" lon="-122.96636067512458">
        <ele>1563.7</ele>
      </trkpt>
      <trkpt lat="50.07267553713752" lon="-122.96636030206062">
        <ele>1563.7</ele>
      </trkpt>
      <trkpt lat="50.07267249242648" lon="-122.96636008980077">
        <ele>1563.7</ele>
      </trkpt>
      <trkpt lat="50.07266944484644" lon="-122.96636003858937">
        <ele>1563.7</ele>
      </trkpt>
      <trkpt lat="50.07266639790543" lon="-122.96636014848536">
        <ele>1563.7</ele>
      </trkpt>
      <trkpt lat="50.072663355110734" lon="-122.96636041936223">
        <ele>1563.7</ele>
      </trkpt>
      <trkpt lat="50.07266031996486" lon="-122.9663608509082">
        <ele>1563.7</ele>
      </trkpt>
      <trkpt lat="50.072657295961534" lon="-122.9663614426265">
        <ele>1563.7</ele>
      </trkpt>
      <trkpt lat="50.072637295961535" lon="-122.96622144268429">
        <ele>1560.5</ele>
      </trkpt>
      <trkpt lat="50.072635459116896" lon="-122.96622188178736">
        <ele>1560.5</ele>
      </trkpt>
      <trkpt lat="50.07263362849507" lon="-122.96622237999856">
        <ele>1560.5</ele>
      </trkpt>
      <trkpt lat="50.07263180487948" lon="-122.96622293710463">
        <ele>1560.5</ele>
      </trkpt>
      <trkpt lat="50.07262998905055" lon="-122.9662235528672">
        <ele>1560.5</ele>
      </trkpt>
      <trkpt lat="50.07262818178536" lon="-122.96622422702275">
        <ele>1560.5</ele>
      </trkpt>
      <trkpt lat="50.07262638385735" lon="-122.96622495928274">
        <ele>1560.5</ele>
      </trkpt>
      <trkpt lat="50.072624596035936" lon="-122.96622574933382">
        <ele>1560.5</ele>
      </trkpt>
      <trkpt lat="50.07262281908623" lon="-122.96622659683788">
        <ele>1560.5</ele>
      </trkpt>
      <trkpt lat="50.07262105376867" lon="-122.96622750143223">
        <ele>1560.5</ele>
      </trkpt>
      <trkpt lat="50.072619300838745" lon="-122.96622846272975">
        <ele>1560.5</ele>
      </trkpt>
      <trkpt lat="50.07257930083874" lon="-122.96611846283948">
        <ele>1560.5</ele>
      </trkpt>
      <trkpt lat="50.072581133255305" lon="-122.96611745945187">
        <ele>1560.5</ele>
      </trkpt>
      <trkpt lat="50.0725829791668" lon="-122.96611651802569">
        <ele>1560.5</ele>
      </trkpt>
      <trkpt lat="50.072584837710274" lon="-122.96611563900105">
        <ele>1560.5</ele>
      </trkpt>
      <trkpt lat="50.07258670801688" lon="-122.96611482278887">
        <ele>1560.5</ele>
      </trkpt>
      <trkpt lat="50.07258858921226" lon="-122.96611406977075">
        <ele>1560.5</ele>
      </trkpt>
      <trkpt lat="50.07259048041698" lon="-122.96611338029871">
        <ele>1560.5</ele>
      </trkpt>
      <trkpt lat="50.07259238074691" lon="-122.96611275469506">
        <ele>1560.5</ele>
      </trkpt>
      <trkpt lat="50.07259428931368" lon="-122.96611219325227">
        <ele>1560.5</ele>
      </trkpt>
      <trkpt lat="50.07259620522504" lon="-122.9661116962328">
        <ele>1560.5</ele>
      </trkpt>
      <trkpt lat="50.07259812758533" lon="-122.96611126386902">
        <ele>1560.5</ele>
      </trkpt>
      <trkpt lat="50.07257812758533" lon="-122.96596126392689">
        <ele>1558.3</ele>
      </trkpt>
      <trkpt lat="50.07258197563227" lon="-122.96596059567945">
        <ele>1558.3</ele>
      </trkpt>
      <trkpt lat="50.072585838586534" lon="-122.96596018641142">
        <ele>1558.3</ele>
      </trkpt>
      <trkpt lat="50.072589709271696" lon="-122.9659600368831">
        <ele>1558.3</ele>
      </trkpt>
      <trkpt lat="50.07259358049696" lon="-122.9659601473723">
        <ele>1558.3</ele>
      </trkpt>
      <trkpt lat="50.07259744507053" lon="-122.96596051767374">
        <ele>1558.3</ele>
      </trkpt>
      <trkpt lat="50.072601295812966" lon="-122.96596114709949">
        <ele>1558.3</ele>
      </trkpt>
      <trkpt lat="50.07260512557052" lon="-122.96596203448026">
        <ele>1558.3</ele>
      </trkpt>
      <trkpt lat="50.07260892722844" lon="-122.96596317816746">
        <ele>1558.3</ele>
      </trkpt>
      <trkpt lat="50.07261269372415" lon="-122.96596457603644">
        <ele>1558.3</ele>
      </trkpt>
      <trkpt lat="50.07261641806044" lon="-122.96596622549028">
        <ele>1558.3</ele>
      </trkpt>
      <trkpt lat="50.07265641806044" lon="-122.9658362253787">
        <ele>1558.3</ele>
      </trkpt>
      <trkpt lat="50.072654419806554" lon="-122.9658353067826">
        <ele>1558.3</ele>
      </trkpt>
      <trkpt lat="50.07265240841739" lon="-122.96583446063725">
        <ele>1558.3</ele>
      </trkpt>
      <trkpt lat="50.07265038497486" lon="-122.96583368739782">
        <ele>1558.3</ele>
      </trkpt>
      <trkpt lat="50.07264835056735" lon="-122.96583298748021">
        <ele>1558.3</ele>
      </trkpt>
      <trkpt lat="50.07264630628917" lon="-122.96583236126092">
        <ele>1558.3</ele>
      </trkpt>
      <trkpt lat="50.07264425323993" lon="-122.96583180907678">
        <ele>1558.3</ele>
      </trkpt>
      <trkpt lat="50.072642192523936" lon="-122.96583133122479">
        <ele>1558.3</ele>
      </trkpt>
      <trkpt lat="50.072640125249656" lon="-122.965830927962">
        <ele>1558.3</ele>
      </trkpt>
      <trkpt lat="50.07263805252906" lon="-122.96583059950532">
        <ele>1558.3</ele>
      </trkpt>
      <trkpt lat="50.07263597547705" lon="-122.96583034603144">
        <ele>1558.3</ele>
      </trkpt>
      <trkpt lat="50.07264597547705" lon="-122.96568034600232">
        <ele>1556.4</ele>
      </trkpt>
      <trkpt lat="50.072644781653125" lon="-122.96568023442936">
        <ele>1556.4</ele>
      </trkpt>
      <trkpt lat="50.07264358698164" lon="-122.96568014762987">
        <ele>1556.4</ele>
      </trkpt>
      <trkpt lat="50.07264239167437" lon="-122.96568008561924">
        <ele>1556.4</ele>
      </trkpt>
      <trkpt lat="50.07264119594318" lon="-122.96568004840847">
        <ele>1556.4</ele>
      </trkpt>
      <trkpt lat="50.07264" lon="-122.96568003600416">
        <ele>1556.4</ele>
      </trkpt>
      <trkpt lat="50.07263880405682" lon="-122.96568004840847">
        <ele>1556.4</ele>
      </trkpt>
      <trkpt lat="50.07263760832563" lon="-122.96568008561924">
        <ele>1556.4</ele>
      </trkpt>
      <trkpt lat="50.07263641301835" lon="-122.96568014762987">
        <ele>1556.4</ele>
      </trkpt>
      <trkpt lat="50.072635218346875" lon="-122.96568023442936">
        <ele>1556.4</ele>
      </trkpt>
      <trkpt lat="50.07263402452295" lon="-122.96568034600232">
        <ele>1556.4</ele>
      </trkpt>
      <trkpt lat="50.07263" lon="-122.96567">
        <ele>1556.4</ele>
      </trkpt>
      <trkpt lat="50.07263" lon="-122.96540003603336">
        <ele>1554.5</ele>
      </trkpt>
      <trkpt lat="50.07263177311122" lon="-122.96540006330095">
        <ele>1554.5</ele>
      </trkpt>
      <trkpt lat="50.072633545531566" lon="-122.96540014509313">
        <ele>1554.5</ele>
      </trkpt>
      <trkpt lat="50.07263531657044" lon="-122.96540028137801">
        <ele>1554.5</ele>
      </trkpt>
      <trkpt lat="50.072637085537785" lon="-122.96540047210249">
        <ele>1554.5</ele>
      </trkpt>
      <trkpt lat="50.07263885174434" lon="-122.96540071719225">
        <ele>1554.5</ele>
      </trkpt>
      <trkpt lat="50.07264061450192" lon="-122.96540101655182">
        <ele>1554.5</ele>
      </trkpt>
      <trkpt lat="50.07264237312369" lon="-122.96540137006454">
        <ele>1554.5</ele>
      </trkpt>
      <trkpt lat="50.07264412692443" lon="-122.96540177759266">
        <ele>1554.5</ele>
      </trkpt>
      <trkpt lat="50.0726458752208" lon="-122.96540223897742">
        <ele>1554.5</ele>
      </trkpt>
      <trkpt lat="50.07264761733158" lon="-122.96540275403902">
        <ele>1554.5</ele>
      </trkpt>
      <trkpt lat="50.07266761733159" lon="-122.96530275398177">
        <ele>1554.5</ele>
      </trkpt>
      <trkpt lat="50.072669441172934" lon="-122.96530335304587">
        <ele>1554.5</ele>
      </trkpt>
      <trkpt lat="50.07267125664425" lon="-122.96530401094078">
        <ele>1554.5</ele>
      </trkpt>
      <trkpt lat="50.07267306296391" lon="-122.96530472738326">
        <ele>1554.5</ele>
      </trkpt>
      <trkpt lat="50.072674859354244" lon="-122.96530550206484">
        <ele>1554.5</ele>
      </trkpt>
      <trkpt lat="50.07267664504184" lon="-122.965306334652">
        <ele>1554.5</ele>
      </trkpt>
      <trkpt lat="50.07267841925791" lon="-122.96530722478629">
        <ele>1554.5</ele>
      </trkpt>
      <trkpt lat="50.0726801812386" lon="-122.96530817208448">
        <ele>1554.5</ele>
      </trkpt>
      <trkpt lat="50.07268193022532" lon="-122.96530917613872">
        <ele>1554.5</ele>
      </trkpt>
      <trkpt lat="50.07268366546508" lon="-122.96531023651673">
        <ele>1554.5</ele>
      </trkpt>
      <trkpt lat="50.07268538621079" lon="-122.96531135276201">
        <ele>1554.5</ele>
      </trkpt>
      <trkpt lat="50.07271538621079" lon="-122.96524135268152">
        <ele>1554.5</ele>
      </trkpt>
      <trkpt lat="50.072723717091236" lon="-122.96524772844158">
        <ele>1554.5</ele>
      </trkpt>
      <trkpt lat="50.07273158126338" lon="-122.96525540952983">
        <ele>1554.5</ele>
      </trkpt>
      <trkpt lat="50.072738894772094" lon="-122.96526431394567">
        <ele>1554.5</ele>
      </trkpt>
      <trkpt lat="50.072745579540914" lon="-122.96527434662868">
        <ele>1554.5</ele>
      </trkpt>
      <trkpt lat="50.0727515642056" lon="-122.96528540047346">
        <ele>1554.5</ele>
      </trkpt>
      <trkpt lat="50.072756784875985" lon="-122.96529735747306">
        <ele>1554.5</ele>
      </trkpt>
      <trkpt lat="50.07276118581802" lon="-122.96531008997874">
        <ele>1554.5</ele>
      </trkpt>
      <trkpt lat="50.072764720048795" lon="-122.96532346206276">
        <ele>1554.5</ele>
      </trkpt>
      <trkpt lat="50.0727673498381" lon="-122.96533733096943">
        <ele>1554.5</ele>
      </trkpt>
      <trkpt lat="50.07276904711124" lon="-122.96535154863919">
        <ele>1554.5</ele>
      </trkpt>
      <trkpt lat="50.072769793748705" lon="-122.9653659632892">
        <ele>1554.5</ele>
      </trkpt>
      <trkpt lat="50.072769581779674" lon="-122.96538042103371">
        <ele>1554.5</ele>
      </trkpt>
      <trkpt lat="50.07276841346705" lon="-122.96539476752693">
        <ele>1554.5</ele>
      </trkpt>
      <trkpt lat="50.07276630128332" lon="-122.96540884961074">
        <ele>1554.5</ele>
      </trkpt>
      <trkpt lat="50.072763267777425" lon="-122.96542251694974">
        <ele>1554.5</ele>
      </trkpt>
      <trkpt lat="50.072759345334006" lon="-122.96543562363627">
        <ele>1554.5</ele>
      </trkpt>
      <trkpt lat="50.07275457582768" lon="-122.9654480297479">
        <ele>1554.5</ele>
      </trkpt>
      <trkpt lat="50.07274901017603" lon="-122.96545960284138">
        <ele>1554.5</ele>
      </trkpt>
      <trkpt lat="50.07280901017604" lon="-122.9655096029535">
        <ele>1554.5</ele>
      </trkpt>
      <trkpt lat="50.07280630584955" lon="-122.96551443013158">
        <ele>1554.5</ele>
      </trkpt>
      <trkpt lat="50.072803462562504" lon="-122.96551905940761">
        <ele>1554.5</ele>
      </trkpt>
      <trkpt lat="50.072800486273735" lon="-122.9655234810798">
        <ele>1554.5</ele>
      </trkpt>
      <trkpt lat="50.07279738322079" lon="-122.9655276858814">
        <ele>1554.5</ele>
      </trkpt>
      <trkpt lat="50.0727941599069" lon="-122.96553166500019">
        <ele>1554.5</ele>
      </trkpt>
      <trkpt lat="50.072790823087324" lon="-122.96553541009695">
        <ele>1554.5</ele>
      </trkpt>
      <trkpt lat="50.07278737975522" lon="-122.96553891332287">
        <ele>1554.5</ele>
      </trkpt>
      <trkpt lat="50.072783837126934" lon="-122.96554216733608">
        <ele>1554.5</ele>
      </trkpt>
      <trkpt lat="50.07278020262695" lon="-122.96554516531697">
        <ele>1554.5</ele>
      </trkpt>
      <trkpt lat="50.07277648387227" lon="-122.9655479009825">
        <ele>1554.5</ele>
      </trkpt>
      <trkpt lat="50.072816483872266" lon="-122.9656379010892">
        <ele>1542.0</ele>
      </trkpt>
      <trkpt lat="50.072814662369275" lon="-122.9656391251023">
        <ele>1542.0</ele>
      </trkpt>
      <trkpt lat="50.072812823963744" lon="-122.96564028614966">
        <ele>1542.0</ele>
      </trkpt>
      <trkpt lat="50.072810969552144" lon="-122.96564138366512">
        <ele>1542.0</ele>
      </trkpt>
      <trkpt lat="50.07280910003875" lon="-122.96564241711347">
        <ele>1542.0</ele>
      </trkpt>
      <trkpt lat="50.07280721633519" lon="-122.96564338599079">
        <ele>1542.0</ele>
      </trkpt>
      <trkpt lat="50.072805319360036" lon="-122.96564428982461">
        <ele>1542.0</ele>
      </trkpt>
      <trkpt lat="50.07280341003831" lon="-122.96564512817419">
        <ele>1542.0</ele>
      </trkpt>
      <trkpt lat="50.072801489301064" lon="-122.96564590063073">
        <ele>1542.0</ele>
      </trkpt>
      <trkpt lat="50.07279955808491" lon="-122.96564660681756">
        <ele>1542.0</ele>
      </trkpt>
      <trkpt lat="50.07279761733158" lon="-122.9656472463903">
        <ele>1542.0</ele>
      </trkpt>
      <trkpt lat="50.07281761733158" lon="-122.96574724644755">
        <ele>1543.3</ele>
      </trkpt>
      <trkpt lat="50.07281931587285" lon="-122.96574669051203">
        <ele>1543.3</ele>
      </trkpt>
      <trkpt lat="50.07282100720359" lon="-122.96574608355061">
        <ele>1543.3</ele>
      </trkpt>
      <trkpt lat="50.07282269069245" lon="-122.96574542578985">
        <ele>1543.3</ele>
      </trkpt>
      <trkpt lat="50.07282436571098" lon="-122.9657447174753">
        <ele>1543.3</ele>
      </trkpt>
      <trkpt lat="50.07282603163391" lon="-122.96574395887137">
        <ele>1543.3</ele>
      </trkpt>
      <trkpt lat="50.07282768783936" lon="-122.96574315026125">
        <ele>1543.3</ele>
      </trkpt>
      <trkpt lat="50.072829333709066" lon="-122.96574229194678">
        <ele>1543.3</ele>
      </trkpt>
      <trkpt lat="50.07283096862865" lon="-122.96574138424836">
        <ele>1543.3</ele>
      </trkpt>
      <trkpt lat="50.07283259198779" lon="-122.96574042750484">
        <ele>1543.3</ele>
      </trkpt>
      <trkpt lat="50.0728342031805" lon="-122.96573942207336">
        <ele>1543.3</ele>
      </trkpt>
      <trkpt lat="50.07287" lon="-122.96578">
        <ele>1543.3</ele>
      </trkpt>
      <trkpt lat="50.0729502134744" lon="-122.96605181073065">
        <ele>1545.3</ele>
      </trkpt>
      <trkpt lat="50.07294859757082" lon="-122.96605268298494">
        <ele>1545.3</ele>
      </trkpt>
      <trkpt lat="50.072946971303075" lon="-122.96605350715306">
        <ele>1545.3</ele>
      </trkpt>
      <trkpt lat="50.072945335260556" lon="-122.96605428293633">
        <ele>1545.3</ele>
      </trkpt>
      <trkpt lat="50.07294369003618" lon="-122.96605501005358">
        <ele>1545.3</ele>
      </trkpt>
      <trkpt lat="50.07294203622621" lon="-122.9660556882413">
        <ele>1545.3</ele>
      </trkpt>
      <trkpt lat="50.072940374430004" lon="-122.96605631725372">
        <ele>1545.3</ele>
      </trkpt>
      <trkpt lat="50.07293870524982" lon="-122.96605689686284">
        <ele>1545.3</ele>
      </trkpt>
      <trkpt lat="50.072937029290586" lon="-122.96605742685863">
        <ele>1545.3</ele>
      </trkpt>
      <trkpt lat="50.0729353471597" lon="-122.966057907049">
        <ele>1545.3</ele>
      </trkpt>
      <trkpt lat="50.07293365946679" lon="-122.96605833725994">
        <ele>1545.3</ele>
      </trkpt>
      <trkpt lat="50.07294" lon="-122.96605">
        <ele>1545.3</ele>
      </trkpt>
      <trkpt lat="50.07297948710545" lon="-122.96627663195339">
        <ele>1548.0</ele>
      </trkpt>
      <trkpt lat="50.0729881997751" lon="-122.96627288962866">
        <ele>1548.0</ele>
      </trkpt>
      <trkpt lat="50.07299662701085" lon="-122.96626780221504">
        <ele>1548.0</ele>
      </trkpt>
      <trkpt lat="50.07300468351351" lon="-122.96626142120661">
        <ele>1548.0</ele>
      </trkpt>
      <trkpt lat="50.07301228773635" lon="-122.96625381119095">
        <ele>1548.0</ele>
      </trkpt>
      <trkpt lat="50.073019362710575" lon="-122.9662450491955">
        <ele>1548.0</ele>
      </trkpt>
      <trkpt lat="50.07302583682436" lon="-122.96623522390787">
        <ele>1548.0</ele>
      </trkpt>
      <trkpt lat="50.07303164454769" lon="-122.96622443477816">
        <ele>1548.0</ele>
      </trkpt>
      <trkpt lat="50.07303672709567" lon="-122.96621279101228">
        <ele>1548.0</ele>
      </trkpt>
      <trkpt lat="50.07304103302351" lon="-122.96620041046671">
        <ele>1548.0</ele>
      </trkpt>
      <trkpt lat="50.073044518747245" lon="-122.96618741845548">
        <ele>1548.0</ele>
      </trkpt>
      <trkpt lat="50.07304714898492" lon="-122.96617394648175">
        <ele>1548.0</ele>
      </trkpt>
      <trkpt lat="50.07308714898492" lon="-122.96618394651007">
        <ele>1548.0</ele>
      </trkpt>
      <trkpt lat="50.07308892111019" lon="-122.96616987197183">
        <ele>1548.0</ele>
      </trkpt>
      <trkpt lat="50.073089759476524" lon="-122.96615558875837">
        <ele>1548.0</ele>
      </trkpt>
      <trkpt lat="50.07308965528025" lon="-122.96614124685748">
        <ele>1548.0</ele>
      </trkpt>
      <trkpt lat="50.07308860961554" lon="-122.96612699687316">
        <ele>1548.0</ele>
      </trkpt>
      <trkpt lat="50.07308663346289" lon="-122.96611298844425">
        <ele>1548.0</ele>
      </trkpt>
      <trkpt lat="50.073083747573854" lon="-122.96609936867301">
        <ele>1548.0</ele>
      </trkpt>
      <trkpt lat="50.073079982253084" lon="-122.9660862805804">
        <ele>1548.0</ele>
      </trkpt>
      <trkpt lat="50.073075377040155" lon="-122.96607386160424">
        <ele>1548.0</ele>
      </trkpt>
      <trkpt lat="50.07306998029432" lon="-122.96606224215597">
        <ele>1548.0</ele>
      </trkpt>
      <trkpt lat="50.07306384868671" lon="-122.96605154425119">
        <ele>1548.0</ele>
      </trkpt>
      <trkpt lat="50.07305704660522" lon="-122.9660418802284">
        <ele>1548.0</ele>
      </trkpt>
      <trkpt lat="50.073049645478385" lon="-122.96603335156935">
        <ele>1548.0</ele>
      </trkpt>
      <trkpt lat="50.07304172302529" lon="-122.96602604783331">
        <ele>1548.0</ele>
      </trkpt>
      <trkpt lat="50.07303336243948" lon="-122.96602004571669">
        <ele>1548.0</ele>
      </trkpt>
      <trkpt lat="50.07307336243948" lon="-122.96592004560829">
        <ele>1545.3</ele>
      </trkpt>
      <trkpt lat="50.07307102863133" lon="-122.96591864946654">
        <ele>1545.3</ele>
      </trkpt>
      <trkpt lat="50.073068670792836" lon="-122.96591735505015">
        <ele>1545.3</ele>
      </trkpt>
      <trkpt lat="50.07306629075005" lon="-122.96591616336157">
        <ele>1545.3</ele>
      </trkpt>
      <trkpt lat="50.0730638903462" lon="-122.96591507532371">
        <ele>1545.3</ele>
      </trkpt>
      <trkpt lat="50.073061471440305" lon="-122.96591409177921">
        <ele>1545.3</ele>
      </trkpt>
      <trkpt lat="50.07305903590571" lon="-122.96591321348978">
        <ele>1545.3</ele>
      </trkpt>
      <trkpt lat="50.07305658562861" lon="-122.96591244113563">
        <ele>1545.3</ele>
      </trkpt>
      <trkpt lat="50.07305412250667" lon="-122.96591177531491">
        <ele>1545.3</ele>
      </trkpt>
      <trkpt lat="50.073051648447446" lon="-122.96591121654326">
        <ele>1545.3</ele>
      </trkpt>
      <trkpt lat="50.073049165367" lon="-122.96591076525344">
        <ele>1545.3</ele>
      </trkpt>
      <trkpt lat="50.073089165367" lon="-122.9655207651373">
        <ele>1527.4</ele>
      </trkpt>
      <trkpt lat="50.073098214038524" lon="-122.96552294197556">
        <ele>1527.4</ele>
      </trkpt>
      <trkpt lat="50.07310707349567" lon="-122.96552654262487">
        <ele>1527.4</ele>
      </trkpt>
      <trkpt lat="50.07311565170302" lon="-122.96553152968029">
        <ele>1527.4</ele>
      </trkpt>
      <trkpt lat="50.07312385954687" lon="-122.9655378513344">
        <ele>1527.4</ele>
      </trkpt>
      <trkpt lat="50.07313161176102" lon="-122.96554544191544">
        <ele>1527.4</ele>
      </trkpt>
      <trkpt lat="50.073138827812514" lon="-122.96555422256957">
        <ele>1527.4</ele>
      </trkpt>
      <trkpt lat="50.07314543273825" lon="-122.96556410207998">
        <ele>1527.4</ele>
      </trkpt>
      <trkpt lat="50.07315135792374" lon="-122.96557497781457">
        <ele>1527.4</ele>
      </trkpt>
      <trkpt lat="50.073156541815905" lon="-122.96558673679205">
        <ele>1527.4</ele>
      </trkpt>
      <trkpt lat="50.07316093056249" lon="-122.96559925685568">
        <ele>1527.4</ele>
      </trkpt>
      <trkpt lat="50.07316447857151" lon="-122.96561240794226">
        <ele>1527.4</ele>
      </trkpt>
      <trkpt lat="50.073167148984915" lon="-122.9656260534333">
        <ele>1527.4</ele>
      </trkpt>
      <trkpt lat="50.07320714898492" lon="-122.96561605340497">
        <ele>1527.4</ele>
      </trkpt>
      <trkpt lat="50.07320894002274" lon="-122.96563033452102">
        <ele>1527.4</ele>
      </trkpt>
      <trkpt lat="50.07320976977106" lon="-122.96564482818725">
        <ele>1527.4</ele>
      </trkpt>
      <trkpt lat="50.07320962926174" lon="-122.96565937775193">
        <ele>1527.4</ele>
      </trkpt>
      <trkpt lat="50.07320852001344" lon="-122.96567382595916">
        <ele>1527.4</ele>
      </trkpt>
      <trkpt lat="50.07320645401523" lon="-122.96568801664853">
        <ele>1527.4</ele>
      </trkpt>
      <trkpt lat="50.07320345359702" lon="-122.96570179644296">
        <ele>1527.4</ele>
      </trkpt>
      <trkpt lat="50.07319955118819" lon="-122.96571501640646">
        <ele>1527.4</ele>
      </trkpt>
      <trkpt lat="50.07319478896712" lon="-122.96572753365383">
        <ele>1527.4</ele>
      </trkpt>
      <trkpt lat="50.07318921840526" lon="-122.96573921289506">
        <ele>1527.4</ele>
      </trkpt>
      <trkpt lat="50.07318289971086" lon="-122.9657499278975">
        <ele>1527.4</ele>
      </trkpt>
      <trkpt lat="50.07317590117819" lon="-122.96575956285034">
        <ele>1527.4</ele>
      </trkpt>
      <trkpt lat="50.07316829844942" lon="-122.9657680136162">
        <ele>1527.4</ele>
      </trkpt>
      <trkpt lat="50.07316017369704" lon="-122.96577518885675">
        <ele>1527.4</ele>
      </trkpt>
      <trkpt lat="50.073190173697036" lon="-122.96583518893509">
        <ele>1527.4</ele>
      </trkpt>
      <trkpt lat="50.07318819349977" lon="-122.96583668464869">
        <ele>1527.4</ele>
      </trkpt>
      <trkpt lat="50.07318619038198" lon="-122.9658381043369">
        <ele>1527.4</ele>
      </trkpt>
      <trkpt lat="50.0731841655458" lon="-122.96583944714772">
        <ele>1527.4</ele>
      </trkpt>
      <trkpt lat="50.07318212020634" lon="-122.9658407122753">
        <ele>1527.4</ele>
      </trkpt>
      <trkpt lat="50.07318005559105" lon="-122.9658418989604">
        <ele>1527.4</ele>
      </trkpt>
      <trkpt lat="50.073177972938936" lon="-122.96584300649093">
        <ele>1527.4</ele>
      </trkpt>
      <trkpt lat="50.07317587349983" lon="-122.9658440342022">
        <ele>1527.4</ele>
      </trkpt>
      <trkpt lat="50.073173758533635" lon="-122.96584498147749">
        <ele>1527.4</ele>
      </trkpt>
      <trkpt lat="50.073171629309584" lon="-122.9658458477483">
        <ele>1527.4</ele>
      </trkpt>
      <trkpt lat="50.073169487105446" lon="-122.96584663249477">
        <ele>1527.4</ele>
      </trkpt>
      <trkpt lat="50.07317" lon="-122.9658">
        <ele>1527.4</ele>
      </trkpt>
      <trkpt lat="50.073203659466785" lon="-122.96606833803885">
        <ele>1531.3</ele>
      </trkpt>
      <trkpt lat="50.073205398024655" lon="-122.96606789406015">
        <ele>1531.3</ele>
      </trkpt>
      <trkpt lat="50.07320713066006" lon="-122.96606739704396">
        <ele>1531.3</ele>
      </trkpt>
      <trkpt lat="50.07320885670659" lon="-122.96606684718145">
        <ele>1531.3</ele>
      </trkpt>
      <trkpt lat="50.07321057550037" lon="-122.96606624468414">
        <ele>1531.3</ele>
      </trkpt>
      <trkpt lat="50.0732122863803" lon="-122.96606558978374">
        <ele>1531.3</ele>
      </trkpt>
      <trkpt lat="50.07321398868833" lon="-122.96606488273216">
        <ele>1531.3</ele>
      </trkpt>
      <trkpt lat="50.07321568176972" lon="-122.96606412380133">
        <ele>1531.3</ele>
      </trkpt>
      <trkpt lat="50.07321736497326" lon="-122.96606331328316">
        <ele>1531.3</ele>
      </trkpt>
      <trkpt lat="50.073219037651555" lon="-122.96606245148939">
        <ele>1531.3</ele>
      </trkpt>
      <trkpt lat="50.073220699161254" lon="-122.9660615387515">
        <ele>1531.3</ele>
      </trkpt>
      <trkpt lat="50.07323" lon="-122.96604">
        <ele>1531.3</ele>
      </trkpt>
      <trkpt lat="50.07330336243949" lon="-122.96626995501502">
        <ele>1535.5</ele>
      </trkpt>
      <trkpt lat="50.073305713607425" lon="-122.96626842908078">
        <ele>1535.5</ele>
      </trkpt>
      <trkpt lat="50.0733080360654" lon="-122.96626679990314">
        <ele>1535.5</ele>
      </trkpt>
      <trkpt lat="50.073310327946395" lon="-122.96626506879177">
        <ele>1535.5</ele>
      </trkpt>
      <trkpt lat="50.07331258740799" lon="-122.96626323713834">
        <ele>1535.5</ele>
      </trkpt>
      <trkpt lat="50.07331481263382" lon="-122.96626130641528">
        <ele>1535.5</ele>
      </trkpt>
      <trkpt lat="50.07331700183502" lon="-122.96625927817468">
        <ele>1535.5</ele>
      </trkpt>
      <trkpt lat="50.07331915325172" lon="-122.96625715404704">
        <ele>1535.5</ele>
      </trkpt>
      <trkpt lat="50.073321265154405" lon="-122.96625493573995">
        <ele>1535.5</ele>
      </trkpt>
      <trkpt lat="50.07332333584532" lon="-122.96625262503667">
        <ele>1535.5</ele>
      </trkpt>
      <trkpt lat="50.07332536365987" lon="-122.96625022379479">
        <ele>1535.5</ele>
      </trkpt>
      <trkpt lat="50.07350536365987" lon="-122.96648022420854">
        <ele>1523.1</ele>
      </trkpt>
      <trkpt lat="50.0735067542796" lon="-122.96647849362314">
        <ele>1523.1</ele>
      </trkpt>
      <trkpt lat="50.07350812262226" lon="-122.96647672045205">
        <ele>1523.1</ele>
      </trkpt>
      <trkpt lat="50.07350946815074" lon="-122.96647490539128">
        <ele>1523.1</ele>
      </trkpt>
      <trkpt lat="50.07351079033691" lon="-122.96647304915325">
        <ele>1523.1</ele>
      </trkpt>
      <trkpt lat="50.073512088661786" lon="-122.96647115246658">
        <ele>1523.1</ele>
      </trkpt>
      <trkpt lat="50.07351336261575" lon="-122.96646921607575">
        <ele>1523.1</ele>
      </trkpt>
      <trkpt lat="50.07351461169875" lon="-122.96646724074084">
        <ele>1523.1</ele>
      </trkpt>
      <trkpt lat="50.073515835420494" lon="-122.9664652272372">
        <ele>1523.1</ele>
      </trkpt>
      <trkpt lat="50.07351703330066" lon="-122.96646317635515">
        <ele>1523.1</ele>
      </trkpt>
      <trkpt lat="50.07351820486906" lon="-122.96646108889972">
        <ele>1523.1</ele>
      </trkpt>
      <trkpt lat="50.07358820486906" lon="-122.9665210890327">
        <ele>1524.2</ele>
      </trkpt>
      <trkpt lat="50.07359385607903" lon="-122.9665096756861">
        <ele>1524.2</ele>
      </trkpt>
      <trkpt lat="50.07359872390504" lon="-122.96649741722756">
        <ele>1524.2</ele>
      </trkpt>
      <trkpt lat="50.073602756714564" lon="-122.96648444368131">
        <ele>1524.2</ele>
      </trkpt>
      <trkpt lat="50.07360591173199" lon="-122.96647089265645">
        <ele>1524.2</ele>
      </trkpt>
      <trkpt lat="50.07360815549236" lon="-122.9664569078873">
        <ele>1524.2</ele>
      </trkpt>
      <trkpt lat="50.073609464196345" lon="-122.96644263770894">
        <ele>1524.2</ele>
      </trkpt>
      <trkpt lat="50.07360982396265" lon="-122.96642823348365">
        <ele>1524.2</ele>
      </trkpt>
      <trkpt lat="50.073609230975265" lon="-122.96641384799564">
        <ele>1524.2</ele>
      </trkpt>
      <trkpt lat="50.07360769152396" lon="-122.96639963383029">
        <ele>1524.2</ele>
      </trkpt>
      <trkpt lat="50.073605221937534" lon="-122.96638574175584">
        <ele>1524.2</ele>
      </trkpt>
      <trkpt lat="50.07360184841064" lon="-122.96637231912412">
        <ele>1524.2</ele>
      </trkpt>
      <trkpt lat="50.07359760672593" lon="-122.96635950830759">
        <ele>1524.2</ele>
      </trkpt>
      <trkpt lat="50.07359254187454" lon="-122.96634744518933">
        <ele>1524.2</ele>
      </trkpt>
      <trkpt lat="50.07358670757882" lon="-122.96633625772158">
        <ele>1524.2</ele>
      </trkpt>
      <trkpt lat="50.07358016572256" lon="-122.9663260645687">
        <ele>1524.2</ele>
      </trkpt>
      <trkpt lat="50.07357298569457" lon="-122.96631697384842">
        <ele>1524.2</ele>
      </trkpt>
      <trkpt lat="50.07356524365267" lon="-122.9663090819851">
        <ele>1524.2</ele>
      </trkpt>
      <trkpt lat="50.073557021715935" lon="-122.96630247268692">
        <ele>1524.2</ele>
      </trkpt>
      <trkpt lat="50.073548407093604" lon="-122.96629721605805">
        <ele>1524.2</ele>
      </trkpt>
      <trkpt lat="50.0735684070936" lon="-122.96623721600267">
        <ele>1523.1</ele>
      </trkpt>
      <trkpt lat="50.073563131144574" lon="-122.96623475313702">
        <ele>1523.1</ele>
      </trkpt>
      <trkpt lat="50.073557768244314" lon="-122.96623279867168">
        <ele>1523.1</ele>
      </trkpt>
      <trkpt lat="50.073552338552254" lon="-122.9662313599536">
        <ele>1523.1</ele>
      </trkpt>
      <trkpt lat="50.073546862478906" lon="-122.966230442391">
        <ele>1523.1</ele>
      </trkpt>
      <trkpt lat="50.07354136060913" lon="-122.96623004943302">
        <ele>1523.1</ele>
      </trkpt>
      <trkpt lat="50.07353585362474" lon="-122.96623018255686">
        <ele>1523.1</ele>
      </trkpt>
      <trkpt lat="50.073530362226805" lon="-122.96623084126206">
        <ele>1523.1</ele>
      </trkpt>
      <trkpt lat="50.07352490705779" lon="-122.96623202307254">
        <ele>1523.1</ele>
      </trkpt>
      <trkpt lat="50.07351950862396" lon="-122.96623372354578">
        <ele>1523.1</ele>
      </trkpt>
      <trkpt lat="50.07351418721833" lon="-122.96623593628964">
        <ele>1523.1</ele>
      </trkpt>
      <trkpt lat="50.07348418721833" lon="-122.9661359363735">
        <ele>1523.1</ele>
      </trkpt>
      <trkpt lat="50.07348270954351" lon="-122.96613664874926">
        <ele>1523.1</ele>
      </trkpt>
      <trkpt lat="50.07348123996003" lon="-122.96613740066225">
        <ele>1523.1</ele>
      </trkpt>
      <trkpt lat="50.073479778903604" lon="-122.96613819188954">
        <ele>1523.1</ele>
      </trkpt>
      <trkpt lat="50.073478326807404" lon="-122.96613902219656">
        <ele>1523.1</ele>
      </trkpt>
      <trkpt lat="50.07347688410198" lon="-122.9661398913371">
        <ele>1523.1</ele>
      </trkpt>
      <trkpt lat="50.07347545121506" lon="-122.96614079905349">
        <ele>1523.1</ele>
      </trkpt>
      <trkpt lat="50.073474028571496" lon="-122.9661417450766">
        <ele>1523.1</ele>
      </trkpt>
      <trkpt lat="50.07347261659308" lon="-122.96614272912592">
        <ele>1523.1</ele>
      </trkpt>
      <trkpt lat="50.07347121569845" lon="-122.96614375090974">
        <ele>1523.1</ele>
      </trkpt>
      <trkpt lat="50.073469826302954" lon="-122.96614481012506">
        <ele>1523.1</ele>
      </trkpt>
      <trkpt lat="50.073429826302956" lon="-122.9660648102295">
        <ele>1523.1</ele>
      </trkpt>
      <trkpt lat="50.07343277674159" lon="-122.96606261532739">
        <ele>1523.1</ele>
      </trkpt>
      <trkpt lat="50.07343577648841" lon="-122.96606058916673">
        <ele>1523.1</ele>
      </trkpt>
      <trkpt lat="50.073438821569766" lon="-122.96605873443151">
        <ele>1523.1</ele>
      </trkpt>
      <trkpt lat="50.07344190795196" lon="-122.96605705357861">
        <ele>1523.1</ele>
      </trkpt>
      <trkpt lat="50.073445031546576" lon="-122.96605554883458">
        <ele>1523.1</ele>
      </trkpt>
      <trkpt lat="50.07344818821592" lon="-122.96605422219271">
        <ele>1523.1</ele>
      </trkpt>
      <trkpt lat="50.073451373778475" lon="-122.96605307541034">
        <ele>1523.1</ele>
      </trkpt>
      <trkpt lat="50.073454584014456" lon="-122.96605211000659">
        <ele>1523.1</ele>
      </trkpt>
      <trkpt lat="50.07345781467138" lon="-122.96605132726026">
        <ele>1523.1</ele>
      </trkpt>
      <trkpt lat="50.07346106146973" lon="-122.96605072820824">
        <ele>1523.1</ele>
      </trkpt>
      <trkpt lat="50.07345" lon="-122.96599">
        <ele>1518.8</ele>
      </trkpt>
      <trkpt lat="50.07345" lon="-122.96576003363991">
        <ele>1518.8</ele>
      </trkpt>
      <trkpt lat="50.07345148348159" lon="-122.96576005272675">
        <ele>1518.8</ele>
      </trkpt>
      <trkpt lat="50.07345296655858" lon="-122.96576010998206">
        <ele>1518.8</ele>
      </trkpt>
      <trkpt lat="50.07345444882649" lon="-122.96576020539023">
        <ele>1518.8</ele>
      </trkpt>
      <trkpt lat="50.07345592988105" lon="-122.96576033892524">
        <ele>1518.8</ele>
      </trkpt>
      <trkpt lat="50.07345740931832" lon="-122.96576051055065">
        <ele>1518.8</ele>
      </trkpt>
      <trkpt lat="50.07345888673482" lon="-122.96576072021968">
        <ele>1518.8</ele>
      </trkpt>
      <trkpt lat="50.07346036172759" lon="-122.96576096787511">
        <ele>1518.8</ele>
      </trkpt>
      <trkpt lat="50.07346183389437" lon="-122.96576125344944">
        <ele>1518.8</ele>
      </trkpt>
      <trkpt lat="50.07346330283363" lon="-122.96576157686476">
        <ele>1518.8</ele>
      </trkpt>
      <trkpt lat="50.073464768144746" lon="-122.96576193803287">
        <ele>1518.8</ele>
      </trkpt>
      <trkpt lat="50.073484768144745" lon="-122.96564193797528">
        <ele>1514.6</ele>
      </trkpt>
      <trkpt lat="50.073493753460134" lon="-122.96564501545406">
        <ele>1514.6</ele>
      </trkpt>
      <trkpt lat="50.073502489641" lon="-122.96564950869754">
        <ele>1514.6</ele>
      </trkpt>
      <trkpt lat="50.07351088505926" lon="-122.96565537057903">
        <ele>1514.6</ele>
      </trkpt>
      <trkpt lat="50.073518851660836" lon="-122.9656625396171">
        <ele>1514.6</ele>
      </trkpt>
      <trkpt lat="50.07352630588926" lon="-122.96567094062037">
        <ele>1514.6</ele>
      </trkpt>
      <trkpt lat="50.073533169562005" lon="-122.96568048547621">
        <ele>1514.6</ele>
      </trkpt>
      <trkpt lat="50.07353937069048" lon="-122.96569107407488">
        <ele>1514.6</ele>
      </trkpt>
      <trkpt lat="50.073544844235116" lon="-122.96570259535949">
        <ele>1514.6</ele>
      </trkpt>
      <trkpt lat="50.07354953278747" lon="-122.96571492849078">
        <ele>1514.6</ele>
      </trkpt>
      <trkpt lat="50.073553387172375" lon="-122.96572794411462">
        <ele>1514.6</ele>
      </trkpt>
      <trkpt lat="50.073556366963714" lon="-122.96574150571863">
        <ele>1514.6</ele>
      </trkpt>
      <trkpt lat="50.07355844090841" lon="-122.965755471064">
        <ele>1514.6</ele>
      </trkpt>
      <trkpt lat="50.07355958725419" lon="-122.96576969367736">
        <ele>1514.6</ele>
      </trkpt>
      <trkpt lat="50.0735597939778" lon="-122.965784024387">
        <ele>1514.6</ele>
      </trkpt>
      <trkpt lat="50.073559058911044" lon="-122.96579831288749">
        <ele>1514.6</ele>
      </trkpt>
      <trkpt lat="50.073557389763565" lon="-122.96581240931604">
        <ele>1514.6</ele>
      </trkpt>
      <trkpt lat="50.07355480404195" lon="-122.96582616582448">
        <ele>1514.6</ele>
      </trkpt>
      <trkpt lat="50.073551328866145" lon="-122.96583943812973">
        <ele>1514.6</ele>
      </trkpt>
      <trkpt lat="50.073547000685004" lon="-122.96585208702727">
        <ele>1514.6</ele>
      </trkpt>
      <trkpt lat="50.07354186489399" lon="-122.9658639798511">
        <ele>1514.6</ele>
      </trkpt>
      <trkpt lat="50.07358186489399" lon="-122.96589397992116">
        <ele>1514.6</ele>
      </trkpt>
      <trkpt lat="50.07357928956045" lon="-122.96589907942398">
        <ele>1514.6</ele>
      </trkpt>
      <trkpt lat="50.07357656530244" lon="-122.96590398746785">
        <ele>1514.6</ele>
      </trkpt>
      <trkpt lat="50.07357369797522" lon="-122.96590869350389">
        <ele>1514.6</ele>
      </trkpt>
      <trkpt lat="50.07357069374157" lon="-122.96591318741741">
        <ele>1514.6</ele>
      </trkpt>
      <trkpt lat="50.073567559058496" lon="-122.96591745954959">
        <ele>1514.6</ele>
      </trkpt>
      <trkpt lat="50.0735643006634" lon="-122.96592150071831">
        <ele>1514.6</ele>
      </trkpt>
      <trkpt lat="50.073560925559555" lon="-122.96592530223788">
        <ele>1514.6</ele>
      </trkpt>
      <trkpt lat="50.0735574410011" lon="-122.96592885593765">
        <ele>1514.6</ele>
      </trkpt>
      <trkpt lat="50.073553854477424" lon="-122.96593215417964">
        <ele>1514.6</ele>
      </trkpt>
      <trkpt lat="50.07355017369705" lon="-122.96593518987494">
        <ele>1514.6</ele>
      </trkpt>
      <trkpt lat="50.07354" lon="-122.96587">
        <ele>1518.8</ele>
      </trkpt>
      <trkpt lat="50.073610173697034" lon="-122.96605519003158">
        <ele>1518.8</ele>
      </trkpt>
      <trkpt lat="50.07361824623669" lon="-122.96604806656059">
        <ele>1518.8</ele>
      </trkpt>
      <trkpt lat="50.0736258041987" lon="-122.96603968383253">
        <ele>1518.8</ele>
      </trkpt>
      <trkpt lat="50.073632766972445" lon="-122.9660301312547">
        <ele>1518.8</ele>
      </trkpt>
      <trkpt lat="50.07363906029539" lon="-122.96601951071158">
        <ele>1518.8</ele>
      </trkpt>
      <trkpt lat="50.07364461704515" lon="-122.9660079354782">
        <ele>1518.8</ele>
      </trkpt>
      <trkpt lat="50.07364937795533" lon="-122.96599552901199">
        <ele>1518.8</ele>
      </trkpt>
      <trkpt lat="50.07365329224773" lon="-122.96598242363604">
        <ele>1518.8</ele>
      </trkpt>
      <trkpt lat="50.07365631817385" lon="-122.96596875912773">
        <ele>1518.8</ele>
      </trkpt>
      <trkpt lat="50.073658423460216" lon="-122.96595468122798">
        <ele>1518.8</ele>
      </trkpt>
      <trkpt lat="50.07365958565258" lon="-122.96594034008682">
        <ele>1518.8</ele>
      </trkpt>
      <trkpt lat="50.073659792355386" lon="-122.96592588866186">
        <ele>1518.8</ele>
      </trkpt>
      <trkpt lat="50.073659041364024" lon="-122.965911481087">
        <ele>1518.8</ele>
      </trkpt>
      <trkpt lat="50.0736573406883" lon="-122.96589727102847">
        <ele>1518.8</ele>
      </trkpt>
      <trkpt lat="50.07365470846704" lon="-122.9658834100458">
        <ele>1518.8</ele>
      </trkpt>
      <trkpt lat="50.073651172774596" lon="-122.96587004597546">
        <ele>1518.8</ele>
      </trkpt>
      <trkpt lat="50.07364677132145" lon="-122.96585732135398">
        <ele>1518.8</ele>
      </trkpt>
      <trkpt lat="50.07364155105197" lon="-122.96584537189779">
        <ele>1518.8</ele>
      </trkpt>
      <trkpt lat="50.07363556764374" lon="-122.96583432505562">
        <ele>1518.8</ele>
      </trkpt>
      <trkpt lat="50.07362888491373" lon="-122.96582429864928">
        <ele>1518.8</ele>
      </trkpt>
      <trkpt lat="50.07362157413762" lon="-122.96581539961696">
        <ele>1518.8</ele>
      </trkpt>
      <trkpt lat="50.07361371328962" lon="-122.96580772287263">
        <ele>1518.8</ele>
      </trkpt>
      <trkpt lat="50.0736053862108" lon="-122.9658013502938">
        <ele>1518.8</ele>
      </trkpt>
      <trkpt lat="50.0736353862108" lon="-122.96573135021333">
        <ele>1518.8</ele>
      </trkpt>
      <trkpt lat="50.073632015019086" lon="-122.96572922386528">
        <ele>1518.8</ele>
      </trkpt>
      <trkpt lat="50.073628591349966" lon="-122.96572731187888">
        <ele>1518.8</ele>
      </trkpt>
      <trkpt lat="50.07362512081534" lon="-122.96572561738816">
        <ele>1518.8</ele>
      </trkpt>
      <trkpt lat="50.07362160910395" lon="-122.96572414317066">
        <ele>1518.8</ele>
      </trkpt>
      <trkpt lat="50.073618061972" lon="-122.96572289164283">
        <ele>1518.8</ele>
      </trkpt>
      <trkpt lat="50.073614485233776" lon="-122.9657218648561">
        <ele>1518.8</ele>
      </trkpt>
      <trkpt lat="50.07361088475208" lon="-122.96572106449356">
        <ele>1518.8</ele>
      </trkpt>
      <trkpt lat="50.07360726642865" lon="-122.9657204918671">
        <ele>1518.8</ele>
      </trkpt>
      <trkpt lat="50.073603636194456" lon="-122.96572014791535">
        <ele>1518.8</ele>
      </trkpt>
      <trkpt lat="50.0736" lon="-122.96572003320208">
        <ele>1518.8</ele>
      </trkpt>
      <trkpt lat="50.0736" lon="-122.96563003320207">
        <ele>1514.6</ele>
      </trkpt>
      <trkpt lat="50.073597233165096" lon="-122.96563009960863">
        <ele>1514.6</ele>
      </trkpt>
      <trkpt lat="50.07359446895561" lon="-122.96563029876529">
        <ele>1514.6</ele>
      </trkpt>
      <trkpt lat="50.07359170999449" lon="-122.96563063048306">
        <ele>1514.6</ele>
      </trkpt>
      <trkpt lat="50.07358895889966" lon="-122.96563109444719">
        <ele>1514.6</ele>
      </trkpt>
      <trkpt lat="50.07358621828163" lon="-122.96563169021744">
        <ele>1514.6</ele>
      </trkpt>
      <trkpt lat="50.07358349074094" lon="-122.96563241722846">
        <ele>1514.6</ele>
      </trkpt>
      <trkpt lat="50.07358077886571" lon="-122.96563327479042">
        <ele>1514.6</ele>
      </trkpt>
      <trkpt lat="50.07357808522923" lon="-122.96563426208958">
        <ele>1514.6</ele>
      </trkpt>
      <trkpt lat="50.07357541238746" lon="-122.96563537818909">
        <ele>1514.6</ele>
      </trkpt>
      <trkpt lat="50.07357276287664" lon="-122.96563662202992">
        <ele>1514.6</ele>
      </trkpt>
      <trkpt lat="50.073432762876635" lon="-122.96519662241931">
        <ele>1510.7</ele>
      </trkpt>
      <trkpt lat="50.073436369959325" lon="-122.96519496290395">
        <ele>1510.7</ele>
      </trkpt>
      <trkpt lat="50.07344001846369" lon="-122.96519354009843">
        <ele>1510.7</ele>
      </trkpt>
      <trkpt lat="50.07344370199419" lon="-122.9651923564968">
        <ele>1510.7</ele>
      </trkpt>
      <trkpt lat="50.07344741409385" lon="-122.96519141417386">
        <ele>1510.7</ele>
      </trkpt>
      <trkpt lat="50.073451148255664" lon="-122.96519071478141">
        <ele>1510.7</ele>
      </trkpt>
      <trkpt lat="50.073454897933914" lon="-122.96519025954544">
        <ele>1510.7</ele>
      </trkpt>
      <trkpt lat="50.0734586565557" lon="-122.96519004926394">
        <ele>1510.7</ele>
      </trkpt>
      <trkpt lat="50.07346241753244" lon="-122.96519008430552">
        <ele>1510.7</ele>
      </trkpt>
      <trkpt lat="50.07346617427144" lon="-122.96519036460874">
        <ele>1510.7</ele>
      </trkpt>
      <trkpt lat="50.07346992018739" lon="-122.96519088968229">
        <ele>1510.7</ele>
      </trkpt>
      <trkpt lat="50.073479920187395" lon="-122.96510088965327">
        <ele>1510.6</ele>
      </trkpt>
      <trkpt lat="50.07348591724474" lon="-122.9651022483367">
        <ele>1510.6</ele>
      </trkpt>
      <trkpt lat="50.07349184186227" lon="-122.96510423393158">
        <ele>1510.6</ele>
      </trkpt>
      <trkpt lat="50.07349766707692" lon="-122.96510683740141">
        <ele>1510.6</ele>
      </trkpt>
      <trkpt lat="50.07350336637797" lon="-122.96511004689773">
        <ele>1510.6</ele>
      </trkpt>
      <trkpt lat="50.07350891382776" lon="-122.96511384781405">
        <ele>1510.6</ele>
      </trkpt>
      <trkpt lat="50.07351428417969" lon="-122.9651182228523">
        <ele>1510.6</ele>
      </trkpt>
      <trkpt lat="50.073519452993146" lon="-122.96512315210155">
        <ele>1510.6</ele>
      </trkpt>
      <trkpt lat="50.07352439674473" lon="-122.96512861312867">
        <ele>1510.6</ele>
      </trkpt>
      <trkpt lat="50.073529092935296" lon="-122.96513458108038">
        <ele>1510.6</ele>
      </trkpt>
      <trkpt lat="50.073533520192356" lon="-122.96514102879637">
        <ele>1510.6</ele>
      </trkpt>
      <trkpt lat="50.07358352019236" lon="-122.96509102869318">
        <ele>1510.6</ele>
      </trkpt>
      <trkpt lat="50.07358733535843" lon="-122.96509735376308">
        <ele>1510.6</ele>
      </trkpt>
      <trkpt lat="50.07359089156208" lon="-122.96510403513754">
        <ele>1510.6</ele>
      </trkpt>
      <trkpt lat="50.07359417512663" lon="-122.96511104712091">
        <ele>1510.6</ele>
      </trkpt>
      <trkpt lat="50.07359717342394" lon="-122.9651183627461">
        <ele>1510.6</ele>
      </trkpt>
      <trkpt lat="50.07359987492299" lon="-122.9651259538782">
        <ele>1510.6</ele>
      </trkpt>
      <trkpt lat="50.073602269234186" lon="-122.96513379132278">
        <ele>1510.6</ele>
      </trkpt>
      <trkpt lat="50.073604347149335" lon="-122.96514184493815">
        <ele>1510.6</ele>
      </trkpt>
      <trkpt lat="50.07360610067707" lon="-122.96515008375117">
        <ele>1510.6</ele>
      </trkpt>
      <trkpt lat="50.07360752307356" lon="-122.96515847607655">
        <ele>1510.6</ele>
      </trkpt>
      <trkpt lat="50.073608608868476" lon="-122.96516698963855">
        <ele>1510.6</ele>
      </trkpt>
      <trkpt lat="50.07366860886847" lon="-122.96515698960975">
        <ele>1510.6</ele>
      </trkpt>
      <trkpt lat="50.07366899922196" lon="-122.96516099564904">
        <ele>1510.6</ele>
      </trkpt>
      <trkpt lat="50.073669314988294" lon="-122.96516501761522">
        <ele>1510.6</ele>
      </trkpt>
      <trkpt lat="50.073669555902846" lon="-122.9651690521376">
        <ele>1510.6</ele>
      </trkpt>
      <trkpt lat="50.07366972176371" lon="-122.96517309583501">
        <ele>1510.6</ele>
      </trkpt>
      <trkpt lat="50.07366981243187" lon="-122.96517714531856">
        <ele>1510.6</ele>
      </trkpt>
      <trkpt lat="50.073669827831374" lon="-122.96518119719452">
        <ele>1510.6</ele>
      </trkpt>
      <trkpt lat="50.07366976794928" lon="-122.96518524806714">
        <ele>1510.6</ele>
      </trkpt>
      <trkpt lat="50.0736696328358" lon="-122.96518929454156">
        <ele>1510.6</ele>
      </trkpt>
      <trkpt lat="50.073669422604155" lon="-122.96519333322654">
        <ele>1510.6</ele>
      </trkpt>
      <trkpt lat="50.073669137430535" lon="-122.9651973607374">
        <ele>1510.6</ele>
      </trkpt>
      <trkpt lat="50.07374913743053" lon="-122.96520736076637">
        <ele>1498.7</ele>
      </trkpt>
      <trkpt lat="50.07374960204271" lon="-122.96519998938534">
        <ele>1498.7</ele>
      </trkpt>
      <trkpt lat="50.073749815736214" lon="-122.96519259003036">
        <ele>1498.7</ele>
      </trkpt>
      <trkpt lat="50.07374977791262" lon="-122.96518518342235">
        <ele>1498.7</ele>
      </trkpt>
      <trkpt lat="50.073749488677855" lon="-122.96517779030252">
        <ele>1498.7</ele>
      </trkpt>
      <trkpt lat="50.073748948841875" lon="-122.96517043137433">
        <ele>1498.7</ele>
      </trkpt>
      <trkpt lat="50.07374815991642" lon="-122.9651631272455">
        <ele>1498.7</ele>
      </trkpt>
      <trkpt lat="50.073747124110774" lon="-122.96515589837026">
        <ele>1498.7</ele>
      </trkpt>
      <trkpt lat="50.07374584432557" lon="-122.96514876499212">
        <ele>1498.7</ele>
      </trkpt>
      <trkpt lat="50.07374432414469" lon="-122.96514174708717">
        <ele>1498.7</ele>
      </trkpt>
      <trkpt lat="50.073742567825185" lon="-122.96513486430814">
        <ele>1498.7</ele>
      </trkpt>
      <trkpt lat="50.07373" lon="-122.96516">
        <ele>1498.7</ele>
      </trkpt>
      <trkpt lat="50.073882567825194" lon="-122.96507486414718">
        <ele>1498.7</ele>
      </trkpt>
      <trkpt lat="50.07387988133198" lon="-122.96506597291254">
        <ele>1498.7</ele>
      </trkpt>
      <trkpt lat="50.07387680105404" lon="-122.96505739730722">
        <ele>1498.7</ele>
      </trkpt>
      <trkpt lat="50.073873342175965" lon="-122.96504917960569">
        <ele>1498.7</ele>
      </trkpt>
      <trkpt lat="50.07386952174872" lon="-122.96504136031812">
        <ele>1498.7</ele>
      </trkpt>
      <trkpt lat="50.07386535860556" lon="-122.96503397799064">
        <ele>1498.7</ele>
      </trkpt>
      <trkpt lat="50.07386087326921" lon="-122.96502706901532">
        <ele>1498.7</ele>
      </trkpt>
      <trkpt lat="50.073856087850686" lon="-122.9650206674508">
        <ele>1498.7</ele>
      </trkpt>
      <trkpt lat="50.073851025940286" lon="-122.96501480485438">
        <ele>1498.7</ele>
      </trkpt>
      <trkpt lat="50.073845712491305" lon="-122.96500951012642">
        <ele>1498.7</ele>
      </trkpt>
      <trkpt lat="50.07384017369704" lon="-122.96500480936794">
        <ele>1498.7</ele>
      </trkpt>
      <trkpt lat="50.073870173697046" lon="-122.96494480928962">
        <ele>1498.7</ele>
      </trkpt>
      <trkpt lat="50.07386460223493" lon="-122.96494083292141">
        <ele>1498.7</ele>
      </trkpt>
      <trkpt lat="50.07385886974255" lon="-122.96493745766489">
        <ele>1498.7</ele>
      </trkpt>
      <trkpt lat="50.07385300289753" lon="-122.96493469922764">
        <ele>1498.7</ele>
      </trkpt>
      <trkpt lat="50.073847029002714" lon="-122.96493257044675">
        <ele>1498.7</ele>
      </trkpt>
      <trkpt lat="50.07384097585912" lon="-122.96493108122904">
        <ele>1498.7</ele>
      </trkpt>
      <trkpt lat="50.07383487163659" lon="-122.96493023850498">
        <ele>1498.7</ele>
      </trkpt>
      <trkpt lat="50.07382874474267" lon="-122.96493004619636">
        <ele>1498.7</ele>
      </trkpt>
      <trkpt lat="50.073822623690404" lon="-122.96493050519817">
        <ele>1498.7</ele>
      </trkpt>
      <trkpt lat="50.073816536965666" lon="-122.96493161337432">
        <ele>1498.7</ele>
      </trkpt>
      <trkpt lat="50.07381051289455" lon="-122.96493336556763">
        <ele>1498.7</ele>
      </trkpt>
      <trkpt lat="50.073790512894554" lon="-122.96484336562463">
        <ele>1503.5</ele>
      </trkpt>
      <trkpt lat="50.07379353181302" lon="-122.96484240467643">
        <ele>1503.5</ele>
      </trkpt>
      <trkpt lat="50.07379657010694" lon="-122.96484160561448">
        <ele>1503.5</ele>
      </trkpt>
      <trkpt lat="50.073799624201655" lon="-122.96484096937891">
        <ele>1503.5</ele>
      </trkpt>
      <trkpt lat="50.0738026905039" lon="-122.96484049671825">
        <ele>1503.5</ele>
      </trkpt>
      <trkpt lat="50.07380576540606" lon="-122.96484018818865">
        <ele>1503.5</ele>
      </trkpt>
      <trkpt lat="50.07380884529037" lon="-122.96484004415306">
        <ele>1503.5</ele>
      </trkpt>
      <trkpt lat="50.073811926533246" lon="-122.96484006478097">
        <ele>1503.5</ele>
      </trkpt>
      <trkpt lat="50.07381500550948" lon="-122.9648402500481">
        <ele>1503.5</ele>
      </trkpt>
      <trkpt lat="50.07381807859654" lon="-122.96484059973649">
        <ele>1503.5</ele>
      </trkpt>
      <trkpt lat="50.073821142178815" lon="-122.9648411134347">
        <ele>1503.5</ele>
      </trkpt>
      <trkpt lat="50.07383114217881" lon="-122.96476111340573">
        <ele>1503.5</ele>
      </trkpt>
      <trkpt lat="50.073834159552966" lon="-122.96476178226776">
        <ele>1503.5</ele>
      </trkpt>
      <trkpt lat="50.07383716062827" lon="-122.96476261023005">
        <ele>1503.5</ele>
      </trkpt>
      <trkpt lat="50.07384014195026" lon="-122.96476359633957">
        <ele>1503.5</ele>
      </trkpt>
      <trkpt lat="50.07384310008716" lon="-122.9647647394612">
        <ele>1503.5</ele>
      </trkpt>
      <trkpt lat="50.073846031633906" lon="-122.96476603827912">
        <ele>1503.5</ele>
      </trkpt>
      <trkpt lat="50.07384893321605" lon="-122.96476749129828">
        <ele>1503.5</ele>
      </trkpt>
      <trkpt lat="50.07385180149362" lon="-122.96476909684613">
        <ele>1503.5</ele>
      </trkpt>
      <trkpt lat="50.07385463316499" lon="-122.96477085307455">
        <ele>1503.5</ele>
      </trkpt>
      <trkpt lat="50.07385742497066" lon="-122.96477275796198">
        <ele>1503.5</ele>
      </trkpt>
      <trkpt lat="50.07386017369704" lon="-122.96477480931573">
        <ele>1503.5</ele>
      </trkpt>
      <trkpt lat="50.07388017369704" lon="-122.96473480926352">
        <ele>1503.5</ele>
      </trkpt>
      <trkpt lat="50.07388820677736" lon="-122.96474189365135">
        <ele>1503.5</ele>
      </trkpt>
      <trkpt lat="50.07389573086517" lon="-122.96475022506819">
        <ele>1503.5</ele>
      </trkpt>
      <trkpt lat="50.073902666517164" lon="-122.9647597155465">
        <ele>1503.5</ele>
      </trkpt>
      <trkpt lat="50.0739089405031" lon="-122.96477026488085">
        <ele>1503.5</ele>
      </trkpt>
      <trkpt lat="50.07391448657892" lon="-122.96478176168581">
        <ele>1503.5</ele>
      </trkpt>
      <trkpt lat="50.07391924618625" lon="-122.96479408457206">
        <ele>1503.5</ele>
      </trkpt>
      <trkpt lat="50.073923169070646" lon="-122.96480710342809">
        <ele>1503.5</ele>
      </trkpt>
      <trkpt lat="50.07392621381223" lon="-122.96482068079395">
        <ele>1503.5</ele>
      </trkpt>
      <trkpt lat="50.07392834826301" lon="-122.9648346733127">
        <ele>1503.5</ele>
      </trkpt>
      <trkpt lat="50.073929549886344" lon="-122.96484893324391">
        <ele>1503.5</ele>
      </trkpt>
      <trkpt lat="50.07392980599485" lon="-122.96486331002377">
        <ele>1503.5</ele>
      </trkpt>
      <trkpt lat="50.07392911388441" lon="-122.96487765185466">
        <ele>1503.5</ele>
      </trkpt>
      <trkpt lat="50.07392748086268" lon="-122.96489180730798">
        <ele>1503.5</ele>
      </trkpt>
      <trkpt lat="50.07392492417197" lon="-122.964905626923">
        <ele>1503.5</ele>
      </trkpt>
      <trkpt lat="50.073921470807164" lon="-122.96491896478497">
        <ele>1503.5</ele>
      </trkpt>
      <trkpt lat="50.0739171572307" lon="-122.9649316800657">
        <ele>1503.5</ele>
      </trkpt>
      <trkpt lat="50.0739120289876" lon="-122.96494363851058">
        <ele>1503.5</ele>
      </trkpt>
      <trkpt lat="50.073906140224544" lon="-122.96495471385605">
        <ele>1503.5</ele>
      </trkpt>
      <trkpt lat="50.073899553118196" lon="-122.96496478916279">
        <ele>1503.5</ele>
      </trkpt>
      <trkpt lat="50.07389233721868" lon="-122.9649737580504">
        <ele>1503.5</ele>
      </trkpt>
      <trkpt lat="50.07388456871527" lon="-122.96498152582066">
        <ele>1503.5</ele>
      </trkpt>
      <trkpt lat="50.07392456871528" lon="-122.96505152592204">
        <ele>1503.5</ele>
      </trkpt>
      <trkpt lat="50.073921595338966" lon="-122.96505405858014">
        <ele>1503.5</ele>
      </trkpt>
      <trkpt lat="50.0739185627725" lon="-122.96505641470293">
        <ele>1503.5</ele>
      </trkpt>
      <trkpt lat="50.07391547533122" lon="-122.96505859093762">
        <ele>1503.5</ele>
      </trkpt>
      <trkpt lat="50.07391233740855" lon="-122.96506058418743">
        <ele>1503.5</ele>
      </trkpt>
      <trkpt lat="50.07390915346975" lon="-122.96506239161597">
        <ele>1503.5</ele>
      </trkpt>
      <trkpt lat="50.073905928045576" lon="-122.96506401065129">
        <ele>1503.5</ele>
      </trkpt>
      <trkpt lat="50.0739026657258" lon="-122.96506543898948">
        <ele>1503.5</ele>
      </trkpt>
      <trkpt lat="50.0738993711527" lon="-122.96506667459802">
        <ele>1503.5</ele>
      </trkpt>
      <trkpt lat="50.07389604901446" lon="-122.96506771571863">
        <ele>1503.5</ele>
      </trkpt>
      <trkpt lat="50.073892704038464" lon="-122.96506856086982">
        <ele>1503.5</ele>
      </trkpt>
      <trkpt lat="50.07390270403846" lon="-122.96513856089872">
        <ele>1494.6</ele>
      </trkpt>
      <trkpt lat="50.07391174747795" lon="-122.96513580403642">
        <ele>1494.6</ele>
      </trkpt>
      <trkpt lat="50.073920562074946" lon="-122.9651316181471">
        <ele>1494.6</ele>
      </trkpt>
      <trkpt lat="50.07392905507597" lon="-122.96512604727766">
        <ele>1494.6</ele>
      </trkpt>
      <trkpt lat="50.07393713711161" lon="-122.9651191500488">
        <ele>1494.6</ele>
      </trkpt>
      <trkpt lat="50.07394472313692" lon="-122.96511099903807">
        <ele>1494.6</ele>
      </trkpt>
      <trkpt lat="50.073951733326304" lon="-122.96510168001622">
        <ele>1494.6</ele>
      </trkpt>
      <trkpt lat="50.07395809391357" lon="-122.96509129104466">
        <ele>1494.6</ele>
      </trkpt>
      <trkpt lat="50.073963737968064" lon="-122.96507994144355">
        <ele>1494.6</ele>
      </trkpt>
      <trkpt lat="50.073968606099015" lon="-122.96506775064151">
        <ele>1494.6</ele>
      </trkpt>
      <trkpt lat="50.07397264708048" lon="-122.96505484691885">
        <ele>1494.6</ele>
      </trkpt>
      <trkpt lat="50.07397581839037" lon="-122.96504136605776">
        <ele>1494.6</ele>
      </trkpt>
      <trkpt lat="50.073978086657895" lon="-122.96502744991348">
        <ele>1494.6</ele>
      </trkpt>
      <trkpt lat="50.0740280866579" lon="-122.9650374499421">
        <ele>1490.8</ele>
      </trkpt>
      <trkpt lat="50.0740294540337" lon="-122.96502281127641">
        <ele>1490.8</ele>
      </trkpt>
      <trkpt lat="50.074029822215024" lon="-122.96500802950978">
        <ele>1490.8</ele>
      </trkpt>
      <trkpt lat="50.07402918708931" lon="-122.96499326975335">
        <ele>1490.8</ele>
      </trkpt>
      <trkpt lat="50.07402755575086" lon="-122.96497869687246">
        <ele>1490.8</ele>
      </trkpt>
      <trkpt lat="50.074024946421595" lon="-122.96496447364504">
        <ele>1490.8</ele>
      </trkpt>
      <trkpt lat="50.074021388247516" lon="-122.9649507589434">
        <ele>1490.8</ele>
      </trkpt>
      <trkpt lat="50.07401692097315" lon="-122.96493770595967">
        <ele>1490.8</ele>
      </trkpt>
      <trkpt lat="50.0740115944976" lon="-122.96492546049467">
        <ele>1490.8</ele>
      </trkpt>
      <trkpt lat="50.07400546831717" lon="-122.96491415932924">
        <ele>1490.8</ele>
      </trkpt>
      <trkpt lat="50.07399861086081" lon="-122.96490392869654">
        <ele>1490.8</ele>
      </trkpt>
      <trkpt lat="50.07399109872578" lon="-122.9648948828719">
        <ele>1490.8</ele>
      </trkpt>
      <trkpt lat="50.073983015822016" lon="-122.96488712289649">
        <ele>1490.8</ele>
      </trkpt>
      <trkpt lat="50.074043015822014" lon="-122.96477712274273">
        <ele>1494.6</ele>
      </trkpt>
      <trkpt lat="50.07404450305666" lon="-122.96477841537138">
        <ele>1494.6</ele>
      </trkpt>
      <trkpt lat="50.074045974297526" lon="-122.96477975169586">
        <ele>1494.6</ele>
      </trkpt>
      <trkpt lat="50.07404742901587" lon="-122.96478113123592">
        <ele>1494.6</ele>
      </trkpt>
      <trkpt lat="50.074048866688884" lon="-122.96478255349577">
        <ele>1494.6</ele>
      </trkpt>
      <trkpt lat="50.07405028679988" lon="-122.96478401796425">
        <ele>1494.6</ele>
      </trkpt>
      <trkpt lat="50.0740516888385" lon="-122.96478552411509">
        <ele>1494.6</ele>
      </trkpt>
      <trkpt lat="50.07405307230086" lon="-122.96478707140696">
        <ele>1494.6</ele>
      </trkpt>
      <trkpt lat="50.074054436689785" lon="-122.96478865928381">
        <ele>1494.6</ele>
      </trkpt>
      <trkpt lat="50.07405578151491" lon="-122.96479028717498">
        <ele>1494.6</ele>
      </trkpt>
      <trkpt lat="50.074057106292926" lon="-122.96479195449541">
        <ele>1494.6</ele>
      </trkpt>
      <trkpt lat="50.07414" lon="-122.96473">
        <ele>1494.6</ele>
      </trkpt>
      <trkpt lat="50.074294770999" lon="-122.96448905747755">
        <ele>1489.8</ele>
      </trkpt>
      <trkpt lat="50.07429792855213" lon="-122.96449302192453">
        <ele>1489.8</ele>
      </trkpt>
      <trkpt lat="50.07430096806118" lon="-122.96449720436638">
        <ele>1489.8</ele>
      </trkpt>
      <trkpt lat="50.0743038833324" lon="-122.96450159628031">
        <ele>1489.8</ele>
      </trkpt>
      <trkpt lat="50.07430666842518" lon="-122.96450618871671">
        <ele>1489.8</ele>
      </trkpt>
      <trkpt lat="50.07430931766419" lon="-122.96451097231731">
        <ele>1489.8</ele>
      </trkpt>
      <trkpt lat="50.07431182565093" lon="-122.96451593733433">
        <ele>1489.8</ele>
      </trkpt>
      <trkpt lat="50.07431418727475" lon="-122.96452107365027">
        <ele>1489.8</ele>
      </trkpt>
      <trkpt lat="50.074316397723244" lon="-122.96452637079861">
        <ele>1489.8</ele>
      </trkpt>
      <trkpt lat="50.07431845249206" lon="-122.96453181798505">
        <ele>1489.8</ele>
      </trkpt>
      <trkpt lat="50.07432034739409" lon="-122.96453740410959">
        <ele>1489.8</ele>
      </trkpt>
      <trkpt lat="50.07442034739409" lon="-122.96448740397905">
        <ele>1489.8</ele>
      </trkpt>
      <trkpt lat="50.07442097118372" lon="-122.96448938682637">
        <ele>1489.8</ele>
      </trkpt>
      <trkpt lat="50.07442157481926" lon="-122.96449138476059">
        <ele>1489.8</ele>
      </trkpt>
      <trkpt lat="50.074422158150455" lon="-122.9644933972844">
        <ele>1489.8</ele>
      </trkpt>
      <trkpt lat="50.0744227210321" lon="-122.9644954238969">
        <ele>1489.8</ele>
      </trkpt>
      <trkpt lat="50.07442326332411" lon="-122.96449746409364">
        <ele>1489.8</ele>
      </trkpt>
      <trkpt lat="50.07442378489149" lon="-122.9644995173668">
        <ele>1489.8</ele>
      </trkpt>
      <trkpt lat="50.07442428560444" lon="-122.96450158320533">
        <ele>1489.8</ele>
      </trkpt>
      <trkpt lat="50.0744247653383" lon="-122.96450366109501">
        <ele>1489.8</ele>
      </trkpt>
      <trkpt lat="50.074425223973684" lon="-122.96450575051867">
        <ele>1489.8</ele>
      </trkpt>
      <trkpt lat="50.07442566139643" lon="-122.96450785095622">
        <ele>1489.8</ele>
      </trkpt>
      <trkpt lat="50.074615661396436" lon="-122.9644478507892">
        <ele>1486.0</ele>
      </trkpt>
      <trkpt lat="50.07461474336729" lon="-122.96444356345249">
        <ele>1486.0</ele>
      </trkpt>
      <trkpt lat="50.07461373697912" lon="-122.9644393245336">
        <ele>1486.0</ele>
      </trkpt>
      <trkpt lat="50.07461264328124" lon="-122.96443513845229">
        <ele>1486.0</ele>
      </trkpt>
      <trkpt lat="50.07461146341403" lon="-122.96443100957325">
        <ele>1486.0</ele>
      </trkpt>
      <trkpt lat="50.074610198607694" lon="-122.96442694220151">
        <ele>1486.0</ele>
      </trkpt>
      <trkpt lat="50.074608850181" lon="-122.964422940578">
        <ele>1486.0</ele>
      </trkpt>
      <trkpt lat="50.0746074195399" lon="-122.96441900887505">
        <ele>1486.0</ele>
      </trkpt>
      <trkpt lat="50.07460590817609" lon="-122.96441515119216">
        <ele>1486.0</ele>
      </trkpt>
      <trkpt lat="50.074604317665404" lon="-122.96441137155155">
        <ele>1486.0</ele>
      </trkpt>
      <trkpt lat="50.07460264966622" lon="-122.96440767389416">
        <ele>1486.0</ele>
      </trkpt>
      <trkpt lat="50.07471264966622" lon="-122.9643276737053">
        <ele>1490.3</ele>
      </trkpt>
      <trkpt lat="50.074714947708756" lon="-122.96433283692056">
        <ele>1490.3</ele>
      </trkpt>
      <trkpt lat="50.07471709471984" lon="-122.9643381556316">
        <ele>1490.3</ele>
      </trkpt>
      <trkpt lat="50.074719086372895" lon="-122.96434361912038">
        <ele>1490.3</ele>
      </trkpt>
      <trkpt lat="50.074720918654435" lon="-122.9643492163771">
        <ele>1490.3</ele>
      </trkpt>
      <trkpt lat="50.074722587872124" lon="-122.96435493612242">
        <ele>1490.3</ele>
      </trkpt>
      <trkpt lat="50.07472409066222" lon="-122.96436076683013">
        <ele>1490.3</ele>
      </trkpt>
      <trkpt lat="50.07472542399636" lon="-122.96436669675045">
        <ele>1490.3</ele>
      </trkpt>
      <trkpt lat="50.07472658518768" lon="-122.96437271393364">
        <ele>1490.3</ele>
      </trkpt>
      <trkpt lat="50.07472757189618" lon="-122.96437880625413">
        <ele>1490.3</ele>
      </trkpt>
      <trkpt lat="50.0747283821335" lon="-122.96438496143496">
        <ele>1490.3</ele>
      </trkpt>
      <trkpt lat="50.07475" lon="-122.96439">
        <ele>1485.5</ele>
      </trkpt>
      <trkpt lat="50.07492769197451" lon="-122.96433963615326">
        <ele>1485.5</ele>
      </trkpt>
      <trkpt lat="50.07492822010951" lon="-122.96434361052272">
        <ele>1485.5</ele>
      </trkpt>
      <trkpt lat="50.07492867406867" lon="-122.96434760708057">
        <ele>1485.5</ele>
      </trkpt>
      <trkpt lat="50.0749290534703" lon="-122.96435162246647">
        <ele>1485.5</ele>
      </trkpt>
      <trkpt lat="50.074929357995394" lon="-122.96435565330428">
        <ele>1485.5</ele>
      </trkpt>
      <trkpt lat="50.0749295873879" lon="-122.96435969620487">
        <ele>1485.5</ele>
      </trkpt>
      <trkpt lat="50.074929741454945" lon="-122.96436374776891">
        <ele>1485.5</ele>
      </trkpt>
      <trkpt lat="50.07492982006699" lon="-122.96436780458987">
        <ele>1485.5</ele>
      </trkpt>
      <trkpt lat="50.074929823157944" lon="-122.96437186325674">
        <ele>1485.5</ele>
      </trkpt>
      <trkpt lat="50.074929750725204" lon="-122.96437592035697">
        <ele>1485.5</ele>
      </trkpt>
      <trkpt lat="50.07492960282967" lon="-122.96437997247934">
        <ele>1485.5</ele>
      </trkpt>
      <trkpt lat="50.07498" lon="-122.96438">
        <ele>1485.5</ele>
      </trkpt>
      <trkpt lat="50.07516938530275" lon="-122.96440392764679">
        <ele>1481.6</ele>
      </trkpt>
      <trkpt lat="50.07516955351936" lon="-122.9644009954378">
        <ele>1481.6</ele>
      </trkpt>
      <trkpt lat="50.07516968212167" lon="-122.96439805836496">
        <ele>1481.6</ele>
      </trkpt>
      <trkpt lat="50.07516977105278" lon="-122.96439511772746">
        <ele>1481.6</ele>
      </trkpt>
      <trkpt lat="50.07516982027336" lon="-122.96439217482612">
        <ele>1481.6</ele>
      </trkpt>
      <trkpt lat="50.07516982976163" lon="-122.96438923096274">
        <ele>1481.6</ele>
      </trkpt>
      <trkpt lat="50.0751697995134" lon="-122.96438628743955">
        <ele>1481.6</ele>
      </trkpt>
      <trkpt lat="50.07516972954205" lon="-122.96438334555862">
        <ele>1481.6</ele>
      </trkpt>
      <trkpt lat="50.07516961987853" lon="-122.9643804066213">
        <ele>1481.6</ele>
      </trkpt>
      <trkpt lat="50.075169470571346" lon="-122.96437747192765">
        <ele>1481.6</ele>
      </trkpt>
      <trkpt lat="50.07516928168655" lon="-122.96437454277583">
        <ele>1481.6</ele>
      </trkpt>
      <trkpt lat="50.07525928168655" lon="-122.96436454274684">
        <ele>1481.6</ele>
      </trkpt>
      <trkpt lat="50.0752595448731" lon="-122.96436883488754">
        <ele>1481.6</ele>
      </trkpt>
      <trkpt lat="50.0752597230914" lon="-122.9643731376227">
        <ele>1481.6</ele>
      </trkpt>
      <trkpt lat="50.07525981617234" lon="-122.9643774468695">
        <ele>1481.6</ele>
      </trkpt>
      <trkpt lat="50.07525982402761" lon="-122.96438175853895">
        <ele>1481.6</ele>
      </trkpt>
      <trkpt lat="50.07525974664975" lon="-122.96438606853974">
        <ele>1481.6</ele>
      </trkpt>
      <trkpt lat="50.075259584112175" lon="-122.96439037278215">
        <ele>1481.6</ele>
      </trkpt>
      <trkpt lat="50.07525933656912" lon="-122.96439466718192">
        <ele>1481.6</ele>
      </trkpt>
      <trkpt lat="50.07525900425548" lon="-122.96439894766417">
        <ele>1481.6</ele>
      </trkpt>
      <trkpt lat="50.07525858748659" lon="-122.96440321016715">
        <ele>1481.6</ele>
      </trkpt>
      <trkpt lat="50.0752580866579" lon="-122.96440745064623">
        <ele>1481.6</ele>
      </trkpt>
      <trkpt lat="50.0753580866579" lon="-122.96442745070348">
        <ele>1481.6</ele>
      </trkpt>
      <trkpt lat="50.075358760453945" lon="-122.9644215461828">
        <ele>1481.6</ele>
      </trkpt>
      <trkpt lat="50.07535927131033" lon="-122.9644156021093">
        <ele>1481.6</ele>
      </trkpt>
      <trkpt lat="50.07535961828927" lon="-122.96440962939462">
        <ele>1481.6</ele>
      </trkpt>
      <trkpt lat="50.0753598007538" lon="-122.96440363900305">
        <ele>1481.6</ele>
      </trkpt>
      <trkpt lat="50.075359818368966" lon="-122.96439764193128">
        <ele>1481.6</ele>
      </trkpt>
      <trkpt lat="50.07535967110244" lon="-122.96439164918826">
        <ele>1481.6</ele>
      </trkpt>
      <trkpt lat="50.07535935922456" lon="-122.96438567177503">
        <ele>1481.6</ele>
      </trkpt>
      <trkpt lat="50.075358883307835" lon="-122.96437972066445">
        <ele>1481.6</ele>
      </trkpt>
      <trkpt lat="50.07535824422594" lon="-122.96437380678114">
        <ele>1481.6</ele>
      </trkpt>
      <trkpt lat="50.07535744315203" lon="-122.96436794098133">
        <ele>1481.6</ele>
      </trkpt>
      <trkpt lat="50.075527443152026" lon="-122.96432794086766">
        <ele>1474.2</ele>
      </trkpt>
      <trkpt lat="50.07552616895297" lon="-122.96432044146161">
        <ele>1474.2</ele>
      </trkpt>
      <trkpt lat="50.075524630061736" lon="-122.96431306357074">
        <ele>1474.2</ele>
      </trkpt>
      <trkpt lat="50.075522831205454" lon="-122.96430582985832">
        <ele>1474.2</ele>
      </trkpt>
      <trkpt lat="50.075520777909816" lon="-122.96429876254473">
        <ele>1474.2</ele>
      </trkpt>
      <trkpt lat="50.0755184764821" lon="-122.9642918833392">
        <ele>1474.2</ele>
      </trkpt>
      <trkpt lat="50.075515933991795" lon="-122.96428521337317">
        <ele>1474.2</ele>
      </trkpt>
      <trkpt lat="50.07551315824887" lon="-122.9642787731353">
        <ele>1474.2</ele>
      </trkpt>
      <trkpt lat="50.075510157779796" lon="-122.96427258240861">
        <ele>1474.2</ele>
      </trkpt>
      <trkpt lat="50.07550694180136" lon="-122.96426666020965">
        <ele>1474.2</ele>
      </trkpt>
      <trkpt lat="50.07550352019235" lon="-122.9642610247301">
        <ele>1474.2</ele>
      </trkpt>
      <trkpt lat="50.075583520192346" lon="-122.96418102456498">
        <ele>1474.2</ele>
      </trkpt>
      <trkpt lat="50.07558225403845" lon="-122.96417909024298">
        <ele>1474.2</ele>
      </trkpt>
      <trkpt lat="50.07558096362806" lon="-122.9641771952392">
        <ele>1474.2</ele>
      </trkpt>
      <trkpt lat="50.07557964946396" lon="-122.964175340292">
        <ele>1474.2</ele>
      </trkpt>
      <trkpt lat="50.0755783120582" lon="-122.96417352612414">
        <ele>1474.2</ele>
      </trkpt>
      <trkpt lat="50.07557695193187" lon="-122.96417175344249">
        <ele>1474.2</ele>
      </trkpt>
      <trkpt lat="50.07557556961494" lon="-122.96417002293774">
        <ele>1474.2</ele>
      </trkpt>
      <trkpt lat="50.07557416564601" lon="-122.96416833528417">
        <ele>1474.2</ele>
      </trkpt>
      <trkpt lat="50.07557274057212" lon="-122.96416669113935">
        <ele>1474.2</ele>
      </trkpt>
      <trkpt lat="50.07557129494853" lon="-122.96416509114391">
        <ele>1474.2</ele>
      </trkpt>
      <trkpt lat="50.075569829338505" lon="-122.96416353592126">
        <ele>1474.2</ele>
      </trkpt>
      <trkpt lat="50.07558" lon="-122.96419">
        <ele>1464.9</ele>
      </trkpt>
      <trkpt lat="50.075695263297305" lon="-122.96394909446417">
        <ele>1468.1</ele>
      </trkpt>
      <trkpt lat="50.07569215966809" lon="-122.96394640019734">
        <ele>1468.1</ele>
      </trkpt>
      <trkpt lat="50.075688990093575" lon="-122.96394389926284">
        <ele>1468.1</ele>
      </trkpt>
      <trkpt lat="50.07568575953154" lon="-122.96394159557256">
        <ele>1468.1</ele>
      </trkpt>
      <trkpt lat="50.075682473035165" lon="-122.9639394927299">
        <ele>1468.1</ele>
      </trkpt>
      <trkpt lat="50.07567913574512" lon="-122.96393759402409">
        <ele>1468.1</ele>
      </trkpt>
      <trkpt lat="50.07567575288154" lon="-122.96393590242504">
        <ele>1468.1</ele>
      </trkpt>
      <trkpt lat="50.07567232973581" lon="-122.9639344205787">
        <ele>1468.1</ele>
      </trkpt>
      <trkpt lat="50.075668871662366" lon="-122.96393315080297">
        <ele>1468.1</ele>
      </trkpt>
      <trkpt lat="50.07566538407024" lon="-122.96393209508399">
        <ele>1468.1</ele>
      </trkpt>
      <trkpt lat="50.07566187241467" lon="-122.96393125507309">
        <ele>1468.1</ele>
      </trkpt>
      <trkpt lat="50.07570187241467" lon="-122.96363125495733">
        <ele>1470.4</ele>
      </trkpt>
      <trkpt lat="50.075700691126194" lon="-122.96363102194145">
        <ele>1470.4</ele>
      </trkpt>
      <trkpt lat="50.07569950795932" lon="-122.96363081334353">
        <ele>1470.4</ele>
      </trkpt>
      <trkpt lat="50.07569832312194" lon="-122.96363062920022">
        <ele>1470.4</ele>
      </trkpt>
      <trkpt lat="50.07569713682221" lon="-122.96363046954387">
        <ele>1470.4</ele>
      </trkpt>
      <trkpt lat="50.075695949268564" lon="-122.96363033440254">
        <ele>1470.4</ele>
      </trkpt>
      <trkpt lat="50.075694760669656" lon="-122.96363022379997">
        <ele>1470.4</ele>
      </trkpt>
      <trkpt lat="50.07569357123432" lon="-122.96363013775559">
        <ele>1470.4</ele>
      </trkpt>
      <trkpt lat="50.07569238117152" lon="-122.96363007628452">
        <ele>1470.4</ele>
      </trkpt>
      <trkpt lat="50.075691190690364" lon="-122.96363003939754">
        <ele>1470.4</ele>
      </trkpt>
      <trkpt lat="50.07569" lon="-122.96363002710117">
        <ele>1470.4</ele>
      </trkpt>
      <trkpt lat="50.07569" lon="-122.96344002710117">
        <ele>1469.4</ele>
      </trkpt>
      <trkpt lat="50.07569148348159" lon="-122.9634400461889">
        <ele>1469.4</ele>
      </trkpt>
      <trkpt lat="50.07569296655858" lon="-122.96344010344689">
        <ele>1469.4</ele>
      </trkpt>
      <trkpt lat="50.07569444882649" lon="-122.9634401988595">
        <ele>1469.4</ele>
      </trkpt>
      <trkpt lat="50.07569592988105" lon="-122.96344033240075">
        <ele>1469.4</ele>
      </trkpt>
      <trkpt lat="50.07569740931832" lon="-122.96344050403418">
        <ele>1469.4</ele>
      </trkpt>
      <trkpt lat="50.07569888673482" lon="-122.963440713713">
        <ele>1469.4</ele>
      </trkpt>
      <trkpt lat="50.07570036172759" lon="-122.96344096138002">
        <ele>1469.4</ele>
      </trkpt>
      <trkpt lat="50.075701833894364" lon="-122.96344124696768">
        <ele>1469.4</ele>
      </trkpt>
      <trkpt lat="50.07570330283363" lon="-122.9634415703981">
        <ele>1469.4</ele>
      </trkpt>
      <trkpt lat="50.075704768144746" lon="-122.96344193158309">
        <ele>1469.4</ele>
      </trkpt>
      <trkpt lat="50.07573476814474" lon="-122.9632619314967">
        <ele>1469.4</ele>
      </trkpt>
      <trkpt lat="50.07573683183416" lon="-122.9632625060707">
        <ele>1469.4</ele>
      </trkpt>
      <trkpt lat="50.07573888635683" lon="-122.96326315552507">
        <ele>1469.4</ele>
      </trkpt>
      <trkpt lat="50.075740930593824" lon="-122.96326387950609">
        <ele>1469.4</ele>
      </trkpt>
      <trkpt lat="50.07574296343184" lon="-122.96326467761946">
        <ele>1469.4</ele>
      </trkpt>
      <trkpt lat="50.07574498376378" lon="-122.96326554943056">
        <ele>1469.4</ele>
      </trkpt>
      <trkpt lat="50.07574699048935" lon="-122.96326649446458">
        <ele>1469.4</ele>
      </trkpt>
      <trkpt lat="50.07574898251567" lon="-122.96326751220683">
        <ele>1469.4</ele>
      </trkpt>
      <trkpt lat="50.07575095875787" lon="-122.96326860210304">
        <ele>1469.4</ele>
      </trkpt>
      <trkpt lat="50.07575291813967" lon="-122.96326976355967">
        <ele>1469.4</ele>
      </trkpt>
      <trkpt lat="50.07575485959397" lon="-122.96327099594416">
        <ele>1469.4</ele>
      </trkpt>
      <trkpt lat="50.075834859593975" lon="-122.96308099572893">
        <ele>1469.2</ele>
      </trkpt>
      <trkpt lat="50.0758363264736" lon="-122.9630819821339">
        <ele>1469.2</ele>
      </trkpt>
      <trkpt lat="50.07583778186289" lon="-122.9630830090319">
        <ele>1469.2</ele>
      </trkpt>
      <trkpt lat="50.07583922530147" lon="-122.96308407609816">
        <ele>1469.2</ele>
      </trkpt>
      <trkpt lat="50.075840656332794" lon="-122.9630851829951">
        <ele>1469.2</ele>
      </trkpt>
      <trkpt lat="50.0758420745042" lon="-122.96308632937264">
        <ele>1469.2</ele>
      </trkpt>
      <trkpt lat="50.075843479367116" lon="-122.96308751486815">
        <ele>1469.2</ele>
      </trkpt>
      <trkpt lat="50.07584487047717" lon="-122.96308873910667">
        <ele>1469.2</ele>
      </trkpt>
      <trkpt lat="50.07584624739434" lon="-122.96309000170093">
        <ele>1469.2</ele>
      </trkpt>
      <trkpt lat="50.07584760968311" lon="-122.9630913022516">
        <ele>1469.2</ele>
      </trkpt>
      <trkpt lat="50.07584895691256" lon="-122.96309264034728">
        <ele>1469.2</ele>
      </trkpt>
      <trkpt lat="50.07593" lon="-122.96301">
        <ele>1454.7</ele>
      </trkpt>
      <trkpt lat="50.07609" lon="-122.96281">
        <ele>1454.7</ele>
      </trkpt>
      <trkpt lat="50.07624" lon="-122.9626">
        <ele>1454.2</ele>
      </trkpt>
      <trkpt lat="50.07657" lon="-122.96221">
        <ele>1450.4</ele>
      </trkpt>
      <trkpt lat="50.0767380257134" lon="-122.9619731444024">
        <ele>1440.9</ele>
      </trkpt>
      <trkpt lat="50.0767359979373" lon="-122.96197054904302">
        <ele>1440.9</ele>
      </trkpt>
      <trkpt lat="50.07673392237612" lon="-122.9619680470821">
        <ele>1440.9</ele>
      </trkpt>
      <trkpt lat="50.076731800801035" lon="-122.96196564065467">
        <ele>1440.9</ele>
      </trkpt>
      <trkpt lat="50.07672963502244" lon="-122.96196333181422">
        <ele>1440.9</ele>
      </trkpt>
      <trkpt lat="50.076727426888475" lon="-122.96196112253097">
        <ele>1440.9</ele>
      </trkpt>
      <trkpt lat="50.076725178283425" lon="-122.96195901469017">
        <ele>1440.9</ele>
      </trkpt>
      <trkpt lat="50.07672289112611" lon="-122.96195701009052">
        <ele>1440.9</ele>
      </trkpt>
      <trkpt lat="50.07672056736824" lon="-122.96195511044263">
        <ele>1440.9</ele>
      </trkpt>
      <trkpt lat="50.076718208992766" lon="-122.96195331736753">
        <ele>1440.9</ele>
      </trkpt>
      <trkpt lat="50.07671581801217" lon="-122.96195163239533">
        <ele>1440.9</ele>
      </trkpt>
      <trkpt lat="50.07678" lon="-122.96185">
        <ele>1443.0</ele>
      </trkpt>
    </trkseg>
  </trk>
</gpx>