<?xml version="1.0" encoding="UTF-8"?>
<gpx xmlns="http://www.topografix.com/GPX/1/1" xmlns:xsi="http://www.w3.org/2001/XMLSchema-instance" xsi:schemaLocation="http://www.topografix.com/GPX/1/1 http://www.topografix.com/GPX/1/1/gpx.xsd" version="1.1" creator="Trailforks.com">
  <metadata>
    <name>B-Line - Upper Trailforks Trail</name>
    <link href="https://www.trailforks.com/">
      <text>Trailforks</text>
    </link>
  </metadata>
  <trk>
    <name>
B-Line - Upper
</name>
    <trkseg>
      <trkpt lat="50.0996" lon="-122.95061">
        <ele>1022.743</ele>
      </trkpt>
      <trkpt lat="50.099738086657894" lon="-122.95057253532933">
        <ele>1022.246</ele>
      </trkpt>
      <trkpt lat="50.09973721336344" lon="-122.95056643861427">
        <ele>1022.246</ele>
      </trkpt>
      <trkpt lat="50.09973616653431" lon="-122.9505604086787">
        <ele>1022.246</ele>
      </trkpt>
      <trkpt lat="50.09973494825347" lon="-122.95055445752082">
        <ele>1022.246</ele>
      </trkpt>
      <trkpt lat="50.099733560945005" lon="-122.95054859698207">
        <ele>1022.246</ele>
      </trkpt>
      <trkpt lat="50.09973200736934" lon="-122.95054283872358">
        <ele>1022.246</ele>
      </trkpt>
      <trkpt lat="50.09973029061775" lon="-122.95053719420298">
        <ele>1022.246</ele>
      </trkpt>
      <trkpt lat="50.09972841410617" lon="-122.95053167465157">
        <ele>1022.246</ele>
      </trkpt>
      <trkpt lat="50.09972638156842" lon="-122.950526291052">
        <ele>1022.246</ele>
      </trkpt>
      <trkpt lat="50.0997241970488" lon="-122.9505210541164">
        <ele>1022.246</ele>
      </trkpt>
      <trkpt lat="50.099721864894" lon="-122.95051597426506">
        <ele>1022.246</ele>
      </trkpt>
      <trkpt lat="50.099761864894006" lon="-122.9504859741949">
        <ele>1021.722</ele>
      </trkpt>
      <trkpt lat="50.09976572158443" lon="-122.95049465419328">
        <ele>1021.722</ele>
      </trkpt>
      <trkpt lat="50.0997691478088" lon="-122.95050376252148">
        <ele>1021.722</ele>
      </trkpt>
      <trkpt lat="50.09977212408954" lon="-122.95051324739997">
        <ele>1021.722</ele>
      </trkpt>
      <trkpt lat="50.09977463350692" lon="-122.95052305490864">
        <ele>1021.722</ele>
      </trkpt>
      <trkpt lat="50.09977666179529" lon="-122.95053312929325">
        <ele>1021.722</ele>
      </trkpt>
      <trkpt lat="50.09977819742411" lon="-122.95054341328238">
        <ele>1021.722</ele>
      </trkpt>
      <trkpt lat="50.09977923166357" lon="-122.9505538484131">
        <ele>1021.722</ele>
      </trkpt>
      <trkpt lat="50.09977975863417" lon="-122.95056437536319">
        <ele>1021.722</ele>
      </trkpt>
      <trkpt lat="50.09977977534015" lon="-122.95057493428853">
        <ele>1021.722</ele>
      </trkpt>
      <trkpt lat="50.09977928168655" lon="-122.95058546516314">
        <ele>1021.722</ele>
      </trkpt>
      <trkpt lat="50.09986928168655" lon="-122.95059546519221">
        <ele>1020.658</ele>
      </trkpt>
      <trkpt lat="50.09986887596848" lon="-122.95060036769574">
        <ele>1020.658</ele>
      </trkpt>
      <trkpt lat="50.09986835952049" lon="-122.95060524482331">
        <ele>1020.658</ele>
      </trkpt>
      <trkpt lat="50.09986773298601" lon="-122.95061009049853">
        <ele>1020.658</ele>
      </trkpt>
      <trkpt lat="50.09986699714564" lon="-122.95061489868422">
        <ele>1020.658</ele>
      </trkpt>
      <trkpt lat="50.09986615291616" lon="-122.95061966338989">
        <ele>1020.658</ele>
      </trkpt>
      <trkpt lat="50.099865201349374" lon="-122.95062437867924">
        <ele>1020.658</ele>
      </trkpt>
      <trkpt lat="50.099864143630846" lon="-122.9506290386775">
        <ele>1020.658</ele>
      </trkpt>
      <trkpt lat="50.09986298107838" lon="-122.95063363757883">
        <ele>1020.658</ele>
      </trkpt>
      <trkpt lat="50.09986171514039" lon="-122.95063816965349">
        <ele>1020.658</ele>
      </trkpt>
      <trkpt lat="50.0998603473941" lon="-122.950642629255">
        <ele>1020.658</ele>
      </trkpt>
      <trkpt lat="50.0999003473941" lon="-122.95066262930729">
        <ele>1020.472</ele>
      </trkpt>
      <trkpt lat="50.099898947602085" lon="-122.95066681581197">
        <ele>1020.472</ele>
      </trkpt>
      <trkpt lat="50.09989745808728" lon="-122.95067092638145">
        <ele>1020.472</ele>
      </trkpt>
      <trkpt lat="50.09989588054248" lon="-122.95067495634414">
        <ele>1020.472</ele>
      </trkpt>
      <trkpt lat="50.09989421676056" lon="-122.95067890112003">
        <ele>1020.472</ele>
      </trkpt>
      <trkpt lat="50.099892468632376" lon="-122.95068275622596">
        <ele>1020.472</ele>
      </trkpt>
      <trkpt lat="50.09989063814465" lon="-122.95068651728064">
        <ele>1020.472</ele>
      </trkpt>
      <trkpt lat="50.0998887273777" lon="-122.9506901800097">
        <ele>1020.472</ele>
      </trkpt>
      <trkpt lat="50.099886738503095" lon="-122.9506937402505">
        <ele>1020.472</ele>
      </trkpt>
      <trkpt lat="50.09988467378115" lon="-122.95069719395687">
        <ele>1020.472</ele>
      </trkpt>
      <trkpt lat="50.0998825355584" lon="-122.95070053720373">
        <ele>1020.472</ele>
      </trkpt>
      <trkpt lat="50.1002025355584" lon="-122.95103053787528">
        <ele>1016.514</ele>
      </trkpt>
      <trkpt lat="50.1002013514723" lon="-122.95103229558416">
        <ele>1016.514</ele>
      </trkpt>
      <trkpt lat="50.10020014706199" lon="-122.95103401940506">
        <ele>1016.514</ele>
      </trkpt>
      <trkpt lat="50.100198922726456" lon="-122.95103570876691">
        <ele>1016.514</ele>
      </trkpt>
      <trkpt lat="50.10019767887128" lon="-122.95103736311009">
        <ele>1016.514</ele>
      </trkpt>
      <trkpt lat="50.10019641590854" lon="-122.95103898188653">
        <ele>1016.514</ele>
      </trkpt>
      <trkpt lat="50.10019513425661" lon="-122.95104056455999">
        <ele>1016.514</ele>
      </trkpt>
      <trkpt lat="50.10019383434007" lon="-122.95104211060617">
        <ele>1016.514</ele>
      </trkpt>
      <trkpt lat="50.10019251658956" lon="-122.95104361951289">
        <ele>1016.514</ele>
      </trkpt>
      <trkpt lat="50.1001911814416" lon="-122.95104509078028">
        <ele>1016.514</ele>
      </trkpt>
      <trkpt lat="50.10018982933851" lon="-122.95104652392098">
        <ele>1016.514</ele>
      </trkpt>
      <trkpt lat="50.10020982933851" lon="-122.95107652396962">
        <ele>1017.203</ele>
      </trkpt>
      <trkpt lat="50.10020535078662" lon="-122.9510808877167">
        <ele>1017.203</ele>
      </trkpt>
      <trkpt lat="50.10020071548088" lon="-122.95108483361845">
        <ele>1017.203</ele>
      </trkpt>
      <trkpt lat="50.10019593944312" lon="-122.95108834803598">
        <ele>1017.203</ele>
      </trkpt>
      <trkpt lat="50.10019103918159" lon="-122.95109141882179">
        <ele>1017.203</ele>
      </trkpt>
      <trkpt lat="50.10018603163392" lon="-122.95109403536178">
        <ele>1017.203</ele>
      </trkpt>
      <trkpt lat="50.100180934108565" lon="-122.95109618861196">
        <ele>1017.203</ele>
      </trkpt>
      <trkpt lat="50.100175764225" lon="-122.95109787112966">
        <ele>1017.203</ele>
      </trkpt>
      <trkpt lat="50.10017053985279" lon="-122.95109907709931">
        <ele>1017.203</ele>
      </trkpt>
      <trkpt lat="50.10016527904985" lon="-122.95109980235252">
        <ele>1017.203</ele>
      </trkpt>
      <trkpt lat="50.10016" lon="-122.95110004438244">
        <ele>1017.203</ele>
      </trkpt>
      <trkpt lat="50.10016" lon="-122.95112">
        <ele>1015.851</ele>
      </trkpt>
      <trkpt lat="50.10016" lon="-122.95129004438245">
        <ele>1015.242</ele>
      </trkpt>
      <trkpt lat="50.10016367224116" lon="-122.95128992731772">
        <ele>1015.242</ele>
      </trkpt>
      <trkpt lat="50.10016733834298" lon="-122.95128957631927">
        <ele>1015.242</ele>
      </trkpt>
      <trkpt lat="50.10017099217639" lon="-122.9512889919739">
        <ele>1015.242</ele>
      </trkpt>
      <trkpt lat="50.10017462763282" lon="-122.95128817525853">
        <ele>1015.242</ele>
      </trkpt>
      <trkpt lat="50.10017823863444" lon="-122.95128712753855">
        <ele>1015.242</ele>
      </trkpt>
      <trkpt lat="50.10018181914428" lon="-122.95128585056558">
        <ele>1015.242</ele>
      </trkpt>
      <trkpt lat="50.10018536317638" lon="-122.9512843464745">
        <ele>1015.242</ele>
      </trkpt>
      <trkpt lat="50.10018886480573" lon="-122.95128261777985">
        <ele>1015.242</ele>
      </trkpt>
      <trkpt lat="50.10019231817823" lon="-122.95128066737175">
        <ele>1015.242</ele>
      </trkpt>
      <trkpt lat="50.10019571752045" lon="-122.9512784985109">
        <ele>1015.242</ele>
      </trkpt>
      <trkpt lat="50.10032571752045" lon="-122.95157849885959">
        <ele>1011.981</ele>
      </trkpt>
      <trkpt lat="50.10032231817823" lon="-122.95158066772633">
        <ele>1011.981</ele>
      </trkpt>
      <trkpt lat="50.10031886480573" lon="-122.95158261813972">
        <ele>1011.981</ele>
      </trkpt>
      <trkpt lat="50.10031536317638" lon="-122.95158434683906">
        <ele>1011.981</ele>
      </trkpt>
      <trkpt lat="50.10031181914428" lon="-122.95158585093422">
        <ele>1011.981</ele>
      </trkpt>
      <trkpt lat="50.10030823863444" lon="-122.95158712791066">
        <ele>1011.981</ele>
      </trkpt>
      <trkpt lat="50.100304627632816" lon="-122.95158817563347">
        <ele>1011.981</ele>
      </trkpt>
      <trkpt lat="50.100300992176386" lon="-122.95158899235106">
        <ele>1011.981</ele>
      </trkpt>
      <trkpt lat="50.100297338342976" lon="-122.95158957669803">
        <ele>1011.981</ele>
      </trkpt>
      <trkpt lat="50.10029367224116" lon="-122.95158992769743">
        <ele>1011.981</ele>
      </trkpt>
      <trkpt lat="50.10029" lon="-122.95159004476247">
        <ele>1011.981</ele>
      </trkpt>
      <trkpt lat="50.10029" lon="-122.95174004476247">
        <ele>1010.813</ele>
      </trkpt>
      <trkpt lat="50.100286363805544" lon="-122.95173992998531">
        <ele>1010.813</ele>
      </trkpt>
      <trkpt lat="50.10028273357135" lon="-122.95173958584196">
        <ele>1010.813</ele>
      </trkpt>
      <trkpt lat="50.10027911524792" lon="-122.95173901289654">
        <ele>1010.813</ele>
      </trkpt>
      <trkpt lat="50.10027551476623" lon="-122.95173821208817">
        <ele>1010.813</ele>
      </trkpt>
      <trkpt lat="50.10027193802801" lon="-122.95173718472951">
        <ele>1010.813</ele>
      </trkpt>
      <trkpt lat="50.100268390896055" lon="-122.95173593250455">
        <ele>1010.813</ele>
      </trkpt>
      <trkpt lat="50.10026487918466" lon="-122.95173445746588">
        <ele>1010.813</ele>
      </trkpt>
      <trkpt lat="50.10026140865004" lon="-122.9517327620313">
        <ele>1010.813</ele>
      </trkpt>
      <trkpt lat="50.10025798498092" lon="-122.95173084897988">
        <ele>1010.813</ele>
      </trkpt>
      <trkpt lat="50.100254613789204" lon="-122.95172872144741">
        <ele>1010.813</ele>
      </trkpt>
      <trkpt lat="50.10023" lon="-122.95174">
        <ele>1009.932</ele>
      </trkpt>
      <trkpt lat="50.10016982630294" lon="-122.95190525963433">
        <ele>1010.033</ele>
      </trkpt>
      <trkpt lat="50.100165174006904" lon="-122.95190136262815">
        <ele>1010.033</ele>
      </trkpt>
      <trkpt lat="50.100160676650766" lon="-122.95189704613513">
        <ele>1010.033</ele>
      </trkpt>
      <trkpt lat="50.10015634977953" lon="-122.95189232507512">
        <ele>1010.033</ele>
      </trkpt>
      <trkpt lat="50.10015220834892" lon="-122.95188721576635">
        <ele>1010.033</ele>
      </trkpt>
      <trkpt lat="50.10014826667368" lon="-122.95188173586901">
        <ele>1010.033</ele>
      </trkpt>
      <trkpt lat="50.10014453837811" lon="-122.95187590432423">
        <ele>1010.033</ele>
      </trkpt>
      <trkpt lat="50.10014103634897" lon="-122.95186974128859">
        <ele>1010.033</ele>
      </trkpt>
      <trkpt lat="50.10013777269094" lon="-122.95186326806447">
        <ele>1010.033</ele>
      </trkpt>
      <trkpt lat="50.10013475868477" lon="-122.9518565070264">
        <ele>1010.033</ele>
      </trkpt>
      <trkpt lat="50.10013200474828" lon="-122.95184948154375">
        <ele>1010.033</ele>
      </trkpt>
      <trkpt lat="50.09999200474829" lon="-122.9519294813407">
        <ele>1007.319</ele>
      </trkpt>
      <trkpt lat="50.09999321890311" lon="-122.95193269375308">
        <ele>1007.319</ele>
      </trkpt>
      <trkpt lat="50.09999448748495" lon="-122.95193585463579">
        <ele>1007.319</ele>
      </trkpt>
      <trkpt lat="50.099995809594574" lon="-122.95193896174823">
        <ele>1007.319</ele>
      </trkpt>
      <trkpt lat="50.09999718429478" lon="-122.95194201288786">
        <ele>1007.319</ele>
      </trkpt>
      <trkpt lat="50.0999986106111" lon="-122.95194500589186">
        <ele>1007.319</ele>
      </trkpt>
      <trkpt lat="50.100000087532486" lon="-122.95194793863861">
        <ele>1007.319</ele>
      </trkpt>
      <trkpt lat="50.100001614011994" lon="-122.95195080904921">
        <ele>1007.319</ele>
      </trkpt>
      <trkpt lat="50.10000318896757" lon="-122.95195361508894">
        <ele>1007.319</ele>
      </trkpt>
      <trkpt lat="50.10000481128279" lon="-122.9519563547687">
        <ele>1007.319</ele>
      </trkpt>
      <trkpt lat="50.10000647980767" lon="-122.95195902614647">
        <ele>1007.319</ele>
      </trkpt>
      <trkpt lat="50.099976479807665" lon="-122.95198902608446">
        <ele>1006.7</ele>
      </trkpt>
      <trkpt lat="50.09998000362587" lon="-122.95199423047339">
        <ele>1006.7</ele>
      </trkpt>
      <trkpt lat="50.09998370262279" lon="-122.95199913052794">
        <ele>1006.7</ele>
      </trkpt>
      <trkpt lat="50.099987565998006" lon="-122.95200371194079">
        <ele>1006.7</ele>
      </trkpt>
      <trkpt lat="50.09999158247116" lon="-122.95200796133507">
        <ele>1006.7</ele>
      </trkpt>
      <trkpt lat="50.09999574031487" lon="-122.9520118663033">
        <ele>1006.7</ele>
      </trkpt>
      <trkpt lat="50.10000002738895" lon="-122.95201541544364">
        <ele>1006.7</ele>
      </trkpt>
      <trkpt lat="50.10000443117593" lon="-122.95201859839327">
        <ele>1006.7</ele>
      </trkpt>
      <trkpt lat="50.10000893881754" lon="-122.95202140585852">
        <ele>1006.7</ele>
      </trkpt>
      <trkpt lat="50.10001353715226" lon="-122.9520238296421">
        <ele>1006.7</ele>
      </trkpt>
      <trkpt lat="50.10001821275377" lon="-122.952025862667">
        <ele>1006.7</ele>
      </trkpt>
      <trkpt lat="50.09999821275377" lon="-122.95210586261028">
        <ele>1005.218</ele>
      </trkpt>
      <trkpt lat="50.10000443787219" lon="-122.95210792651665">
        <ele>1005.218</ele>
      </trkpt>
      <trkpt lat="50.100010741103326" lon="-122.95210929811314">
        <ele>1005.218</ele>
      </trkpt>
      <trkpt lat="50.10001709080867" lon="-122.95210997051515">
        <ele>1005.218</ele>
      </trkpt>
      <trkpt lat="50.100023455116435" lon="-122.95210994034763">
        <ele>1005.218</ele>
      </trkpt>
      <trkpt lat="50.10002980208156" lon="-122.95210920776198">
        <ele>1005.218</ele>
      </trkpt>
      <trkpt lat="50.100036099846" lon="-122.95210777643535">
        <ele>1005.218</ele>
      </trkpt>
      <trkpt lat="50.1000423167987" lon="-122.95210565355218">
        <ele>1005.218</ele>
      </trkpt>
      <trkpt lat="50.100048421734215" lon="-122.95210284976808">
        <ele>1005.218</ele>
      </trkpt>
      <trkpt lat="50.10005438400937" lon="-122.9520993791564">
        <ele>1005.218</ele>
      </trkpt>
      <trkpt lat="50.100060173697045" lon="-122.95209525913755">
        <ele>1005.218</ele>
      </trkpt>
      <trkpt lat="50.100080173697044" lon="-122.95213525918984">
        <ele>1004.711</ele>
      </trkpt>
      <trkpt lat="50.100086353838826" lon="-122.95212995919618">
        <ele>1004.711</ele>
      </trkpt>
      <trkpt lat="50.10009224819378" lon="-122.95212391961418">
        <ele>1004.711</ele>
      </trkpt>
      <trkpt lat="50.10009782042125" lon="-122.95211717767988">
        <ele>1004.711</ele>
      </trkpt>
      <trkpt lat="50.10010303616659" lon="-122.95210977495954">
        <ele>1004.711</ele>
      </trkpt>
      <trkpt lat="50.100107863272996" lon="-122.9521017570934">
        <ele>1004.711</ele>
      </trkpt>
      <trkpt lat="50.10011227197976" lon="-122.95209317351427">
        <ele>1004.711</ele>
      </trkpt>
      <trkpt lat="50.100116235105745" lon="-122.95208407714276">
        <ele>1004.711</ele>
      </trkpt>
      <trkpt lat="50.10011972821694" lon="-122.95207452406103">
        <ele>1004.711</ele>
      </trkpt>
      <trkpt lat="50.100122729777176" lon="-122.95206457316701">
        <ele>1004.711</ele>
      </trkpt>
      <trkpt lat="50.10012522128082" lon="-122.95205428581127">
        <ele>1004.711</ele>
      </trkpt>
      <trkpt lat="50.10024522128082" lon="-122.9520942859222">
        <ele>1003.794</ele>
      </trkpt>
      <trkpt lat="50.1002464033313" lon="-122.95208831696972">
        <ele>1003.794</ele>
      </trkpt>
      <trkpt lat="50.10024741345889" lon="-122.95208227177523">
        <ele>1003.794</ele>
      </trkpt>
      <trkpt lat="50.10024824965366" lon="-122.95207616236726">
        <ele>1003.794</ele>
      </trkpt>
      <trkpt lat="50.10024891025177" lon="-122.95207000090217">
        <ele>1003.794</ele>
      </trkpt>
      <trkpt lat="50.100249393938796" lon="-122.95206379963984">
        <ele>1003.794</ele>
      </trkpt>
      <trkpt lat="50.100249699752304" lon="-122.9520575709194">
        <ele>1003.794</ele>
      </trkpt>
      <trkpt lat="50.100249827083786" lon="-122.95205132713454">
        <ele>1003.794</ele>
      </trkpt>
      <trkpt lat="50.10024977567989" lon="-122.952045080709">
        <ele>1003.794</ele>
      </trkpt>
      <trkpt lat="50.1002495456429" lon="-122.95203884407172">
        <ele>1003.794</ele>
      </trkpt>
      <trkpt lat="50.10024913743054" lon="-122.95203262963219">
        <ele>1003.794</ele>
      </trkpt>
      <trkpt lat="50.10040913743054" lon="-122.95201262957417">
        <ele>1003.449</ele>
      </trkpt>
      <trkpt lat="50.10040829493861" lon="-122.95200421156638">
        <ele>1003.449</ele>
      </trkpt>
      <trkpt lat="50.10040712565873" lon="-122.95199588900401">
        <ele>1003.449</ele>
      </trkpt>
      <trkpt lat="50.10040563391851" lon="-122.9519876926897">
        <ele>1003.449</ele>
      </trkpt>
      <trkpt lat="50.10040382523903" lon="-122.95197965295874">
        <ele>1003.449</ele>
      </trkpt>
      <trkpt lat="50.10040170631438" lon="-122.95197179956698">
        <ele>1003.449</ele>
      </trkpt>
      <trkpt lat="50.100399284986906" lon="-122.95196416158053">
        <ele>1003.449</ele>
      </trkpt>
      <trkpt lat="50.100396570218166" lon="-122.95195676726834">
        <ele>1003.449</ele>
      </trkpt>
      <trkpt lat="50.10039357205578" lon="-122.95194964399744">
        <ele>1003.449</ele>
      </trkpt>
      <trkpt lat="50.10039030159623" lon="-122.95194281813173">
        <ele>1003.449</ele>
      </trkpt>
      <trkpt lat="50.10038677094379" lon="-122.95193631493439">
        <ele>1003.449</ele>
      </trkpt>
      <trkpt lat="50.10058677094379" lon="-122.95175631454326">
        <ele>1005.172</ele>
      </trkpt>
      <trkpt lat="50.10059099156562" lon="-122.95176418739419">
        <ele>1005.172</ele>
      </trkpt>
      <trkpt lat="50.10059483112055" lon="-122.95177252086805">
        <ele>1005.172</ele>
      </trkpt>
      <trkpt lat="50.10059826899873" lon="-122.9517812702326">
        <ele>1005.172</ele>
      </trkpt>
      <trkpt lat="50.100601286746375" lon="-122.95179038852321">
        <ele>1005.172</ele>
      </trkpt>
      <trkpt lat="50.1006038681649" lon="-122.95179982679493">
        <ele>1005.172</ele>
      </trkpt>
      <trkpt lat="50.100605999397835" lon="-122.95180953438522">
        <ele>1005.172</ele>
      </trkpt>
      <trkpt lat="50.10060766900518" lon="-122.95181945918591">
        <ele>1005.172</ele>
      </trkpt>
      <trkpt lat="50.10060886802486" lon="-122.95182954792288">
        <ele>1005.172</ele>
      </trkpt>
      <trkpt lat="50.1006095900208" lon="-122.95183974644203">
        <ele>1005.172</ele>
      </trkpt>
      <trkpt lat="50.1006098311175" lon="-122.95185">
        <ele>1005.172</ele>
      </trkpt>
      <trkpt lat="50.1006398311175" lon="-122.95185">
        <ele>1004.583</ele>
      </trkpt>
      <trkpt lat="50.10063955419814" lon="-122.95186098784505">
        <ele>1004.583</ele>
      </trkpt>
      <trkpt lat="50.10063872514738" lon="-122.9518719079464">
        <ele>1004.583</ele>
      </trkpt>
      <trkpt lat="50.10063734907657" lon="-122.95188269297796">
        <ele>1004.583</ele>
      </trkpt>
      <trkpt lat="50.10063543446966" lon="-122.95189327644646">
        <ele>1004.583</ele>
      </trkpt>
      <trkpt lat="50.10063299313084" lon="-122.95190359310125">
        <ele>1004.583</ele>
      </trkpt>
      <trkpt lat="50.10063004011176" lon="-122.95191357933676">
        <ele>1004.583</ele>
      </trkpt>
      <trkpt lat="50.100626593618784" lon="-122.95192317358452">
        <ele>1004.583</ele>
      </trkpt>
      <trkpt lat="50.10062267490068" lon="-122.9519323166928">
        <ele>1004.583</ele>
      </trkpt>
      <trkpt lat="50.10061830811763" lon="-122.9519409522913">
        <ele>1004.583</ele>
      </trkpt>
      <trkpt lat="50.10061352019233" lon="-122.95194902713867">
        <ele>1004.583</ele>
      </trkpt>
      <trkpt lat="50.100643520192335" lon="-122.9519790272007">
        <ele>1003.343</ele>
      </trkpt>
      <trkpt lat="50.10064261249505" lon="-122.95198042235106">
        <ele>1003.343</ele>
      </trkpt>
      <trkpt lat="50.10064169219109" lon="-122.95198179728196">
        <ele>1003.343</ele>
      </trkpt>
      <trkpt lat="50.100640759465755" lon="-122.95198315171655">
        <ele>1003.343</ele>
      </trkpt>
      <trkpt lat="50.10063981450684" lon="-122.95198448538211">
        <ele>1003.343</ele>
      </trkpt>
      <trkpt lat="50.10063885750461" lon="-122.95198579801014">
        <ele>1003.343</ele>
      </trkpt>
      <trkpt lat="50.10063788865176" lon="-122.95198708933633">
        <ele>1003.343</ele>
      </trkpt>
      <trkpt lat="50.10063690814335" lon="-122.9519883591007">
        <ele>1003.343</ele>
      </trkpt>
      <trkpt lat="50.10063591617681" lon="-122.95198960704757">
        <ele>1003.343</ele>
      </trkpt>
      <trkpt lat="50.10063491295187" lon="-122.95199083292567">
        <ele>1003.343</ele>
      </trkpt>
      <trkpt lat="50.1006338986705" lon="-122.95199203648819">
        <ele>1003.343</ele>
      </trkpt>
      <trkpt lat="50.100663898670504" lon="-122.95203203655835">
        <ele>1001.963</ele>
      </trkpt>
      <trkpt lat="50.10066009689251" lon="-122.95203624590748">
        <ele>1001.963</ele>
      </trkpt>
      <trkpt lat="50.10065616012736" lon="-122.95204014202949">
        <ele>1001.963</ele>
      </trkpt>
      <trkpt lat="50.10065209898274" lon="-122.9520437144262">
        <ele>1001.963</ele>
      </trkpt>
      <trkpt lat="50.100647924401514" lon="-122.95204695347172">
        <ele>1001.963</ele>
      </trkpt>
      <trkpt lat="50.100643647632154" lon="-122.95204985043837">
        <ele>1001.963</ele>
      </trkpt>
      <trkpt lat="50.10063928019853" lon="-122.95205239752019">
        <ele>1001.963</ele>
      </trkpt>
      <trkpt lat="50.100634833868774" lon="-122.95205458785405">
        <ele>1001.963</ele>
      </trkpt>
      <trkpt lat="50.10063032062362" lon="-122.95205641553801">
        <ele>1001.963</ele>
      </trkpt>
      <trkpt lat="50.10062575262411" lon="-122.95205787564736">
        <ele>1001.963</ele>
      </trkpt>
      <trkpt lat="50.10062114217882" lon="-122.9520589642478">
        <ele>1001.963</ele>
      </trkpt>
      <trkpt lat="50.10063114217881" lon="-122.9521389642768">
        <ele>1000.62</ele>
      </trkpt>
      <trkpt lat="50.10062855730899" lon="-122.95213940885935">
        <ele>1000.62</ele>
      </trkpt>
      <trkpt lat="50.10062596526758" lon="-122.95213973660817">
        <ele>1000.62</ele>
      </trkpt>
      <trkpt lat="50.10062336822689" lon="-122.95213994724861">
        <ele>1000.62</ele>
      </trkpt>
      <trkpt lat="50.100620768363406" lon="-122.95214004060414">
        <ele>1000.62</ele>
      </trkpt>
      <trkpt lat="50.100618167855984" lon="-122.95214001659649">
        <ele>1000.62</ele>
      </trkpt>
      <trkpt lat="50.10061556888402" lon="-122.9521398752458">
        <ele>1000.62</ele>
      </trkpt>
      <trkpt lat="50.100612973625616" lon="-122.95213961667054">
        <ele>1000.62</ele>
      </trkpt>
      <trkpt lat="50.10061038425577" lon="-122.9521392410874">
        <ele>1000.62</ele>
      </trkpt>
      <trkpt lat="50.10060780294455" lon="-122.95213874881115">
        <ele>1000.62</ele>
      </trkpt>
      <trkpt lat="50.10060523185526" lon="-122.95213814025435">
        <ele>1000.62</ele>
      </trkpt>
      <trkpt lat="50.100595231855266" lon="-122.9521981402255">
        <ele>1000.152</ele>
      </trkpt>
      <trkpt lat="50.100591917801026" lon="-122.95219717916957">
        <ele>1000.152</ele>
      </trkpt>
      <trkpt lat="50.10058862920862" lon="-122.95219602494937">
        <ele>1000.152</ele>
      </trkpt>
      <trkpt lat="50.1005853707088" lon="-122.95219467919017">
        <ele>1000.152</ele>
      </trkpt>
      <trkpt lat="50.100582146889884" lon="-122.95219314378697">
        <ele>1000.152</ele>
      </trkpt>
      <trkpt lat="50.100578962291394" lon="-122.95219142090178">
        <ele>1000.152</ele>
      </trkpt>
      <trkpt lat="50.100575821397626" lon="-122.95218951296063">
        <ele>1000.152</ele>
      </trkpt>
      <trkpt lat="50.10057272863131" lon="-122.95218742265013">
        <ele>1000.152</ele>
      </trkpt>
      <trkpt lat="50.10056968834743" lon="-122.95218515291367">
        <ele>1000.152</ele>
      </trkpt>
      <trkpt lat="50.10056670482706" lon="-122.95218270694731">
        <ele>1000.152</ele>
      </trkpt>
      <trkpt lat="50.100563782271344" lon="-122.95218008819526">
        <ele>1000.152</ele>
      </trkpt>
      <trkpt lat="50.10053378227134" lon="-122.95223008812006">
        <ele>999.834</ele>
      </trkpt>
      <trkpt lat="50.10053190926851" lon="-122.95222828712161">
        <ele>999.834</ele>
      </trkpt>
      <trkpt lat="50.10053006512567" lon="-122.95222641513725">
        <ele>999.834</ele>
      </trkpt>
      <trkpt lat="50.100528250949516" lon="-122.95222447329036">
        <ele>999.834</ele>
      </trkpt>
      <trkpt lat="50.100526467828765" lon="-122.95222246274628">
        <ele>999.834</ele>
      </trkpt>
      <trkpt lat="50.100524716833505" lon="-122.95222038471155">
        <ele>999.834</ele>
      </trkpt>
      <trkpt lat="50.10052299901452" lon="-122.95221824043328">
        <ele>999.834</ele>
      </trkpt>
      <trkpt lat="50.10052131540271" lon="-122.95221603119823">
        <ele>999.834</ele>
      </trkpt>
      <trkpt lat="50.10051966700843" lon="-122.95221375833225">
        <ele>999.834</ele>
      </trkpt>
      <trkpt lat="50.10051805482091" lon="-122.95221142319927">
        <ele>999.834</ele>
      </trkpt>
      <trkpt lat="50.100516479807645" lon="-122.95220902720067">
        <ele>999.834</ele>
      </trkpt>
      <trkpt lat="50.10048647980764" lon="-122.95223902713865">
        <ele>999.657</ele>
      </trkpt>
      <trkpt lat="50.10048432318929" lon="-122.95223554676397">
        <ele>999.657</ele>
      </trkpt>
      <trkpt lat="50.10048224498693" lon="-122.95223195230955">
        <ele>999.657</ele>
      </trkpt>
      <trkpt lat="50.10048024768187" lon="-122.95222824806703">
        <ele>999.657</ele>
      </trkpt>
      <trkpt lat="50.100478333658835" lon="-122.95222443845915">
        <ele>999.657</ele>
      </trkpt>
      <trkpt lat="50.1004765052031" lon="-122.95222052803449">
        <ele>999.657</ele>
      </trkpt>
      <trkpt lat="50.100474764497775" lon="-122.95221652146193">
        <ele>999.657</ele>
      </trkpt>
      <trkpt lat="50.10047311362123" lon="-122.95221242352522">
        <ele>999.657</ele>
      </trkpt>
      <trkpt lat="50.100471554544534" lon="-122.95220823911717">
        <ele>999.657</ele>
      </trkpt>
      <trkpt lat="50.10047008912919" lon="-122.9522039732338">
        <ele>999.657</ele>
      </trkpt>
      <trkpt lat="50.10046871912485" lon="-122.95219963096845">
        <ele>999.657</ele>
      </trkpt>
      <trkpt lat="50.10029871912485" lon="-122.95227963075683">
        <ele>996.797</ele>
      </trkpt>
      <trkpt lat="50.100301118279795" lon="-122.95228700543902">
        <ele>996.797</ele>
      </trkpt>
      <trkpt lat="50.100303792439576" lon="-122.95229414652057">
        <ele>996.797</ele>
      </trkpt>
      <trkpt lat="50.10030673228129" lon="-122.95230102910558">
        <ele>996.797</ele>
      </trkpt>
      <trkpt lat="50.100309927555784" lon="-122.95230762919934">
        <ele>996.797</ele>
      </trkpt>
      <trkpt lat="50.10031336712339" lon="-122.95231392379198">
        <ele>996.797</ele>
      </trkpt>
      <trkpt lat="50.10031703899277" lon="-122.9523198909387">
        <ele>996.797</ele>
      </trkpt>
      <trkpt lat="50.100320930362706" lon="-122.95232550983629">
        <ele>996.797</ele>
      </trkpt>
      <trkpt lat="50.10032502766674" lon="-122.95233076089559">
        <ele>996.797</ele>
      </trkpt>
      <trkpt lat="50.10032931662047" lon="-122.95233562580991">
        <ele>996.797</ele>
      </trkpt>
      <trkpt lat="50.10033378227134" lon="-122.95234008761871">
        <ele>996.797</ele>
      </trkpt>
      <trkpt lat="50.10030378227134" lon="-122.9523900875435">
        <ele>996.849</ele>
      </trkpt>
      <trkpt lat="50.100312103993794" lon="-122.95239697338931">
        <ele>996.849</ele>
      </trkpt>
      <trkpt lat="50.10032084254444" lon="-122.95240246262122">
        <ele>996.849</ele>
      </trkpt>
      <trkpt lat="50.10032990180565" lon="-122.95240649486175">
        <ele>996.849</ele>
      </trkpt>
      <trkpt lat="50.10033918213222" lon="-122.9524090257592">
        <ele>996.849</ele>
      </trkpt>
      <trkpt lat="50.10034858144737" lon="-122.95241002747555">
        <ele>996.849</ele>
      </trkpt>
      <trkpt lat="50.10035799636556" lon="-122.95240948899269">
        <ele>996.849</ele>
      </trkpt>
      <trkpt lat="50.100367323329614" lon="-122.9524074162335">
        <ele>996.849</ele>
      </trkpt>
      <trkpt lat="50.10037645974978" lon="-122.95240383199682">
        <ele>996.849</ele>
      </trkpt>
      <trkpt lat="50.100385305132164" lon="-122.95239877570661">
        <ele>996.849</ele>
      </trkpt>
      <trkpt lat="50.10039376218406" lon="-122.95239230297837">
        <ele>996.849</ele>
      </trkpt>
      <trkpt lat="50.10040173788413" lon="-122.95238448500731">
        <ele>996.849</ele>
      </trkpt>
      <trkpt lat="50.10040914450552" lon="-122.9523754077854">
        <ele>996.849</ele>
      </trkpt>
      <trkpt lat="50.100415900580856" lon="-122.95236517115538">
        <ele>996.849</ele>
      </trkpt>
      <trkpt lat="50.10042193179829" lon="-122.95235388771266">
        <ele>996.849</ele>
      </trkpt>
      <trkpt lat="50.100427171818836" lon="-122.95234168156679">
        <ele>996.849</ele>
      </trkpt>
      <trkpt lat="50.100431563006154" lon="-122.95232868697643">
        <ele>996.849</ele>
      </trkpt>
      <trkpt lat="50.10056156300615" lon="-122.9523886871357">
        <ele>998.12</ele>
      </trkpt>
      <trkpt lat="50.10056348609744" lon="-122.95238169864275">
        <ele>998.12</ele>
      </trkpt>
      <trkpt lat="50.10056516303239" lon="-122.95237455771786">
        <ele>998.12</ele>
      </trkpt>
      <trkpt lat="50.10056658886659" lon="-122.95236728541583">
        <ele>998.12</ele>
      </trkpt>
      <trkpt lat="50.100567759396014" lon="-122.95235990317882">
        <ele>998.12</ele>
      </trkpt>
      <trkpt lat="50.100568671169384" lon="-122.95235243277315">
        <ele>998.12</ele>
      </trkpt>
      <trkpt lat="50.10056932149838" lon="-122.95234489622509">
        <ele>998.12</ele>
      </trkpt>
      <trkpt lat="50.1005697084655" lon="-122.95233731575594">
        <ele>998.12</ele>
      </trkpt>
      <trkpt lat="50.1005698309298" lon="-122.95232971371651">
        <ele>998.12</ele>
      </trkpt>
      <trkpt lat="50.1005696885302" lon="-122.95232211252116">
        <ele>998.12</ele>
      </trkpt>
      <trkpt lat="50.100569281686546" lon="-122.95231453458182">
        <ele>998.12</ele>
      </trkpt>
      <trkpt lat="50.10057" lon="-122.95232">
        <ele>998.441</ele>
      </trkpt>
      <trkpt lat="50.100768382133495" lon="-122.95227494782733">
        <ele>999.831</ele>
      </trkpt>
      <trkpt lat="50.100767050164684" lon="-122.95226542347423">
        <ele>999.831</ele>
      </trkpt>
      <trkpt lat="50.100765296433444" lon="-122.95225606664613">
        <ele>999.831</ele>
      </trkpt>
      <trkpt lat="50.1007631294367" lon="-122.95224692267735">
        <ele>999.831</ele>
      </trkpt>
      <trkpt lat="50.10076055967365" lon="-122.95223803587086">
        <ele>999.831</ele>
      </trkpt>
      <trkpt lat="50.100757599594935" lon="-122.95222944928369">
        <ele>999.831</ele>
      </trkpt>
      <trkpt lat="50.10075426354228" lon="-122.95222120451828">
        <ele>999.831</ele>
      </trkpt>
      <trkpt lat="50.10075056767902" lon="-122.95221334152096">
        <ele>999.831</ele>
      </trkpt>
      <trkpt lat="50.10074652991181" lon="-122.95220589838831">
        <ele>999.831</ele>
      </trkpt>
      <trkpt lat="50.10074216980384" lon="-122.95219891118272">
        <ele>999.831</ele>
      </trkpt>
      <trkpt lat="50.10073750848003" lon="-122.95219241375753">
        <ele>999.831</ele>
      </trkpt>
      <trkpt lat="50.10078750848003" lon="-122.95213241364524">
        <ele>1000.132</ele>
      </trkpt>
      <trkpt lat="50.100790856293585" lon="-122.9521369867839">
        <ele>1000.132</ele>
      </trkpt>
      <trkpt lat="50.10079405469203" lon="-122.95214181284184">
        <ele>1000.132</ele>
      </trkpt>
      <trkpt lat="50.10079709582262" lon="-122.95214687997009">
        <ele>1000.132</ele>
      </trkpt>
      <trkpt lat="50.10079997221874" lon="-122.95215217572776">
        <ele>1000.132</ele>
      </trkpt>
      <trkpt lat="50.10080267681821" lon="-122.95215768711266">
        <ele>1000.132</ele>
      </trkpt>
      <trkpt lat="50.10080520298069" lon="-122.95216340059314">
        <ele>1000.132</ele>
      </trkpt>
      <trkpt lat="50.10080754450389" lon="-122.95216930214141">
        <ele>1000.132</ele>
      </trkpt>
      <trkpt lat="50.10080969563889" lon="-122.95217537726793">
        <ele>1000.132</ele>
      </trkpt>
      <trkpt lat="50.10081165110419" lon="-122.95218161105697">
        <ele>1000.132</ele>
      </trkpt>
      <trkpt lat="50.10081340609871" lon="-122.95218798820324">
        <ele>1000.132</ele>
      </trkpt>
      <trkpt lat="50.10096340609871" lon="-122.95212798804037">
        <ele>1000.333</ele>
      </trkpt>
      <trkpt lat="50.10096592206091" lon="-122.95213913674193">
        <ele>1000.333</ele>
      </trkpt>
      <trkpt lat="50.100967826109475" lon="-122.95215057646054">
        <ele>1000.333</ele>
      </trkpt>
      <trkpt lat="50.1009691046843" lon="-122.95216222572563">
        <ele>1000.333</ele>
      </trkpt>
      <trkpt lat="50.100969748679724" lon="-122.95217400157428">
        <ele>1000.333</ele>
      </trkpt>
      <trkpt lat="50.100969753509375" lon="-122.95218582014208">
        <ele>1000.333</ele>
      </trkpt>
      <trkpt lat="50.10096911913886" lon="-122.95219759726041">
        <ele>1000.333</ele>
      </trkpt>
      <trkpt lat="50.100967850086" lon="-122.95220924905583">
        <ele>1000.333</ele>
      </trkpt>
      <trkpt lat="50.10096595538864" lon="-122.9522206925474">
        <ele>1000.333</ele>
      </trkpt>
      <trkpt lat="50.100963448540305" lon="-122.95223184623768">
        <ele>1000.333</ele>
      </trkpt>
      <trkpt lat="50.100960347394086" lon="-122.9522426306931">
        <ele>1000.333</ele>
      </trkpt>
      <trkpt lat="50.10098034739409" lon="-122.95225263071926">
        <ele>999.955</ele>
      </trkpt>
      <trkpt lat="50.10097784767187" lon="-122.95225988364015">
        <ele>999.955</ele>
      </trkpt>
      <trkpt lat="50.10097507887115" lon="-122.95226689501004">
        <ele>999.955</ele>
      </trkpt>
      <trkpt lat="50.10097205056222" lon="-122.95227364059429">
        <ele>999.955</ele>
      </trkpt>
      <trkpt lat="50.10096877321236" lon="-122.95228009707692">
        <ele>999.955</ele>
      </trkpt>
      <trkpt lat="50.100965258149635" lon="-122.95228624214133">
        <ele>999.955</ele>
      </trkpt>
      <trkpt lat="50.100961517523785" lon="-122.95229205454721">
        <ele>999.955</ele>
      </trkpt>
      <trkpt lat="50.10095756426417" lon="-122.95229751420415">
        <ele>999.955</ele>
      </trkpt>
      <trkpt lat="50.100953412035146" lon="-122.95230260224098">
        <ele>999.955</ele>
      </trkpt>
      <trkpt lat="50.10094907518878" lon="-122.95230730107102">
        <ele>999.955</ele>
      </trkpt>
      <trkpt lat="50.10094456871527" lon="-122.9523115944529">
        <ele>999.955</ele>
      </trkpt>
      <trkpt lat="50.10098456871527" lon="-122.95238159455442">
        <ele>996.938</ele>
      </trkpt>
      <trkpt lat="50.10098046139496" lon="-122.95238503627708">
        <ele>996.938</ele>
      </trkpt>
      <trkpt lat="50.100976245050546" lon="-122.95238814108679">
        <ele>996.938</ele>
      </trkpt>
      <trkpt lat="50.100971931043055" lon="-122.95239090061756">
        <ele>996.938</ele>
      </trkpt>
      <trkpt lat="50.100967530996684" lon="-122.9523933074338">
        <ele>996.938</ele>
      </trkpt>
      <trkpt lat="50.10096305676744" lon="-122.95239535505027">
        <ele>996.938</ele>
      </trkpt>
      <trkpt lat="50.10095852041125" lon="-122.95239703794962">
        <ele>996.938</ele>
      </trkpt>
      <trkpt lat="50.1009539341514" lon="-122.95239835159727">
        <ele>996.938</ele>
      </trkpt>
      <trkpt lat="50.10094931034568" lon="-122.95239929245353">
        <ele>996.938</ele>
      </trkpt>
      <trkpt lat="50.100944661453035" lon="-122.95239985798327">
        <ele>996.938</ele>
      </trkpt>
      <trkpt lat="50.10094" lon="-122.95240004666265">
        <ele>996.938</ele>
      </trkpt>
      <trkpt lat="50.10094" lon="-122.95247004666265">
        <ele>995.982</ele>
      </trkpt>
      <trkpt lat="50.10093738218171" lon="-122.9524699871841">
        <ele>995.982</ele>
      </trkpt>
      <trkpt lat="50.10093476658702" lon="-122.95246980879897">
        <ele>995.982</ele>
      </trkpt>
      <trkpt lat="50.10093215543765" lon="-122.95246951165878">
        <ele>995.982</ele>
      </trkpt>
      <trkpt lat="50.10092955095153" lon="-122.9524690960159">
        <ele>995.982</ele>
      </trkpt>
      <trkpt lat="50.10092695534094" lon="-122.95246856222343">
        <ele>995.982</ele>
      </trkpt>
      <trkpt lat="50.10092437081062" lon="-122.95246791073474">
        <ele>995.982</ele>
      </trkpt>
      <trkpt lat="50.1009217995559" lon="-122.95246714210322">
        <ele>995.982</ele>
      </trkpt>
      <trkpt lat="50.10091924376083" lon="-122.95246625698177">
        <ele>995.982</ele>
      </trkpt>
      <trkpt lat="50.10091670559632" lon="-122.9524652561222">
        <ele>995.982</ele>
      </trkpt>
      <trkpt lat="50.10091418721833" lon="-122.95246414037466">
        <ele>995.982</ele>
      </trkpt>
      <trkpt lat="50.100854187218324" lon="-122.95266414020664">
        <ele>994.235</ele>
      </trkpt>
      <trkpt lat="50.100856705596314" lon="-122.95266525595278">
        <ele>994.235</ele>
      </trkpt>
      <trkpt lat="50.10085924376082" lon="-122.9526662568111">
        <ele>994.235</ele>
      </trkpt>
      <trkpt lat="50.100861799555894" lon="-122.95266714193144">
        <ele>994.235</ele>
      </trkpt>
      <trkpt lat="50.10086437081061" lon="-122.952667910562">
        <ele>994.235</ele>
      </trkpt>
      <trkpt lat="50.10086695534093" lon="-122.95266856204987">
        <ele>994.235</ele>
      </trkpt>
      <trkpt lat="50.10086955095152" lon="-122.95266909584169">
        <ele>994.235</ele>
      </trkpt>
      <trkpt lat="50.10087215543764" lon="-122.95266951148403">
        <ele>994.235</ele>
      </trkpt>
      <trkpt lat="50.10087476658701" lon="-122.95266980862385">
        <ele>994.235</ele>
      </trkpt>
      <trkpt lat="50.10087738218171" lon="-122.95266998700878">
        <ele>994.235</ele>
      </trkpt>
      <trkpt lat="50.10088" lon="-122.95267004648724">
        <ele>994.235</ele>
      </trkpt>
      <trkpt lat="50.10088" lon="-122.95271004648724">
        <ele>993.242</ele>
      </trkpt>
      <trkpt lat="50.100887048068245" lon="-122.95270961477067">
        <ele>993.242</ele>
      </trkpt>
      <trkpt lat="50.100894052682804" lon="-122.95270832228259">
        <ele>993.242</ele>
      </trkpt>
      <trkpt lat="50.100900970657904" lon="-122.95270617699165">
        <ele>993.242</ele>
      </trkpt>
      <trkpt lat="50.10090775934193" lon="-122.95270319212428">
        <ele>993.242</ele>
      </trkpt>
      <trkpt lat="50.100914376880375" lon="-122.95269938608317">
        <ele>993.242</ele>
      </trkpt>
      <trkpt lat="50.10092078247392" lon="-122.95269478233382">
        <ele>993.242</ele>
      </trkpt>
      <trkpt lat="50.10092693662995" lon="-122.9526894092599">
        <ele>993.242</ele>
      </trkpt>
      <trkpt lat="50.10093280140606" lon="-122.9526832999882">
        <ele>993.242</ele>
      </trkpt>
      <trkpt lat="50.100938340643935" lon="-122.95267649218437">
        <ele>993.242</ele>
      </trkpt>
      <trkpt lat="50.10094352019234" lon="-122.95266902782082">
        <ele>993.242</ele>
      </trkpt>
      <trkpt lat="50.10101352019234" lon="-122.95273902796552">
        <ele>991.802</ele>
      </trkpt>
      <trkpt lat="50.10101476159638" lon="-122.9527370540319">
        <ele>991.802</ele>
      </trkpt>
      <trkpt lat="50.10101597776689" lon="-122.95273504228238">
        <ele>991.802</ele>
      </trkpt>
      <trkpt lat="50.10101716822999" lon="-122.95273299350085">
        <ele>991.802</ele>
      </trkpt>
      <trkpt lat="50.10101833252183" lon="-122.95273090848556">
        <ele>991.802</ele>
      </trkpt>
      <trkpt lat="50.10101947018876" lon="-122.95272878804893">
        <ele>991.802</ele>
      </trkpt>
      <trkpt lat="50.10102058078751" lon="-122.95272663301715">
        <ele>991.802</ele>
      </trkpt>
      <trkpt lat="50.10102166388535" lon="-122.9527244442299">
        <ele>991.802</ele>
      </trkpt>
      <trkpt lat="50.101022719060246" lon="-122.95272222254002">
        <ele>991.802</ele>
      </trkpt>
      <trkpt lat="50.10102374590108" lon="-122.95271996881317">
        <ele>991.802</ele>
      </trkpt>
      <trkpt lat="50.10102474400776" lon="-122.95271768392747">
        <ele>991.802</ele>
      </trkpt>
      <trkpt lat="50.101084744007764" lon="-122.95275768402476">
        <ele>991.461</ele>
      </trkpt>
      <trkpt lat="50.10108754312236" lon="-122.95275070195463">
        <ele>991.461</ele>
      </trkpt>
      <trkpt lat="50.101090074211136" lon="-122.95274347550497">
        <ele>991.461</ele>
      </trkpt>
      <trkpt lat="50.10109232852544" lon="-122.95273602965386">
        <ele>991.461</ele>
      </trkpt>
      <trkpt lat="50.10109429827328" lon="-122.95272839013768">
        <ele>991.461</ele>
      </trkpt>
      <trkpt lat="50.10109597664629" lon="-122.95272058336221">
        <ele>991.461</ele>
      </trkpt>
      <trkpt lat="50.10109735784321" lon="-122.95271263631139">
        <ele>991.461</ele>
      </trkpt>
      <trkpt lat="50.101098437089966" lon="-122.95270457645398">
        <ele>991.461</ele>
      </trkpt>
      <trkpt lat="50.10109921065617" lon="-122.95269643164869">
        <ele>991.461</ele>
      </trkpt>
      <trkpt lat="50.101099675868014" lon="-122.95268823004783">
        <ele>991.461</ele>
      </trkpt>
      <trkpt lat="50.1010998311175" lon="-122.95268">
        <ele>991.461</ele>
      </trkpt>
      <trkpt lat="50.10111" lon="-122.95268">
        <ele>991.369</ele>
      </trkpt>
      <trkpt lat="50.1012498311175" lon="-122.95268">
        <ele>991.61</ele>
      </trkpt>
      <trkpt lat="50.10124953100474" lon="-122.9526685618562">
        <ele>991.61</ele>
      </trkpt>
      <trkpt lat="50.101248632671734" lon="-122.95265720013876">
        <ele>991.61</ele>
      </trkpt>
      <trkpt lat="50.101247142120876" lon="-122.95264599076339">
        <ele>991.61</ele>
      </trkpt>
      <trkpt lat="50.101245069311595" lon="-122.9526350086279">
        <ele>991.61</ele>
      </trkpt>
      <trkpt lat="50.10124242809381" lon="-122.95262432711172">
        <ele>991.61</ele>
      </trkpt>
      <trkpt lat="50.10123923611537" lon="-122.95261401758566">
        <ele>991.61</ele>
      </trkpt>
      <trkpt lat="50.10123551470414" lon="-122.952604148935">
        <ele>991.61</ele>
      </trkpt>
      <trkpt lat="50.101231288725536" lon="-122.95259478709919">
        <ele>991.61</ele>
      </trkpt>
      <trkpt lat="50.1012265864163" lon="-122.9525859946313">
        <ele>991.61</ele>
      </trkpt>
      <trkpt lat="50.10122143919591" lon="-122.95257783028008">
        <ele>991.61</ele>
      </trkpt>
      <trkpt lat="50.10131" lon="-122.95252">
        <ele>991.744</ele>
      </trkpt>
      <trkpt lat="50.101403520192335" lon="-122.95239097122825">
        <ele>989.093</ele>
      </trkpt>
      <trkpt lat="50.101408308117634" lon="-122.9523990462088">
        <ele>989.093</ele>
      </trkpt>
      <trkpt lat="50.10141267490068" lon="-122.9524076819497">
        <ele>989.093</ele>
      </trkpt>
      <trkpt lat="50.10141659361879" lon="-122.95241682520876">
        <ele>989.093</ele>
      </trkpt>
      <trkpt lat="50.10142004011176" lon="-122.95242641961474">
        <ele>989.093</ele>
      </trkpt>
      <trkpt lat="50.10142299313084" lon="-122.95243640601493">
        <ele>989.093</ele>
      </trkpt>
      <trkpt lat="50.10142543446966" lon="-122.95244672283987">
        <ele>989.093</ele>
      </trkpt>
      <trkpt lat="50.10142734907657" lon="-122.95245730648288">
        <ele>989.093</ele>
      </trkpt>
      <trkpt lat="50.10142872514738" lon="-122.95246809169231">
        <ele>989.093</ele>
      </trkpt>
      <trkpt lat="50.10142955419814" lon="-122.95247901197374">
        <ele>989.093</ele>
      </trkpt>
      <trkpt lat="50.1014298311175" lon="-122.95249">
        <ele>989.093</ele>
      </trkpt>
      <trkpt lat="50.1014698311175" lon="-122.95249">
        <ele>987.734</ele>
      </trkpt>
      <trkpt lat="50.10146937648896" lon="-122.95250407202242">
        <ele>987.734</ele>
      </trkpt>
      <trkpt lat="50.101468017205015" lon="-122.95251800160996">
        <ele>987.734</ele>
      </trkpt>
      <trkpt lat="50.10146576702414" lon="-122.95253164776939">
        <ele>987.734</ele>
      </trkpt>
      <trkpt lat="50.101462648722325" lon="-122.95254487237636">
        <ele>987.734</ele>
      </trkpt>
      <trkpt lat="50.101458693862554" lon="-122.95255754157338">
        <ele>987.734</ele>
      </trkpt>
      <trkpt lat="50.101453942475324" lon="-122.95256952712474">
        <ele>987.734</ele>
      </trkpt>
      <trkpt lat="50.101448442653464" lon="-122.95258070771447">
        <ele>987.734</ele>
      </trkpt>
      <trkpt lat="50.10144225006534" lon="-122.95259097017436">
        <ele>987.734</ele>
      </trkpt>
      <trkpt lat="50.1014354273914" lon="-122.95260021062929">
        <ele>987.734</ele>
      </trkpt>
      <trkpt lat="50.10142804368973" lon="-122.95260833554877">
        <ele>987.734</ele>
      </trkpt>
      <trkpt lat="50.10142017369704" lon="-122.95261526269361">
        <ele>987.734</ele>
      </trkpt>
      <trkpt lat="50.101490173697044" lon="-122.95275526287665">
        <ele>986.222</ele>
      </trkpt>
      <trkpt lat="50.101494288902934" lon="-122.95275184408843">
        <ele>986.222</ele>
      </trkpt>
      <trkpt lat="50.101498284771424" lon="-122.95274809698869">
        <ele>986.222</ele>
      </trkpt>
      <trkpt lat="50.10150215053555" lon="-122.95274403167404">
        <ele>986.222</ele>
      </trkpt>
      <trkpt lat="50.10150587577893" lon="-122.9527396590986">
        <ele>986.222</ele>
      </trkpt>
      <trkpt lat="50.101509450463816" lon="-122.95273499104434">
        <ele>986.222</ele>
      </trkpt>
      <trkpt lat="50.10151286495814" lon="-122.95273004008943">
        <ele>986.222</ele>
      </trkpt>
      <trkpt lat="50.101516110061475" lon="-122.95272481957436">
        <ele>986.222</ele>
      </trkpt>
      <trkpt lat="50.10151917702982" lon="-122.95271934356587">
        <ele>986.222</ele>
      </trkpt>
      <trkpt lat="50.10152205759917" lon="-122.95271362681923">
        <ele>986.222</ele>
      </trkpt>
      <trkpt lat="50.10152474400775" lon="-122.95270768473831">
        <ele>986.222</ele>
      </trkpt>
      <trkpt lat="50.10155474400775" lon="-122.95272768478696">
        <ele>986.136</ele>
      </trkpt>
      <trkpt lat="50.10155947816803" lon="-122.95271527145485">
        <ele>986.136</ele>
      </trkpt>
      <trkpt lat="50.10156336717958" lon="-122.95270216404424">
        <ele>986.136</ele>
      </trkpt>
      <trkpt lat="50.101566369687724" lon="-122.95268850193568">
        <ele>986.136</ele>
      </trkpt>
      <trkpt lat="50.101568453764635" lon="-122.95267443040827">
        <ele>986.136</ele>
      </trkpt>
      <trkpt lat="50.10156959724882" lon="-122.95266009909467">
        <ele>986.136</ele>
      </trkpt>
      <trkpt lat="50.10156978798078" lon="-122.95264566039012">
        <ele>986.136</ele>
      </trkpt>
      <trkpt lat="50.10156902393232" lon="-122.95263126783178">
        <ele>986.136</ele>
      </trkpt>
      <trkpt lat="50.10156731322814" lon="-122.95261707446609">
        <ele>986.136</ele>
      </trkpt>
      <trkpt lat="50.10156467405937" lon="-122.95260323122137">
        <ele>986.136</ele>
      </trkpt>
      <trkpt lat="50.1015611344902" lon="-122.95258988530284">
        <ele>986.136</ele>
      </trkpt>
      <trkpt lat="50.10155673215943" lon="-122.95257717862728">
        <ele>986.136</ele>
      </trkpt>
      <trkpt lat="50.101551513880224" lon="-122.95256524631395">
        <ele>986.136</ele>
      </trkpt>
      <trkpt lat="50.10154553514231" lon="-122.95255421524773">
        <ele>986.136</ele>
      </trkpt>
      <trkpt lat="50.10164" lon="-122.9525">
        <ele>985.211</ele>
      </trkpt>
      <trkpt lat="50.10171352019232" lon="-122.9523909705874">
        <ele>984.251</ele>
      </trkpt>
      <trkpt lat="50.10171959409974" lon="-122.95240144681962">
        <ele>984.251</ele>
      </trkpt>
      <trkpt lat="50.101724960414764" lon="-122.95241282340915">
        <ele>984.251</ele>
      </trkpt>
      <trkpt lat="50.10172956457582" lon="-122.95242498468545">
        <ele>984.251</ele>
      </trkpt>
      <trkpt lat="50.10173335977046" lon="-122.95243780699971">
        <ele>984.251</ele>
      </trkpt>
      <trkpt lat="50.10173630741137" lon="-122.9524511599821">
        <ele>984.251</ele>
      </trkpt>
      <trkpt lat="50.10173837752864" lon="-122.95246490786722">
        <ele>984.251</ele>
      </trkpt>
      <trkpt lat="50.10173954907451" lon="-122.9524789108746">
        <ele>984.251</ele>
      </trkpt>
      <trkpt lat="50.10173981013739" lon="-122.95249302662975">
        <ele>984.251</ele>
      </trkpt>
      <trkpt lat="50.10173915806295" lon="-122.9525071116119">
        <ele>984.251</ele>
      </trkpt>
      <trkpt lat="50.10173759948108" lon="-122.9525210226131">
        <ele>984.251</ele>
      </trkpt>
      <trkpt lat="50.10173515023857" lon="-122.95253461819439">
        <ele>984.251</ele>
      </trkpt>
      <trkpt lat="50.10173183523787" lon="-122.95254776012379">
        <ele>984.251</ele>
      </trkpt>
      <trkpt lat="50.101727688184" lon="-122.9525603147818">
        <ele>984.251</ele>
      </trkpt>
      <trkpt lat="50.10172275124178" lon="-122.95257215451993">
        <ele>984.251</ele>
      </trkpt>
      <trkpt lat="50.10171707460718" lon="-122.9525831589586">
        <ele>984.251</ele>
      </trkpt>
      <trkpt lat="50.101710715996916" lon="-122.95259321621108">
        <ele>984.251</ele>
      </trkpt>
      <trkpt lat="50.10170374006166" lon="-122.95260222402106">
        <ele>984.251</ele>
      </trkpt>
      <trkpt lat="50.10169621772866" lon="-122.95261009080237">
        <ele>984.251</ele>
      </trkpt>
      <trkpt lat="50.10172621772866" lon="-122.95266009087757">
        <ele>982.815</ele>
      </trkpt>
      <trkpt lat="50.101721989453914" lon="-122.95266380762759">
        <ele>982.815</ele>
      </trkpt>
      <trkpt lat="50.10171763857745" lon="-122.95266716288143">
        <ele>982.815</ele>
      </trkpt>
      <trkpt lat="50.10171317780304" lon="-122.95267014684232">
        <ele>982.815</ele>
      </trkpt>
      <trkpt lat="50.10170862015538" lon="-122.95267275079765">
        <ele>982.815</ele>
      </trkpt>
      <trkpt lat="50.10170397894196" lon="-122.95267496714432">
        <ele>982.815</ele>
      </trkpt>
      <trkpt lat="50.10169926771431" lon="-122.95267678941102">
        <ele>982.815</ele>
      </trkpt>
      <trkpt lat="50.101694500228376" lon="-122.95267821227702">
        <ele>982.815</ele>
      </trkpt>
      <trkpt lat="50.101689690404356" lon="-122.95267923158782">
        <ele>982.815</ele>
      </trkpt>
      <trkpt lat="50.101684852286084" lon="-122.95267984436724">
        <ele>982.815</ele>
      </trkpt>
      <trkpt lat="50.10168" lon="-122.95268004882602">
        <ele>982.815</ele>
      </trkpt>
      <trkpt lat="50.10168" lon="-122.95273004882603">
        <ele>982.119</ele>
      </trkpt>
      <trkpt lat="50.10167533854697" lon="-122.95272986014373">
        <ele>982.119</ele>
      </trkpt>
      <trkpt lat="50.10167068965432" lon="-122.95272929460526">
        <ele>982.119</ele>
      </trkpt>
      <trkpt lat="50.101666065848605" lon="-122.95272835373446">
        <ele>982.119</ele>
      </trkpt>
      <trkpt lat="50.101661479588756" lon="-122.95272704006652">
        <ele>982.119</ele>
      </trkpt>
      <trkpt lat="50.10165694323256" lon="-122.95272535714118">
        <ele>982.119</ele>
      </trkpt>
      <trkpt lat="50.10165246900332" lon="-122.95272330949307">
        <ele>982.119</ele>
      </trkpt>
      <trkpt lat="50.10164806895695" lon="-122.95272090263965">
        <ele>982.119</ele>
      </trkpt>
      <trkpt lat="50.10164375494946" lon="-122.95271814306625">
        <ele>982.119</ele>
      </trkpt>
      <trkpt lat="50.10163953860504" lon="-122.9527150382086">
        <ele>982.119</ele>
      </trkpt>
      <trkpt lat="50.101635431284734" lon="-122.95271159643276">
        <ele>982.119</ele>
      </trkpt>
      <trkpt lat="50.1016" lon="-122.95273">
        <ele>979.17</ele>
      </trkpt>
      <trkpt lat="50.10153017066149" lon="-122.95287652742367">
        <ele>978.155</ele>
      </trkpt>
      <trkpt lat="50.10153394808167" lon="-122.95288024534999">
        <ele>978.155</ele>
      </trkpt>
      <trkpt lat="50.10153783938769" lon="-122.95288366591102">
        <ele>978.155</ele>
      </trkpt>
      <trkpt lat="50.1015418349564" lon="-122.95288678064775">
        <ele>978.155</ele>
      </trkpt>
      <trkpt lat="50.1015459249068" lon="-122.95288958185743">
        <ele>978.155</ele>
      </trkpt>
      <trkpt lat="50.101550099124495" lon="-122.95289206261276">
        <ele>978.155</ele>
      </trkpt>
      <trkpt lat="50.1015543472867" lon="-122.95289421677884">
        <ele>978.155</ele>
      </trkpt>
      <trkpt lat="50.101558658887754" lon="-122.95289603902843">
        <ele>978.155</ele>
      </trkpt>
      <trkpt lat="50.10156302326512" lon="-122.95289752485515">
        <ele>978.155</ele>
      </trkpt>
      <trkpt lat="50.101567429625746" lon="-122.95289867058455">
        <ele>978.155</ele>
      </trkpt>
      <trkpt lat="50.101571867072764" lon="-122.95289947338327">
        <ele>978.155</ele>
      </trkpt>
      <trkpt lat="50.10156186707277" lon="-122.95300947335416">
        <ele>977.561</ele>
      </trkpt>
      <trkpt lat="50.1015648737859" lon="-122.95300982029042">
        <ele>977.561</ele>
      </trkpt>
      <trkpt lat="50.10156788627333" lon="-122.95301000972937">
        <ele>977.561</ele>
      </trkpt>
      <trkpt lat="50.10157090114173" lon="-122.95301004145765">
        <ele>977.561</ele>
      </trkpt>
      <trkpt lat="50.10157391499504" lon="-122.9530099154395">
        <ele>977.561</ele>
      </trkpt>
      <trkpt lat="50.10157692443841" lon="-122.95300963181687">
        <ele>977.561</ele>
      </trkpt>
      <trkpt lat="50.10157992608191" lon="-122.95300919090926">
        <ele>977.561</ele>
      </trkpt>
      <trkpt lat="50.10158291654441" lon="-122.9530085932133">
        <ele>977.561</ele>
      </trkpt>
      <trkpt lat="50.10158589245736" lon="-122.95300783940225">
        <ele>977.561</ele>
      </trkpt>
      <trkpt lat="50.10158885046863" lon="-122.95300693032523">
        <ele>977.561</ele>
      </trkpt>
      <trkpt lat="50.10159178724623" lon="-122.95300586700625">
        <ele>977.561</ele>
      </trkpt>
      <trkpt lat="50.101601787246224" lon="-122.9530458670346">
        <ele>977.153</ele>
      </trkpt>
      <trkpt lat="50.10160767825668" lon="-122.95304323507851">
        <ele>977.153</ele>
      </trkpt>
      <trkpt lat="50.10161344045936" lon="-122.95303998307926">
        <ele>977.153</ele>
      </trkpt>
      <trkpt lat="50.10161904703841" lon="-122.9530361261709">
        <ele>977.153</ele>
      </trkpt>
      <trkpt lat="50.1016244719022" lon="-122.9530316823025">
        <ele>977.153</ele>
      </trkpt>
      <trkpt lat="50.10162968980473" lon="-122.95302667215472">
        <ele>977.153</ele>
      </trkpt>
      <trkpt lat="50.1016346764632" lon="-122.95302111904357">
        <ele>977.153</ele>
      </trkpt>
      <trkpt lat="50.10163940867091" lon="-122.95301504881185">
        <ele>977.153</ele>
      </trkpt>
      <trkpt lat="50.101643864405354" lon="-122.9530084897089">
        <ele>977.153</ele>
      </trkpt>
      <trkpt lat="50.10164802293063" lon="-122.9530014722592">
        <ele>977.153</ele>
      </trkpt>
      <trkpt lat="50.101651864894" lon="-122.9529940291202">
        <ele>977.153</ele>
      </trkpt>
      <trkpt lat="50.101691864894" lon="-122.95302402919036">
        <ele>974.411</ele>
      </trkpt>
      <trkpt lat="50.10169518214354" lon="-122.95301665052845">
        <ele>974.411</ele>
      </trkpt>
      <trkpt lat="50.10169818817599" lon="-122.95300895457106">
        <ele>974.411</ele>
      </trkpt>
      <trkpt lat="50.10170087054786" lon="-122.95300097317568">
        <ele>974.411</ele>
      </trkpt>
      <trkpt lat="50.10170321815545" lon="-122.95299273938134">
        <ele>974.411</ele>
      </trkpt>
      <trkpt lat="50.10170522128082" lon="-122.95298428727192">
        <ele>974.411</ele>
      </trkpt>
      <trkpt lat="50.101706871632004" lon="-122.95297565183496">
        <ele>974.411</ele>
      </trkpt>
      <trkpt lat="50.10170816237738" lon="-122.95296686881696">
        <ele>974.411</ele>
      </trkpt>
      <trkpt lat="50.101709088173884" lon="-122.95295797457528">
        <ele>974.411</ele>
      </trkpt>
      <trkpt lat="50.10170964518918" lon="-122.95294900592769">
        <ele>974.411</ele>
      </trkpt>
      <trkpt lat="50.101709831117496" lon="-122.95294">
        <ele>974.411</ele>
      </trkpt>
      <trkpt lat="50.1017298311175" lon="-122.95294">
        <ele>973.595</ele>
      </trkpt>
      <trkpt lat="50.1017297633972" lon="-122.95293456301313">
        <ele>973.595</ele>
      </trkpt>
      <trkpt lat="50.1017295603384" lon="-122.95292913422375">
        <ele>973.595</ele>
      </trkpt>
      <trkpt lat="50.10172922224726" lon="-122.95292372181697">
        <ele>973.595</ele>
      </trkpt>
      <trkpt lat="50.101728749633516" lon="-122.95291833395322">
        <ele>973.595</ele>
      </trkpt>
      <trkpt lat="50.101728143209755" lon="-122.95291297875589">
        <ele>973.595</ele>
      </trkpt>
      <trkpt lat="50.101727403890294" lon="-122.95290766429916">
        <ele>973.595</ele>
      </trkpt>
      <trkpt lat="50.10172653278981" lon="-122.95290239859578">
        <ele>973.595</ele>
      </trkpt>
      <trkpt lat="50.1017255312217" lon="-122.95289718958496">
        <ele>973.595</ele>
      </trkpt>
      <trkpt lat="50.10172440069605" lon="-122.95289204512046">
        <ele>973.595</ele>
      </trkpt>
      <trkpt lat="50.10172314291738" lon="-122.95288697295874">
        <ele>973.595</ele>
      </trkpt>
      <trkpt lat="50.10186" lon="-122.95285">
        <ele>972.281</ele>
      </trkpt>
      <trkpt lat="50.10196034739408" lon="-122.95277736799945">
        <ele>971.312</ele>
      </trkpt>
      <trkpt lat="50.101962123025096" lon="-122.95278324106197">
        <ele>971.312</ele>
      </trkpt>
      <trkpt lat="50.1019637221486" lon="-122.95278923611679">
        <ele>971.312</ele>
      </trkpt>
      <trkpt lat="50.10196514132759" lon="-122.95279534027874">
        <ele>971.312</ele>
      </trkpt>
      <trkpt lat="50.10196637751181" lon="-122.9528015404281">
        <ele>971.312</ele>
      </trkpt>
      <trkpt lat="50.101967428044325" lon="-122.95280782323884">
        <ele>971.312</ele>
      </trkpt>
      <trkpt lat="50.10196829066723" lon="-122.9528141752073">
        <ele>971.312</ele>
      </trkpt>
      <trkpt lat="50.10196896352647" lon="-122.95282058268113">
        <ele>971.312</ele>
      </trkpt>
      <trkpt lat="50.10196944517587" lon="-122.95282703188872">
        <ele>971.312</ele>
      </trkpt>
      <trkpt lat="50.10196973458022" lon="-122.95283350896875">
        <ele>971.312</ele>
      </trkpt>
      <trkpt lat="50.1019698311175" lon="-122.95284">
        <ele>971.312</ele>
      </trkpt>
      <trkpt lat="50.10192" lon="-122.95284">
        <ele>971.376</ele>
      </trkpt>
      <trkpt lat="50.1020198311175" lon="-122.95284">
        <ele>971.97</ele>
      </trkpt>
      <trkpt lat="50.102019554198144" lon="-122.95285098816159">
        <ele>971.97</ele>
      </trkpt>
      <trkpt lat="50.10201872514738" lon="-122.95286190857752">
        <ele>971.97</ele>
      </trkpt>
      <trkpt lat="50.102017349076576" lon="-122.95287269391977">
        <ele>971.97</ele>
      </trkpt>
      <trkpt lat="50.10201543446966" lon="-122.95288327769315">
        <ele>971.97</ele>
      </trkpt>
      <trkpt lat="50.10201299313084" lon="-122.95289359464516">
        <ele>971.97</ele>
      </trkpt>
      <trkpt lat="50.102010040111765" lon="-122.95290358116834">
        <ele>971.97</ele>
      </trkpt>
      <trkpt lat="50.10200659361878" lon="-122.9529131756925">
        <ele>971.97</ele>
      </trkpt>
      <trkpt lat="50.102002674900675" lon="-122.95292231906417">
        <ele>971.97</ele>
      </trkpt>
      <trkpt lat="50.101998308117636" lon="-122.95293095491142">
        <ele>971.97</ele>
      </trkpt>
      <trkpt lat="50.10199352019233" lon="-122.95293902999143">
        <ele>971.97</ele>
      </trkpt>
      <trkpt lat="50.102023520192326" lon="-122.95296903005345">
        <ele>971.511</ele>
      </trkpt>
      <trkpt lat="50.10202144390293" lon="-122.95297216454594">
        <ele>971.511</ele>
      </trkpt>
      <trkpt lat="50.10201930401019" lon="-122.95297519328334">
        <ele>971.511</ele>
      </trkpt>
      <trkpt lat="50.10201710272921" lon="-122.95297811313044">
        <ele>971.511</ele>
      </trkpt>
      <trkpt lat="50.10201484233862" lon="-122.95298092106478">
        <ele>971.511</ele>
      </trkpt>
      <trkpt lat="50.102012525178274" lon="-122.95298361417976">
        <ele>971.511</ele>
      </trkpt>
      <trkpt lat="50.10201015364676" lon="-122.95298618968759">
        <ele>971.511</ele>
      </trkpt>
      <trkpt lat="50.10200773019895" lon="-122.95298864492227">
        <ele>971.511</ele>
      </trkpt>
      <trkpt lat="50.10200525734347" lon="-122.95299097734227">
        <ele>971.511</ele>
      </trkpt>
      <trkpt lat="50.10200273764008" lon="-122.95299318453317">
        <ele>971.511</ele>
      </trkpt>
      <trkpt lat="50.10200017369704" lon="-122.95299526421024">
        <ele>971.511</ele>
      </trkpt>
      <trkpt lat="50.10202017369704" lon="-122.95303526426255">
        <ele>970.339</ele>
      </trkpt>
      <trkpt lat="50.102012561196304" lon="-122.9530405256172">
        <ele>970.339</ele>
      </trkpt>
      <trkpt lat="50.102004668910084" lon="-122.95304466541685">
        <ele>970.339</ele>
      </trkpt>
      <trkpt lat="50.101996564653675" lon="-122.95304764808985">
        <ele>970.339</ele>
      </trkpt>
      <trkpt lat="50.10198831806375" lon="-122.95304944800725">
        <ele>970.339</ele>
      </trkpt>
      <trkpt lat="50.10198" lon="-122.95305004970311">
        <ele>970.339</ele>
      </trkpt>
      <trkpt lat="50.10197168193624" lon="-122.95304944800725">
        <ele>970.339</ele>
      </trkpt>
      <trkpt lat="50.10196343534632" lon="-122.95304764808985">
        <ele>970.339</ele>
      </trkpt>
      <trkpt lat="50.10195533108991" lon="-122.95304466541685">
        <ele>970.339</ele>
      </trkpt>
      <trkpt lat="50.10194743880369" lon="-122.9530405256172">
        <ele>970.339</ele>
      </trkpt>
      <trkpt lat="50.10193982630295" lon="-122.95303526426255">
        <ele>970.339</ele>
      </trkpt>
      <trkpt lat="50.101919826302954" lon="-122.95307526421024">
        <ele>970.203</ele>
      </trkpt>
      <trkpt lat="50.101914742656525" lon="-122.95307097734225">
        <ele>970.203</ele>
      </trkpt>
      <trkpt lat="50.10190984635323" lon="-122.95306618968758">
        <ele>970.203</ele>
      </trkpt>
      <trkpt lat="50.10190515766136" lon="-122.95306092106476">
        <ele>970.203</ele>
      </trkpt>
      <trkpt lat="50.10190069598979" lon="-122.95305519328332">
        <ele>970.203</ele>
      </trkpt>
      <trkpt lat="50.10189647980765" lon="-122.95304903005342">
        <ele>970.203</ele>
      </trkpt>
      <trkpt lat="50.10189252656785" lon="-122.95304245688783">
        <ele>970.203</ele>
      </trkpt>
      <trkpt lat="50.10188885263487" lon="-122.95303550099621">
        <ele>970.203</ele>
      </trkpt>
      <trkpt lat="50.101885473216974" lon="-122.95302819117252">
        <ele>970.203</ele>
      </trkpt>
      <trkpt lat="50.101882402303296" lon="-122.95302055767586">
        <ele>970.203</ele>
      </trkpt>
      <trkpt lat="50.10187965260591" lon="-122.95301263210511">
        <ele>970.203</ele>
      </trkpt>
      <trkpt lat="50.10181965260591" lon="-122.95304263202667">
        <ele>971.389</ele>
      </trkpt>
      <trkpt lat="50.10182184551998" lon="-122.95304904775895">
        <ele>971.389</ele>
      </trkpt>
      <trkpt lat="50.10182424902298" lon="-122.95305527744057">
        <ele>971.389</ele>
      </trkpt>
      <trkpt lat="50.10182685663863" lon="-122.9530613042855">
        <ele>971.389</ele>
      </trkpt>
      <trkpt lat="50.101829661340645" lon="-122.95306711205426">
        <ele>971.389</ele>
      </trkpt>
      <trkpt lat="50.101832655571705" lon="-122.95307268509771">
        <ele>971.389</ele>
      </trkpt>
      <trkpt lat="50.101835831263784" lon="-122.95307800839916">
        <ele>971.389</ele>
      </trkpt>
      <trkpt lat="50.10183917985991" lon="-122.95308306761486">
        <ele>971.389</ele>
      </trkpt>
      <trkpt lat="50.101842692337215" lon="-122.95308784911265">
        <ele>971.389</ele>
      </trkpt>
      <trkpt lat="50.10184635923125" lon="-122.95309234000865">
        <ele>971.389</ele>
      </trkpt>
      <trkpt lat="50.10185017066151" lon="-122.9530965282021">
        <ele>971.389</ele>
      </trkpt>
      <trkpt lat="50.10183017066151" lon="-122.95312652815345">
        <ele>972.023</ele>
      </trkpt>
      <trkpt lat="50.10183302255522" lon="-122.95312937273582">
        <ele>972.023</ele>
      </trkpt>
      <trkpt lat="50.10183594117747" lon="-122.95313204775664">
        <ele>972.023</ele>
      </trkpt>
      <trkpt lat="50.10183892238254" lon="-122.95313454941622">
        <ele>972.023</ele>
      </trkpt>
      <trkpt lat="50.10184196193581" lon="-122.95313687416109">
        <ele>972.023</ele>
      </trkpt>
      <trkpt lat="50.10184505551978" lon="-122.95313901868911">
        <ele>972.023</ele>
      </trkpt>
      <trkpt lat="50.10184819874022" lon="-122.95314097995411">
        <ele>972.023</ele>
      </trkpt>
      <trkpt lat="50.10185138713236" lon="-122.95314275517022">
        <ele>972.023</ele>
      </trkpt>
      <trkpt lat="50.10185461616731" lon="-122.95314434181587">
        <ele>972.023</ele>
      </trkpt>
      <trkpt lat="50.10185788125841" lon="-122.95314573763733">
        <ele>972.023</ele>
      </trkpt>
      <trkpt lat="50.10186117776781" lon="-122.95314694065192">
        <ele>972.023</ele>
      </trkpt>
      <trkpt lat="50.10183117776781" lon="-122.95328694056614">
        <ele>972.181</ele>
      </trkpt>
      <trkpt lat="50.10182896564296" lon="-122.95328615586885">
        <ele>972.181</ele>
      </trkpt>
      <trkpt lat="50.10182676693388" lon="-122.95328528433097">
        <ele>972.181</ele>
      </trkpt>
      <trkpt lat="50.10182458304292" lon="-122.95328432650838">
        <ele>972.181</ele>
      </trkpt>
      <trkpt lat="50.10182241536296" lon="-122.95328328301197">
        <ele>972.181</ele>
      </trkpt>
      <trkpt lat="50.10182026527655" lon="-122.95328215450729">
        <ele>972.181</ele>
      </trkpt>
      <trkpt lat="50.10181813415504" lon="-122.95328094171411">
        <ele>972.181</ele>
      </trkpt>
      <trkpt lat="50.10181602335764" lon="-122.95327964540596">
        <ele>972.181</ele>
      </trkpt>
      <trkpt lat="50.10181393423065" lon="-122.9532782664096">
        <ele>972.181</ele>
      </trkpt>
      <trkpt lat="50.101811868106495" lon="-122.95327680560459">
        <ele>972.181</ele>
      </trkpt>
      <trkpt lat="50.10180982630297" lon="-122.9532752639226">
        <ele>972.181</ele>
      </trkpt>
      <trkpt lat="50.10178982630297" lon="-122.95331526387032">
        <ele>971.177</ele>
      </trkpt>
      <trkpt lat="50.101785963350736" lon="-122.95331206707826">
        <ele>971.177</ele>
      </trkpt>
      <trkpt lat="50.10178220477595" lon="-122.9533085809579">
        <ele>971.177</ele>
      </trkpt>
      <trkpt lat="50.10177855948733" lon="-122.95330481377215">
        <ele>971.177</ele>
      </trkpt>
      <trkpt lat="50.10177503612508" lon="-122.95330077445018">
        <ele>971.177</ele>
      </trkpt>
      <trkpt lat="50.10177164304043" lon="-122.95329647256615">
        <ele>971.177</ele>
      </trkpt>
      <trkpt lat="50.101768388275794" lon="-122.95329191831655">
        <ele>971.177</ele>
      </trkpt>
      <trkpt lat="50.10176527954575" lon="-122.95328712249605">
        <ele>971.177</ele>
      </trkpt>
      <trkpt lat="50.10176232421873" lon="-122.9532820964719">
        <ele>971.177</ele>
      </trkpt>
      <trkpt lat="50.101759529299585" lon="-122.95327685215697">
        <ele>971.177</ele>
      </trkpt>
      <trkpt lat="50.10175690141293" lon="-122.95327140198155">
        <ele>971.177</ele>
      </trkpt>
      <trkpt lat="50.101686901412926" lon="-122.9533214018626">
        <ele>969.115</ele>
      </trkpt>
      <trkpt lat="50.10168380552673" lon="-122.95331418133892">
        <ele>969.115</ele>
      </trkpt>
      <trkpt lat="50.10168100267389" lon="-122.95330667552415">
        <ele>969.115</ele>
      </trkpt>
      <trkpt lat="50.10167850363379" lon="-122.95329891328456">
        <ele>969.115</ele>
      </trkpt>
      <trkpt lat="50.1016763180174" lon="-122.95329092447265">
        <ele>969.115</ele>
      </trkpt>
      <trkpt lat="50.10167445423028" lon="-122.95328273981231">
        <ele>969.115</ele>
      </trkpt>
      <trkpt lat="50.1016729194403" lon="-122.95327439078058">
        <ele>969.115</ele>
      </trkpt>
      <trkpt lat="50.10167171955006" lon="-122.95326590948669">
        <ele>969.115</ele>
      </trkpt>
      <trkpt lat="50.10167085917416" lon="-122.95325732854852">
        <ele>969.115</ele>
      </trkpt>
      <trkpt lat="50.1016703416215" lon="-122.95324868096715">
        <ele>969.115</ele>
      </trkpt>
      <trkpt lat="50.1016701688825" lon="-122.95324">
        <ele>969.115</ele>
      </trkpt>
      <trkpt lat="50.1015901688825" lon="-122.95324">
        <ele>968.259</ele>
      </trkpt>
      <trkpt lat="50.1015905025498" lon="-122.9532520596368">
        <ele>968.259</ele>
      </trkpt>
      <trkpt lat="50.10159150107293" lon="-122.95326402968536">
        <ele>968.259</ele>
      </trkpt>
      <trkpt lat="50.101593157034124" lon="-122.95327582122293">
        <ele>968.259</ele>
      </trkpt>
      <trkpt lat="50.101595458131605" lon="-122.95328734665294">
        <ele>968.259</ele>
      </trkpt>
      <trkpt lat="50.10159838727107" lon="-122.95329852035562">
        <ele>968.259</ele>
      </trkpt>
      <trkpt lat="50.10160192269261" lon="-122.95330925932412">
        <ele>968.259</ele>
      </trkpt>
      <trkpt lat="50.101606038132395" lon="-122.95331948378113">
        <ele>968.259</ele>
      </trkpt>
      <trkpt lat="50.101610703017776" lon="-122.95332911777152">
        <ele>968.259</ele>
      </trkpt>
      <trkpt lat="50.10161588269441" lon="-122.9533380897266">
        <ele>968.259</ele>
      </trkpt>
      <trkpt lat="50.101621538683666" lon="-122.9533463329958">
        <ele>968.259</ele>
      </trkpt>
      <trkpt lat="50.10156153868366" lon="-122.95341633286264">
        <ele>966.502</ele>
      </trkpt>
      <trkpt lat="50.10156829849179" lon="-122.95342452797604">
        <ele>966.502</ele>
      </trkpt>
      <trkpt lat="50.101575528097804" lon="-122.9534316824041">
        <ele>966.502</ele>
      </trkpt>
      <trkpt lat="50.101583161808186" lon="-122.95343773113645">
        <ele>966.502</ele>
      </trkpt>
      <trkpt lat="50.10159113025745" lon="-122.95344261920985">
        <ele>966.502</ele>
      </trkpt>
      <trkpt lat="50.1015993610384" lon="-122.9534463022077">
        <ele>966.502</ele>
      </trkpt>
      <trkpt lat="50.101607779360116" lon="-122.95344874666354">
        <ele>966.502</ele>
      </trkpt>
      <trkpt lat="50.10161630872755" lon="-122.95344993036527">
        <ele>966.502</ele>
      </trkpt>
      <trkpt lat="50.101624871636595" lon="-122.95344984255689">
        <ele>966.502</ele>
      </trkpt>
      <trkpt lat="50.101633390278366" lon="-122.95344848403631">
        <ele>966.502</ele>
      </trkpt>
      <trkpt lat="50.10164178724624" lon="-122.95344586714805">
        <ele>966.502</ele>
      </trkpt>
      <trkpt lat="50.10165178724624" lon="-122.95348586717641">
        <ele>965.897</ele>
      </trkpt>
      <trkpt lat="50.10166059711296" lon="-122.95348167457239">
        <ele>965.897</ele>
      </trkpt>
      <trkpt lat="50.10166908527501" lon="-122.95347609751343">
        <ele>965.897</ele>
      </trkpt>
      <trkpt lat="50.101677162486034" lon="-122.95346919463793">
        <ele>965.897</ele>
      </trkpt>
      <trkpt lat="50.10168474382047" lon="-122.95346103852421">
        <ele>965.897</ele>
      </trkpt>
      <trkpt lat="50.101691749566534" lon="-122.95345171492744">
        <ele>965.897</ele>
      </trkpt>
      <trkpt lat="50.10169810606429" lon="-122.9534413218779">
        <ele>965.897</ele>
      </trkpt>
      <trkpt lat="50.101703746480155" lon="-122.95342996865038">
        <ele>965.897</ele>
      </trkpt>
      <trkpt lat="50.10170861150958" lon="-122.95341777461518">
        <ele>965.897</ele>
      </trkpt>
      <trkpt lat="50.10171265000057" lon="-122.95340486798301">
        <ele>965.897</ele>
      </trkpt>
      <trkpt lat="50.10171581949159" lon="-122.95339138445699">
        <ele>965.897</ele>
      </trkpt>
      <trkpt lat="50.1017180866579" lon="-122.95337746580583">
        <ele>965.897</ele>
      </trkpt>
      <trkpt lat="50.1017680866579" lon="-122.95338746583451">
        <ele>965.301</ele>
      </trkpt>
      <trkpt lat="50.101768417232684" lon="-122.9533847498428">
        <ele>965.301</ele>
      </trkpt>
      <trkpt lat="50.10176871335681" lon="-122.95338202420763">
        <ele>965.301</ele>
      </trkpt>
      <trkpt lat="50.1017689749149" lon="-122.953379289991">
        <ele>965.301</ele>
      </trkpt>
      <trkpt lat="50.10176920180503" lon="-122.95337654825828">
        <ele>965.301</ele>
      </trkpt>
      <trkpt lat="50.101769393938795" lon="-122.95337380007773">
        <ele>965.301</ele>
      </trkpt>
      <trkpt lat="50.10176955124134" lon="-122.95337104652015">
        <ele>965.301</ele>
      </trkpt>
      <trkpt lat="50.10176967365137" lon="-122.95336828865844">
        <ele>965.301</ele>
      </trkpt>
      <trkpt lat="50.10176976112119" lon="-122.95336552756714">
        <ele>965.301</ele>
      </trkpt>
      <trkpt lat="50.10176981361672" lon="-122.95336276432212">
        <ele>965.301</ele>
      </trkpt>
      <trkpt lat="50.1017698311175" lon="-122.95336">
        <ele>965.301</ele>
      </trkpt>
      <trkpt lat="50.1018198311175" lon="-122.95336">
        <ele>963.033</ele>
      </trkpt>
      <trkpt lat="50.101819675868015" lon="-122.95335176982849">
        <ele>963.033</ele>
      </trkpt>
      <trkpt lat="50.101819210656174" lon="-122.95334356810434">
        <ele>963.033</ele>
      </trkpt>
      <trkpt lat="50.10181843708997" lon="-122.95333542317664">
        <ele>963.033</ele>
      </trkpt>
      <trkpt lat="50.10181735784321" lon="-122.95332736319808">
        <ele>963.033</ele>
      </trkpt>
      <trkpt lat="50.10181597664629" lon="-122.95331941602782">
        <ele>963.033</ele>
      </trkpt>
      <trkpt lat="50.10181429827328" lon="-122.95331160913501">
        <ele>963.033</ele>
      </trkpt>
      <trkpt lat="50.10181232852543" lon="-122.953303969504">
        <ele>963.033</ele>
      </trkpt>
      <trkpt lat="50.10181007421114" lon="-122.95329652354098">
        <ele>963.033</ele>
      </trkpt>
      <trkpt lat="50.10180754312236" lon="-122.95328929698272">
        <ele>963.033</ele>
      </trkpt>
      <trkpt lat="50.10180474400776" lon="-122.95328231480764">
        <ele>963.033</ele>
      </trkpt>
      <trkpt lat="50.101864744007756" lon="-122.95324231471034">
        <ele>962.464</ele>
      </trkpt>
      <trkpt lat="50.10186682812974" lon="-122.95324742451406">
        <ele>962.464</ele>
      </trkpt>
      <trkpt lat="50.10186876862357" lon="-122.95325266999573">
        <ele>962.464</ele>
      </trkpt>
      <trkpt lat="50.10187056186154" lon="-122.95325804134906">
        <ele>962.464</ele>
      </trkpt>
      <trkpt lat="50.10187220449124" lon="-122.95326352853246">
        <ele>962.464</ele>
      </trkpt>
      <trkpt lat="50.101873693441824" lon="-122.95326912128776">
        <ele>962.464</ele>
      </trkpt>
      <trkpt lat="50.10187502592973" lon="-122.95327480915947">
        <ele>962.464</ele>
      </trkpt>
      <trkpt lat="50.101876199463916" lon="-122.95328058151425">
        <ele>962.464</ele>
      </trkpt>
      <trkpt lat="50.101877211850486" lon="-122.95328642756085">
        <ele>962.464</ele>
      </trkpt>
      <trkpt lat="50.10187806119681" lon="-122.95329233637025">
        <ele>962.464</ele>
      </trkpt>
      <trkpt lat="50.10187874591506" lon="-122.95329829689607">
        <ele>962.464</ele>
      </trkpt>
      <trkpt lat="50.10238874591506" lon="-122.95321829666499">
        <ele>961.266</ele>
      </trkpt>
      <trkpt lat="50.102389437308446" lon="-122.95322690055062">
        <ele>961.266</ele>
      </trkpt>
      <trkpt lat="50.102389785854044" lon="-122.9532355546515">
        <ele>961.266</ele>
      </trkpt>
      <trkpt lat="50.10238979021574" lon="-122.95324422579313">
        <ele>961.266</ele>
      </trkpt>
      <trkpt lat="50.10238945037681" lon="-122.95325288073565">
        <ele>961.266</ele>
      </trkpt>
      <trkpt lat="50.102388767639994" lon="-122.95326148630133">
        <ele>961.266</ele>
      </trkpt>
      <trkpt lat="50.102387744622476" lon="-122.95327000950171">
        <ele>961.266</ele>
      </trkpt>
      <trkpt lat="50.102386385245886" lon="-122.95327841766407">
        <ele>961.266</ele>
      </trkpt>
      <trkpt lat="50.10238469472124" lon="-122.95328667855665">
        <ele>961.266</ele>
      </trkpt>
      <trkpt lat="50.102382679528965" lon="-122.95329476051228">
        <ele>961.266</ele>
      </trkpt>
      <trkpt lat="50.10238034739408" lon="-122.95330263254968">
        <ele>961.266</ele>
      </trkpt>
      <trkpt lat="50.10242034739408" lon="-122.95332263260198">
        <ele>960.784</ele>
      </trkpt>
      <trkpt lat="50.10241707268704" lon="-122.95333194330708">
        <ele>960.784</ele>
      </trkpt>
      <trkpt lat="50.10241335491906" lon="-122.95334084043805">
        <ele>960.784</ele>
      </trkpt>
      <trkpt lat="50.10240921546214" lon="-122.95334927284874">
        <ele>960.784</ele>
      </trkpt>
      <trkpt lat="50.102404678112414" lon="-122.95335719206449">
        <ele>960.784</ele>
      </trkpt>
      <trkpt lat="50.10239976895334" lon="-122.95336455256083">
        <ele>960.784</ele>
      </trkpt>
      <trkpt lat="50.10239451620577" lon="-122.95337131202508">
        <ele>960.784</ele>
      </trkpt>
      <trkpt lat="50.10238895006571" lon="-122.95337743159976">
        <ele>960.784</ele>
      </trkpt>
      <trkpt lat="50.10238310253073" lon="-122.95338287610578">
        <ele>960.784</ele>
      </trkpt>
      <trkpt lat="50.10237700721604" lon="-122.95338761424479">
        <ele>960.784</ele>
      </trkpt>
      <trkpt lat="50.10237069916125" lon="-122.95339161877908">
        <ele>960.784</ele>
      </trkpt>
      <trkpt lat="50.10238" lon="-122.95337">
        <ele>957.29</ele>
      </trkpt>
      <trkpt lat="50.102418407093616" lon="-122.9535328639514">
        <ele>956.538</ele>
      </trkpt>
      <trkpt lat="50.102423084924204" lon="-122.95353020622771">
        <ele>956.538</ele>
      </trkpt>
      <trkpt lat="50.102427661125134" lon="-122.95352714853895">
        <ele>956.538</ele>
      </trkpt>
      <trkpt lat="50.102432121639325" lon="-122.95352370027769">
        <ele>956.538</ele>
      </trkpt>
      <trkpt lat="50.10243645276505" lon="-122.95351987203622">
        <ele>956.538</ele>
      </trkpt>
      <trkpt lat="50.10244064119804" lon="-122.95351567557405">
        <ele>956.538</ele>
      </trkpt>
      <trkpt lat="50.10244467407233" lon="-122.95351112378182">
        <ele>956.538</ele>
      </trkpt>
      <trkpt lat="50.10244853899983" lon="-122.95350623064164">
        <ele>956.538</ele>
      </trkpt>
      <trkpt lat="50.102452224108326" lon="-122.95350101118414">
        <ele>956.538</ele>
      </trkpt>
      <trkpt lat="50.10245571807796" lon="-122.95349548144237">
        <ele>956.538</ele>
      </trkpt>
      <trkpt lat="50.102459010176034" lon="-122.95348965840249">
        <ele>956.538</ele>
      </trkpt>
      <trkpt lat="50.102579010176036" lon="-122.9535896586271">
        <ele>955.196</ele>
      </trkpt>
      <trkpt lat="50.10257658045977" lon="-122.95359401827193">
        <ele>955.196</ele>
      </trkpt>
      <trkpt lat="50.102574037517925" lon="-122.95359821803092">
        <ele>955.196</ele>
      </trkpt>
      <trkpt lat="50.10257138567499" lon="-122.95360225076202">
        <ele>955.196</ele>
      </trkpt>
      <trkpt lat="50.10256862944064" lon="-122.95360610960725">
        <ele>955.196</ele>
      </trkpt>
      <trkpt lat="50.10256577350208" lon="-122.95360978800433">
        <ele>955.196</ele>
      </trkpt>
      <trkpt lat="50.10256282271607" lon="-122.95361327969783">
        <ele>955.196</ele>
      </trkpt>
      <trkpt lat="50.102559782100656" lon="-122.95361657874983">
        <ele>955.196</ele>
      </trkpt>
      <trkpt lat="50.10255665682667" lon="-122.95361967955004">
        <ele>955.196</ele>
      </trkpt>
      <trkpt lat="50.102553452208895" lon="-122.95362257682528">
        <ele>955.196</ele>
      </trkpt>
      <trkpt lat="50.10255017369705" lon="-122.95362526564848">
        <ele>955.196</ele>
      </trkpt>
      <trkpt lat="50.10256017369704" lon="-122.95364526567464">
        <ele>954.669</ele>
      </trkpt>
      <trkpt lat="50.102556406571104" lon="-122.9536480339737">
        <ele>954.669</ele>
      </trkpt>
      <trkpt lat="50.102552561196305" lon="-122.95365052708858">
        <ele>954.669</ele>
      </trkpt>
      <trkpt lat="50.10254864583753" lon="-122.95365273966082">
        <ele>954.669</ele>
      </trkpt>
      <trkpt lat="50.102544668910085" lon="-122.95365466693491">
        <ele>954.669</ele>
      </trkpt>
      <trkpt lat="50.1025406389616" lon="-122.95365630476854">
        <ele>954.669</ele>
      </trkpt>
      <trkpt lat="50.102536564653676" lon="-122.95365764964153">
        <ele>954.669</ele>
      </trkpt>
      <trkpt lat="50.10253245474324" lon="-122.95365869866332">
        <ele>954.669</ele>
      </trkpt>
      <trkpt lat="50.102528318063754" lon="-122.95365944957923">
        <ele>954.669</ele>
      </trkpt>
      <trkpt lat="50.1025241635062" lon="-122.95365990077534">
        <ele>954.669</ele>
      </trkpt>
      <trkpt lat="50.10252" lon="-122.95366005128186">
        <ele>954.669</ele>
      </trkpt>
      <trkpt lat="50.10252" lon="-122.95369005128187">
        <ele>951.156</ele>
      </trkpt>
      <trkpt lat="50.10251295193175" lon="-122.9536896195505">
        <ele>951.156</ele>
      </trkpt>
      <trkpt lat="50.102505947317184" lon="-122.95368832701818">
        <ele>951.156</ele>
      </trkpt>
      <trkpt lat="50.102499029342084" lon="-122.95368618165381">
        <ele>951.156</ele>
      </trkpt>
      <trkpt lat="50.10249224065806" lon="-122.95368319668424">
        <ele>951.156</ele>
      </trkpt>
      <trkpt lat="50.10248562311961" lon="-122.95367939051282">
        <ele>951.156</ele>
      </trkpt>
      <trkpt lat="50.10247921752607" lon="-122.95367478660586">
        <ele>951.156</ele>
      </trkpt>
      <trkpt lat="50.10247306337003" lon="-122.95366941334798">
        <ele>951.156</ele>
      </trkpt>
      <trkpt lat="50.10246719859393" lon="-122.9536633038671">
        <ele>951.156</ele>
      </trkpt>
      <trkpt lat="50.102461659356045" lon="-122.95365649583022">
        <ele>951.156</ele>
      </trkpt>
      <trkpt lat="50.10245647980764" lon="-122.95364903121111">
        <ele>951.156</ele>
      </trkpt>
      <trkpt lat="50.10243647980764" lon="-122.95366903116975">
        <ele>950.694</ele>
      </trkpt>
      <trkpt lat="50.10243342103014" lon="-122.9536640208168">
        <ele>950.694</ele>
      </trkpt>
      <trkpt lat="50.10243052465771" lon="-122.9536587811203">
        <ele>950.694</ele>
      </trkpt>
      <trkpt lat="50.10242779775542" lon="-122.95365332486136">
        <ele>950.694</ele>
      </trkpt>
      <trkpt lat="50.10242524697496" lon="-122.95364766534937">
        <ele>950.694</ele>
      </trkpt>
      <trkpt lat="50.10242287853842" lon="-122.95364181638948">
        <ele>950.694</ele>
      </trkpt>
      <trkpt lat="50.102420698223085" lon="-122.95363579224895">
        <ele>950.694</ele>
      </trkpt>
      <trkpt lat="50.10241871134736" lon="-122.9536296076224">
        <ele>950.694</ele>
      </trkpt>
      <trkpt lat="50.10241692275782" lon="-122.95362327759588">
        <ele>950.694</ele>
      </trkpt>
      <trkpt lat="50.102415336817316" lon="-122.95361681761014">
        <ele>950.694</ele>
      </trkpt>
      <trkpt lat="50.102413957394425" lon="-122.9536102434229">
        <ele>950.694</ele>
      </trkpt>
      <trkpt lat="50.10231395739443" lon="-122.9536402433389">
        <ele>949.79</ele>
      </trkpt>
      <trkpt lat="50.102316346673085" lon="-122.95365103945856">
        <ele>949.79</ele>
      </trkpt>
      <trkpt lat="50.102319292233375" lon="-122.95366149617375">
        <ele>949.79</ele>
      </trkpt>
      <trkpt lat="50.102322774487796" lon="-122.95367154394893">
        <ele>949.79</ele>
      </trkpt>
      <trkpt lat="50.10232677027989" lon="-122.95368111596795">
        <ele>949.79</ele>
      </trkpt>
      <trkpt lat="50.10233125303826" lon="-122.95369014857837">
        <ele>949.79</ele>
      </trkpt>
      <trkpt lat="50.10233619295325" lon="-122.95369858171473">
        <ele>949.79</ele>
      </trkpt>
      <trkpt lat="50.10234155717521" lon="-122.953706359298">
        <ele>949.79</ele>
      </trkpt>
      <trkpt lat="50.10234731003288" lon="-122.95371342960841">
        <ele>949.79</ele>
      </trkpt>
      <trkpt lat="50.102353413270656" lon="-122.95371974562956">
        <ele>949.79</ele>
      </trkpt>
      <trkpt lat="50.10235982630296" lon="-122.95372526536083">
        <ele>949.79</ele>
      </trkpt>
      <trkpt lat="50.102349826302955" lon="-122.95374526533469">
        <ele>949.32</ele>
      </trkpt>
      <trkpt lat="50.102355792616514" lon="-122.9537494993032">
        <ele>949.32</ele>
      </trkpt>
      <trkpt lat="50.10236194109021" lon="-122.95375304366588">
        <ele>949.32</ele>
      </trkpt>
      <trkpt lat="50.10236823898238" lon="-122.95375587954838">
        <ele>949.32</ele>
      </trkpt>
      <trkpt lat="50.10237465275568" lon="-122.95375799184914">
        <ele>949.32</ele>
      </trkpt>
      <trkpt lat="50.10238114825567" lon="-122.9537593693198">
        <ele>949.32</ele>
      </trkpt>
      <trkpt lat="50.1023876908927" lon="-122.9537600046251">
        <ele>949.32</ele>
      </trkpt>
      <trkpt lat="50.10239424582612" lon="-122.95375989438192">
        <ele>949.32</ele>
      </trkpt>
      <trkpt lat="50.10240077814979" lon="-122.95375903917734">
        <ele>949.32</ele>
      </trkpt>
      <trkpt lat="50.102407253077985" lon="-122.95375744356545">
        <ele>949.32</ele>
      </trkpt>
      <trkpt lat="50.1024136361306" lon="-122.95375511604317">
        <ele>949.32</ele>
      </trkpt>
      <trkpt lat="50.1024436361306" lon="-122.95386511612779">
        <ele>944.813</ele>
      </trkpt>
      <trkpt lat="50.102441320530865" lon="-122.95386604925757">
        <ele>944.813</ele>
      </trkpt>
      <trkpt lat="50.10243898981786" lon="-122.95386688594752">
        <ele>944.813</ele>
      </trkpt>
      <trkpt lat="50.10243664564374" lon="-122.95386762560456">
        <ele>944.813</ele>
      </trkpt>
      <trkpt lat="50.1024342896702" lon="-122.95386826770435">
        <ele>944.813</ele>
      </trkpt>
      <trkpt lat="50.10243192356729" lon="-122.95386881179174">
        <ele>944.813</ele>
      </trkpt>
      <trkpt lat="50.10242954901224" lon="-122.95386925748105">
        <ele>944.813</ele>
      </trkpt>
      <trkpt lat="50.10242716768828" lon="-122.95386960445634">
        <ele>944.813</ele>
      </trkpt>
      <trkpt lat="50.10242478128344" lon="-122.95386985247168">
        <ele>944.813</ele>
      </trkpt>
      <trkpt lat="50.102422391489334" lon="-122.95387000135125">
        <ele>944.813</ele>
      </trkpt>
      <trkpt lat="50.10242" lon="-122.9538700509895">
        <ele>944.813</ele>
      </trkpt>
      <trkpt lat="50.10242" lon="-122.9539200509895">
        <ele>944.351</ele>
      </trkpt>
      <trkpt lat="50.10242970150309" lon="-122.95391923186003">
        <ele>944.351</ele>
      </trkpt>
      <trkpt lat="50.10243928952199" lon="-122.9539167840535">
        <ele>944.351</ele>
      </trkpt>
      <trkpt lat="50.102448651899984" lon="-122.95391273620334">
        <ele>944.351</ele>
      </trkpt>
      <trkpt lat="50.10245767911983" lon="-122.9539071356596">
        <ele>944.351</ele>
      </trkpt>
      <trkpt lat="50.102466265584816" lon="-122.95390004793518">
        <ele>944.351</ele>
      </trkpt>
      <trkpt lat="50.10247431085401" lon="-122.95389155593935">
        <ele>944.351</ele>
      </trkpt>
      <trkpt lat="50.102481720817146" lon="-122.953881759008">
        <ele>944.351</ele>
      </trkpt>
      <trkpt lat="50.10248840879554" lon="-122.95387077174159">
        <ele>944.351</ele>
      </trkpt>
      <trkpt lat="50.10249429655595" lon="-122.95385872266465">
        <ele>944.351</ele>
      </trkpt>
      <trkpt lat="50.10249931522579" lon="-122.95384575272234">
        <ele>944.351</ele>
      </trkpt>
      <trkpt lat="50.10250340609872" lon="-122.95383201363171">
        <ele>944.351</ele>
      </trkpt>
      <trkpt lat="50.102603406098716" lon="-122.9538720137403">
        <ele>943.802</ele>
      </trkpt>
      <trkpt lat="50.10260537217969" lon="-122.95386357597678">
        <ele>943.802</ele>
      </trkpt>
      <trkpt lat="50.10260698748371" lon="-122.95385495916844">
        <ele>943.802</ele>
      </trkpt>
      <trkpt lat="50.10260824537384" lon="-122.95384619871997">
        <ele>943.802</ele>
      </trkpt>
      <trkpt lat="50.102609140681636" lon="-122.95383733062629">
        <ele>943.802</ele>
      </trkpt>
      <trkpt lat="50.10260966972848" lon="-122.95382839132456">
        <ele>943.802</ele>
      </trkpt>
      <trkpt lat="50.102609830340626" lon="-122.95381941754461">
        <ele>943.802</ele>
      </trkpt>
      <trkpt lat="50.10260962185814" lon="-122.95381044615785">
        <ele>943.802</ele>
      </trkpt>
      <trkpt lat="50.10260904513764" lon="-122.95380151402587">
        <ele>943.802</ele>
      </trkpt>
      <trkpt lat="50.10260810254876" lon="-122.95379265784901">
        <ele>943.802</ele>
      </trkpt>
      <trkpt lat="50.10260679796439" lon="-122.9537839140155">
        <ele>943.802</ele>
      </trkpt>
      <trkpt lat="50.102756797964396" lon="-122.9537439139025">
        <ele>944.388</ele>
      </trkpt>
      <trkpt lat="50.102758748753914" lon="-122.95375832473152">
        <ele>944.388</ele>
      </trkpt>
      <trkpt lat="50.10275971804626" lon="-122.95377297527338">
        <ele>944.388</ele>
      </trkpt>
      <trkpt lat="50.10275969512175" lon="-122.95378770350365">
        <ele>944.388</ele>
      </trkpt>
      <trkpt lat="50.102758680233904" lon="-122.95380234653872">
        <ele>944.388</ele>
      </trkpt>
      <trkpt lat="50.102756684606675" lon="-122.95381674243721">
        <ele>944.388</ele>
      </trkpt>
      <trkpt lat="50.10275373031023" lon="-122.95383073199085">
        <ele>944.388</ele>
      </trkpt>
      <trkpt lat="50.102749850016984" lon="-122.95384416048526">
        <ele>944.388</ele>
      </trkpt>
      <trkpt lat="50.10274508664016" lon="-122.95385687941102">
        <ele>944.388</ele>
      </trkpt>
      <trkpt lat="50.102739492859286" lon="-122.95386874810596">
        <ele>944.388</ele>
      </trkpt>
      <trkpt lat="50.10273313053752" lon="-122.9538796353109">
        <ele>944.388</ele>
      </trkpt>
      <trkpt lat="50.10272607003757" lon="-122.95388942062118">
        <ele>944.388</ele>
      </trkpt>
      <trkpt lat="50.10271838944346" lon="-122.95389799581834">
        <ele>944.388</ele>
      </trkpt>
      <trkpt lat="50.10271017369703" lon="-122.9539052660669">
        <ele>944.388</ele>
      </trkpt>
      <trkpt lat="50.10272017369702" lon="-122.95392526609305">
        <ele>944.537</ele>
      </trkpt>
      <trkpt lat="50.10271511609755" lon="-122.95392890753615">
        <ele>944.537</ele>
      </trkpt>
      <trkpt lat="50.10270992344645" lon="-122.95393205321878">
        <ele>944.537</ele>
      </trkpt>
      <trkpt lat="50.10270461571393" lon="-122.95393469104307">
        <ele>944.537</ele>
      </trkpt>
      <trkpt lat="50.102699213312796" lon="-122.95393681086433">
        <ele>944.537</ele>
      </trkpt>
      <trkpt lat="50.102693737019926" lon="-122.95393840453">
        <ele>944.537</ele>
      </trkpt>
      <trkpt lat="50.10268820789639" lon="-122.9539394659111">
        <ele>944.537</ele>
      </trkpt>
      <trkpt lat="50.10268264720642" lon="-122.95393999092568">
        <ele>944.537</ele>
      </trkpt>
      <trkpt lat="50.102677076335674" lon="-122.9539399775546">
        <ele>944.537</ele>
      </trkpt>
      <trkpt lat="50.102671516708924" lon="-122.95393942584928">
        <ele>944.537</ele>
      </trkpt>
      <trkpt lat="50.10266598970774" lon="-122.95393833793153">
        <ele>944.537</ele>
      </trkpt>
      <trkpt lat="50.102635989707736" lon="-122.9541283378449">
        <ele>943.608</ele>
      </trkpt>
      <trkpt lat="50.10264151670893" lon="-122.95412942576198">
        <ele>943.608</ele>
      </trkpt>
      <trkpt lat="50.10264707633568" lon="-122.95412997746693">
        <ele>943.608</ele>
      </trkpt>
      <trkpt lat="50.10265264720644" lon="-122.954129990838">
        <ele>943.608</ele>
      </trkpt>
      <trkpt lat="50.10265820789641" lon="-122.95412946582375">
        <ele>943.608</ele>
      </trkpt>
      <trkpt lat="50.10266373701995" lon="-122.95412840444332">
        <ele>943.608</ele>
      </trkpt>
      <trkpt lat="50.10266921331282" lon="-122.95412681077865">
        <ele>943.608</ele>
      </trkpt>
      <trkpt lat="50.10267461571396" lon="-122.95412469095871">
        <ele>943.608</ele>
      </trkpt>
      <trkpt lat="50.10267992344649" lon="-122.95412205313606">
        <ele>943.608</ele>
      </trkpt>
      <trkpt lat="50.10268511609759" lon="-122.9541189074554">
        <ele>943.608</ele>
      </trkpt>
      <trkpt lat="50.10269017369706" lon="-122.95411526601457">
        <ele>943.608</ele>
      </trkpt>
      <trkpt lat="50.102700173697066" lon="-122.95413526604072">
        <ele>942.705</ele>
      </trkpt>
      <trkpt lat="50.10270830866404" lon="-122.95412807621986">
        <ele>942.705</ele>
      </trkpt>
      <trkpt lat="50.10271592014329" lon="-122.95411960688831">
        <ele>942.705</ele>
      </trkpt>
      <trkpt lat="50.10272292565445" lon="-122.95410994982238">
        <ele>942.705</ele>
      </trkpt>
      <trkpt lat="50.10272924928361" lon="-122.95409920966904">
        <ele>942.705</ele>
      </trkpt>
      <trkpt lat="50.10273482250597" lon="-122.95408750281194">
        <ele>942.705</ele>
      </trkpt>
      <trkpt lat="50.10273958492835" lon="-122.95407495611023">
        <ele>942.705</ele>
      </trkpt>
      <trkpt lat="50.10274348494366" lon="-122.95406170552387">
        <ele>942.705</ele>
      </trkpt>
      <trkpt lat="50.10274648029011" lon="-122.95404789464037">
        <ele>942.705</ele>
      </trkpt>
      <trkpt lat="50.1027485385092" lon="-122.95403367311872">
        <ele>942.705</ele>
      </trkpt>
      <trkpt lat="50.102749637297435" lon="-122.9540191950678">
        <ele>942.705</ele>
      </trkpt>
      <trkpt lat="50.10274976474799" lon="-122.95400461737624">
        <ele>942.705</ele>
      </trkpt>
      <trkpt lat="50.10300976474799" lon="-122.95399461734704">
        <ele>941.859</ele>
      </trkpt>
      <trkpt lat="50.1030095368558" lon="-122.95398867330442">
        <ele>941.859</ele>
      </trkpt>
      <trkpt lat="50.10300914710599" lon="-122.95398274973734">
        <ele>941.859</ele>
      </trkpt>
      <trkpt lat="50.10300859620311" lon="-122.9539768573539">
        <ele>941.859</ele>
      </trkpt>
      <trkpt lat="50.10300788514304" lon="-122.95397100680589">
        <ele>941.859</ele>
      </trkpt>
      <trkpt lat="50.10300701521118" lon="-122.95396520866949">
        <ele>941.859</ele>
      </trkpt>
      <trkpt lat="50.10300598798012" lon="-122.9539594734261">
        <ele>941.859</ele>
      </trkpt>
      <trkpt lat="50.10300480530681" lon="-122.95395381144343">
        <ele>941.859</ele>
      </trkpt>
      <trkpt lat="50.103003469329195" lon="-122.95394823295676">
        <ele>941.859</ele>
      </trkpt>
      <trkpt lat="50.10300198246234" lon="-122.95394274805047">
        <ele>941.859</ele>
      </trkpt>
      <trkpt lat="50.103000347394094" lon="-122.95393736663969">
        <ele>941.859</ele>
      </trkpt>
      <trkpt lat="50.1030403473941" lon="-122.9539173665874">
        <ele>941.439</ele>
      </trkpt>
      <trkpt lat="50.10303974785704" lon="-122.95391553102428">
        <ele>941.439</ele>
      </trkpt>
      <trkpt lat="50.103039131069195" lon="-122.95391370940686">
        <ele>941.439</ele>
      </trkpt>
      <trkpt lat="50.103038497164" lon="-122.95391190212919">
        <ele>941.439</ele>
      </trkpt>
      <trkpt lat="50.10303784627856" lon="-122.95391010958222">
        <ele>941.439</ele>
      </trkpt>
      <trkpt lat="50.10303717855369" lon="-122.9539083321537">
        <ele>941.439</ele>
      </trkpt>
      <trkpt lat="50.103036494133825" lon="-122.95390657022813">
        <ele>941.439</ele>
      </trkpt>
      <trkpt lat="50.10303579316702" lon="-122.95390482418662">
        <ele>941.439</ele>
      </trkpt>
      <trkpt lat="50.10303507580489" lon="-122.95390309440688">
        <ele>941.439</ele>
      </trkpt>
      <trkpt lat="50.10303434220262" lon="-122.9539013812631">
        <ele>941.439</ele>
      </trkpt>
      <trkpt lat="50.10303359251891" lon="-122.95389968512585">
        <ele>941.439</ele>
      </trkpt>
      <trkpt lat="50.10313359251891" lon="-122.95382968495817">
        <ele>939.304</ele>
      </trkpt>
      <trkpt lat="50.103132681518574" lon="-122.95382769319698">
        <ele>939.304</ele>
      </trkpt>
      <trkpt lat="50.1031317483434" lon="-122.95382572654728">
        <ele>939.304</ele>
      </trkpt>
      <trkpt lat="50.10313079327809" lon="-122.95382378560906">
        <ele>939.304</ele>
      </trkpt>
      <trkpt lat="50.103129816614036" lon="-122.95382187097452">
        <ele>939.304</ele>
      </trkpt>
      <trkpt lat="50.10312881864921" lon="-122.95381998322779">
        <ele>939.304</ele>
      </trkpt>
      <trkpt lat="50.10312779968809" lon="-122.95381812294481">
        <ele>939.304</ele>
      </trkpt>
      <trkpt lat="50.103126760041555" lon="-122.95381629069317">
        <ele>939.304</ele>
      </trkpt>
      <trkpt lat="50.103125700026794" lon="-122.95381448703185">
        <ele>939.304</ele>
      </trkpt>
      <trkpt lat="50.10312461996722" lon="-122.95381271251117">
        <ele>939.304</ele>
      </trkpt>
      <trkpt lat="50.103123520192355" lon="-122.9538109676725">
        <ele>939.304</ele>
      </trkpt>
      <trkpt lat="50.10315352019236" lon="-122.95378096761048">
        <ele>937.936</ele>
      </trkpt>
      <trkpt lat="50.103151762580715" lon="-122.95377830117988">
        <ele>937.936</ele>
      </trkpt>
      <trkpt lat="50.10314995893796" lon="-122.95377571054453">
        <ele>937.936</ele>
      </trkpt>
      <trkpt lat="50.103148110608345" lon="-122.95377319763519">
        <ele>937.936</ele>
      </trkpt>
      <trkpt lat="50.10314621896939" lon="-122.95377076432472">
        <ele>937.936</ele>
      </trkpt>
      <trkpt lat="50.10314428543094" lon="-122.95376841242664">
        <ele>937.936</ele>
      </trkpt>
      <trkpt lat="50.103142311434034" lon="-122.9537661436938">
        <ele>937.936</ele>
      </trkpt>
      <trkpt lat="50.10314029844987" lon="-122.95376395981705">
        <ele>937.936</ele>
      </trkpt>
      <trkpt lat="50.10313824797872" lon="-122.95376186242405">
        <ele>937.936</ele>
      </trkpt>
      <trkpt lat="50.103136161548775" lon="-122.95375985307794">
        <ele>937.936</ele>
      </trkpt>
      <trkpt lat="50.10313404071503" lon="-122.95375793327628">
        <ele>937.936</ele>
      </trkpt>
      <trkpt lat="50.10322404071503" lon="-122.95359793304694">
        <ele>937.01</ele>
      </trkpt>
      <trkpt lat="50.10322616154877" lon="-122.95359985285221">
        <ele>937.01</ele>
      </trkpt>
      <trkpt lat="50.10322824797872" lon="-122.95360186220209">
        <ele>937.01</ele>
      </trkpt>
      <trkpt lat="50.103230298449866" lon="-122.95360395959904">
        <ele>937.01</ele>
      </trkpt>
      <trkpt lat="50.10323231143403" lon="-122.95360614347987">
        <ele>937.01</ele>
      </trkpt>
      <trkpt lat="50.10323428543093" lon="-122.95360841221698">
        <ele>937.01</ele>
      </trkpt>
      <trkpt lat="50.103236218969386" lon="-122.95361076411947">
        <ele>937.01</ele>
      </trkpt>
      <trkpt lat="50.10323811060833" lon="-122.9536131974345">
        <ele>937.01</ele>
      </trkpt>
      <trkpt lat="50.10323995893795" lon="-122.95361571034857">
        <ele>937.01</ele>
      </trkpt>
      <trkpt lat="50.103241762580694" lon="-122.9536183009888">
        <ele>937.01</ele>
      </trkpt>
      <trkpt lat="50.103243520192336" lon="-122.95362096742438">
        <ele>937.01</ele>
      </trkpt>
      <trkpt lat="50.103263520192336" lon="-122.95360096738304">
        <ele>936.185</ele>
      </trkpt>
      <trkpt lat="50.1032697166996" lon="-122.95361167866626">
        <ele>936.185</ele>
      </trkpt>
      <trkpt lat="50.10327517369573" lon="-122.95362332680693">
        <ele>936.185</ele>
      </trkpt>
      <trkpt lat="50.10327983329633" lon="-122.95363578824889">
        <ele>936.185</ele>
      </trkpt>
      <trkpt lat="50.103283646075255" lon="-122.95364893080891">
        <ele>936.185</ele>
      </trkpt>
      <trkpt lat="50.10328657158895" lon="-122.95366261507897">
        <ele>936.185</ele>
      </trkpt>
      <trkpt lat="50.10328857880539" lon="-122.95367669590489">
        <ele>936.185</ele>
      </trkpt>
      <trkpt lat="50.103289646433275" lon="-122.95369102392607">
        <ele>936.185</ele>
      </trkpt>
      <trkpt lat="50.10328976314788" lon="-122.95370544715982">
        <ele>936.185</ele>
      </trkpt>
      <trkpt lat="50.10328892771116" lon="-122.95371981261351">
        <ele>936.185</ele>
      </trkpt>
      <trkpt lat="50.10328714898492" lon="-122.95373396790738">
        <ele>936.185</ele>
      </trkpt>
      <trkpt lat="50.10332714898492" lon="-122.95374396793575">
        <ele>931.854</ele>
      </trkpt>
      <trkpt lat="50.10332584490293" lon="-122.95375125754593">
        <ele>931.854</ele>
      </trkpt>
      <trkpt lat="50.10332429016915" lon="-122.95375842669142">
        <ele>931.854</ele>
      </trkpt>
      <trkpt lat="50.1033224893231" lon="-122.95376545443962">
        <ele>931.854</ele>
      </trkpt>
      <trkpt lat="50.10332044762294" lon="-122.95377232027073">
        <ele>931.854</ele>
      </trkpt>
      <trkpt lat="50.103318171030075" lon="-122.95377900413779">
        <ele>931.854</ele>
      </trkpt>
      <trkpt lat="50.10331566619174" lon="-122.95378548652505">
        <ele>931.854</ele>
      </trkpt>
      <trkpt lat="50.103312940421624" lon="-122.95379174850514">
        <ele>931.854</ele>
      </trkpt>
      <trkpt lat="50.10331000167849" lon="-122.95379777179417">
        <ele>931.854</ele>
      </trkpt>
      <trkpt lat="50.10330685854293" lon="-122.9538035388052">
        <ele>931.854</ele>
      </trkpt>
      <trkpt lat="50.103303520192355" lon="-122.95380903269962">
        <ele>931.854</ele>
      </trkpt>
      <trkpt lat="50.103323520192355" lon="-122.95382903274097">
        <ele>931.429</ele>
      </trkpt>
      <trkpt lat="50.10332050788672" lon="-122.95383351629958">
        <ele>931.429</ele>
      </trkpt>
      <trkpt lat="50.103317365531126" lon="-122.95383777736998">
        <ele>931.429</ele>
      </trkpt>
      <trkpt lat="50.10331409987945" lon="-122.95384180679385">
        <ele>931.429</ele>
      </trkpt>
      <trkpt lat="50.10331071795058" lon="-122.95384559591069">
        <ele>931.429</ele>
      </trkpt>
      <trkpt lat="50.10330722701331" lon="-122.95384913657655">
        <ele>931.429</ele>
      </trkpt>
      <trkpt lat="50.10330363457074" lon="-122.95385242118147">
        <ele>931.429</ele>
      </trkpt>
      <trkpt lat="50.10329994834413" lon="-122.9538554426658">
        <ele>931.429</ele>
      </trkpt>
      <trkpt lat="50.1032961762563" lon="-122.95385819453546">
        <ele>931.429</ele>
      </trkpt>
      <trkpt lat="50.10329232641463" lon="-122.95386067087583">
        <ele>931.429</ele>
      </trkpt>
      <trkpt lat="50.1032884070936" lon="-122.9538628663645">
        <ele>931.429</ele>
      </trkpt>
      <trkpt lat="50.10328" lon="-122.95379">
        <ele>931.003</ele>
      </trkpt>
      <trkpt lat="50.10332178724623" lon="-122.95400587191315">
        <ele>930.577</ele>
      </trkpt>
      <trkpt lat="50.10331922864039" lon="-122.95400680740072">
        <ele>930.577</ele>
      </trkpt>
      <trkpt lat="50.103316653577465" lon="-122.9540076257999">
        <ele>930.577</ele>
      </trkpt>
      <trkpt lat="50.10331406426137" lon="-122.95400832641027">
        <ele>930.577</ele>
      </trkpt>
      <trkpt lat="50.10331146290819" lon="-122.95400890863223">
        <ele>930.577</ele>
      </trkpt>
      <trkpt lat="50.10330885174434" lon="-122.95400937196744">
        <ele>930.577</ele>
      </trkpt>
      <trkpt lat="50.1033062330046" lon="-122.95400971601937">
        <ele>930.577</ele>
      </trkpt>
      <trkpt lat="50.103303608930275" lon="-122.95400994049355">
        <ele>930.577</ele>
      </trkpt>
      <trkpt lat="50.1033009817672" lon="-122.95401004519786">
        <ele>930.577</ele>
      </trkpt>
      <trkpt lat="50.103298353763854" lon="-122.95401003004271">
        <ele>930.577</ele>
      </trkpt>
      <trkpt lat="50.103295727169474" lon="-122.95400989504104">
        <ele>930.577</ele>
      </trkpt>
      <trkpt lat="50.10328572716948" lon="-122.95421989501183">
        <ele>929.863</ele>
      </trkpt>
      <trkpt lat="50.10328904334026" lon="-122.954220045591">
        <ele>929.863</ele>
      </trkpt>
      <trkpt lat="50.10329236081586" lon="-122.9542200051594">
        <ele>929.863</ele>
      </trkpt>
      <trkpt lat="50.10329567507149" lon="-122.95421977377218">
        <ele>929.863</ele>
      </trkpt>
      <trkpt lat="50.10329898158679" lon="-122.95421935174494">
        <ele>929.863</ele>
      </trkpt>
      <trkpt lat="50.10330227585194" lon="-122.95421873965327">
        <ele>929.863</ele>
      </trkpt>
      <trkpt lat="50.10330555337382" lon="-122.95421793833204">
        <ele>929.863</ele>
      </trkpt>
      <trkpt lat="50.103308809682176" lon="-122.95421694887416">
        <ele>929.863</ele>
      </trkpt>
      <trkpt lat="50.10331204033565" lon="-122.95421577262918">
        <ele>929.863</ele>
      </trkpt>
      <trkpt lat="50.10331524092791" lon="-122.95421441120142">
        <ele>929.863</ele>
      </trkpt>
      <trkpt lat="50.1033184070936" lon="-122.95421286644773">
        <ele>929.863</ele>
      </trkpt>
      <trkpt lat="50.1033284070936" lon="-122.95424286647547">
        <ele>929.148</ele>
      </trkpt>
      <trkpt lat="50.10333617625629" lon="-122.95423819464251">
        <ele>929.148</ele>
      </trkpt>
      <trkpt lat="50.10334363457073" lon="-122.9542324212837">
        <ele>929.148</ele>
      </trkpt>
      <trkpt lat="50.10335071795056" lon="-122.95422559600723">
        <ele>929.148</ele>
      </trkpt>
      <trkpt lat="50.10335736553111" lon="-122.95421777746">
        <ele>929.148</ele>
      </trkpt>
      <trkpt lat="50.10336352019234" lon="-122.9542090328237">
        <ele>929.148</ele>
      </trkpt>
      <trkpt lat="50.10336912904968" lon="-122.9541994372375">
        <ele>929.148</ele>
      </trkpt>
      <trkpt lat="50.10337414390845" lon="-122.95418907315252">
        <ele>929.148</ele>
      </trkpt>
      <trkpt lat="50.10337852167794" lon="-122.95417802962321">
        <ele>929.148</ele>
      </trkpt>
      <trkpt lat="50.103382224741715" lon="-122.95416640154225">
        <ele>929.148</ele>
      </trkpt>
      <trkpt lat="50.10338522128081" lon="-122.95415428882517">
        <ele>929.148</ele>
      </trkpt>
      <trkpt lat="50.10341522128081" lon="-122.95416428885291">
        <ele>926.249</ele>
      </trkpt>
      <trkpt lat="50.10341609101475" lon="-122.95415999167889">
        <ele>926.249</ele>
      </trkpt>
      <trkpt lat="50.10341687163201" lon="-122.95415565310769">
        <ele>926.249</ele>
      </trkpt>
      <trkpt lat="50.10341756232454" lon="-122.95415127763036">
        <ele>926.249</ele>
      </trkpt>
      <trkpt lat="50.10341816237738" lon="-122.95414686977614">
        <ele>926.249</ele>
      </trkpt>
      <trkpt lat="50.103418671169386" lon="-122.95414243410782">
        <ele>926.249</ele>
      </trkpt>
      <trkpt lat="50.10341908817389" lon="-122.95413797521695">
        <ele>926.249</ele>
      </trkpt>
      <trkpt lat="50.10341941295922" lon="-122.95413349771911">
        <ele>926.249</ele>
      </trkpt>
      <trkpt lat="50.103419645189184" lon="-122.95412900624919">
        <ele>926.249</ele>
      </trkpt>
      <trkpt lat="50.10341978462339" lon="-122.9541245054565">
        <ele>926.249</ele>
      </trkpt>
      <trkpt lat="50.1034198311175" lon="-122.95412">
        <ele>926.249</ele>
      </trkpt>
      <trkpt lat="50.1034298311175" lon="-122.95412">
        <ele>924.996</ele>
      </trkpt>
      <trkpt lat="50.10342964518919" lon="-122.95411099374893">
        <ele>924.996</ele>
      </trkpt>
      <trkpt lat="50.10342908817389" lon="-122.9541020247793">
        <ele>924.996</ele>
      </trkpt>
      <trkpt lat="50.103428162377384" lon="-122.95409313021825">
        <ele>924.996</ele>
      </trkpt>
      <trkpt lat="50.10342687163201" lon="-122.95408434688487">
        <ele>924.996</ele>
      </trkpt>
      <trkpt lat="50.103425221280816" lon="-122.95407571113785">
        <ele>924.996</ele>
      </trkpt>
      <trkpt lat="50.10342321815545" lon="-122.95406725872493">
        <ele>924.996</ele>
      </trkpt>
      <trkpt lat="50.10342087054786" lon="-122.95405902463494">
        <ele>924.996</ele>
      </trkpt>
      <trkpt lat="50.103418188175986" lon="-122.95405104295297">
        <ele>924.996</ele>
      </trkpt>
      <trkpt lat="50.103415182143536" lon="-122.95404334671925">
        <ele>924.996</ele>
      </trkpt>
      <trkpt lat="50.10341186489399" lon="-122.95403596779238">
        <ele>924.996</ele>
      </trkpt>
      <trkpt lat="50.10345186489399" lon="-122.9540059677222">
        <ele>923.916</ele>
      </trkpt>
      <trkpt lat="50.1034510928786" lon="-122.95400438637758">
        <ele>923.916</ele>
      </trkpt>
      <trkpt lat="50.103450306549064" lon="-122.95400282227077">
        <ele>923.916</ele>
      </trkpt>
      <trkpt lat="50.1034495060637" lon="-122.9540012757167">
        <ele>923.916</ele>
      </trkpt>
      <trkpt lat="50.10344869158368" lon="-122.95399974702678">
        <ele>923.916</ele>
      </trkpt>
      <trkpt lat="50.103447863273" lon="-122.95399823650878">
        <ele>923.916</ele>
      </trkpt>
      <trkpt lat="50.10344702129843" lon="-122.95399674446685">
        <ele>923.916</ele>
      </trkpt>
      <trkpt lat="50.103446165829496" lon="-122.95399527120138">
        <ele>923.916</ele>
      </trkpt>
      <trkpt lat="50.10344529703845" lon="-122.95399381700904">
        <ele>923.916</ele>
      </trkpt>
      <trkpt lat="50.10344441510021" lon="-122.95399238218258">
        <ele>923.916</ele>
      </trkpt>
      <trkpt lat="50.10344352019236" lon="-122.95399096701092">
        <ele>923.916</ele>
      </trkpt>
      <trkpt lat="50.103463520192356" lon="-122.95397096696958">
        <ele>923.506</ele>
      </trkpt>
      <trkpt lat="50.10346757735973" lon="-122.95397772501119">
        <ele>923.506</ele>
      </trkpt>
      <trkpt lat="50.10347133933638" lon="-122.95398488612743">
        <ele>923.506</ele>
      </trkpt>
      <trkpt lat="50.10347478968928" lon="-122.95399241903722">
        <ele>923.506</ele>
      </trkpt>
      <trkpt lat="50.10347791334663" lon="-122.95400029083537">
        <ele>923.506</ele>
      </trkpt>
      <trkpt lat="50.103480696663695" lon="-122.95400846713638">
        <ele>923.506</ele>
      </trkpt>
      <trkpt lat="50.103483127482434" lon="-122.9540169122246">
        <ele>923.506</ele>
      </trkpt>
      <trkpt lat="50.103485195184554" lon="-122.9540255892103">
        <ele>923.506</ele>
      </trkpt>
      <trkpt lat="50.10348689073795" lon="-122.95403446019075">
        <ele>923.506</ele>
      </trkpt>
      <trkpt lat="50.10348820673612" lon="-122.95404348641584">
        <ele>923.506</ele>
      </trkpt>
      <trkpt lat="50.103489137430536" lon="-122.95405262845729">
        <ele>923.506</ele>
      </trkpt>
      <trkpt lat="50.10356913743053" lon="-122.95404262842827">
        <ele>920.796</ele>
      </trkpt>
      <trkpt lat="50.10356980991014" lon="-122.95405695690823">
        <ele>920.796</ele>
      </trkpt>
      <trkpt lat="50.103569537345756" lon="-122.95407131740977">
        <ele>920.796</ele>
      </trkpt>
      <trkpt lat="50.103568322605504" lon="-122.95408555882145">
        <ele>920.796</ele>
      </trkpt>
      <trkpt lat="50.10356617847175" lon="-122.95409953128495">
        <ele>920.796</ele>
      </trkpt>
      <trkpt lat="50.1035631275066" lon="-122.95411308777206">
        <ele>920.796</ele>
      </trkpt>
      <trkpt lat="50.10355920181448" lon="-122.95412608563174">
        <ele>920.796</ele>
      </trkpt>
      <trkpt lat="50.10355444270432" lon="-122.95413838809122">
        <ele>920.796</ele>
      </trkpt>
      <trkpt lat="50.10354890025489" lon="-122.95414986569524">
        <ele>920.796</ele>
      </trkpt>
      <trkpt lat="50.1035426327878" lon="-122.95416039766828">
        <ele>920.796</ele>
      </trkpt>
      <trkpt lat="50.1035357062538" lon="-122.95416987318536">
        <ele>920.796</ele>
      </trkpt>
      <trkpt lat="50.10352819353883" lon="-122.95417819253838">
        <ele>920.796</ele>
      </trkpt>
      <trkpt lat="50.10352017369704" lon="-122.95418526818511">
        <ele>920.796</ele>
      </trkpt>
      <trkpt lat="50.10354017369704" lon="-122.95422526823742">
        <ele>919.464</ele>
      </trkpt>
      <trkpt lat="50.1035364065711" lon="-122.95422803659312">
        <ele>919.464</ele>
      </trkpt>
      <trkpt lat="50.1035325611963" lon="-122.95423052975902">
        <ele>919.464</ele>
      </trkpt>
      <trkpt lat="50.10352864583753" lon="-122.95423274237652">
        <ele>919.464</ele>
      </trkpt>
      <trkpt lat="50.10352466891008" lon="-122.95423466969004">
        <ele>919.464</ele>
      </trkpt>
      <trkpt lat="50.1035206389616" lon="-122.95423630755718">
        <ele>919.464</ele>
      </trkpt>
      <trkpt lat="50.103516564653674" lon="-122.95423765245768">
        <ele>919.464</ele>
      </trkpt>
      <trkpt lat="50.10351245474324" lon="-122.95423870150093">
        <ele>919.464</ele>
      </trkpt>
      <trkpt lat="50.10350831806375" lon="-122.9542394524322">
        <ele>919.464</ele>
      </trkpt>
      <trkpt lat="50.1035041635062" lon="-122.95423990363754">
        <ele>919.464</ele>
      </trkpt>
      <trkpt lat="50.1035" lon="-122.95424005414715">
        <ele>919.464</ele>
      </trkpt>
      <trkpt lat="50.1035" lon="-122.95432005414715">
        <ele>915.035</ele>
      </trkpt>
      <trkpt lat="50.1034977995494" lon="-122.9543200121228">
        <ele>915.035</ele>
      </trkpt>
      <trkpt lat="50.103495600419336" lon="-122.95431988607506">
        <ele>915.035</ele>
      </trkpt>
      <trkpt lat="50.10349340392953" lon="-122.95431967607949">
        <ele>915.035</ele>
      </trkpt>
      <trkpt lat="50.10349121139812" lon="-122.95431938226216">
        <ele>915.035</ele>
      </trkpt>
      <trkpt lat="50.103489024140885" lon="-122.95431900479939">
        <ele>915.035</ele>
      </trkpt>
      <trkpt lat="50.103486843470435" lon="-122.95431854391768">
        <ele>915.035</ele>
      </trkpt>
      <trkpt lat="50.10348467069542" lon="-122.95431799989363">
        <ele>915.035</ele>
      </trkpt>
      <trkpt lat="50.103482507119764" lon="-122.95431737305371">
        <ele>915.035</ele>
      </trkpt>
      <trkpt lat="50.10348035404185" lon="-122.95431666377411">
        <ele>915.035</ele>
      </trkpt>
      <trkpt lat="50.10347821275378" lon="-122.95431587248046">
        <ele>915.035</ele>
      </trkpt>
      <trkpt lat="50.10346821275378" lon="-122.95435587245211">
        <ele>914.746</ele>
      </trkpt>
      <trkpt lat="50.103467166624135" lon="-122.95435545426878">
        <ele>914.746</ele>
      </trkpt>
      <trkpt lat="50.10346612379467" lon="-122.95435501650776">
        <ele>914.746</ele>
      </trkpt>
      <trkpt lat="50.103465084416115" lon="-122.95435455923236">
        <ele>914.746</ele>
      </trkpt>
      <trkpt lat="50.10346404863869" lon="-122.95435408250863">
        <ele>914.746</ele>
      </trkpt>
      <trkpt lat="50.10346301661211" lon="-122.9543535864055">
        <ele>914.746</ele>
      </trkpt>
      <trkpt lat="50.103461988485535" lon="-122.95435307099467">
        <ele>914.746</ele>
      </trkpt>
      <trkpt lat="50.10346096440755" lon="-122.95435253635063">
        <ele>914.746</ele>
      </trkpt>
      <trkpt lat="50.10345994452619" lon="-122.95435198255065">
        <ele>914.746</ele>
      </trkpt>
      <trkpt lat="50.10345892898885" lon="-122.95435140967479">
        <ele>914.746</ele>
      </trkpt>
      <trkpt lat="50.10345791794231" lon="-122.95435081780582">
        <ele>914.746</ele>
      </trkpt>
      <trkpt lat="50.10332791794231" lon="-122.95469081745078">
        <ele>914.458</ele>
      </trkpt>
      <trkpt lat="50.103325595540085" lon="-122.95468937496281">
        <ele>914.458</ele>
      </trkpt>
      <trkpt lat="50.10332329978264" lon="-122.9546878322795">
        <ele>914.458</ele>
      </trkpt>
      <trkpt lat="50.10332103244793" lon="-122.9546861905956">
        <ele>914.458</ele>
      </trkpt>
      <trkpt lat="50.10331879529192" lon="-122.95468445118247">
        <ele>914.458</ele>
      </trkpt>
      <trkpt lat="50.103316590047186" lon="-122.95468261538728">
        <ele>914.458</ele>
      </trkpt>
      <trkpt lat="50.10331441842159" lon="-122.95468068463173">
        <ele>914.458</ele>
      </trkpt>
      <trkpt lat="50.103312282096965" lon="-122.95467866041112">
        <ele>914.458</ele>
      </trkpt>
      <trkpt lat="50.10331018272781" lon="-122.95467654429312">
        <ele>914.458</ele>
      </trkpt>
      <trkpt lat="50.10330812193999" lon="-122.95467433791659">
        <ele>914.458</ele>
      </trkpt>
      <trkpt lat="50.1033061013295" lon="-122.95467204299024">
        <ele>914.458</ele>
      </trkpt>
      <trkpt lat="50.1032761013295" lon="-122.95471204292008">
        <ele>914.169</ele>
      </trkpt>
      <trkpt lat="50.103279110102264" lon="-122.9547154122439">
        <ele>914.169</ele>
      </trkpt>
      <trkpt lat="50.10328220541751" lon="-122.95471858529967">
        <ele>914.169</ele>
      </trkpt>
      <trkpt lat="50.103285382011386" lon="-122.95472155669134">
        <ele>914.169</ele>
      </trkpt>
      <trkpt lat="50.10328863448185" lon="-122.9547243213658">
        <ele>914.169</ele>
      </trkpt>
      <trkpt lat="50.10329195729779" lon="-122.9547268746215">
        <ele>914.169</ele>
      </trkpt>
      <trkpt lat="50.1032953448085" lon="-122.95472921211642">
        <ele>914.169</ele>
      </trkpt>
      <trkpt lat="50.10329879125322" lon="-122.95473132987546">
        <ele>914.169</ele>
      </trkpt>
      <trkpt lat="50.103302290771" lon="-122.95473322429717">
        <ele>914.169</ele>
      </trkpt>
      <trkpt lat="50.10330583741061" lon="-122.95473489215998">
        <ele>914.169</ele>
      </trkpt>
      <trkpt lat="50.1033094251407" lon="-122.9547363306275">
        <ele>914.169</ele>
      </trkpt>
      <trkpt lat="50.1032694251407" lon="-122.95490633051365">
        <ele>912.785</ele>
      </trkpt>
      <trkpt lat="50.10327145118403" lon="-122.95490703533434">
        <ele>912.785</ele>
      </trkpt>
      <trkpt lat="50.10327348713252" lon="-122.95490766697746">
        <ele>912.785</ele>
      </trkpt>
      <trkpt lat="50.103275531898966" lon="-122.95490822510571">
        <ele>912.785</ele>
      </trkpt>
      <trkpt lat="50.10327758439145" lon="-122.95490870942102">
        <ele>912.785</ele>
      </trkpt>
      <trkpt lat="50.103279643513936" lon="-122.95490911966478">
        <ele>912.785</ele>
      </trkpt>
      <trkpt lat="50.10328170816684" lon="-122.95490945561791">
        <ele>912.785</ele>
      </trkpt>
      <trkpt lat="50.10328377724763" lon="-122.95490971710103">
        <ele>912.785</ele>
      </trkpt>
      <trkpt lat="50.1032858496514" lon="-122.95490990397448">
        <ele>912.785</ele>
      </trkpt>
      <trkpt lat="50.10328792427148" lon="-122.95491001613848">
        <ele>912.785</ele>
      </trkpt>
      <trkpt lat="50.10329" lon="-122.95491005353314">
        <ele>912.785</ele>
      </trkpt>
      <trkpt lat="50.10329" lon="-122.95495005353314">
        <ele>912.619</ele>
      </trkpt>
      <trkpt lat="50.10329933339027" lon="-122.95494929553847">
        <ele>912.619</ele>
      </trkpt>
      <trkpt lat="50.10330856575259" lon="-122.95494702975925">
        <ele>912.619</ele>
      </trkpt>
      <trkpt lat="50.103317597152596" lon="-122.9549432807211">
        <ele>912.619</ele>
      </trkpt>
      <trkpt lat="50.10332632983119" lon="-122.95493808900494">
        <ele>912.619</ele>
      </trkpt>
      <trkpt lat="50.10333466926274" lon="-122.95493151080774">
        <ele>912.619</ele>
      </trkpt>
      <trkpt lat="50.10334252517828" lon="-122.95492361733427">
        <ele>912.619</ele>
      </trkpt>
      <trkpt lat="50.103349812542575" lon="-122.95491449402628">
        <ele>912.619</ele>
      </trkpt>
      <trkpt lat="50.10335645247459" lon="-122.95490423963774">
        <ele>912.619</ele>
      </trkpt>
      <trkpt lat="50.103362373101355" lon="-122.95489296516577">
        <ele>912.619</ele>
      </trkpt>
      <trkpt lat="50.10336751033588" lon="-122.95488079264928">
        <ele>912.619</ele>
      </trkpt>
      <trkpt lat="50.103371808570905" lon="-122.95486785384793">
        <ele>912.619</ele>
      </trkpt>
      <trkpt lat="50.103375221280814" lon="-122.95485428881592">
        <ele>912.619</ele>
      </trkpt>
      <trkpt lat="50.10340522128081" lon="-122.95486428884367">
        <ele>912.484</ele>
      </trkpt>
      <trkpt lat="50.10340609101474" lon="-122.95485999167055">
        <ele>912.484</ele>
      </trkpt>
      <trkpt lat="50.103406871632004" lon="-122.95485565310025">
        <ele>912.484</ele>
      </trkpt>
      <trkpt lat="50.103407562324534" lon="-122.95485127762383">
        <ele>912.484</ele>
      </trkpt>
      <trkpt lat="50.10340816237738" lon="-122.95484686977053">
        <ele>912.484</ele>
      </trkpt>
      <trkpt lat="50.10340867116938" lon="-122.95484243410314">
        <ele>912.484</ele>
      </trkpt>
      <trkpt lat="50.10340908817388" lon="-122.9548379752132">
        <ele>912.484</ele>
      </trkpt>
      <trkpt lat="50.103409412959216" lon="-122.9548334977163">
        <ele>912.484</ele>
      </trkpt>
      <trkpt lat="50.10340964518918" lon="-122.95482900624731">
        <ele>912.484</ele>
      </trkpt>
      <trkpt lat="50.10340978462339" lon="-122.95482450545555">
        <ele>912.484</ele>
      </trkpt>
      <trkpt lat="50.103409831117496" lon="-122.95482">
        <ele>912.484</ele>
      </trkpt>
      <trkpt lat="50.1034398311175" lon="-122.95482">
        <ele>911.906</ele>
      </trkpt>
      <trkpt lat="50.1034396583785" lon="-122.95481131874469">
        <ele>911.906</ele>
      </trkpt>
      <trkpt lat="50.103439140825834" lon="-122.95480267087629">
        <ele>911.906</ele>
      </trkpt>
      <trkpt lat="50.103438280449936" lon="-122.95479408965328">
        <ele>911.906</ele>
      </trkpt>
      <trkpt lat="50.103437080559694" lon="-122.95478560807787">
        <ele>911.906</ele>
      </trkpt>
      <trkpt lat="50.10343554576972" lon="-122.95477725876901">
        <ele>911.906</ele>
      </trkpt>
      <trkpt lat="50.1034336819826" lon="-122.95476907383699">
        <ele>911.906</ele>
      </trkpt>
      <trkpt lat="50.103431496366206" lon="-122.95476108475992">
        <ele>911.906</ele>
      </trkpt>
      <trkpt lat="50.103428997326105" lon="-122.95475332226268">
        <ele>911.906</ele>
      </trkpt>
      <trkpt lat="50.103426194473265" lon="-122.95474581619874">
        <ele>911.906</ele>
      </trkpt>
      <trkpt lat="50.103423098587065" lon="-122.9547385954354">
        <ele>911.906</ele>
      </trkpt>
      <trkpt lat="50.10356" lon="-122.95467">
        <ele>911.13</ele>
      </trkpt>
      <trkpt lat="50.10368014631778" lon="-122.95454250866698">
        <ele>910.397</ele>
      </trkpt>
      <trkpt lat="50.10368565253741" lon="-122.95455447963316">
        <ele>910.397</ele>
      </trkpt>
      <trkpt lat="50.10369032182433" lon="-122.95456728606987">
        <ele>910.397</ele>
      </trkpt>
      <trkpt lat="50.10369410252294" lon="-122.95458078630142">
        <ele>910.397</ele>
      </trkpt>
      <trkpt lat="50.103696952807915" lon="-122.95459483097673">
        <ele>910.397</ele>
      </trkpt>
      <trkpt lat="50.103698841146986" lon="-122.9546092647217">
        <ele>910.397</ele>
      </trkpt>
      <trkpt lat="50.10369974664975" lon="-122.95462392785794">
        <ele>910.397</ele>
      </trkpt>
      <trkpt lat="50.103699659298755" lon="-122.95463865816939">
        <ele>910.397</ele>
      </trkpt>
      <trkpt lat="50.10369858006035" lon="-122.95465329269679">
        <ele>910.397</ele>
      </trkpt>
      <trkpt lat="50.103696520873996" lon="-122.95466766954058">
        <ele>910.397</ele>
      </trkpt>
      <trkpt lat="50.10369350452016" lon="-122.95468162965189">
        <ele>910.397</ele>
      </trkpt>
      <trkpt lat="50.10368956436831" lon="-122.95469501859208">
        <ele>910.397</ele>
      </trkpt>
      <trkpt lat="50.10368474400776" lon="-122.9547076882413">
        <ele>910.397</ele>
      </trkpt>
      <trkpt lat="50.103744744007756" lon="-122.95474768833861">
        <ele>905.98</ele>
      </trkpt>
      <trkpt lat="50.103741289223805" lon="-122.95475521635268">
        <ele>905.98</ele>
      </trkpt>
      <trkpt lat="50.10373752303501" lon="-122.95476237212556">
        <ele>905.98</ele>
      </trkpt>
      <trkpt lat="50.10373346189278" lon="-122.95476912439946">
        <ele>905.98</ele>
      </trkpt>
      <trkpt lat="50.103729123536965" lon="-122.9547754436792">
        <ele>905.98</ele>
      </trkpt>
      <trkpt lat="50.10372452691833" lon="-122.95478130236093">
        <ele>905.98</ele>
      </trkpt>
      <trkpt lat="50.10371969211577" lon="-122.95478667485284">
        <ele>905.98</ele>
      </trkpt>
      <trkpt lat="50.10371464024862" lon="-122.95479153768686">
        <ele>905.98</ele>
      </trkpt>
      <trkpt lat="50.1037093933844" lon="-122.95479586962121">
        <ele>905.98</ele>
      </trkpt>
      <trkpt lat="50.103703974442396" lon="-122.95479965173317">
        <ele>905.98</ele>
      </trkpt>
      <trkpt lat="50.10369840709359" lon="-122.95480286750177">
        <ele>905.98</ele>
      </trkpt>
      <trkpt lat="50.103708407093585" lon="-122.95483286752952">
        <ele>905.13</ele>
      </trkpt>
      <trkpt lat="50.10370394657919" lon="-122.95483498674503">
        <ele>905.13</ele>
      </trkpt>
      <trkpt lat="50.10369942154021" lon="-122.95483674223584">
        <ele>905.13</ele>
      </trkpt>
      <trkpt lat="50.10369484416948" lon="-122.95483812927174">
        <ele>905.13</ele>
      </trkpt>
      <trkpt lat="50.10369022680081" lon="-122.95483914411533">
        <ele>905.13</ele>
      </trkpt>
      <trkpt lat="50.1036855818758" lon="-122.95483978403209">
        <ele>905.13</ele>
      </trkpt>
      <trkpt lat="50.10368092191032" lon="-122.95484004729775">
        <ele>905.13</ele>
      </trkpt>
      <trkpt lat="50.10367625946072" lon="-122.95483993320295">
        <ele>905.13</ele>
      </trkpt>
      <trkpt lat="50.103671607090085" lon="-122.95483944205509">
        <ele>905.13</ele>
      </trkpt>
      <trkpt lat="50.10366697733433" lon="-122.95483857517762">
        <ele>905.13</ele>
      </trkpt>
      <trkpt lat="50.103662382668425" lon="-122.95483733490632">
        <ele>905.13</ele>
      </trkpt>
      <trkpt lat="50.10367" lon="-122.95475">
        <ele>904.406</ele>
      </trkpt>
      <trkpt lat="50.103645231855246" lon="-122.95494814902119">
        <ele>903.847</ele>
      </trkpt>
      <trkpt lat="50.10364202644184" lon="-122.95494722260237">
        <ele>903.847</ele>
      </trkpt>
      <trkpt lat="50.10363884469973" lon="-122.95494611546049">
        <ele>903.847</ele>
      </trkpt>
      <trkpt lat="50.10363569081929" lon="-122.95494482905363">
        <ele>903.847</ele>
      </trkpt>
      <trkpt lat="50.1036325689542" lon="-122.95494336507603">
        <ele>903.847</ele>
      </trkpt>
      <trkpt lat="50.103629483215975" lon="-122.95494172545574">
        <ele>903.847</ele>
      </trkpt>
      <trkpt lat="50.10362643766856" lon="-122.95493991235216">
        <ele>903.847</ele>
      </trkpt>
      <trkpt lat="50.10362343632295" lon="-122.95493792815316">
        <ele>903.847</ele>
      </trkpt>
      <trkpt lat="50.10362048313195" lon="-122.95493577547194">
        <ele>903.847</ele>
      </trkpt>
      <trkpt lat="50.10361758198492" lon="-122.9549334571436">
        <ele>903.847</ele>
      </trkpt>
      <trkpt lat="50.1036147367027" lon="-122.95493097622138">
        <ele>903.847</ele>
      </trkpt>
      <trkpt lat="50.10340473670271" lon="-122.95529097569101">
        <ele>902.522</ele>
      </trkpt>
      <trkpt lat="50.1034058866324" lon="-122.9552920038568">
        <ele>902.522</ele>
      </trkpt>
      <trkpt lat="50.10340704616819" lon="-122.9552930054551">
        <ele>902.522</ele>
      </trkpt>
      <trkpt lat="50.10340821505759" lon="-122.95529398026781">
        <ele>902.522</ele>
      </trkpt>
      <trkpt lat="50.10340939304605" lon="-122.95529492808265">
        <ele>902.522</ele>
      </trkpt>
      <trkpt lat="50.10341057987706" lon="-122.95529584869321">
        <ele>902.522</ele>
      </trkpt>
      <trkpt lat="50.103411775292166" lon="-122.95529674189905">
        <ele>902.522</ele>
      </trkpt>
      <trkpt lat="50.10341297903106" lon="-122.95529760750566">
        <ele>902.522</ele>
      </trkpt>
      <trkpt lat="50.10341419083162" lon="-122.95529844532452">
        <ele>902.522</ele>
      </trkpt>
      <trkpt lat="50.10341541042997" lon="-122.9552992551732">
        <ele>902.522</ele>
      </trkpt>
      <trkpt lat="50.10341663756052" lon="-122.95530003687534">
        <ele>902.522</ele>
      </trkpt>
      <trkpt lat="50.10339663756052" lon="-122.95535003682106">
        <ele>902.237</ele>
      </trkpt>
      <trkpt lat="50.10339890014019" lon="-122.95535139292117">
        <ele>902.237</ele>
      </trkpt>
      <trkpt lat="50.103401185364966" lon="-122.95535265334864">
        <ele>902.237</ele>
      </trkpt>
      <trkpt lat="50.10340349157087" lon="-122.95535381718571">
        <ele>902.237</ele>
      </trkpt>
      <trkpt lat="50.10340581707867" lon="-122.95535488358493">
        <ele>902.237</ele>
      </trkpt>
      <trkpt lat="50.103408160195045" lon="-122.95535585176982">
        <ele>902.237</ele>
      </trkpt>
      <trkpt lat="50.103410519213895" lon="-122.95535672103541">
        <ele>902.237</ele>
      </trkpt>
      <trkpt lat="50.10341289241751" lon="-122.95535749074874">
        <ele>902.237</ele>
      </trkpt>
      <trkpt lat="50.10341527807787" lon="-122.95535816034935">
        <ele>902.237</ele>
      </trkpt>
      <trkpt lat="50.103417674457866" lon="-122.95535872934967">
        <ele>902.237</ele>
      </trkpt>
      <trkpt lat="50.10342007981261" lon="-122.9553591973354">
        <ele>902.237</ele>
      </trkpt>
      <trkpt lat="50.1034000798126" lon="-122.95553919727729">
        <ele>902.178</ele>
      </trkpt>
      <trkpt lat="50.10340364652755" lon="-122.9555397031499">
        <ele>902.178</ele>
      </trkpt>
      <trkpt lat="50.1034072233414" lon="-122.95553998696333">
        <ele>902.178</ele>
      </trkpt>
      <trkpt lat="50.10341080456877" lon="-122.95554004826646">
        <ele>902.178</ele>
      </trkpt>
      <trkpt lat="50.103414384517265" lon="-122.95553988696183">
        <ele>902.178</ele>
      </trkpt>
      <trkpt lat="50.10341795749654" lon="-122.95553950330587">
        <ele>902.178</ele>
      </trkpt>
      <trkpt lat="50.103421517827314" lon="-122.95553889790837">
        <ele>902.178</ele>
      </trkpt>
      <trkpt lat="50.103425059850416" lon="-122.95553807173162">
        <ele>902.178</ele>
      </trkpt>
      <trkpt lat="50.10342857793578" lon="-122.95553702608886">
        <ele>902.178</ele>
      </trkpt>
      <trkpt lat="50.10343206649137" lon="-122.95553576264211">
        <ele>902.178</ele>
      </trkpt>
      <trkpt lat="50.10343551997212" lon="-122.95553428339966">
        <ele>902.178</ele>
      </trkpt>
      <trkpt lat="50.10351551997213" lon="-122.95580428362392">
        <ele>901.873</ele>
      </trkpt>
      <trkpt lat="50.10352096986629" lon="-122.95580146769865">
        <ele>901.873</ele>
      </trkpt>
      <trkpt lat="50.10352629325215" lon="-122.95579811474312">
        <ele>901.873</ele>
      </trkpt>
      <trkpt lat="50.10353146838431" lon="-122.95579423845379">
        <ele>901.873</ele>
      </trkpt>
      <trkpt lat="50.10353647412295" lon="-122.95578985466484">
        <ele>901.873</ele>
      </trkpt>
      <trkpt lat="50.103541290020196" lon="-122.95578498128354">
        <ele>901.873</ele>
      </trkpt>
      <trkpt lat="50.103545896403695" lon="-122.95577963821708">
        <ele>901.873</ele>
      </trkpt>
      <trkpt lat="50.103550274456886" lon="-122.95577384729128">
        <ele>901.873</ele>
      </trkpt>
      <trkpt lat="50.103554406295935" lon="-122.95576763216138">
        <ele>901.873</ele>
      </trkpt>
      <trkpt lat="50.10355827504277" lon="-122.95576101821547">
        <ele>901.873</ele>
      </trkpt>
      <trkpt lat="50.103561864894004" lon="-122.95575403247074">
        <ele>901.873</ele>
      </trkpt>
      <trkpt lat="50.103601864894" lon="-122.9557840325409">
        <ele>900.366</ele>
      </trkpt>
      <trkpt lat="50.10360282260534" lon="-122.95578200391925">
        <ele>900.366</ele>
      </trkpt>
      <trkpt lat="50.103603756761174" lon="-122.95577994877226">
        <ele>900.366</ele>
      </trkpt>
      <trkpt lat="50.103604667059344" lon="-122.95577786776472">
        <ele>900.366</ele>
      </trkpt>
      <trkpt lat="50.103605553205405" lon="-122.95577576156977">
        <ele>900.366</ele>
      </trkpt>
      <trkpt lat="50.10360641491271" lon="-122.95577363086865">
        <ele>900.366</ele>
      </trkpt>
      <trkpt lat="50.103607251902545" lon="-122.95577147635059">
        <ele>900.366</ele>
      </trkpt>
      <trkpt lat="50.103608063904154" lon="-122.95576929871251">
        <ele>900.366</ele>
      </trkpt>
      <trkpt lat="50.1036088506549" lon="-122.95576709865878">
        <ele>900.366</ele>
      </trkpt>
      <trkpt lat="50.10360961190029" lon="-122.95576487690104">
        <ele>900.366</ele>
      </trkpt>
      <trkpt lat="50.10361034739408" lon="-122.95576263415795">
        <ele>900.366</ele>
      </trkpt>
      <trkpt lat="50.10365034739408" lon="-122.95578263421025">
        <ele>899.757</ele>
      </trkpt>
      <trkpt lat="50.10365299017755" lon="-122.9557736075948">
        <ele>899.757</ele>
      </trkpt>
      <trkpt lat="50.10365521639921" lon="-122.95576431190077">
        <ele>899.757</ele>
      </trkpt>
      <trkpt lat="50.10365701488474" lon="-122.95575479378711">
        <ele>899.757</ele>
      </trkpt>
      <trkpt lat="50.1036583766068" lon="-122.95574510102912">
        <ele>899.757</ele>
      </trkpt>
      <trkpt lat="50.10365929473035" lon="-122.95573528227877">
        <ele>899.757</ele>
      </trkpt>
      <trkpt lat="50.10365976464694" lon="-122.95572538682036">
        <ele>899.757</ele>
      </trkpt>
      <trkpt lat="50.103659783997884" lon="-122.9557154643233">
        <ele>899.757</ele>
      </trkpt>
      <trkpt lat="50.103659352686044" lon="-122.95570556459266">
        <ele>899.757</ele>
      </trkpt>
      <trkpt lat="50.10365847287635" lon="-122.95569573731926">
        <ele>899.757</ele>
      </trkpt>
      <trkpt lat="50.103657148984915" lon="-122.95568603183024">
        <ele>899.757</ele>
      </trkpt>
      <trkpt lat="50.10373714898492" lon="-122.95566603177349">
        <ele>896.468</ele>
      </trkpt>
      <trkpt lat="50.10373563921484" lon="-122.95565771581397">
        <ele>896.468</ele>
      </trkpt>
      <trkpt lat="50.103733803326946" lon="-122.95564956087445">
        <ele>896.468</ele>
      </trkpt>
      <trkpt lat="50.10373164831236" lon="-122.95564159800928">
        <ele>896.468</ele>
      </trkpt>
      <trkpt lat="50.10372918237749" lon="-122.95563385754141">
        <ele>896.468</ele>
      </trkpt>
      <trkpt lat="50.103726414912714" lon="-122.95562636894688">
        <ele>896.468</ele>
      </trkpt>
      <trkpt lat="50.10372335645666" lon="-122.95561916074257">
        <ele>896.468</ele>
      </trkpt>
      <trkpt lat="50.103720018656055" lon="-122.95561226037763">
        <ele>896.468</ele>
      </trkpt>
      <trkpt lat="50.10371641422139" lon="-122.95560569412896">
        <ele>896.468</ele>
      </trkpt>
      <trkpt lat="50.10371255687851" lon="-122.95559948700111">
        <ele>896.468</ele>
      </trkpt>
      <trkpt lat="50.10370846131634" lon="-122.95559366263109">
        <ele>896.468</ele>
      </trkpt>
      <trkpt lat="50.103768461316335" lon="-122.9555236624979">
        <ele>896.468</ele>
      </trkpt>
      <trkpt lat="50.10376585210941" lon="-122.95552030642276">
        <ele>896.468</ele>
      </trkpt>
      <trkpt lat="50.10376316371213" lon="-122.95551710587753">
        <ele>896.468</ele>
      </trkpt>
      <trkpt lat="50.10376039993625" lon="-122.95551406540014">
        <ele>896.468</ele>
      </trkpt>
      <trkpt lat="50.10375756470041" lon="-122.95551118930155">
        <ele>896.468</ele>
      </trkpt>
      <trkpt lat="50.103754662024585" lon="-122.95550848165966">
        <ele>896.468</ele>
      </trkpt>
      <trkpt lat="50.10375169602435" lon="-122.95550594631354">
        <ele>896.468</ele>
      </trkpt>
      <trkpt lat="50.10374867090506" lon="-122.95550358685792">
        <ele>896.468</ele>
      </trkpt>
      <trkpt lat="50.10374559095593" lon="-122.95550140663819">
        <ele>896.468</ele>
      </trkpt>
      <trkpt lat="50.10374246054388" lon="-122.9554994087456">
        <ele>896.468</ele>
      </trkpt>
      <trkpt lat="50.10373928410738" lon="-122.95549759601285">
        <ele>896.468</ele>
      </trkpt>
      <trkpt lat="50.10381" lon="-122.95534">
        <ele>896.468</ele>
      </trkpt>
      <trkpt lat="50.103897172380904" lon="-122.95510249844116">
        <ele>896.468</ele>
      </trkpt>
      <trkpt lat="50.103898841438735" lon="-122.95510371361334">
        <ele>896.468</ele>
      </trkpt>
      <trkpt lat="50.103900494163966" lon="-122.95510498188823">
        <ele>896.468</ele>
      </trkpt>
      <trkpt lat="50.10390212986163" lon="-122.95510630273249">
        <ele>896.468</ele>
      </trkpt>
      <trkpt lat="50.103903747843944" lon="-122.95510767559074">
        <ele>896.468</ele>
      </trkpt>
      <trkpt lat="50.10390534743053" lon="-122.95510909988569">
        <ele>896.468</ele>
      </trkpt>
      <trkpt lat="50.1039069279488" lon="-122.95511057501842">
        <ele>896.468</ele>
      </trkpt>
      <trkpt lat="50.103908488734135" lon="-122.95511210036868">
        <ele>896.468</ele>
      </trkpt>
      <trkpt lat="50.10391002913024" lon="-122.95511367529505">
        <ele>896.468</ele>
      </trkpt>
      <trkpt lat="50.103911548489386" lon="-122.95511529913527">
        <ele>896.468</ele>
      </trkpt>
      <trkpt lat="50.103913046172686" lon="-122.95511697120655">
        <ele>896.468</ele>
      </trkpt>
      <trkpt lat="50.10416" lon="-122.95482">
        <ele>896.468</ele>
      </trkpt>
    </trkseg>
  </trk>
</gpx>