{"type": "block", "layer": 2, "block": 1, "features": [{"geom": {"lines": [[[29.779131770003005, -17.70713997835992, 662.4348754882812], [29.269590722760768, -21.10408029332757, 661.6705322265625], [26.552038470792468, -23.736709037417313, 662.0905151367188], [21.264278526999988, -26.63462814342347, 662.2640991210938], [16.380425797280623, -27.699057584512047, 662.0487670898438], [11.747027053701458, -27.198149612231646, 662.2777709960938], [4.984769427959691, -26.071106674702605, 662.4243774414062], [-0.7756722532358253, -23.441339820157737, 661.664794921875], [-12.296555615626858, -17.43044415282202, 661.6414184570312], [-17.305635338416323, -15.927720235980814, 661.9041748046875], [-22.565169047316886, -16.052947229152778, 661.4327392578125], [-27.762089259704226, -15.927720236009918, 661.5888061523438], [-38.09331618793658, -15.614652753371047, 660.0460205078125], [-46.287091033387696, -13.223632031469606, 657.581787109375], [-51.35131477721734, -10.600298638717504, 656.56884765625]]], "w": 2, "h": 0}, "mtl": 0, "prop": ["156", "NULL", "Trail", "NULL", "NULL", "1", "0", "89", "663", "-6", "NULL", "657", "NULL", "2 425", "30", "58", "1"]}, {"geom": {"lines": [[[112.36424766050186, 101.14088123603142, 702.9934692382812], [113.42953846076853, 98.00043212997844, 700.8836669921875], [108.61165785917547, 86.63567835025606, 697.8433837890625], [99.95183524076128, 72.63563178380718, 698.1146240234375], [100.03632474390906, 57.857513275987, 693.578857421875], [97.13739288978104, 51.49123155709822, 693.7918090820312], [92.70627807316487, 41.488856086245505, 691.7026977539062], [83.43948058602109, 35.477960418880684, 693.0816650390625]]], "w": 2, "h": 0}, "mtl": 0, "prop": ["157", "NULL", "Trail", "NULL", "NULL", "1", "0", "76", "703", "-13", "NULL", "693", "NULL", "2 425", "33,6", "67", "1"]}, {"geom": {"lines": [[[83.43948058602109, 35.477960418880684, 693.0816650390625], [70.5411002998444, 34.85182545357384, 690.5927124023438], [59.27067092360812, 34.350917481293436, 687.7205200195312], [53.009321270132205, 34.977052446629386, 687.5030517578125], [46.63028128063888, 35.31423651886871, 687.7186889648438], [43.241615810708026, 36.605003356555244, 688.4591674804688], [37.596586621541064, 34.69549030932831, 688.828125], [32.36890649034467, 29.38751823877101, 687.133056640625], [9.367714185413206, 18.947997333743842, 686.5996704101562], [7.677149778974126, 15.253801038197707, 684.8251953125]]], "w": 2, "h": 0}, "mtl": 0, "prop": ["158", "NULL", "Trail", "NULL", "NULL", "1", "0", "83", "693", "-11", "NULL", "685", "NULL", "2 425", "29,2", "56", "1"]}, {"geom": {"lines": [[[48.48971650625754, -3.5369798969477415, 664.7437133789062], [53.472790466825245, -1.1470559429144487, 665.9845581054688], [57.25188656717364, -2.0812145294912625, 665.6884765625], [63.154070364442305, -4.459072750003543, 664.7822265625], [77.93076073449629, -11.507723903545411, 663.3431396484375], [83.79048277779657, -12.86650002951501, 663.1166381835938], [89.39543429747573, -13.376041076757247, 662.6406860351562], [98.31240262422943, -13.460964584635803, 660.6458740234375], [107.90875901398249, -11.762494427151978, 659.978759765625], [110.94867200526642, -11.603158593352418, 659.60888671875], [114.19309859664645, -13.29111756887869, 658.664306640625]]], "w": 2, "h": 0}, "mtl": 0, "prop": ["159", "NULL", "Trail", "NULL", "NULL", "1", "0", "69", "665", "-9", "NULL", "659", "NULL", "2 425", "29,7", "57", "1"]}, {"geom": {"lines": [[[114.19309859664645, -13.29111756887869, 658.664306640625], [113.13555391615955, -16.782615750737023, 656.5904541015625], [109.8552310498053, -18.854398613708327, 655.0670166015625], [105.27613026989275, -20.254845214542, 654.690673828125], [101.45457241556142, -21.953315372025827, 654.33984375], [97.29332052974496, -23.651785529509652, 654.4155883789062], [91.43359848644468, -26.19949076572084, 655.0460815429688], [87.27234660062823, -26.114567257842282, 655.2839965820312], [81.24277754158538, -25.605026210600045, 654.5929565429688], [76.6569081163907, -25.180408671236364, 654.4631958007812], [63.154070364442305, -23.227167990116868, 654.1014404296875], [60.606365128202015, -24.45855885426863, 653.2926025390625]]], "w": 2, "h": 0}, "mtl": 0, "prop": ["160", "NULL", "Trail", "NULL", "NULL", "1", "0", "59", "659", "-9", "NULL", "653", "NULL", "2 425", "30,8", "60", "1"]}, {"geom": {"lines": [[[60.606365128202015, -24.45855885426863, 653.2926025390625], [61.45560020695848, -27.98288443108322, 651.2382202148438], [67.98475516520557, -31.038911716721486, 649.7318725585938], [76.9150956631056, -34.45796285706456, 648.3150024414062], [86.08896889128664, -35.5767278848798, 649.4920043945312], [94.15115073841298, -35.71092364759534, 649.9581298828125], [103.87733283372654, -32.33230930418358, 648.6029663085938], [108.84291760058841, -30.87028369877953, 648.5726928710938], [113.49170536799647, -30.933733509125886, 648.1424560546875], [116.40750114538241, -33.2273213264416, 646.7218017578125]]], "w": 2, "h": 0}, "mtl": 0, "prop": ["162", "NULL", "Trail", "NULL", "NULL", "1", "0", "62", "653", "-11", "NULL", "647", "NULL", "2 425", "28,7", "55", "1"]}], "featureCount": 6, "startIndex": 50}