{"type": "block", "layer": 2, "block": 1, "features": [{"geom": {"lines": [[[-113.12205320605426, -81.39426460315008, 646.7900390625], [-115.34468022390502, -80.41859168114024, 647.7406005859375], [-122.79266010162246, -82.44923990083043, 647.7059936523438], [-128.41919502266683, -79.10848479147535, 648.271484375], [-130.63773940771352, -77.06157868957962, 647.9270629882812], [-130.22144448956533, -74.97649820885272, 648.6917724609375]]], "w": 2, "h": 0}, "mtl": 1, "prop": ["115", "NULL", "UH", "NULL", "NULL", "1", "1", "22", "647", "9", "NULL", "649", "NULL", "1 365", "26,9", "51", "1"]}, {"geom": {"lines": [[[-130.22144448956533, -74.97649820885272, 648.6917724609375], [-128.02672930316476, -73.9532333270181, 650.2464599609375], [-120.90249602656695, -75.85564429024816, 650.4047241210938], [-117.73757013348222, -71.37199927502661, 649.8670654296875], [-117.2979970927845, -44.55804379188339, 651.4384765625], [-111.75937677988259, -19.414465863461373, 655.8067016601562], [-107.18781715651858, -12.908784860977903, 656.7020263671875]]], "w": 2, "h": 0}, "mtl": 1, "prop": ["116", "NULL", "UH", "NULL", "NULL", "1", "1", "76", "649", "10", "NULL", "657", "NULL", "1 365", "28,1", "54", "1"]}, {"geom": {"lines": [[[-107.18781715651858, -12.908784860977903, 656.7020263671875], [-103.40748900643666, -9.568029751622817, 656.881591796875], [-83.17856461933115, -6.018342664523516, 654.216552734375]]], "w": 2, "h": 0}, "mtl": 1, "prop": ["117", "NULL", "UH", "NULL", "NULL", "1", "1", "26", "657", "-10", "NULL", "654", "NULL", "1 365", "21,9", "40", "1"]}, {"geom": {"lines": [[[118.24747377273161, -120.57841376544093, 602.95849609375], [121.97748820780544, -121.44875046695233, 602.1552124023438], [116.94196872044995, -125.42743253105436, 601.2603759765625]]], "w": 2, "h": 0}, "mtl": 0, "prop": ["148", "NULL", "Trail", "NULL", "NULL", "1", "1", "10", "603", "-18", "NULL", "601", "NULL", "1 883", "23,2", "43", "1"]}], "featureCount": 4, "startIndex": 50}